task,shot,split,source_row,patient_id,actual_label,predicted_label,correct,confidence,reason,evidence,error,raw_output,patient_text
diabetes,zero_shot,test,1,5a5f03f3-0cb1-421a-ab82-8728e562d4db,1,1,1,0.98,"The patient is prescribed Metformin hydrochloride, a medication used to treat diabetes, and multiple recorded Hemoglobin A1c levels (up to 7.0%) are elevated, supporting a diagnosis of diabetes.","[""24 HR Metformin hydrochloride 500 MG Extended Release Oral Tablet"", ""Hemoglobin A1c/Hemoglobin.total in Blood: 7.0 %""]",,"{
  ""label"": 1,
  ""confidence"": 0.98,
  ""reason"": ""The patient is prescribed Metformin hydrochloride, a medication used to treat diabetes, and multiple recorded Hemoglobin A1c levels (up to 7.0%) are elevated, supporting a diagnosis of diabetes."",
  ""evidence"": [
    ""24 HR Metformin hydrochloride 500 MG Extended Release Oral Tablet"",
    ""Hemoglobin A1c/Hemoglobin.total in Blood: 7.0 %""
  ]
}","Demographics: born 1967-08-12, gender M, race white, ethnicity english. Encounters: Encounter for symptom; Outpatient Encounter; Emergency room admission; Emergency Encounter; Death Certification. Medications: Penicillin V Potassium 250 MG; Penicillin V Potassium 500 MG; 24 HR Metformin hydrochloride 500 MG Extended Release Oral Tablet; Clopidogrel 75 MG Oral Tablet; Simvastatin 20 MG Oral Tablet; Amlodipine 5 MG Oral Tablet; Nitroglycerin 0.4 MG/ACTUAT [Nitrolingual]; Acetaminophen 160 MG; Naproxen sodium 220 MG Oral Tablet; 1 ML Epinephrine 1 MG/ML Prefilled Syringe; 3 ML Amiodarone hydrocholoride 50 MG/ML Prefilled Syringe; Atropine Sulfate 1 MG/ML Injectable Solution. Procedures: Documentation of current medications; Suture open wound; Insertion of biventricular implantable cardioverter defibrillator; Catheter ablation of tissue of heart. Observations: Hemoglobin A1c/Hemoglobin.total in Blood: 6.6 %; Body Height: 176.35 cm; Body Weight: 100.36 kg; Body Mass Index: 32.27 kg/m2; Systolic Blood Pressure: 123.0 mmHg; Diastolic Blood Pressure: 88.0 mmHg; Glucose: 87.0 mg/dL; Urea Nitrogen: 9.0 mg/dL; Creatinine: 1.0 mg/dL; Calcium: 10.14 mg/dL; Sodium: 141.0 mmol/L; Potassium: 5.11 mmol/L; Chloride: 110.0 mmol/L; Carbon Dioxide: 20.0 mmol/L; Total Cholesterol: 180.0 mg/dL; Triglycerides: 105.0 mg/dL; Low Density Lipoprotein Cholesterol: 96.0 mg/dL; High Density Lipoprotein Cholesterol: 63.0 mg/dL; Microalbumin Creatine Ratio: 8.0 mg/g; Estimated Glomerular Filtration Rate: 60.0 mL/min/{1.73_m2}; Hemoglobin A1c/Hemoglobin.total in Blood: 6.8 %; Body Weight: 103.28 kg; Body Mass Index: 33.21 kg/m2; Systolic Blood Pressure: 124.0 mmHg; Diastolic Blood Pressure: 80.0 mmHg; Glucose: 114.0 mg/dL; Urea Nitrogen: 14.0 mg/dL; Calcium: 9.79 mg/dL; Sodium: 138.0 mmol/L; Potassium: 4.18 mmol/L; Chloride: 104.0 mmol/L; Carbon Dioxide: 27.0 mmol/L; Total Cholesterol: 200.0 mg/dL; Triglycerides: 170.0 mg/dL; Low Density Lipoprotein Cholesterol: 118.0 mg/dL; High Density Lipoprotein Cholesterol: 48.0 mg/dL; Microalbumin Creatine Ratio: 9.0 mg/g; Hemoglobin A1c/Hemoglobin.total in Blood: 7.0 %; Body Weight: 105.94 kg; Body Mass Index: 34.07 kg/m2. Immunizations: Influenza seasonal injectable preservative free."
diabetes,zero_shot,test,2,8b4db978-30b0-4216-8ade-7ecbde098184,0,0,1,0.95,The patient's record does not contain any specific diagnostic tests (like HbA1c or fasting glucose) or clinical findings suggestive of diabetes.,"[""Body Mass Index: 14.52 kg/m2"", ""Systolic Blood Pressure: 139.0 mmHg""]",,"{""label"": 0, ""confidence"": 0.95, ""reason"": ""The patient's record does not contain any specific diagnostic tests (like HbA1c or fasting glucose) or clinical findings suggestive of diabetes."", ""evidence"": [""Body Mass Index: 14.52 kg/m2"", ""Systolic Blood Pressure: 139.0 mmHg""]}","Demographics: born 2008-04-02, gender F, race hispanic, ethnicity puerto_rican. Encounters: Encounter for symptom; Outpatient Encounter; Emergency room admission; Encounter for 'check-up'. Medications: Amoxicillin 200 MG Oral Tablet; Acetaminophen 160 MG Oral Tablet; Acetaminophen 160 MG. Procedures: Documentation of current medications; Bone immobilization; Plain chest X-ray (procedure). Observations: Body Height: 92.92 cm; Body Weight: 13.03 kg; Body Mass Index: 15.09 kg/m2; Systolic Blood Pressure: 135.0 mmHg; Diastolic Blood Pressure: 70.0 mmHg; Body Height: 96.76 cm; Body Weight: 13.91 kg; Body Mass Index: 14.85 kg/m2; Systolic Blood Pressure: 100.0 mmHg; Diastolic Blood Pressure: 81.0 mmHg; Body Height: 103.78 cm; Body Weight: 15.82 kg; Body Mass Index: 14.69 kg/m2; Systolic Blood Pressure: 136.0 mmHg; Diastolic Blood Pressure: 83.0 mmHg; Body Height: 110.33 cm; Body Weight: 17.75 kg; Body Mass Index: 14.58 kg/m2; Systolic Blood Pressure: 133.0 mmHg; Diastolic Blood Pressure: 72.0 mmHg; Body Height: 118.76 cm; Body Weight: 20.4 kg; Body Mass Index: 14.46 kg/m2; Systolic Blood Pressure: 115.0 mmHg; Diastolic Blood Pressure: 85.0 mmHg; Body Height: 125.61 cm; Body Weight: 22.91 kg; Body Mass Index: 14.52 kg/m2; Diastolic Blood Pressure: 71.0 mmHg; Body Height: 131.7 cm; Body Weight: 25.79 kg; Body Mass Index: 14.87 kg/m2; Systolic Blood Pressure: 139.0 mmHg; Diastolic Blood Pressure: 78.0 mmHg. Immunizations: Pneumococcal conjugate PCV 13; Influenza seasonal injectable preservative free; DTaP; IPV; MMR; varicella."
diabetes,zero_shot,test,3,85446fc9-d1aa-43f9-81d2-8b12ddf3c6dd,0,0,1,0.85,"The provided text contains general health metrics and demographics but lacks specific diagnostic tests or clinical findings (like HbA1c, fasting glucose, or symptoms of hyperglycemia) to confirm a diagnosis of diabetes.","[""Body Mass Index: 22.71 kg/m2"", ""Total Cholesterol: 169.0 mg/dL"", ""Triglycerides: 107.0 mg/dL""]",,"{""label"": 0, ""confidence"": 0.85, ""reason"": ""The provided text contains general health metrics and demographics but lacks specific diagnostic tests or clinical findings (like HbA1c, fasting glucose, or symptoms of hyperglycemia) to confirm a diagnosis of diabetes."", ""evidence"": [""Body Mass Index: 22.71 kg/m2"", ""Total Cholesterol: 169.0 mg/dL"", ""Triglycerides: 107.0 mg/dL""]}","Demographics: born 1974-10-02, gender M, race white, ethnicity irish. Encounters: Outpatient Encounter; Encounter for symptom. Medications: Acetaminophen 160 MG. Observations: Body Height: 190.18 cm; Body Weight: 82.13 kg; Body Mass Index: 22.71 kg/m2; Systolic Blood Pressure: 125.0 mmHg; Diastolic Blood Pressure: 84.0 mmHg; Total Cholesterol: 169.0 mg/dL; Triglycerides: 107.0 mg/dL; Low Density Lipoprotein Cholesterol: 75.0 mg/dL; High Density Lipoprotein Cholesterol: 72.0 mg/dL; Oral temperature: 38.0 Cel; Body Weight: 86.05 kg; Body Mass Index: 23.79 kg/m2; Systolic Blood Pressure: 107.0 mmHg; Diastolic Blood Pressure: 78.0 mmHg; Total Cholesterol: 192.0 mg/dL; Triglycerides: 150.0 mg/dL; Low Density Lipoprotein Cholesterol: 83.0 mg/dL; High Density Lipoprotein Cholesterol: 79.0 mg/dL. Immunizations: Influenza seasonal injectable preservative free; Td (adult) preservative free."
diabetes,zero_shot,test,4,60a21e4e-ad2a-4397-9b47-abcfecb33f1a,0,0,1,0.9,"The recorded HbA1c levels are slightly elevated but remain below the diagnostic threshold for diabetes (typically >= 6.5%). Furthermore, current glucose readings are within the normal range.","[""Hemoglobin A1c/Hemoglobin.total in Blood: 5.9 %"", ""HbA1c/Hemoglobin.total in Blood: 6.0 %"", ""Glucose: 83.0 mg/dL""]",,"{
  ""label"": 0,
  ""confidence"": 0.9,
  ""reason"": ""The recorded HbA1c levels are slightly elevated but remain below the diagnostic threshold for diabetes (typically >= 6.5%). Furthermore, current glucose readings are within the normal range."",
  ""evidence"": [
    ""Hemoglobin A1c/Hemoglobin.total in Blood: 5.9 %"",
    ""HbA1c/Hemoglobin.total in Blood: 6.0 %"",
    ""Glucose: 83.0 mg/dL""
  ]
}","Demographics: born 1938-10-29, gender M, race white, ethnicity french. Encounters: Outpatient Encounter; Emergency room admission. Medications: Penicillin V Potassium 250 MG; Naproxen sodium 220 MG Oral Tablet. Procedures: Documentation of current medications; Suture open wound. Observations: Hemoglobin A1c/Hemoglobin.total in Blood: 5.9 %; Body Height: 163.33 cm; Body Weight: 97.75 kg; Body Mass Index: 36.64 kg/m2; Systolic Blood Pressure: 134.0 mmHg; Diastolic Blood Pressure: 84.0 mmHg; Glucose: 89.0 mg/dL; Urea Nitrogen: 7.0 mg/dL; Creatinine: 1.0 mg/dL; Calcium: 9.85 mg/dL; Sodium: 139.0 mmol/L; Potassium: 5.03 mmol/L; Chloride: 104.0 mmol/L; Carbon Dioxide: 21.0 mmol/L; Hemoglobin A1c/Hemoglobin.total in Blood: 6.0 %; Body Weight: 95.82 kg; Body Mass Index: 35.92 kg/m2; Systolic Blood Pressure: 104.0 mmHg; Diastolic Blood Pressure: 75.0 mmHg; Glucose: 83.0 mg/dL; Urea Nitrogen: 20.0 mg/dL; Calcium: 8.52 mg/dL; Sodium: 137.0 mmol/L; Potassium: 4.63 mmol/L; Chloride: 101.0 mmol/L; Total Cholesterol: 196.0 mg/dL; Triglycerides: 115.0 mg/dL; Low Density Lipoprotein Cholesterol: 112.0 mg/dL; High Density Lipoprotein Cholesterol: 61.0 mg/dL; Hemoglobin A1c/Hemoglobin.total in Blood: 6.1 %; Body Weight: 94.16 kg; Body Mass Index: 35.3 kg/m2; Systolic Blood Pressure: 119.0 mmHg; Glucose: 86.0 mg/dL; Urea Nitrogen: 13.0 mg/dL; Calcium: 9.92 mg/dL; Sodium: 141.0 mmol/L; Potassium: 3.78 mmol/L; Chloride: 109.0 mmol/L; Body Weight: 92.71 kg. Allergies: Allergy to peanuts. Immunizations: Influenza seasonal injectable preservative free; Td (adult) preservative free."
diabetes,zero_shot,test,5,fab7b52c-165b-4544-a7b5-f08ba06dbe78,0,0,1,0.95,"The patient record does not contain any laboratory values (e.g., HbA1c, fasting glucose) or diagnostic statements indicating diabetes.","[""No mention of blood glucose levels"", ""No diagnosis of diabetes mellitus""]",,"{
  ""label"": 0,
  ""confidence"": 0.95,
  ""reason"": ""The patient record does not contain any laboratory values (e.g., HbA1c, fasting glucose) or diagnostic statements indicating diabetes."",
  ""evidence"": [
    ""No mention of blood glucose levels"",
    ""No diagnosis of diabetes mellitus""
  ]
}","Demographics: born 2000-07-22, gender F, race white, ethnicity polish. Encounters: Outpatient Encounter; Asthma follow-up; Emergency hospital admission for asthma; Allergic disorder initial assessment; Outpatient procedure. Medications: Loratadine 5 MG Chewable Tablet; 0.3 ML EPINEPHrine 0.5 MG/ML Auto-Injector; 120 ACTUAT Fluticasone propionate 0.044 MG/ACTUAT Metered Dose Inhaler; 200 ACTUAT Albuterol 0.09 MG/ACTUAT Metered Dose Inhaler. Procedures: Documentation of current medications; Allergy screening test; Subcutaneous immunotherapy. Observations: Body Height: 143.38 cm; Body Weight: 34.19 kg; Body Mass Index: 16.63 kg/m2; Systolic Blood Pressure: 110.0 mmHg; Diastolic Blood Pressure: 87.0 mmHg; Body Height: 150.37 cm; Body Weight: 38.44 kg; Body Mass Index: 17.0 kg/m2; Systolic Blood Pressure: 104.0 mmHg; Diastolic Blood Pressure: 79.0 mmHg; Body Height: 156.59 cm; Body Weight: 42.28 kg; Body Mass Index: 17.24 kg/m2; Systolic Blood Pressure: 105.0 mmHg; Diastolic Blood Pressure: 84.0 mmHg; Peanut IgE Ab in Serum: 0.15 kU/L; Walnut IgE Ab in Serum: 0.23 kU/L; Codfish IgE Ab in Serum: 0.03 kU/L; Shrimp IgE Ab in Serum: 0.27 kU/L; Wheat IgE Ab in Serum: 0.27 kU/L; Egg white IgE Ab in Serum: 0.2 kU/L; Soybean IgE Ab in Serum: 0.24 kU/L; Cow milk IgE Ab in Serum: 46.77 kU/L; White oak IgE Ab in Serum: 6.13 kU/L; Common Ragweed IgE Ab in Serum: 78.01 kU/L; Cat dander IgE Ab in Serum: 6.24 kU/L; American house dust mite IgE Ab in Serum: 0.34 kU/L; Cladosporium herbarum IgE Ab in Serum: 63.4 kU/L; Honey bee IgE Ab in Serum: 0.03 kU/L; Latex IgE Ab in Serum: 73.88 kU/L; Body Height: 160.68 cm; Body Weight: 45.78 kg; Body Mass Index: 17.73 kg/m2; Systolic Blood Pressure: 139.0 mmHg; Diastolic Blood Pressure: 81.0 mmHg; Body Height: 162.77 cm; Body Weight: 48.69 kg; Body Mass Index: 18.38 kg/m2; Systolic Blood Pressure: 115.0 mmHg; Diastolic Blood Pressure: 75.0 mmHg. Allergies: Allergy to dairy product; Allergy to tree pollen; Allergy to grass pollen; Dander (animal) allergy; Allergy to mould; Latex allergy. Immunizations: Influenza seasonal injectable preservative free; meningococcal MCV4P; Tdap; HPV quadrivalent."
diabetes,zero_shot,test,6,0dba151d-65bc-4200-a09b-f572844ba675,1,1,1,0.95,"The patient has multiple indicators of hyperglycemia and metabolic syndrome, including elevated HbA1c, high fasting/random glucose levels, and is already prescribed Metformin.","[""Hemoglobin A1c/Hemoglobin.total in Blood: 7.6 %"", ""Glucose: 170.0 mg/dL"", ""24 HR Metformin hydrochloride 500 MG Extended Release Oral Tablet""]",,"{""label"": 1, ""confidence"": 0.95, ""reason"": ""The patient has multiple indicators of hyperglycemia and metabolic syndrome, including elevated HbA1c, high fasting/random glucose levels, and is already prescribed Metformin."", ""evidence"": [""Hemoglobin A1c/Hemoglobin.total in Blood: 7.6 %"", ""Glucose: 170.0 mg/dL"", ""24 HR Metformin hydrochloride 500 MG Extended Release Oral Tablet""]}","Demographics: born 1953-10-01, gender F, race white, ethnicity irish. Encounters: Outpatient Encounter; Encounter for symptom. Medications: Penicillin V Potassium 250 MG; 24 HR Metformin hydrochloride 500 MG Extended Release Oral Tablet; Amoxicillin 250 MG / Clavulanate 125 MG [Augmentin]. Procedures: Documentation of current medications. Observations: Hemoglobin A1c/Hemoglobin.total in Blood: 7.6 %; Body Height: 161.76 cm; Body Weight: 95.67 kg; Body Mass Index: 36.56 kg/m2; Systolic Blood Pressure: 112.0 mmHg; Diastolic Blood Pressure: 70.0 mmHg; Glucose: 170.0 mg/dL; Urea Nitrogen: 13.0 mg/dL; Creatinine: 1.0 mg/dL; Calcium: 9.38 mg/dL; Sodium: 140.0 mmol/L; Potassium: 4.56 mmol/L; Chloride: 101.0 mmol/L; Carbon Dioxide: 28.0 mmol/L; Total Cholesterol: 250.0 mg/dL; Triglycerides: 371.0 mg/dL; Low Density Lipoprotein Cholesterol: 136.0 mg/dL; High Density Lipoprotein Cholesterol: 39.0 mg/dL; Microalbumin Creatine Ratio: 11.0 mg/g; Estimated Glomerular Filtration Rate: 60.0 mL/min/{1.73_m2}; Systolic Blood Pressure: 100.0 mmHg; Diastolic Blood Pressure: 73.0 mmHg; Glucose: 147.0 mg/dL; Urea Nitrogen: 16.0 mg/dL; Calcium: 9.09 mg/dL; Sodium: 144.0 mmol/L; Potassium: 4.3 mmol/L; Chloride: 104.0 mmol/L; Carbon Dioxide: 23.0 mmol/L; Total Cholesterol: 251.0 mg/dL; Triglycerides: 216.0 mg/dL; Low Density Lipoprotein Cholesterol: 180.0 mg/dL; High Density Lipoprotein Cholesterol: 27.0 mg/dL; Microalbumin Creatine Ratio: 5.0 mg/g; Systolic Blood Pressure: 110.0 mmHg; Diastolic Blood Pressure: 75.0 mmHg; Glucose: 162.0 mg/dL; Urea Nitrogen: 12.0 mg/dL; Calcium: 8.74 mg/dL; Sodium: 138.0 mmol/L. Immunizations: Influenza seasonal injectable preservative free; zoster; Td (adult) preservative free."
diabetes,zero_shot,test,7,3abe225b-8138-41a0-94ad-ddb2210e031e,1,1,1,0.98,"The patient is currently prescribed both Metformin hydrochloride and multiple types of insulin (Humulin), which are standard treatments for managing diabetes mellitus.","[""24 HR Metformin hydrochloride 500 MG Extended Release Oral Tablet"", ""insulin human isophane 70 UNT/ML / Regular Insulin Human 30 UNT/ML Injectable Suspension [Humulin]"", ""Body Mass Index: 35.17 kg/m2""]",,"{
  ""label"": 1,
  ""confidence"": 0.98,
  ""reason"": ""The patient is currently prescribed both Metformin hydrochloride and multiple types of insulin (Humulin), which are standard treatments for managing diabetes mellitus."",
  ""evidence"": [
    ""24 HR Metformin hydrochloride 500 MG Extended Release Oral Tablet"",
    ""insulin human isophane 70 UNT/ML / Regular Insulin Human 30 UNT/ML Injectable Suspension [Humulin]"",
    ""Body Mass Index: 35.17 kg/m2""
  ]
}","Demographics: born 1955-04-22, gender M, race white, ethnicity irish. Encounters: Outpatient Encounter; Death Certification. Medications: Penicillin V Potassium 500 MG; 24 HR Metformin hydrochloride 500 MG Extended Release Oral Tablet; Fluticasone propionate 0.25 MG/ACTUAT / salmeterol 0.05 MG/ACTUAT [Advair]; insulin human isophane 70 UNT/ML / Regular Insulin Human 30 UNT/ML Injectable Suspension [Humulin]. Procedures: Spirometry (procedure). Observations: FEV1/​FVC: 65.0 %; Hemoglobin A1c/Hemoglobin.total in Blood: 4.3 %; Body Height: 175.37 cm; Body Weight: 108.18 kg; Body Mass Index: 35.17 kg/m2; Systolic Blood Pressure: 163.0 mmHg; Diastolic Blood Pressure: 103.0 mmHg; Glucose: 106.0 mg/dL; Urea Nitrogen: 9.0 mg/dL; Creatinine: 1.0 mg/dL; Calcium: 9.63 mg/dL; Sodium: 136.0 mmol/L; Potassium: 4.53 mmol/L; Chloride: 109.0 mmol/L; Carbon Dioxide: 27.0 mmol/L; Total Cholesterol: 200.0 mg/dL; Triglycerides: 167.0 mg/dL; Low Density Lipoprotein Cholesterol: 123.0 mg/dL; High Density Lipoprotein Cholesterol: 43.0 mg/dL; Microalbumin Creatine Ratio: 30.0 mg/g; Estimated Glomerular Filtration Rate: 60.0 mL/min/{1.73_m2}; Systolic Blood Pressure: 154.0 mmHg; Diastolic Blood Pressure: 119.0 mmHg; Glucose: 105.0 mg/dL; Urea Nitrogen: 11.0 mg/dL; Calcium: 9.41 mg/dL; Sodium: 142.0 mmol/L; Potassium: 3.96 mmol/L; Carbon Dioxide: 24.0 mmol/L; Total Cholesterol: 203.0 mg/dL; Triglycerides: 158.0 mg/dL; Low Density Lipoprotein Cholesterol: 117.0 mg/dL; High Density Lipoprotein Cholesterol: 54.0 mg/dL; Microalbumin Creatine Ratio: 143.0 mg/g; FEV1/​FVC: 52.0 %; Pulmonary emphysema (disorder); Systolic Blood Pressure: 199.0 mmHg; Diastolic Blood Pressure: 98.0 mmHg; Glucose: 113.0 mg/dL; Calcium: 9.55 mg/dL. Immunizations: Influenza seasonal injectable preservative free."
diabetes,zero_shot,test,8,b848d50a-5b6d-402e-8bae-07b1fba60b5c,0,0,1,1.0,"The patient text does not contain any blood glucose measurements (e.g., fasting plasma glucose or HbA1c) or clinical findings suggestive of diabetes.","[""No mention of blood glucose levels"", ""No diagnosis of diabetes mellitus""]",,"{
  ""label"": 0,
  ""confidence"": 1.0,
  ""reason"": ""The patient text does not contain any blood glucose measurements (e.g., fasting plasma glucose or HbA1c) or clinical findings suggestive of diabetes."",
  ""evidence"": [
    ""No mention of blood glucose levels"",
    ""No diagnosis of diabetes mellitus""
  ]
}","Demographics: born 2009-08-22, gender F, race white, ethnicity portuguese. Encounters: Outpatient Encounter; Encounter for problem; Encounter for symptom; Emergency room admission. Medications: Loratadine 5 MG Chewable Tablet; 0.3 ML EPINEPHrine 0.5 MG/ML Auto-Injector; predniSONE 5 MG Oral Tablet; Amoxicillin 200 MG Oral Tablet; Acetaminophen 160 MG Oral Tablet; Acetaminophen 160 MG. Procedures: Documentation of current medications; Allergy screening test; Injection of adrenaline; Measurement of respiratory function (procedure). Observations: Body Height: 73.28 cm; Body Weight: 9.45 kg; Systolic Blood Pressure: 120.0 mmHg; Diastolic Blood Pressure: 79.0 mmHg; Peanut IgE Ab in Serum: 0.34 kU/L; Walnut IgE Ab in Serum: 3.19 kU/L; Codfish IgE Ab in Serum: 0.18 kU/L; Shrimp IgE Ab in Serum: 4.46 kU/L; Wheat IgE Ab in Serum: 0.09 kU/L; Egg white IgE Ab in Serum: 0.05 kU/L; Soybean IgE Ab in Serum: 96.51 kU/L; Cow milk IgE Ab in Serum: 0.26 kU/L; White oak IgE Ab in Serum: 87.88 kU/L; Common Ragweed IgE Ab in Serum: 4.35 kU/L; Cat dander IgE Ab in Serum: 35.29 kU/L; American house dust mite IgE Ab in Serum: 31.37 kU/L; Cladosporium herbarum IgE Ab in Serum: 58.97 kU/L; Honey bee IgE Ab in Serum: 0.04 kU/L; Latex IgE Ab in Serum: 73.05 kU/L; Body Height: 78.14 cm; Body Weight: 10.66 kg; Systolic Blood Pressure: 113.0 mmHg; Diastolic Blood Pressure: 84.0 mmHg; Body Height: 81.35 cm; Body Weight: 11.37 kg; Systolic Blood Pressure: 129.0 mmHg; Diastolic Blood Pressure: 88.0 mmHg; Body Height: 84.3 cm; Body Weight: 11.98 kg; Systolic Blood Pressure: 124.0 mmHg; Diastolic Blood Pressure: 85.0 mmHg; Body Height: 88.9 cm; Body Weight: 13.02 kg; Body Mass Index: 16.48 kg/m2; Systolic Blood Pressure: 119.0 mmHg; Diastolic Blood Pressure: 87.0 mmHg; Oral temperature: 38.0 Cel; Body Height: 94.28 cm; Body Weight: 14.16 kg; Body Mass Index: 15.93 kg/m2. Allergies: Allergy to nut; Shellfish allergy; Allergy to soya; Allergy to tree pollen; Allergy to grass pollen; Dander (animal) allergy; House dust mite allergy; Allergy to mould; Latex allergy. Immunizations: Pneumococcal conjugate PCV 13; Hib (PRP-OMP); MMR; varicella; Hep A ped/adol 2 dose; DTaP; Influenza seasonal injectable preservative free; IPV."
diabetes,zero_shot,test,9,daa225da-1fb7-418f-b8d6-2bee23d93394,0,0,1,0.95,"The patient's recorded HbA1c levels (5.8% to 6.2%) and fasting glucose readings (67-86 mg/dL) are within the normal or prediabetic range, but do not meet criteria for a definitive diagnosis of diabetes.","[""Hemoglobin A1c/Hemoglobin.total in Blood: 6.2 %"", ""Hemoglobin A1c/Hemoglobin.total in Blood: 5.9 %"", ""Hemoglobin A1c/Hemoglobin.total in Blood: 5.8 %"", ""Glucose: 86.0 mg/dL"", ""Glucose: 67.0 mg/dL"", ""Glucose: 68.0 mg/dL""]",,"{""label"": 0, ""confidence"": 0.95, ""reason"": ""The patient's recorded HbA1c levels (5.8% to 6.2%) and fasting glucose readings (67-86 mg/dL) are within the normal or prediabetic range, but do not meet criteria for a definitive diagnosis of diabetes."", ""evidence"": [""Hemoglobin A1c/Hemoglobin.total in Blood: 6.2 %"", ""Hemoglobin A1c/Hemoglobin.total in Blood: 5.9 %"", ""Hemoglobin A1c/Hemoglobin.total in Blood: 5.8 %"", ""Glucose: 86.0 mg/dL"", ""Glucose: 67.0 mg/dL"", ""Glucose: 68.0 mg/dL""]}","Demographics: born 1965-06-27, gender F, race white, ethnicity irish. Encounters: Encounter for symptom; Outpatient Encounter; Encounter for 'check-up'. Medications: Penicillin V Potassium 250 MG; Penicillin V Potassium 500 MG; Nitrofurantoin 5 MG/ML [Furadantin]; Phenazopyridine hydrochloride 100 MG [Pyridium]. Procedures: Documentation of current medications; Colonoscopy; Fecal occult blood test; Rectal polypectomy. Observations: Hemoglobin A1c/Hemoglobin.total in Blood: 6.2 %; Body Height: 161.11 cm; Body Weight: 95.38 kg; Body Mass Index: 36.74 kg/m2; Systolic Blood Pressure: 127.0 mmHg; Diastolic Blood Pressure: 72.0 mmHg; Glucose: 86.0 mg/dL; Urea Nitrogen: 10.0 mg/dL; Creatinine: 1.0 mg/dL; Calcium: 9.04 mg/dL; Sodium: 138.0 mmol/L; Potassium: 4.41 mmol/L; Chloride: 102.0 mmol/L; Carbon Dioxide: 28.0 mmol/L; Hemoglobin A1c/Hemoglobin.total in Blood: 5.9 %; Body Weight: 98.06 kg; Body Mass Index: 37.78 kg/m2; Systolic Blood Pressure: 135.0 mmHg; Diastolic Blood Pressure: 76.0 mmHg; Glucose: 67.0 mg/dL; Urea Nitrogen: 12.0 mg/dL; Calcium: 8.57 mg/dL; Sodium: 139.0 mmol/L; Potassium: 4.04 mmol/L; Chloride: 108.0 mmol/L; Carbon Dioxide: 29.0 mmol/L; Total Cholesterol: 179.0 mg/dL; Triglycerides: 131.0 mg/dL; Low Density Lipoprotein Cholesterol: 88.0 mg/dL; High Density Lipoprotein Cholesterol: 64.0 mg/dL; Polyp size greatest dimension by CAP cancer protocols: 5.0 mm; Hemoglobin.gastrointestinal [Presence] in Stool by Immunologic method: 9.0 ng/mL; Hemoglobin A1c/Hemoglobin.total in Blood: 5.8 %; Body Weight: 99.65 kg; Body Mass Index: 38.39 kg/m2; Systolic Blood Pressure: 116.0 mmHg; Diastolic Blood Pressure: 71.0 mmHg; Glucose: 68.0 mg/dL; Urea Nitrogen: 13.0 mg/dL; Calcium: 9.47 mg/dL. Immunizations: Influenza seasonal injectable preservative free."
diabetes,zero_shot,test,10,d82d6028-db81-4226-a669-c0837fc2dd54,0,0,1,0.85,"The patient's current glucose readings are within the normal range. While one Hemoglobin A1c reading (6.4%) falls into the prediabetic range, it does not meet the diagnostic criteria for established diabetes (typically >= 6.5%).","[""HbA1c/Hemoglobin.total in Blood: 6.4 %"", ""Glucose: 76.0 mg/dL"", ""Glucose: 66.0 mg/dL""]",,"{
  ""label"": 0,
  ""confidence"": 0.85,
  ""reason"": ""The patient's current glucose readings are within the normal range. While one Hemoglobin A1c reading (6.4%) falls into the prediabetic range, it does not meet the diagnostic criteria for established diabetes (typically >= 6.5%)."",
  ""evidence"": [
    ""HbA1c/Hemoglobin.total in Blood: 6.4 %"",
    ""Glucose: 76.0 mg/dL"",
    ""Glucose: 66.0 mg/dL""
  ]
}","Demographics: born 1955-08-11, gender F, race white, ethnicity french. Encounters: Encounter for symptom; Outpatient Encounter. Medications: Penicillin V Potassium 500 MG; Nitrofurantoin 5 MG/ML [Furadantin]; Phenazopyridine hydrochloride 100 MG [Pyridium]. Procedures: Documentation of current medications. Observations: Hemoglobin A1c/Hemoglobin.total in Blood: 5.9 %; Body Height: 161.4 cm; Body Weight: 97.31 kg; Body Mass Index: 37.36 kg/m2; Systolic Blood Pressure: 120.0 mmHg; Diastolic Blood Pressure: 78.0 mmHg; Glucose: 66.0 mg/dL; Urea Nitrogen: 14.0 mg/dL; Creatinine: 1.0 mg/dL; Calcium: 9.8 mg/dL; Sodium: 142.0 mmol/L; Potassium: 4.37 mmol/L; Chloride: 104.0 mmol/L; Carbon Dioxide: 23.0 mmol/L; Hemoglobin A1c/Hemoglobin.total in Blood: 6.0 %; Systolic Blood Pressure: 114.0 mmHg; Diastolic Blood Pressure: 74.0 mmHg; Glucose: 76.0 mg/dL; Urea Nitrogen: 19.0 mg/dL; Calcium: 8.97 mg/dL; Sodium: 138.0 mmol/L; Potassium: 5.03 mmol/L; Chloride: 103.0 mmol/L; Carbon Dioxide: 27.0 mmol/L; Hemoglobin A1c/Hemoglobin.total in Blood: 6.4 %; Systolic Blood Pressure: 138.0 mmHg; Diastolic Blood Pressure: 75.0 mmHg; Glucose: 64.0 mg/dL; Urea Nitrogen: 15.0 mg/dL; Calcium: 9.75 mg/dL; Sodium: 139.0 mmol/L; Potassium: 3.88 mmol/L; Chloride: 102.0 mmol/L; Carbon Dioxide: 24.0 mmol/L; Total Cholesterol: 189.0 mg/dL; Triglycerides: 106.0 mg/dL; Low Density Lipoprotein Cholesterol: 88.0 mg/dL; High Density Lipoprotein Cholesterol: 79.0 mg/dL; Systolic Blood Pressure: 128.0 mmHg; Diastolic Blood Pressure: 81.0 mmHg. Immunizations: Influenza seasonal injectable preservative free; zoster; Td (adult) preservative free."
diabetes,zero_shot,test,11,c58410ed-4dab-4fbd-8e6f-32777f7e6c35,0,0,1,0.95,"The patient's record indicates a death due to cardiac arrest and lists medications for cardiovascular conditions (e.g., clopidogrel, amlodipine), but there are no direct clinical findings or lab results suggesting the presence of diabetes.","[""Observations: Cardiac Arrest"", ""Medications: Penicillin V Potassium 250 MG; Clopidogrel 75 MG Oral Tablet; Simvastatin 20 MG Oral Tablet; Amlodipine 5 MG Oral Tablet; Nitroglycerin 0.4 MG/ACTUAT [Nitrolingual]""]",,"{""label"": 0, ""confidence"": 0.95, ""reason"": ""The patient's record indicates a death due to cardiac arrest and lists medications for cardiovascular conditions (e.g., clopidogrel, amlodipine), but there are no direct clinical findings or lab results suggesting the presence of diabetes."", ""evidence"": [""Observations: Cardiac Arrest"", ""Medications: Penicillin V Potassium 250 MG; Clopidogrel 75 MG Oral Tablet; Simvastatin 20 MG Oral Tablet; Amlodipine 5 MG Oral Tablet; Nitroglycerin 0.4 MG/ACTUAT [Nitrolingual]""]}","Demographics: born 1983-03-02, gender M, race white, ethnicity italian. Encounters: Death Certification. Medications: Penicillin V Potassium 250 MG; Clopidogrel 75 MG Oral Tablet; Simvastatin 20 MG Oral Tablet; Amlodipine 5 MG Oral Tablet; Nitroglycerin 0.4 MG/ACTUAT [Nitrolingual]. Observations: Cardiac Arrest."
diabetes,zero_shot,test,12,26384ad5-8e45-4348-bb8f-d17bd015d6ae,1,1,1,0.98,"The patient has a significantly elevated Hemoglobin A1c of 10.0% and is currently prescribed multiple medications for glucose management, including Metformin and liraglutide.","[""Hemoglobin A1c/Hemoglobin.total in Blood: 10.0 %"", ""24 HR Metformin hydrochloride 500 MG Extended Release Oral Tablet"", ""3 ML liraglutide 6 MG/ML Pen Injector""]",,"{
  ""label"": 1,
  ""confidence"": 0.98,
  ""reason"": ""The patient has a significantly elevated Hemoglobin A1c of 10.0% and is currently prescribed multiple medications for glucose management, including Metformin and liraglutide."",
  ""evidence"": [
    ""Hemoglobin A1c/Hemoglobin.total in Blood: 10.0 %"",
    ""24 HR Metformin hydrochloride 500 MG Extended Release Oral Tablet"",
    ""3 ML liraglutide 6 MG/ML Pen Injector""
  ]
}","Demographics: born 1970-06-05, gender M, race asian, ethnicity chinese. Encounters: Outpatient Encounter. Medications: Penicillin V Potassium 250 MG; 24 HR Metformin hydrochloride 500 MG Extended Release Oral Tablet; 3 ML liraglutide 6 MG/ML Pen Injector. Procedures: Documentation of current medications. Observations: Hemoglobin A1c/Hemoglobin.total in Blood: 10.0 %; Body Height: 163.33 cm; Body Weight: 131.41 kg; Body Mass Index: 49.26 kg/m2; Systolic Blood Pressure: 140.0 mmHg; Diastolic Blood Pressure: 95.0 mmHg; Glucose: 173.0 mg/dL; Urea Nitrogen: 13.0 mg/dL; Creatinine: 1.0 mg/dL; Calcium: 9.3 mg/dL; Sodium: 142.0 mmol/L; Potassium: 4.4 mmol/L; Chloride: 102.0 mmol/L; Carbon Dioxide: 24.0 mmol/L; Total Cholesterol: 274.0 mg/dL; Triglycerides: 504.0 mg/dL; Low Density Lipoprotein Cholesterol: 154.0 mg/dL; High Density Lipoprotein Cholesterol: 19.0 mg/dL; Microalbumin Creatine Ratio: 10.0 mg/g; Estimated Glomerular Filtration Rate: 60.0 mL/min/{1.73_m2}; Body Weight: 132.91 kg; Body Mass Index: 49.83 kg/m2; Systolic Blood Pressure: 160.0 mmHg; Diastolic Blood Pressure: 114.0 mmHg; Glucose: 170.0 mg/dL; Urea Nitrogen: 20.0 mg/dL; Calcium: 9.05 mg/dL; Sodium: 138.0 mmol/L; Potassium: 4.83 mmol/L; Chloride: 109.0 mmol/L; Total Cholesterol: 270.0 mg/dL; Triglycerides: 543.0 mg/dL; Low Density Lipoprotein Cholesterol: 150.0 mg/dL; High Density Lipoprotein Cholesterol: 11.0 mg/dL; Microalbumin Creatine Ratio: 17.0 mg/g; Body Weight: 135.52 kg; Body Mass Index: 50.8 kg/m2; Systolic Blood Pressure: 181.0 mmHg; Diastolic Blood Pressure: 91.0 mmHg; Glucose: 126.0 mg/dL. Immunizations: Influenza seasonal injectable preservative free; Td (adult) preservative free."
diabetes,zero_shot,test,13,d381c0a6-7eb6-499f-ba52-6b894b125356,1,1,1,1.0,"The patient has multiple elevated Hemoglobin A1c readings (7.3%, 7.0%, 6.8%) which are diagnostic of diabetes. Furthermore, the patient is currently prescribed Metformin hydrochloride, a standard medication for managing diabetes.","[""24 HR Metformin hydrochloride"", ""Hemoglobin A1c/Hemoglobin.total in Blood: 6.8 %"", ""Hemoglobin A1c/Hemoglobin.total in Blood: 7.0 %"", ""Hemoglobin A1c/Hemoglobin.total in Blood: 7.3 %"", ""Glucose: 193.0 mg/dL""]",,"{
  ""label"": 1,
  ""confidence"": 1.0,
  ""reason"": ""The patient has multiple elevated Hemoglobin A1c readings (7.3%, 7.0%, 6.8%) which are diagnostic of diabetes. Furthermore, the patient is currently prescribed Metformin hydrochloride, a standard medication for managing diabetes."",
  ""evidence"": [
    ""24 HR Metformin hydrochloride"",
    ""Hemoglobin A1c/Hemoglobin.total in Blood: 6.8 %"",
    ""Hemoglobin A1c/Hemoglobin.total in Blood: 7.0 %"",
    ""Hemoglobin A1c/Hemoglobin.total in Blood: 7.3 %"",
    ""Glucose: 193.0 mg/dL""
  ]
}","Demographics: born 1971-10-24, gender F, race white, ethnicity irish. Encounters: Encounter for symptom; Outpatient Encounter; Asthma follow-up. Medications: 120 ACTUAT Fluticasone propionate 0.044 MG/ACTUAT Metered Dose Inhaler; 200 ACTUAT Albuterol 0.09 MG/ACTUAT Metered Dose Inhaler; Penicillin V Potassium 500 MG; 24 HR Metformin hydrochloride 500 MG Extended Release Oral Tablet; Acetaminophen 160 MG. Procedures: Sputum examination (procedure); Documentation of current medications. Observations: Hemoglobin A1c/Hemoglobin.total in Blood: 6.8 %; Body Height: 162.62 cm; Body Weight: 88.21 kg; Body Mass Index: 33.35 kg/m2; Systolic Blood Pressure: 160.0 mmHg; Diastolic Blood Pressure: 96.0 mmHg; Glucose: 193.0 mg/dL; Urea Nitrogen: 9.0 mg/dL; Creatinine: 1.0 mg/dL; Calcium: 9.56 mg/dL; Sodium: 140.0 mmol/L; Potassium: 4.63 mmol/L; Chloride: 102.0 mmol/L; Carbon Dioxide: 27.0 mmol/L; Total Cholesterol: 240.0 mg/dL; Triglycerides: 251.0 mg/dL; Low Density Lipoprotein Cholesterol: 150.0 mg/dL; High Density Lipoprotein Cholesterol: 39.0 mg/dL; Microalbumin Creatine Ratio: 2.0 mg/g; Estimated Glomerular Filtration Rate: 60.0 mL/min/{1.73_m2}; Hemoglobin A1c/Hemoglobin.total in Blood: 7.0 %; Body Weight: 90.12 kg; Body Mass Index: 34.08 kg/m2; Systolic Blood Pressure: 169.0 mmHg; Diastolic Blood Pressure: 103.0 mmHg; Glucose: 100.0 mg/dL; Urea Nitrogen: 10.0 mg/dL; Calcium: 8.93 mg/dL; Potassium: 4.72 mmol/L; Chloride: 108.0 mmol/L; Carbon Dioxide: 25.0 mmol/L; Total Cholesterol: 223.0 mg/dL; Triglycerides: 192.0 mg/dL; Low Density Lipoprotein Cholesterol: 132.0 mg/dL; High Density Lipoprotein Cholesterol: 52.0 mg/dL; Microalbumin Creatine Ratio: 6.0 mg/g; Hemoglobin A1c/Hemoglobin.total in Blood: 7.3 %; Body Weight: 93.17 kg; Body Mass Index: 35.23 kg/m2; Systolic Blood Pressure: 178.0 mmHg. Immunizations: Influenza seasonal injectable preservative free; Td (adult) preservative free."
diabetes,zero_shot,test,14,a22eb3df-151c-49de-93ac-1663b9660c85,0,0,1,0.95,"The patient text does not contain any blood glucose measurements (e.g., fasting glucose, HbA1c) or a diagnosis of diabetes.","[""Body Mass Index: 27.5 kg/m2"", ""Systolic Blood Pressure: 113.0 mmHg; Diastolic Blood Pressure: 73.0 mmHg""]",,"{""label"": 0, ""confidence"": 0.95, ""reason"": ""The patient text does not contain any blood glucose measurements (e.g., fasting glucose, HbA1c) or a diagnosis of diabetes."", ""evidence"": [""Body Mass Index: 27.5 kg/m2"", ""Systolic Blood Pressure: 113.0 mmHg; Diastolic Blood Pressure: 73.0 mmHg""]}","Demographics: born 1991-09-25, gender F, race white, ethnicity american. Encounters: Patient encounter procedure; Outpatient Encounter; Emergency room admission. Medications: Penicillin V Potassium 250 MG; 0.65 ML depo-subQ provera 160 MG/ML Prefilled Syringe; Acetaminophen 325 MG Oral Tablet. Procedures: Intramuscular injection; Documentation of current medications. Observations: Body Height: 154.39 cm; Body Weight: 59.6 kg; Body Mass Index: 25.0 kg/m2; Systolic Blood Pressure: 123.0 mmHg; Diastolic Blood Pressure: 80.0 mmHg; Body Height: 154.47 cm; Body Weight: 60.73 kg; Body Mass Index: 25.45 kg/m2; Systolic Blood Pressure: 112.0 mmHg; Diastolic Blood Pressure: 88.0 mmHg; Body Height: 154.48 cm; Body Weight: 61.97 kg; Body Mass Index: 25.97 kg/m2; Systolic Blood Pressure: 127.0 mmHg; Diastolic Blood Pressure: 77.0 mmHg; Body Weight: 65.63 kg; Body Mass Index: 27.5 kg/m2; Systolic Blood Pressure: 113.0 mmHg; Diastolic Blood Pressure: 73.0 mmHg. Immunizations: Influenza seasonal injectable preservative free; Td (adult) preservative free."
diabetes,zero_shot,test,15,960f8bb7-4322-4aa4-89b6-568fb9cdab44,1,1,1,0.9,"The patient is currently prescribed Metformin hydrochloride, a medication commonly used to treat or manage diabetes.","[""24 HR Metformin hydrochloride 500 MG Extended Release Oral Tablet""]",,"{""label"": 1, ""confidence"": 0.9, ""reason"": ""The patient is currently prescribed Metformin hydrochloride, a medication commonly used to treat or manage diabetes."", ""evidence"": [""24 HR Metformin hydrochloride 500 MG Extended Release Oral Tablet""]}","Demographics: born 1927-04-07, gender F, race white, ethnicity portuguese. Encounters: Death Certification. Medications: Penicillin V Potassium 500 MG; 24 HR Metformin hydrochloride 500 MG Extended Release Oral Tablet; Nitroglycerin 0.4 MG/ACTUAT [Nitrolingual]; Meperidine Hydrochloride 50 MG Oral Tablet. Observations: Myocardial Infarction."
diabetes,zero_shot,test,16,fb395ed2-95ea-4717-915d-e8388241553f,1,1,1,0.98,"The patient has an elevated Hemoglobin A1c (8.1%) and is currently prescribed Metformin hydrochloride, which strongly indicates a diagnosis of diabetes mellitus.","[""Hemoglobin A1c/Hemoglobin.total in Blood: 8.1 %"", ""Medications: 24 HR Metformin hydrochloride 500 MG Extended Release Oral Tablet""]",,"{
  ""label"": 1,
  ""confidence"": 0.98,
  ""reason"": ""The patient has an elevated Hemoglobin A1c (8.1%) and is currently prescribed Metformin hydrochloride, which strongly indicates a diagnosis of diabetes mellitus."",
  ""evidence"": [
    ""Hemoglobin A1c/Hemoglobin.total in Blood: 8.1 %"",
    ""Medications: 24 HR Metformin hydrochloride 500 MG Extended Release Oral Tablet""
  ]
}","Demographics: born 1952-11-13, gender M, race white, ethnicity italian. Encounters: Outpatient Encounter; Encounter for symptom; Encounter for 'check-up'; Encounter for problem. Medications: 24 HR Metformin hydrochloride 500 MG Extended Release Oral Tablet. Procedures: Documentation of current medications; Colonoscopy; Fecal occult blood test; Rectal polypectomy. Observations: Hemoglobin A1c/Hemoglobin.total in Blood: 8.1 %; Body Height: 176.7 cm; Body Weight: 120.31 kg; Body Mass Index: 38.53 kg/m2; Systolic Blood Pressure: 197.0 mmHg; Diastolic Blood Pressure: 91.0 mmHg; Glucose: 135.0 mg/dL; Urea Nitrogen: 8.0 mg/dL; Creatinine: 1.0 mg/dL; Calcium: 9.2 mg/dL; Sodium: 144.0 mmol/L; Potassium: 4.05 mmol/L; Chloride: 105.0 mmol/L; Carbon Dioxide: 28.0 mmol/L; Total Cholesterol: 247.0 mg/dL; Triglycerides: 419.0 mg/dL; Low Density Lipoprotein Cholesterol: 137.0 mg/dL; High Density Lipoprotein Cholesterol: 26.0 mg/dL; Microalbumin Creatine Ratio: 1.0 mg/g; Estimated Glomerular Filtration Rate: 60.0 mL/min/{1.73_m2}; Oral temperature: 37.0 Cel; Systolic Blood Pressure: 175.0 mmHg; Diastolic Blood Pressure: 104.0 mmHg; Glucose: 129.0 mg/dL; Urea Nitrogen: 17.0 mg/dL; Calcium: 8.55 mg/dL; Sodium: 143.0 mmol/L; Potassium: 4.04 mmol/L; Chloride: 101.0 mmol/L; Carbon Dioxide: 24.0 mmol/L; Total Cholesterol: 256.0 mg/dL; Triglycerides: 324.0 mg/dL; Low Density Lipoprotein Cholesterol: 168.0 mg/dL; High Density Lipoprotein Cholesterol: 23.0 mg/dL; Microalbumin Creatine Ratio: 16.0 mg/g; Systolic Blood Pressure: 159.0 mmHg; Diastolic Blood Pressure: 108.0 mmHg; Glucose: 143.0 mg/dL; Urea Nitrogen: 14.0 mg/dL; Calcium: 9.27 mg/dL. Immunizations: Influenza seasonal injectable preservative free; zoster; Td (adult) preservative free."
diabetes,zero_shot,test,17,33ffcfdf-1f15-4cd4-8171-9cc1fbdc6dc9,1,1,1,0.98,"The patient has multiple elevated Hemoglobin A1c readings (6.5%, 6.9%, 7.2%) and is currently prescribed Metformin hydrochloride, a medication used to treat or manage diabetes.","[""Medications: 24 HR Metformin hydrochloride"", ""Hemoglobin A1c/Hemoglobin.total in Blood: 6.5 %"", ""Hemoglobin A1c/Hemoglobin.total in Blood: 6.9 %"", ""Hemoglobin A1c/Hemoglobin.total in Blood: 7.2 %""]",,"{
  ""label"": 1,
  ""confidence"": 0.98,
  ""reason"": ""The patient has multiple elevated Hemoglobin A1c readings (6.5%, 6.9%, 7.2%) and is currently prescribed Metformin hydrochloride, a medication used to treat or manage diabetes."",
  ""evidence"": [
    ""Medications: 24 HR Metformin hydrochloride"",
    ""Hemoglobin A1c/Hemoglobin.total in Blood: 6.5 %"",
    ""Hemoglobin A1c/Hemoglobin.total in Blood: 6.9 %"",
    ""Hemoglobin A1c/Hemoglobin.total in Blood: 7.2 %""
  ]
}","Demographics: born 1968-01-14, gender F, race white, ethnicity french. Encounters: Patient encounter procedure; Outpatient Encounter. Medications: 24 HR Metformin hydrochloride 500 MG Extended Release Oral Tablet. Procedures: Intramuscular injection; Documentation of current medications. Observations: Hemoglobin A1c/Hemoglobin.total in Blood: 6.5 %; Body Height: 156.52 cm; Body Weight: 78.84 kg; Body Mass Index: 32.18 kg/m2; Systolic Blood Pressure: 162.0 mmHg; Diastolic Blood Pressure: 104.0 mmHg; Glucose: 64.0 mg/dL; Urea Nitrogen: 12.0 mg/dL; Creatinine: 1.0 mg/dL; Calcium: 9.37 mg/dL; Sodium: 136.0 mmol/L; Potassium: 4.65 mmol/L; Chloride: 106.0 mmol/L; Carbon Dioxide: 23.0 mmol/L; Total Cholesterol: 196.0 mg/dL; Triglycerides: 108.0 mg/dL; Low Density Lipoprotein Cholesterol: 107.0 mg/dL; High Density Lipoprotein Cholesterol: 67.0 mg/dL; Microalbumin Creatine Ratio: 12.0 mg/g; Estimated Glomerular Filtration Rate: 60.0 mL/min/{1.73_m2}; Hemoglobin A1c/Hemoglobin.total in Blood: 6.9 %; Body Weight: 82.64 kg; Body Mass Index: 33.73 kg/m2; Systolic Blood Pressure: 184.0 mmHg; Diastolic Blood Pressure: 95.0 mmHg; Glucose: 85.0 mg/dL; Urea Nitrogen: 7.0 mg/dL; Calcium: 10.15 mg/dL; Sodium: 144.0 mmol/L; Potassium: 3.73 mmol/L; Chloride: 105.0 mmol/L; Total Cholesterol: 165.0 mg/dL; Triglycerides: 137.0 mg/dL; Low Density Lipoprotein Cholesterol: 72.0 mg/dL; High Density Lipoprotein Cholesterol: 65.0 mg/dL; Microalbumin Creatine Ratio: 16.0 mg/g; Hemoglobin A1c/Hemoglobin.total in Blood: 7.2 %; Body Weight: 85.05 kg; Body Mass Index: 34.71 kg/m2; Systolic Blood Pressure: 174.0 mmHg. Immunizations: Influenza seasonal injectable preservative free."
diabetes,zero_shot,test,18,f6e4f4a7-f713-4f44-9d85-95eeed26f0bc,0,0,1,0.9,"The highest recorded Hemoglobin A1c is 6.4%, which falls into the prediabetic range and does not meet the standard diagnostic threshold of 6.5% or higher for diabetes.","[""Hemoglobin A1c/Hemoglobin.total in Blood: 6.0 %"", ""Hemoglobin A1c/Hemoglobin.total in Blood: 6.3 %"", ""Hemoglobin A1c/Hemoglobin.total in Blood: 6.4 %""]",,"{
  ""label"": 0,
  ""confidence"": 0.9,
  ""reason"": ""The highest recorded Hemoglobin A1c is 6.4%, which falls into the prediabetic range and does not meet the standard diagnostic threshold of 6.5% or higher for diabetes."",
  ""evidence"": [
    ""Hemoglobin A1c/Hemoglobin.total in Blood: 6.0 %"",
    ""Hemoglobin A1c/Hemoglobin.total in Blood: 6.3 %"",
    ""Hemoglobin A1c/Hemoglobin.total in Blood: 6.4 %""
  ]
}","Demographics: born 1945-11-05, gender F, race white, ethnicity french. Encounters: Outpatient Encounter. Medications: Penicillin V Potassium 250 MG. Procedures: Documentation of current medications. Observations: Hemoglobin A1c/Hemoglobin.total in Blood: 6.0 %; Body Height: 159.92 cm; Body Weight: 83.57 kg; Body Mass Index: 32.68 kg/m2; Systolic Blood Pressure: 184.0 mmHg; Diastolic Blood Pressure: 101.0 mmHg; Glucose: 93.0 mg/dL; Urea Nitrogen: 19.0 mg/dL; Creatinine: 1.0 mg/dL; Calcium: 9.02 mg/dL; Sodium: 136.0 mmol/L; Potassium: 3.81 mmol/L; Chloride: 107.0 mmol/L; Carbon Dioxide: 21.0 mmol/L; Estimated Glomerular Filtration Rate: 60.0 mL/min/{1.73_m2}; Hemoglobin A1c/Hemoglobin.total in Blood: 6.3 %; Body Weight: 82.14 kg; Body Mass Index: 32.12 kg/m2; Systolic Blood Pressure: 160.0 mmHg; Diastolic Blood Pressure: 119.0 mmHg; Glucose: 89.0 mg/dL; Urea Nitrogen: 10.0 mg/dL; Calcium: 8.64 mg/dL; Potassium: 4.69 mmol/L; Chloride: 108.0 mmol/L; Carbon Dioxide: 26.0 mmol/L; Total Cholesterol: 199.0 mg/dL; Triglycerides: 109.0 mg/dL; Low Density Lipoprotein Cholesterol: 105.0 mg/dL; High Density Lipoprotein Cholesterol: 72.0 mg/dL; Hemoglobin A1c/Hemoglobin.total in Blood: 6.4 %; Body Weight: 80.71 kg; Body Mass Index: 31.56 kg/m2; Systolic Blood Pressure: 154.0 mmHg; Diastolic Blood Pressure: 92.0 mmHg; Glucose: 70.0 mg/dL; Urea Nitrogen: 15.0 mg/dL; Calcium: 9.65 mg/dL; Sodium: 144.0 mmol/L; Potassium: 4.94 mmol/L. Allergies: Shellfish allergy. Immunizations: Pneumococcal conjugate PCV 13; Influenza seasonal injectable preservative free; pneumococcal polysaccharide vaccine 23 valent."
diabetes,zero_shot,test,19,cb25e4ec-9e60-4dac-bf11-3693f6c6d19f,1,1,1,0.9,"The patient is currently taking Metformin hydrochloride, a medication commonly prescribed for the management of diabetes.","[""24 HR Metformin hydrochloride 500 MG Extended Release Oral Tablet""]",,"{""label"": 1, ""confidence"": 0.9, ""reason"": ""The patient is currently taking Metformin hydrochloride, a medication commonly prescribed for the management of diabetes."", ""evidence"": [""24 HR Metformin hydrochloride 500 MG Extended Release Oral Tablet""]}","Demographics: born 1926-01-11, gender M, race white, ethnicity english. Encounters: Death Certification. Medications: Penicillin V Potassium 250 MG; 24 HR Metformin hydrochloride 500 MG Extended Release Oral Tablet; Nitroglycerin 0.4 MG/ACTUAT [Nitrolingual]. Observations: Myocardial Infarction."
diabetes,zero_shot,test,20,00b4cedc-66a8-4b5c-b780-b394ff5c3bbb,0,0,1,0.95,The provided patient text does not contain any clinical evidence of diabetes mellitus.,"[""Non-small cell lung cancer (disorder)""]",,"{""label"": 0, ""confidence"": 0.95, ""reason"": ""The provided patient text does not contain any clinical evidence of diabetes mellitus."", ""evidence"": [""Non-small cell lung cancer (disorder)""]}","Demographics: born 1954-06-15, gender F, race white, ethnicity french. Encounters: Death Certification. Medications: Penicillin V Potassium 250 MG. Observations: Non-small cell lung cancer (disorder)."
diabetes,zero_shot,test,21,e48062ae-749f-4e53-a245-0d09eeb5e509,0,0,1,0.95,"The provided clinical data does not contain any specific measurements (e.g., HbA1c, fasting glucose) or diagnoses related to diabetes.","[""No mention of blood sugar levels"", ""No diagnosis of diabetes""]",,"{""label"": 0, ""confidence"": 0.95, ""reason"": ""The provided clinical data does not contain any specific measurements (e.g., HbA1c, fasting glucose) or diagnoses related to diabetes."", ""evidence"": [""No mention of blood sugar levels"", ""No diagnosis of diabetes""]}","Demographics: born 2001-11-16, gender F, race white, ethnicity english. Encounters: Asthma follow-up; Encounter for problem; Outpatient Encounter; Allergic disorder initial assessment; Outpatient procedure; Consultation for treatment. Medications: Fexofenadine hydrochloride 30 MG Oral Tablet; 0.3 ML EPINEPHrine 0.5 MG/ML Auto-Injector; 120 ACTUAT Fluticasone propionate 0.044 MG/ACTUAT Metered Dose Inhaler; 200 ACTUAT Albuterol 0.09 MG/ACTUAT Metered Dose Inhaler; Seasonique 91 Day Pack. Procedures: Documentation of current medications; Allergy screening test; Subcutaneous immunotherapy. Observations: Body Height: 134.93 cm; Body Weight: 28.25 kg; Body Mass Index: 15.52 kg/m2; Systolic Blood Pressure: 124.0 mmHg; Diastolic Blood Pressure: 87.0 mmHg; Body Height: 140.63 cm; Body Weight: 32.29 kg; Body Mass Index: 16.33 kg/m2; Systolic Blood Pressure: 136.0 mmHg; Diastolic Blood Pressure: 75.0 mmHg; Body Height: 147.15 cm; Body Weight: 36.4 kg; Body Mass Index: 16.81 kg/m2; Systolic Blood Pressure: 113.0 mmHg; Diastolic Blood Pressure: 83.0 mmHg; Body Height: 154.3 cm; Body Weight: 40.57 kg; Body Mass Index: 17.04 kg/m2; Systolic Blood Pressure: 123.0 mmHg; Diastolic Blood Pressure: 89.0 mmHg; Peanut IgE Ab in Serum: 68.84 kU/L; Walnut IgE Ab in Serum: 0.08 kU/L; Codfish IgE Ab in Serum: 0.12 kU/L; Shrimp IgE Ab in Serum: 0.21 kU/L; Wheat IgE Ab in Serum: 13.82 kU/L; Egg white IgE Ab in Serum: 71.67 kU/L; Soybean IgE Ab in Serum: 24.8 kU/L; Cow milk IgE Ab in Serum: 0.11 kU/L; White oak IgE Ab in Serum: 43.92 kU/L; Common Ragweed IgE Ab in Serum: 0.28 kU/L; Cat dander IgE Ab in Serum: 56.83 kU/L; American house dust mite IgE Ab in Serum: 63.27 kU/L; Cladosporium herbarum IgE Ab in Serum: 18.62 kU/L; Honey bee IgE Ab in Serum: 0.17 kU/L; Latex IgE Ab in Serum: 76.86 kU/L; Body Height: 159.08 cm; Body Weight: 44.16 kg; Body Mass Index: 17.45 kg/m2; Systolic Blood Pressure: 102.0 mmHg; Diastolic Blood Pressure: 88.0 mmHg. Allergies: Allergy to peanuts; Allergy to wheat; Allergy to eggs; Allergy to soya; Allergy to tree pollen; Dander (animal) allergy; House dust mite allergy; Allergy to mould; Latex allergy. Immunizations: Influenza seasonal injectable preservative free; meningococcal MCV4P; Tdap; HPV quadrivalent."
diabetes,zero_shot,test,22,d23dd838-5063-4f75-9cf0-80e3dd0c05f1,1,0,0,0.8,The provided text is a death certification record and does not contain specific diagnostic evidence or lab values for diabetes.,"[""Death Certification""]",,"{""label"": 0, ""confidence"": 0.8, ""reason"": ""The provided text is a death certification record and does not contain specific diagnostic evidence or lab values for diabetes."", ""evidence"": [""Death Certification""]}","Demographics: born 1936-09-10, gender M, race white, ethnicity english. Encounters: Death Certification. Medications: Meperidine Hydrochloride 50 MG Oral Tablet. Observations: Stroke."
diabetes,zero_shot,test,23,74fc251d-a046-488e-999f-275ed1934e6c,0,0,1,0.95,The provided demographic information is insufficient to diagnose or rule out diabetes.,"[""Demographics: born 1947-11-08"", ""gender F"", ""race hispanic"", ""ethnicity central_american""]",,"{""label"": 0, ""confidence"": 0.95, ""reason"": ""The provided demographic information is insufficient to diagnose or rule out diabetes."", ""evidence"": [""Demographics: born 1947-11-08"", ""gender F"", ""race hispanic"", ""ethnicity central_american""]}","Demographics: born 1947-11-08, gender F, race hispanic, ethnicity central_american."
diabetes,zero_shot,test,24,fd25ce52-045a-42f7-a19f-d1ce1e6a10cc,1,1,1,0.95,"The patient is currently prescribed both Metformin and Insulin Lispro, which are standard medications used to manage diabetes.","[""24 HR Metformin hydrochloride 500 MG Extended Release Oral Tablet"", ""Insulin Lispro 100 UNT/ML Injectable Solution [Humalog]""]",,"{""label"": 1, ""confidence"": 0.95, ""reason"": ""The patient is currently prescribed both Metformin and Insulin Lispro, which are standard medications used to manage diabetes."", ""evidence"": [""24 HR Metformin hydrochloride 500 MG Extended Release Oral Tablet"", ""Insulin Lispro 100 UNT/ML Injectable Solution [Humalog]""]}","Demographics: born 1935-09-15, gender F, race white, ethnicity italian. Encounters: Death Certification. Medications: Penicillin V Potassium 250 MG; 24 HR Metformin hydrochloride 500 MG Extended Release Oral Tablet; Insulin Lispro 100 UNT/ML Injectable Solution [Humalog]; Alendronic acid 10 MG [Fosamax]. Observations: Stroke."
diabetes,zero_shot,test,25,facb8d5e-edf2-4296-824c-b85a00c0489e,1,1,1,0.95,"The patient is prescribed Insulin Lispro (Humalog), which indicates active management of hyperglycemia and strongly suggests a diagnosis of diabetes.","[""Insulin Lispro 100 UNT/ML Injectable Solution [Humalog]"", ""Body Mass Index: 39.86 kg/m2""]",,"{
  ""label"": 1,
  ""confidence"": 0.95,
  ""reason"": ""The patient is prescribed Insulin Lispro (Humalog), which indicates active management of hyperglycemia and strongly suggests a diagnosis of diabetes."",
  ""evidence"": [
    ""Insulin Lispro 100 UNT/ML Injectable Solution [Humalog]"",
    ""Body Mass Index: 39.86 kg/m2""
  ]
}","Demographics: born 1957-09-21, gender F, race white, ethnicity french. Encounters: Asthma follow-up; Outpatient Encounter; Emergency room admission; Encounter for symptom; Encounter for 'check-up'; Encounter for problem; Emergency hospital admission for asthma. Medications: 120 ACTUAT Fluticasone propionate 0.044 MG/ACTUAT Metered Dose Inhaler; 200 ACTUAT Albuterol 0.09 MG/ACTUAT Metered Dose Inhaler; Penicillin V Potassium 250 MG; Insulin Lispro 100 UNT/ML Injectable Solution [Humalog]; Acetaminophen 325 MG Oral Tablet; Acetaminophen 160 MG; Leucovorin 100 MG Injection; oxaliplatin 5 MG/ML [Eloxatin]. Procedures: Documentation of current medications; Measurement of respiratory function (procedure); Colonoscopy; Fecal occult blood test; Rectal polypectomy; Partial resection of colon; Combined chemotherapy and radiation therapy (procedure). Observations: Hemoglobin A1c/Hemoglobin.total in Blood: 4.0 %; Body Height: 163.08 cm; Body Weight: 106.0 kg; Body Mass Index: 39.86 kg/m2; Systolic Blood Pressure: 166.0 mmHg; Diastolic Blood Pressure: 93.0 mmHg; Glucose: 92.0 mg/dL; Urea Nitrogen: 11.0 mg/dL; Creatinine: 1.0 mg/dL; Calcium: 9.94 mg/dL; Sodium: 142.0 mmol/L; Potassium: 5.18 mmol/L; Chloride: 109.0 mmol/L; Carbon Dioxide: 24.0 mmol/L; Total Cholesterol: 192.0 mg/dL; Triglycerides: 127.0 mg/dL; Low Density Lipoprotein Cholesterol: 95.0 mg/dL; High Density Lipoprotein Cholesterol: 71.0 mg/dL; Microalbumin Creatine Ratio: 29.0 mg/g; Estimated Glomerular Filtration Rate: 60.0 mL/min/{1.73_m2}; Systolic Blood Pressure: 185.0 mmHg; Diastolic Blood Pressure: 91.0 mmHg; Glucose: 75.0 mg/dL; Urea Nitrogen: 14.0 mg/dL; Calcium: 9.45 mg/dL; Potassium: 4.47 mmol/L; Chloride: 110.0 mmol/L; Carbon Dioxide: 27.0 mmol/L; Total Cholesterol: 169.0 mg/dL; Triglycerides: 111.0 mg/dL; Low Density Lipoprotein Cholesterol: 80.0 mg/dL; High Density Lipoprotein Cholesterol: 66.0 mg/dL; Microalbumin Creatine Ratio: 21.0 mg/g; Polyp size greatest dimension by CAP cancer protocols: 2.0 mm; Hemoglobin.gastrointestinal [Presence] in Stool by Immunologic method: 19.0 ng/mL; Systolic Blood Pressure: 200.0 mmHg; Diastolic Blood Pressure: 114.0 mmHg; Glucose: 87.0 mg/dL; Urea Nitrogen: 9.0 mg/dL; Calcium: 8.55 mg/dL. Immunizations: Influenza seasonal injectable preservative free."
diabetes,zero_shot,test,26,86b2eb5f-427b-4f00-9822-f813c7b42f26,1,1,1,0.98,"The patient is documented taking Insulin Lispro (Humalog), which indicates a diagnosis or management of diabetes mellitus.","[""Insulin Lispro 100 UNT/ML Injectable Solution [Humalog]"", ""End stage renal disease""]",,"{
  ""label"": 1,
  ""confidence"": 0.98,
  ""reason"": ""The patient is documented taking Insulin Lispro (Humalog), which indicates a diagnosis or management of diabetes mellitus."",
  ""evidence"": [
    ""Insulin Lispro 100 UNT/ML Injectable Solution [Humalog]"",
    ""End stage renal disease""
  ]
}","Demographics: born 1935-10-31, gender M, race white, ethnicity french. Encounters: Death Certification; Encounter for symptom; Outpatient Encounter. Medications: Insulin Lispro 100 UNT/ML Injectable Solution [Humalog]. Procedures: Documentation of current medications. Observations: End stage renal disease; Hemoglobin A1c/Hemoglobin.total in Blood: 1.1 %; Body Height: 176.66 cm; Body Weight: 88.25 kg; Body Mass Index: 28.28 kg/m2; Systolic Blood Pressure: 110.0 mmHg; Diastolic Blood Pressure: 82.0 mmHg; Glucose: 93.0 mg/dL; Urea Nitrogen: 16.0 mg/dL; Creatinine: 1.0 mg/dL; Calcium: 9.19 mg/dL; Sodium: 136.0 mmol/L; Potassium: 3.94 mmol/L; Chloride: 105.0 mmol/L; Carbon Dioxide: 27.0 mmol/L; Total Cholesterol: 167.0 mg/dL; Triglycerides: 141.0 mg/dL; Low Density Lipoprotein Cholesterol: 69.0 mg/dL; High Density Lipoprotein Cholesterol: 69.0 mg/dL; Microalbumin Creatine Ratio: 435.0 mg/g; Estimated Glomerular Filtration Rate: 60.0 mL/min/{1.73_m2}; Hemoglobin A1c/Hemoglobin.total in Blood: 1.0 %; Body Weight: 86.96 kg; Body Mass Index: 27.86 kg/m2; Systolic Blood Pressure: 100.0 mmHg; Diastolic Blood Pressure: 71.0 mmHg; Glucose: 68.0 mg/dL; Calcium: 8.67 mg/dL; Sodium: 138.0 mmol/L; Potassium: 4.06 mmol/L; Chloride: 101.0 mmol/L; Carbon Dioxide: 22.0 mmol/L; Total Cholesterol: 175.0 mg/dL; Triglycerides: 120.0 mg/dL; Low Density Lipoprotein Cholesterol: 90.0 mg/dL; High Density Lipoprotein Cholesterol: 61.0 mg/dL; Microalbumin Creatine Ratio: 383.0 mg/g. Immunizations: Influenza seasonal injectable preservative free."
diabetes,zero_shot,test,27,caa4bdc8-009d-4581-96ad-3747277b6971,1,1,1,0.95,"The patient is prescribed Metformin and multiple forms of insulin (Regular Insulin), which are standard treatments for managing diabetes.","[""24 HR Metformin hydrochloride 500 MG Extended Release Oral Tablet"", ""insulin human isophane 70 UNT/ML / Regular Insulin Human 30 UNT/ML Injectable Suspension [Humulin]""]",,"{""label"": 1, ""confidence"": 0.95, ""reason"": ""The patient is prescribed Metformin and multiple forms of insulin (Regular Insulin), which are standard treatments for managing diabetes."", ""evidence"": [""24 HR Metformin hydrochloride 500 MG Extended Release Oral Tablet"", ""insulin human isophane 70 UNT/ML / Regular Insulin Human 30 UNT/ML Injectable Suspension [Humulin]""]}","Demographics: born 1939-05-05, gender M, race white, ethnicity polish. Encounters: Death Certification. Medications: Nitroglycerin 0.4 MG/ACTUAT [Nitrolingual]; 24 HR Metformin hydrochloride 500 MG Extended Release Oral Tablet; insulin human isophane 70 UNT/ML / Regular Insulin Human 30 UNT/ML Injectable Suspension [Humulin]; Simvastatin 20 MG Oral Tablet. Observations: Myocardial Infarction."
diabetes,zero_shot,test,28,76e4f926-4769-4576-add7-848b3883c6a4,1,1,1,0.98,"The patient has multiple elevated Hemoglobin A1c levels (ranging from 8.0% to 8.3%), which is diagnostic of chronic hyperglycemia/diabetes. Furthermore, the patient is prescribed Metformin, a standard medication for diabetes management.","[""Hemoglobin A1c/Hemoglobin.total in Blood: 8.3 %"", ""24 HR Metformin hydrochloride 500 MG Extended Release Oral Tablet"", ""Body Mass Index: 39.23 kg/m2""]",,"{
  ""label"": 1,
  ""confidence"": 0.98,
  ""reason"": ""The patient has multiple elevated Hemoglobin A1c levels (ranging from 8.0% to 8.3%), which is diagnostic of chronic hyperglycemia/diabetes. Furthermore, the patient is prescribed Metformin, a standard medication for diabetes management."",
  ""evidence"": [
    ""Hemoglobin A1c/Hemoglobin.total in Blood: 8.3 %"",
    ""24 HR Metformin hydrochloride 500 MG Extended Release Oral Tablet"",
    ""Body Mass Index: 39.23 kg/m2""
  ]
}","Demographics: born 1950-04-29, gender F, race white, ethnicity russian. Encounters: Outpatient Encounter; Encounter for symptom. Medications: 24 HR Metformin hydrochloride 500 MG Extended Release Oral Tablet; Acetaminophen 160 MG. Procedures: Documentation of current medications. Observations: Hemoglobin A1c/Hemoglobin.total in Blood: 8.3 %; Body Height: 164.22 cm; Body Weight: 105.78 kg; Body Mass Index: 39.23 kg/m2; Systolic Blood Pressure: 119.0 mmHg; Diastolic Blood Pressure: 76.0 mmHg; Glucose: 161.0 mg/dL; Urea Nitrogen: 15.0 mg/dL; Creatinine: 1.0 mg/dL; Calcium: 9.38 mg/dL; Sodium: 136.0 mmol/L; Potassium: 4.57 mmol/L; Chloride: 111.0 mmol/L; Carbon Dioxide: 20.0 mmol/L; Total Cholesterol: 257.0 mg/dL; Triglycerides: 234.0 mg/dL; Low Density Lipoprotein Cholesterol: 190.0 mg/dL; High Density Lipoprotein Cholesterol: 20.0 mg/dL; Microalbumin Creatine Ratio: 8.0 mg/g; Estimated Glomerular Filtration Rate: 60.0 mL/min/{1.73_m2}; Hemoglobin A1c/Hemoglobin.total in Blood: 8.2 %; Body Weight: 104.47 kg; Body Mass Index: 38.74 kg/m2; Diastolic Blood Pressure: 85.0 mmHg; Glucose: 135.0 mg/dL; Urea Nitrogen: 10.0 mg/dL; Calcium: 9.06 mg/dL; Sodium: 137.0 mmol/L; Potassium: 4.97 mmol/L; Chloride: 103.0 mmol/L; Carbon Dioxide: 28.0 mmol/L; Total Cholesterol: 239.0 mg/dL; Triglycerides: 301.0 mg/dL; Low Density Lipoprotein Cholesterol: 146.0 mg/dL; High Density Lipoprotein Cholesterol: 32.0 mg/dL; Microalbumin Creatine Ratio: 10.0 mg/g; Hemoglobin A1c/Hemoglobin.total in Blood: 8.0 %; Body Weight: 102.75 kg; Body Mass Index: 38.1 kg/m2; Systolic Blood Pressure: 102.0 mmHg. Immunizations: Influenza seasonal injectable preservative free; zoster; Td (adult) preservative free; Pneumococcal conjugate PCV 13; pneumococcal polysaccharide vaccine 23 valent."
diabetes,zero_shot,test,29,05d32f30-cbdb-475a-95fd-3a76e743d5bd,0,0,1,0.95,"The provided text contains general demographic and routine lab measurements but lacks specific diagnostic tests or clinical findings (like HbA1c, fasting glucose, or symptoms) to confirm a diagnosis of diabetes.","[""Body Mass Index: 24.76 kg/m2"", ""Total Cholesterol: 176.0 mg/dL"", ""Triglycerides: 140.0 mg/dL""]",,"{""label"": 0, ""confidence"": 0.95, ""reason"": ""The provided text contains general demographic and routine lab measurements but lacks specific diagnostic tests or clinical findings (like HbA1c, fasting glucose, or symptoms) to confirm a diagnosis of diabetes."", ""evidence"": [""Body Mass Index: 24.76 kg/m2"", ""Total Cholesterol: 176.0 mg/dL"", ""Triglycerides: 140.0 mg/dL""]}","Demographics: born 1981-03-30, gender M, race white, ethnicity german. Encounters: Encounter for symptom; Emergency room admission; Encounter for 'check-up'; Outpatient Encounter. Observations: Oral temperature: 38.0 Cel; Body Height: 183.9 cm; Body Weight: 83.74 kg; Body Mass Index: 24.76 kg/m2; Systolic Blood Pressure: 124.0 mmHg; Diastolic Blood Pressure: 84.0 mmHg; Total Cholesterol: 176.0 mg/dL; Triglycerides: 140.0 mg/dL; Low Density Lipoprotein Cholesterol: 89.0 mg/dL; High Density Lipoprotein Cholesterol: 59.0 mg/dL; Body Weight: 87.34 kg; Body Mass Index: 25.83 kg/m2; Systolic Blood Pressure: 102.0 mmHg; Diastolic Blood Pressure: 80.0 mmHg. Immunizations: Influenza seasonal injectable preservative free; Td (adult) preservative free."
diabetes,zero_shot,test,30,a97092f0-529f-4ca7-9ddf-fe3d25143417,0,0,1,0.9,"The patient's record does not contain any specific diagnostic tests or mentions of elevated blood glucose levels (e.g., HbA1c, fasting plasma glucose) that would confirm a diagnosis of diabetes.","[""No mention of blood glucose levels"", ""No mention of A1C""]",,"{""label"": 0, ""confidence"": 0.9, ""reason"": ""The patient's record does not contain any specific diagnostic tests or mentions of elevated blood glucose levels (e.g., HbA1c, fasting plasma glucose) that would confirm a diagnosis of diabetes."", ""evidence"": [""No mention of blood glucose levels"", ""No mention of A1C""]}","Demographics: born 1950-04-15, gender F, race white, ethnicity irish. Encounters: Emergency room admission; Encounter for symptom; Outpatient Encounter; Encounter for 'check-up'. Medications: Acetaminophen 325 MG Oral Tablet. Procedures: Documentation of current medications; Colonoscopy. Observations: Body Height: 162.41 cm; Body Weight: 109.93 kg; Body Mass Index: 41.67 kg/m2; Systolic Blood Pressure: 110.0 mmHg; Diastolic Blood Pressure: 79.0 mmHg; Total Cholesterol: 182.0 mg/dL; Triglycerides: 117.0 mg/dL; Low Density Lipoprotein Cholesterol: 78.0 mg/dL; High Density Lipoprotein Cholesterol: 80.0 mg/dL; Body Weight: 108.88 kg; Body Mass Index: 41.28 kg/m2; Diastolic Blood Pressure: 83.0 mmHg; Body Weight: 107.24 kg; Body Mass Index: 40.65 kg/m2; Diastolic Blood Pressure: 82.0 mmHg; Body Weight: 104.22 kg; Body Mass Index: 39.51 kg/m2; Systolic Blood Pressure: 128.0 mmHg; Diastolic Blood Pressure: 87.0 mmHg; Total Cholesterol: 200.0 mg/dL; Triglycerides: 100.0 mg/dL; Low Density Lipoprotein Cholesterol: 116.0 mg/dL; High Density Lipoprotein Cholesterol: 64.0 mg/dL; Body Weight: 102.61 kg; Body Mass Index: 38.9 kg/m2; Systolic Blood Pressure: 130.0 mmHg; Diastolic Blood Pressure: 70.0 mmHg; Body Weight: 101.04 kg; Body Mass Index: 38.3 kg/m2; Systolic Blood Pressure: 115.0 mmHg; Diastolic Blood Pressure: 85.0 mmHg. Immunizations: Influenza seasonal injectable preservative free; zoster; Td (adult) preservative free; Pneumococcal conjugate PCV 13; pneumococcal polysaccharide vaccine 23 valent."
diabetes,zero_shot,test,31,42b5d033-8ddf-49a9-ac49-a56046b1da13,0,0,1,0.85,The provided demographic information is insufficient to diagnose or rule out diabetes.,"[""Demographics: born 1979-07-29"", ""gender F"", ""race white"", ""ethnicity irish""]",,"{""label"": 0, ""confidence"": 0.85, ""reason"": ""The provided demographic information is insufficient to diagnose or rule out diabetes."", ""evidence"": [""Demographics: born 1979-07-29"", ""gender F"", ""race white"", ""ethnicity irish""]}","Demographics: born 1979-07-29, gender F, race white, ethnicity irish."
diabetes,zero_shot,test,32,368f47df-2580-4e50-bfaf-b675b595a93a,0,0,1,0.75,"The HbA1c (6.2%) is elevated and suggests impaired glucose tolerance or prediabetes, but the current fasting glucose levels are within normal limits, and the A1c does not meet the typical diagnostic threshold for overt diabetes.","[""Hemoglobin A1c/Hemoglobin.total in Blood: 6.2 %"", ""Glucose: 76.0 mg/dL""]",,"{
  ""label"": 0,
  ""confidence"": 0.75,
  ""reason"": ""The HbA1c (6.2%) is elevated and suggests impaired glucose tolerance or prediabetes, but the current fasting glucose levels are within normal limits, and the A1c does not meet the typical diagnostic threshold for overt diabetes."",
  ""evidence"": [
    ""Hemoglobin A1c/Hemoglobin.total in Blood: 6.2 %"",
    ""Glucose: 76.0 mg/dL""
  ]
}","Demographics: born 1960-12-24, gender F, race hispanic, ethnicity puerto_rican. Encounters: Encounter for 'check-up'; Outpatient Encounter; Encounter for symptom. Medications: Fluticasone propionate 0.25 MG/ACTUAT / salmeterol 0.05 MG/ACTUAT [Advair]. Procedures: Colonoscopy; Spirometry (procedure); Documentation of current medications; Fecal occult blood test; Rectal polypectomy. Observations: FEV1/​FVC: 77.0 %; Hemoglobin A1c/Hemoglobin.total in Blood: 6.1 %; Body Height: 154.46 cm; Body Weight: 90.64 kg; Body Mass Index: 37.99 kg/m2; Systolic Blood Pressure: 124.0 mmHg; Diastolic Blood Pressure: 77.0 mmHg; Glucose: 86.0 mg/dL; Urea Nitrogen: 17.0 mg/dL; Creatinine: 1.0 mg/dL; Calcium: 8.88 mg/dL; Sodium: 139.0 mmol/L; Potassium: 4.3 mmol/L; Chloride: 106.0 mmol/L; Carbon Dioxide: 27.0 mmol/L; FEV1/​FVC: 70.0 %; Systolic Blood Pressure: 107.0 mmHg; Diastolic Blood Pressure: 87.0 mmHg; Glucose: 99.0 mg/dL; Urea Nitrogen: 7.0 mg/dL; Calcium: 9.46 mg/dL; Sodium: 141.0 mmol/L; Potassium: 4.11 mmol/L; Chloride: 107.0 mmol/L; Carbon Dioxide: 25.0 mmol/L; Total Cholesterol: 183.0 mg/dL; Triglycerides: 125.0 mg/dL; Low Density Lipoprotein Cholesterol: 93.0 mg/dL; High Density Lipoprotein Cholesterol: 65.0 mg/dL; FEV1/​FVC: 63.0 %; Hemoglobin A1c/Hemoglobin.total in Blood: 6.2 %; Systolic Blood Pressure: 111.0 mmHg; Diastolic Blood Pressure: 73.0 mmHg; Glucose: 76.0 mg/dL; Urea Nitrogen: 10.0 mg/dL; Calcium: 9.47 mg/dL; Sodium: 144.0 mmol/L; Potassium: 4.86 mmol/L; Chloride: 101.0 mmol/L; Carbon Dioxide: 22.0 mmol/L. Immunizations: Influenza seasonal injectable preservative free; Td (adult) preservative free."
diabetes,zero_shot,test,33,13cb5523-9e1e-429d-af9b-4b848753e9f1,0,0,1,0.9,The patient's Hemoglobin A1c levels (ranging from 6.1% to 6.3%) fall into the prediabetic range and do not meet the diagnostic threshold of 6.5% or higher for diabetes.,"[""Hemoglobin A1c/Hemoglobin.total in Blood: 6.1 %"", ""Hemoglobin A1c/Hemoglobin.total in Blood: 6.3 %"", ""Hemoglobin A1c/Hemoglobin.total in Blood: 6.2 %""]",,"{
  ""label"": 0,
  ""confidence"": 0.9,
  ""reason"": ""The patient's Hemoglobin A1c levels (ranging from 6.1% to 6.3%) fall into the prediabetic range and do not meet the diagnostic threshold of 6.5% or higher for diabetes."",
  ""evidence"": [
    ""Hemoglobin A1c/Hemoglobin.total in Blood: 6.1 %"",
    ""Hemoglobin A1c/Hemoglobin.total in Blood: 6.3 %"",
    ""Hemoglobin A1c/Hemoglobin.total in Blood: 6.2 %""
  ]
}","Demographics: born 1970-04-14, gender M, race white, ethnicity french. Encounters: Outpatient Encounter; Encounter for symptom; Encounter for problem; Encounter for 'check-up'. Medications: Acetaminophen 160 MG. Procedures: Documentation of current medications; Sputum examination (procedure). Observations: Hemoglobin A1c/Hemoglobin.total in Blood: 6.1 %; Body Height: 182.06 cm; Body Weight: 112.59 kg; Body Mass Index: 33.97 kg/m2; Systolic Blood Pressure: 132.0 mmHg; Diastolic Blood Pressure: 84.0 mmHg; Glucose: 81.0 mg/dL; Urea Nitrogen: 12.0 mg/dL; Creatinine: 1.0 mg/dL; Calcium: 9.12 mg/dL; Sodium: 141.0 mmol/L; Potassium: 5.09 mmol/L; Chloride: 104.0 mmol/L; Carbon Dioxide: 25.0 mmol/L; Total Cholesterol: 183.0 mg/dL; Triglycerides: 129.0 mg/dL; Low Density Lipoprotein Cholesterol: 82.0 mg/dL; High Density Lipoprotein Cholesterol: 75.0 mg/dL; Hemoglobin A1c/Hemoglobin.total in Blood: 6.3 %; Body Weight: 115.89 kg; Body Mass Index: 34.96 kg/m2; Systolic Blood Pressure: 131.0 mmHg; Diastolic Blood Pressure: 73.0 mmHg; Glucose: 64.0 mg/dL; Urea Nitrogen: 10.0 mg/dL; Calcium: 9.61 mg/dL; Potassium: 4.05 mmol/L; Carbon Dioxide: 24.0 mmol/L; Hemoglobin A1c/Hemoglobin.total in Blood: 6.2 %; Body Weight: 119.02 kg; Body Mass Index: 35.91 kg/m2; Systolic Blood Pressure: 114.0 mmHg; Diastolic Blood Pressure: 82.0 mmHg; Urea Nitrogen: 7.0 mg/dL; Calcium: 8.77 mg/dL; Sodium: 144.0 mmol/L; Potassium: 4.66 mmol/L; Chloride: 111.0 mmol/L; Carbon Dioxide: 20.0 mmol/L; Total Cholesterol: 189.0 mg/dL. Immunizations: Influenza seasonal injectable preservative free; Td (adult) preservative free."
diabetes,zero_shot,test,34,50e0229c-ca66-437f-a70a-3c8aaeb57469,0,0,1,0.95,"The patient's HbA1c levels (5.8% and 6.3%) are elevated, suggesting prediabetes or impaired glucose tolerance, but they do not meet the standard diagnostic threshold of 6.5% or higher for a definitive diagnosis of diabetes. Current glucose readings are also within normal limits.","[""HbA1c/Hemoglobin.total in Blood: 5.8 %"", ""HbA1c/Hemoglobin.total in Blood: 6.3 %"", ""Glucose: 70.0 mg/dL""]",,"{
  ""label"": 0,
  ""confidence"": 0.95,
  ""reason"": ""The patient's HbA1c levels (5.8% and 6.3%) are elevated, suggesting prediabetes or impaired glucose tolerance, but they do not meet the standard diagnostic threshold of 6.5% or higher for a definitive diagnosis of diabetes. Current glucose readings are also within normal limits."",
  ""evidence"": [
    ""HbA1c/Hemoglobin.total in Blood: 5.8 %"",
    ""HbA1c/Hemoglobin.total in Blood: 6.3 %"",
    ""Glucose: 70.0 mg/dL""
  ]
}","Demographics: born 1967-05-07, gender F, race white, ethnicity german. Encounters: Encounter for symptom; Outpatient Encounter; Patient encounter procedure; Emergency room admission; Encounter for 'check-up'. Medications: Penicillin V Potassium 250 MG; Amoxicillin 250 MG / Clavulanate 125 MG [Augmentin]. Procedures: Replacement of contraceptive intrauterine device; Documentation of current medications; Colonoscopy. Observations: Hemoglobin A1c/Hemoglobin.total in Blood: 5.8 %; Body Height: 166.29 cm; Body Weight: 87.67 kg; Body Mass Index: 31.7 kg/m2; Systolic Blood Pressure: 114.0 mmHg; Diastolic Blood Pressure: 75.0 mmHg; Glucose: 89.0 mg/dL; Urea Nitrogen: 8.0 mg/dL; Creatinine: 1.0 mg/dL; Calcium: 9.37 mg/dL; Sodium: 136.0 mmol/L; Potassium: 3.88 mmol/L; Chloride: 111.0 mmol/L; Carbon Dioxide: 25.0 mmol/L; Hemoglobin A1c/Hemoglobin.total in Blood: 6.3 %; Body Weight: 90.78 kg; Body Mass Index: 32.83 kg/m2; Systolic Blood Pressure: 123.0 mmHg; Diastolic Blood Pressure: 79.0 mmHg; Glucose: 96.0 mg/dL; Calcium: 10.13 mg/dL; Sodium: 138.0 mmol/L; Potassium: 4.36 mmol/L; Chloride: 103.0 mmol/L; Carbon Dioxide: 22.0 mmol/L; Total Cholesterol: 172.0 mg/dL; Triglycerides: 128.0 mg/dL; Low Density Lipoprotein Cholesterol: 66.0 mg/dL; High Density Lipoprotein Cholesterol: 80.0 mg/dL; Body Weight: 93.98 kg; Body Mass Index: 33.98 kg/m2; Systolic Blood Pressure: 122.0 mmHg; Diastolic Blood Pressure: 80.0 mmHg; Glucose: 70.0 mg/dL; Urea Nitrogen: 15.0 mg/dL; Calcium: 8.54 mg/dL; Sodium: 141.0 mmol/L; Potassium: 4.75 mmol/L; Chloride: 109.0 mmol/L. Immunizations: Influenza seasonal injectable preservative free."
diabetes,zero_shot,test,35,5eab30fc-a888-4634-8dcd-9d5d47aa5987,0,0,1,0.95,"The patient record does not contain any specific diagnostic markers for diabetes, such as HbA1c levels or fasting glucose measurements, nor an explicit diagnosis.","[""Body Mass Index: 41.82 kg/m2"", ""Systolic Blood Pressure readings (e.g., 190.0 mmHg)"", ""Total Cholesterol and Triglyceride readings""]",,"{""label"": 0, ""confidence"": 0.95, ""reason"": ""The patient record does not contain any specific diagnostic markers for diabetes, such as HbA1c levels or fasting glucose measurements, nor an explicit diagnosis."", ""evidence"": [""Body Mass Index: 41.82 kg/m2"", ""Systolic Blood Pressure readings (e.g., 190.0 mmHg)"", ""Total Cholesterol and Triglyceride readings""]}","Demographics: born 1961-01-21, gender F, race white, ethnicity english. Encounters: Encounter for 'check-up'; Outpatient Encounter; Encounter for symptom. Medications: Penicillin V Potassium 500 MG; Fluticasone propionate 0.25 MG/ACTUAT / salmeterol 0.05 MG/ACTUAT [Advair]; Acetaminophen 160 MG. Procedures: Colonoscopy; Documentation of current medications; Spirometry (procedure); Sputum examination (procedure). Observations: Body Height: 163.53 cm; Body Weight: 111.82 kg; Body Mass Index: 41.82 kg/m2; Systolic Blood Pressure: 145.0 mmHg; Diastolic Blood Pressure: 108.0 mmHg; Total Cholesterol: 165.0 mg/dL; Triglycerides: 149.0 mg/dL; Low Density Lipoprotein Cholesterol: 64.0 mg/dL; High Density Lipoprotein Cholesterol: 71.0 mg/dL; Estimated Glomerular Filtration Rate: 60.0 mL/min/{1.73_m2}; Systolic Blood Pressure: 144.0 mmHg; Diastolic Blood Pressure: 102.0 mmHg; FEV1/​FVC: 45.0 %; Systolic Blood Pressure: 170.0 mmHg; Diastolic Blood Pressure: 92.0 mmHg; FEV1/​FVC: 35.0 %; Systolic Blood Pressure: 161.0 mmHg; FEV1/​FVC: 43.0 %; Systolic Blood Pressure: 190.0 mmHg; Diastolic Blood Pressure: 96.0 mmHg; Total Cholesterol: 170.0 mg/dL; Triglycerides: 118.0 mg/dL; Low Density Lipoprotein Cholesterol: 67.0 mg/dL; High Density Lipoprotein Cholesterol: 79.0 mg/dL; Diastolic Blood Pressure: 94.0 mmHg. Immunizations: Influenza seasonal injectable preservative free; Td (adult) preservative free."
diabetes,zero_shot,test,36,f37528ec-76bd-4ec4-8235-8139f39c6e3c,1,1,1,0.98,"The patient exhibits multiple elevated Hemoglobin A1c levels (ranging from 6.6% to 7.2%) and elevated glucose readings (e.g., 159.0 mg/dL), along with being prescribed Metformin hydrochloride, which is standard treatment for diabetes.","[""Hemoglobin A1c/Hemoglobin.total in Blood: 6.6 %"", ""24 HR Metformin hydrochloride 500 MG Extended Release Oral Tablet"", ""Glucose: 159.0 mg/dL"", ""Hemoglobin A1c/Hemoglobin.total in Blood: 7.2 %""]",,"{
  ""label"": 1,
  ""confidence"": 0.98,
  ""reason"": ""The patient exhibits multiple elevated Hemoglobin A1c levels (ranging from 6.6% to 7.2%) and elevated glucose readings (e.g., 159.0 mg/dL), along with being prescribed Metformin hydrochloride, which is standard treatment for diabetes."",
  ""evidence"": [
    ""Hemoglobin A1c/Hemoglobin.total in Blood: 6.6 %"",
    ""24 HR Metformin hydrochloride 500 MG Extended Release Oral Tablet"",
    ""Glucose: 159.0 mg/dL"",
    ""Hemoglobin A1c/Hemoglobin.total in Blood: 7.2 %""
  ]
}","Demographics: born 1968-05-23, gender F, race asian, ethnicity chinese. Encounters: Outpatient Encounter; Encounter for symptom. Medications: Penicillin V Potassium 250 MG; Errin 28 Day Pack; 24 HR Metformin hydrochloride 500 MG Extended Release Oral Tablet; Nitrofurantoin 5 MG/ML [Furadantin]; Phenazopyridine hydrochloride 100 MG [Pyridium]; NITROFURANTOIN MACROCRYSTALS 50 MG [Macrodantin]. Procedures: Documentation of current medications. Observations: Hemoglobin A1c/Hemoglobin.total in Blood: 6.6 %; Body Height: 167.25 cm; Body Weight: 90.27 kg; Body Mass Index: 32.27 kg/m2; Systolic Blood Pressure: 182.0 mmHg; Diastolic Blood Pressure: 113.0 mmHg; Glucose: 159.0 mg/dL; Urea Nitrogen: 7.0 mg/dL; Creatinine: 1.0 mg/dL; Calcium: 8.97 mg/dL; Sodium: 143.0 mmol/L; Potassium: 4.38 mmol/L; Chloride: 101.0 mmol/L; Carbon Dioxide: 27.0 mmol/L; Total Cholesterol: 257.0 mg/dL; Triglycerides: 468.0 mg/dL; Low Density Lipoprotein Cholesterol: 126.0 mg/dL; High Density Lipoprotein Cholesterol: 37.0 mg/dL; Microalbumin Creatine Ratio: 9.0 mg/g; Estimated Glomerular Filtration Rate: 60.0 mL/min/{1.73_m2}; Hemoglobin A1c/Hemoglobin.total in Blood: 6.9 %; Body Weight: 93.85 kg; Body Mass Index: 33.55 kg/m2; Systolic Blood Pressure: 148.0 mmHg; Diastolic Blood Pressure: 116.0 mmHg; Glucose: 121.0 mg/dL; Urea Nitrogen: 12.0 mg/dL; Calcium: 8.55 mg/dL; Potassium: 5.01 mmol/L; Chloride: 102.0 mmol/L; Carbon Dioxide: 22.0 mmol/L; Total Cholesterol: 237.0 mg/dL; Triglycerides: 164.0 mg/dL; Low Density Lipoprotein Cholesterol: 162.0 mg/dL; High Density Lipoprotein Cholesterol: 42.0 mg/dL; Microalbumin Creatine Ratio: 6.0 mg/g; Hemoglobin A1c/Hemoglobin.total in Blood: 7.2 %; Body Weight: 97.67 kg; Body Mass Index: 34.92 kg/m2; Systolic Blood Pressure: 187.0 mmHg. Immunizations: Influenza seasonal injectable preservative free; Td (adult) preservative free."
diabetes,zero_shot,test,37,b76b00a1-3c10-4e80-8a02-52934067336e,0,0,1,0.65,"The provided text does not contain any direct measurements of blood glucose or HbA1c, nor are there specific diagnoses of diabetes.","[""Body Mass Index: 33.72 kg/m2"", ""Total Cholesterol: 167.0 mg/dL""]",,"{""label"": 0, ""confidence"": 0.65, ""reason"": ""The provided text does not contain any direct measurements of blood glucose or HbA1c, nor are there specific diagnoses of diabetes."", ""evidence"": [""Body Mass Index: 33.72 kg/m2"", ""Total Cholesterol: 167.0 mg/dL""]}","Demographics: born 1984-12-26, gender M, race white, ethnicity german. Encounters: Outpatient Encounter; Encounter for symptom. Medications: Terfenadine 60 MG Oral Tablet; Acetaminophen 160 MG. Procedures: Measurement of respiratory function (procedure); Documentation of current medications. Observations: Body Height: 163.33 cm; Body Weight: 82.78 kg; Body Mass Index: 31.03 kg/m2; Systolic Blood Pressure: 108.0 mmHg; Diastolic Blood Pressure: 79.0 mmHg; Body Weight: 86.07 kg; Body Mass Index: 32.27 kg/m2; Systolic Blood Pressure: 139.0 mmHg; Diastolic Blood Pressure: 80.0 mmHg; Systolic Blood Pressure: 134.0 mmHg; Diastolic Blood Pressure: 89.0 mmHg; Body Weight: 89.96 kg; Body Mass Index: 33.72 kg/m2; Systolic Blood Pressure: 120.0 mmHg; Diastolic Blood Pressure: 83.0 mmHg; Total Cholesterol: 167.0 mg/dL; Triglycerides: 119.0 mg/dL; Low Density Lipoprotein Cholesterol: 73.0 mg/dL; High Density Lipoprotein Cholesterol: 70.0 mg/dL. Allergies: Allergy to nut; Allergy to fish. Immunizations: Influenza seasonal injectable preservative free; Td (adult) preservative free."
diabetes,zero_shot,test,38,fd6294a0-9b66-41c4-97f4-785d455656a8,1,1,1,0.98,"The patient has multiple elevated Hemoglobin A1c readings (ranging from 6.7% to 7.0%) and is prescribed Metformin hydrochloride, which indicates active management or diagnosis of diabetes.","[""Hemoglobin A1c/Hemoglobin.total in Blood: 7.0 %"", ""Hemoglobin A1c/Hemoglobin.total in Blood: 6.8 %"", ""Hemoglobin A1c/Hemoglobin.total in Blood: 6.7 %"", ""24 HR Metformin hydrochloride 500 MG Extended Release Oral Tablet""]",,"{
  ""label"": 1,
  ""confidence"": 0.98,
  ""reason"": ""The patient has multiple elevated Hemoglobin A1c readings (ranging from 6.7% to 7.0%) and is prescribed Metformin hydrochloride, which indicates active management or diagnosis of diabetes."",
  ""evidence"": [
    ""Hemoglobin A1c/Hemoglobin.total in Blood: 7.0 %"",
    ""Hemoglobin A1c/Hemoglobin.total in Blood: 6.8 %"",
    ""Hemoglobin A1c/Hemoglobin.total in Blood: 6.7 %"",
    ""24 HR Metformin hydrochloride 500 MG Extended Release Oral Tablet""
  ]
}","Demographics: born 1943-02-09, gender M, race white, ethnicity scottish. Encounters: Encounter for symptom; Outpatient Encounter; Emergency room admission. Medications: Penicillin V Potassium 250 MG; Penicillin V Potassium 500 MG; 24 HR Metformin hydrochloride 500 MG Extended Release Oral Tablet; Ibuprofen 200 MG Oral Tablet. Procedures: Documentation of current medications. Observations: Oral temperature: 38.0 Cel; Hemoglobin A1c/Hemoglobin.total in Blood: 7.0 %; Body Height: 172.89 cm; Body Weight: 101.22 kg; Body Mass Index: 33.86 kg/m2; Systolic Blood Pressure: 185.0 mmHg; Diastolic Blood Pressure: 118.0 mmHg; Glucose: 103.0 mg/dL; Urea Nitrogen: 10.0 mg/dL; Creatinine: 1.0 mg/dL; Calcium: 9.74 mg/dL; Sodium: 136.0 mmol/L; Potassium: 4.5 mmol/L; Chloride: 110.0 mmol/L; Carbon Dioxide: 23.0 mmol/L; Total Cholesterol: 215.0 mg/dL; Triglycerides: 188.0 mg/dL; Low Density Lipoprotein Cholesterol: 133.0 mg/dL; High Density Lipoprotein Cholesterol: 44.0 mg/dL; Microalbumin Creatine Ratio: 10.0 mg/g; Estimated Glomerular Filtration Rate: 60.0 mL/min/{1.73_m2}; Hemoglobin A1c/Hemoglobin.total in Blood: 6.8 %; Body Weight: 99.78 kg; Body Mass Index: 33.38 kg/m2; Systolic Blood Pressure: 158.0 mmHg; Diastolic Blood Pressure: 101.0 mmHg; Glucose: 107.0 mg/dL; Urea Nitrogen: 9.0 mg/dL; Calcium: 9.6 mg/dL; Sodium: 143.0 mmol/L; Potassium: 4.49 mmol/L; Chloride: 101.0 mmol/L; Carbon Dioxide: 21.0 mmol/L; Total Cholesterol: 220.0 mg/dL; Triglycerides: 154.0 mg/dL; Low Density Lipoprotein Cholesterol: 131.0 mg/dL; High Density Lipoprotein Cholesterol: 58.0 mg/dL; Microalbumin Creatine Ratio: 17.0 mg/g; Hemoglobin A1c/Hemoglobin.total in Blood: 6.7 %; Body Weight: 97.91 kg. Immunizations: Influenza seasonal injectable preservative free; Td (adult) preservative free."
diabetes,zero_shot,test,39,48fb32bc-8a7d-40ea-9925-3f1995fb0fad,0,0,1,0.85,The provided clinical notes do not contain specific blood glucose measurements (such as HbA1c or fasting plasma glucose) or an explicit diagnosis of diabetes.,"[""No mention of HbA1c levels"", ""No mention of fasting glucose levels"", ""No recorded diagnosis of diabetes mellitus""]",,"{
  ""label"": 0,
  ""confidence"": 0.85,
  ""reason"": ""The provided clinical notes do not contain specific blood glucose measurements (such as HbA1c or fasting plasma glucose) or an explicit diagnosis of diabetes."",
  ""evidence"": [
    ""No mention of HbA1c levels"",
    ""No mention of fasting glucose levels"",
    ""No recorded diagnosis of diabetes mellitus""
  ]
}","Demographics: born 1978-01-01, gender M, race asian, ethnicity asian_indian. Encounters: Outpatient Encounter; Encounter for symptom. Medications: Amoxicillin 250 MG / Clavulanate 125 MG [Augmentin]. Procedures: Documentation of current medications. Observations: Body Height: 183.4 cm; Body Weight: 95.19 kg; Body Mass Index: 28.3 kg/m2; Systolic Blood Pressure: 117.0 mmHg; Diastolic Blood Pressure: 88.0 mmHg; Total Cholesterol: 173.0 mg/dL; Triglycerides: 113.0 mg/dL; Low Density Lipoprotein Cholesterol: 74.0 mg/dL; High Density Lipoprotein Cholesterol: 76.0 mg/dL; Body Weight: 100.03 kg; Body Mass Index: 29.74 kg/m2; Systolic Blood Pressure: 116.0 mmHg; Diastolic Blood Pressure: 78.0 mmHg; Total Cholesterol: 190.0 mg/dL; Triglycerides: 133.0 mg/dL; Low Density Lipoprotein Cholesterol: 97.0 mg/dL; High Density Lipoprotein Cholesterol: 66.0 mg/dL. Immunizations: Influenza seasonal injectable preservative free; Td (adult) preservative free."
diabetes,zero_shot,test,40,2790733a-d014-42a1-b2b2-16798a953179,1,1,1,0.98,"The patient is actively prescribed both Metformin hydrochloride and insulin, which are standard treatments for managing diabetes mellitus.","[""24 HR Metformin hydrochloride"", ""insulin human isophane / Regular Insulin Human"", ""Body Mass Index: 31.13 kg/m2""]",,"{""label"": 1, ""confidence"": 0.98, ""reason"": ""The patient is actively prescribed both Metformin hydrochloride and insulin, which are standard treatments for managing diabetes mellitus."", ""evidence"": [""24 HR Metformin hydrochloride"", ""insulin human isophane / Regular Insulin Human"", ""Body Mass Index: 31.13 kg/m2""]}","Demographics: born 1971-10-12, gender M, race white, ethnicity english. Encounters: Outpatient Encounter; Encounter for symptom. Medications: Penicillin V Potassium 250 MG; 24 HR Metformin hydrochloride 500 MG Extended Release Oral Tablet; insulin human isophane 70 UNT/ML / Regular Insulin Human 30 UNT/ML Injectable Suspension [Humulin]. Procedures: Documentation of current medications. Observations: Hemoglobin A1c/Hemoglobin.total in Blood: 3.3 %; Body Height: 173.71 cm; Body Weight: 93.94 kg; Body Mass Index: 31.13 kg/m2; Systolic Blood Pressure: 115.0 mmHg; Diastolic Blood Pressure: 86.0 mmHg; Glucose: 150.0 mg/dL; Urea Nitrogen: 7.0 mg/dL; Creatinine: 1.0 mg/dL; Calcium: 9.79 mg/dL; Sodium: 137.0 mmol/L; Potassium: 5.17 mmol/L; Chloride: 108.0 mmol/L; Carbon Dioxide: 21.0 mmol/L; Total Cholesterol: 255.0 mg/dL; Triglycerides: 442.0 mg/dL; Low Density Lipoprotein Cholesterol: 145.0 mg/dL; High Density Lipoprotein Cholesterol: 21.0 mg/dL; Microalbumin Creatine Ratio: 3.0 mg/g; Estimated Glomerular Filtration Rate: 60.0 mL/min/{1.73_m2}; Hemoglobin A1c/Hemoglobin.total in Blood: 3.4 %; Body Weight: 95.44 kg; Body Mass Index: 31.63 kg/m2; Systolic Blood Pressure: 138.0 mmHg; Diastolic Blood Pressure: 88.0 mmHg; Glucose: 129.0 mg/dL; Urea Nitrogen: 16.0 mg/dL; Calcium: 8.53 mg/dL; Sodium: 138.0 mmol/L; Potassium: 4.7 mmol/L; Chloride: 107.0 mmol/L; Carbon Dioxide: 25.0 mmol/L; Total Cholesterol: 252.0 mg/dL; Triglycerides: 267.0 mg/dL; Low Density Lipoprotein Cholesterol: 171.0 mg/dL; High Density Lipoprotein Cholesterol: 27.0 mg/dL; Microalbumin Creatine Ratio: 10.0 mg/g; Oral temperature: 37.0 Cel; Hemoglobin A1c/Hemoglobin.total in Blood: 3.8 %; Body Weight: 100.18 kg. Immunizations: Influenza seasonal injectable preservative free; Td (adult) preservative free."
diabetes,zero_shot,test,41,cc89f396-b7e6-4c14-a278-a2212e11fbe8,1,1,1,0.98,The patient's Hemoglobin A1c level of 6.6% meets the diagnostic criteria for diabetes.,"[""Hemoglobin A1c/Hemoglobin.total in Blood: 6.6 %""]",,"{""label"": 1, ""confidence"": 0.98, ""reason"": ""The patient's Hemoglobin A1c level of 6.6% meets the diagnostic criteria for diabetes."", ""evidence"": [""Hemoglobin A1c/Hemoglobin.total in Blood: 6.6 %""]}","Demographics: born 1988-07-16, gender F, race white, ethnicity italian. Encounters: Prenatal visit; Obstetric emergency hospital admission; Outpatient Encounter; Consultation for treatment; Admission to surgical department. Medications: Penicillin V Potassium 250 MG. Procedures: Epidural anesthesia; Childbirth; Documentation of current medications; Bilateral tubal ligation. Observations: Hemoglobin A1c/Hemoglobin.total in Blood: 6.6 %; Body Height: 168.96 cm; Body Weight: 53.17 kg; Body Mass Index: 18.63 kg/m2; Systolic Blood Pressure: 136.0 mmHg; Diastolic Blood Pressure: 73.0 mmHg; Glucose: 110.0 mg/dL; Urea Nitrogen: 9.0 mg/dL; Creatinine: 1.0 mg/dL; Calcium: 9.56 mg/dL; Sodium: 137.0 mmol/L; Potassium: 4.38 mmol/L; Chloride: 108.0 mmol/L; Carbon Dioxide: 28.0 mmol/L; Total Cholesterol: 212.0 mg/dL; Triglycerides: 162.0 mg/dL; Low Density Lipoprotein Cholesterol: 127.0 mg/dL; High Density Lipoprotein Cholesterol: 52.0 mg/dL; Microalbumin Creatine Ratio: 16.0 mg/g; Estimated Glomerular Filtration Rate: 60.0 mL/min/{1.73_m2}; Body Weight: 58.74 kg; Body Mass Index: 20.58 kg/m2; Systolic Blood Pressure: 135.0 mmHg; Diastolic Blood Pressure: 80.0 mmHg; Glucose: 117.0 mg/dL; Urea Nitrogen: 15.0 mg/dL; Calcium: 9.87 mg/dL; Sodium: 143.0 mmol/L; Potassium: 4.33 mmol/L; Chloride: 111.0 mmol/L; Carbon Dioxide: 24.0 mmol/L; Total Cholesterol: 202.0 mg/dL; Triglycerides: 186.0 mg/dL; Low Density Lipoprotein Cholesterol: 108.0 mg/dL; High Density Lipoprotein Cholesterol: 56.0 mg/dL; Microalbumin Creatine Ratio: 14.0 mg/g. Immunizations: Influenza seasonal injectable preservative free; Td (adult) preservative free."
diabetes,zero_shot,test,42,d484003c-c728-41d2-9c21-eb22b522dd45,1,1,1,0.98,"The patient has multiple indicators of diabetes, including an elevated Hemoglobin A1c (8.8%), current glucose readings that are high (158.0 mg/dL and 191.0 mg/dL), and is actively prescribed Metformin hydrochloride.","[""24 HR Metformin hydrochloride 500 MG Extended Release Oral Tablet"", ""Hemoglobin A1c/Hemoglobin.total in Blood: 8.8 %"", ""Glucose: 158.0 mg/dL"", ""Glucose: 191.0 mg/dL""]",,"{
  ""label"": 1,
  ""confidence"": 0.98,
  ""reason"": ""The patient has multiple indicators of diabetes, including an elevated Hemoglobin A1c (8.8%), current glucose readings that are high (158.0 mg/dL and 191.0 mg/dL), and is actively prescribed Metformin hydrochloride."",
  ""evidence"": [
    ""24 HR Metformin hydrochloride 500 MG Extended Release Oral Tablet"",
    ""Hemoglobin A1c/Hemoglobin.total in Blood: 8.8 %"",
    ""Glucose: 158.0 mg/dL"",
    ""Glucose: 191.0 mg/dL""
  ]
}","Demographics: born 1951-11-21, gender F, race white, ethnicity polish. Encounters: Outpatient Encounter; Encounter for symptom; Encounter for 'check-up'; Encounter for problem. Medications: 24 HR Metformin hydrochloride 500 MG Extended Release Oral Tablet; Clopidogrel 75 MG Oral Tablet; Simvastatin 20 MG Oral Tablet; Amlodipine 5 MG Oral Tablet; Nitroglycerin 0.4 MG/ACTUAT [Nitrolingual]; Naproxen sodium 220 MG [Aleve]; Fluticasone propionate 0.25 MG/ACTUAT / salmeterol 0.05 MG/ACTUAT [Advair]. Procedures: Documentation of current medications; Colonoscopy; Spirometry (procedure); Fecal occult blood test; Rectal polypectomy. Observations: Hemoglobin A1c/Hemoglobin.total in Blood: 8.8 %; Body Height: 166.42 cm; Body Weight: 113.85 kg; Body Mass Index: 41.11 kg/m2; Systolic Blood Pressure: 137.0 mmHg; Diastolic Blood Pressure: 75.0 mmHg; Glucose: 158.0 mg/dL; Urea Nitrogen: 17.0 mg/dL; Creatinine: 1.0 mg/dL; Calcium: 8.81 mg/dL; Sodium: 136.0 mmol/L; Potassium: 4.54 mmol/L; Chloride: 104.0 mmol/L; Carbon Dioxide: 23.0 mmol/L; Total Cholesterol: 244.0 mg/dL; Triglycerides: 454.0 mg/dL; Low Density Lipoprotein Cholesterol: 123.0 mg/dL; High Density Lipoprotein Cholesterol: 30.0 mg/dL; Microalbumin Creatine Ratio: 12.0 mg/g; Estimated Glomerular Filtration Rate: 60.0 mL/min/{1.73_m2}; Systolic Blood Pressure: 129.0 mmHg; Diastolic Blood Pressure: 89.0 mmHg; Glucose: 191.0 mg/dL; Urea Nitrogen: 16.0 mg/dL; Calcium: 9.73 mg/dL; Sodium: 141.0 mmol/L; Potassium: 4.92 mmol/L; Chloride: 105.0 mmol/L; Carbon Dioxide: 27.0 mmol/L; Total Cholesterol: 251.0 mg/dL; Triglycerides: 397.0 mg/dL; Low Density Lipoprotein Cholesterol: 140.0 mg/dL; High Density Lipoprotein Cholesterol: 31.0 mg/dL; Microalbumin Creatine Ratio: 9.0 mg/g; Estimated Glomerular Filtration Rate: 56.0 mL/min/{1.73_m2}; Oral temperature: 37.0 Cel; Systolic Blood Pressure: 110.0 mmHg; Diastolic Blood Pressure: 82.0 mmHg; Urea Nitrogen: 14.0 mg/dL; Calcium: 8.82 mg/dL. Immunizations: Influenza seasonal injectable preservative free; zoster; Td (adult) preservative free; Pneumococcal conjugate PCV 13."
diabetes,zero_shot,test,43,177f45ca-72ee-450f-bcb0-43f5f71db86f,1,1,1,0.98,"The patient is actively managed for hyperglycemia, evidenced by the prescription of both Metformin and regular insulin, which strongly indicates a diagnosis or treatment regimen for diabetes mellitus.","[""Medications: 24 HR Metformin hydrochloride"", ""Medications: insulin human isophane / Regular Insulin Human"", ""Body Mass Index: 39.7 kg/m2 (Obesity risk factor)"", ""Glucose readings: Multiple elevated glucose measurements noted throughout the encounter.""]",,"{
  ""label"": 1,
  ""confidence"": 0.98,
  ""reason"": ""The patient is actively managed for hyperglycemia, evidenced by the prescription of both Metformin and regular insulin, which strongly indicates a diagnosis or treatment regimen for diabetes mellitus."",
  ""evidence"": [
    ""Medications: 24 HR Metformin hydrochloride"",
    ""Medications: insulin human isophane / Regular Insulin Human"",
    ""Body Mass Index: 39.7 kg/m2 (Obesity risk factor)"",
    ""Glucose readings: Multiple elevated glucose measurements noted throughout the encounter.""
  ]
}","Demographics: born 1961-01-06, gender M, race hispanic, ethnicity puerto_rican. Encounters: Outpatient Encounter; Encounter for symptom. Medications: Penicillin V Potassium 250 MG; 24 HR Metformin hydrochloride 500 MG Extended Release Oral Tablet; insulin human isophane 70 UNT/ML / Regular Insulin Human 30 UNT/ML Injectable Suspension [Humulin]; Acetaminophen 160 MG. Procedures: Measurement of respiratory function (procedure); Documentation of current medications. Observations: Hemoglobin A1c/Hemoglobin.total in Blood: 5.4 %; Body Height: 172.86 cm; Body Weight: 118.62 kg; Body Mass Index: 39.7 kg/m2; Systolic Blood Pressure: 160.0 mmHg; Diastolic Blood Pressure: 118.0 mmHg; Glucose: 124.0 mg/dL; Urea Nitrogen: 19.0 mg/dL; Creatinine: 1.0 mg/dL; Calcium: 9.83 mg/dL; Sodium: 137.0 mmol/L; Potassium: 3.72 mmol/L; Chloride: 108.0 mmol/L; Carbon Dioxide: 23.0 mmol/L; Total Cholesterol: 232.0 mg/dL; Triglycerides: 176.0 mg/dL; Low Density Lipoprotein Cholesterol: 145.0 mg/dL; High Density Lipoprotein Cholesterol: 51.0 mg/dL; Microalbumin Creatine Ratio: 138.0 mg/g; Estimated Glomerular Filtration Rate: 60.0 mL/min/{1.73_m2}; Oral temperature: 37.0 Cel; Systolic Blood Pressure: 162.0 mmHg; Diastolic Blood Pressure: 117.0 mmHg; Glucose: 112.0 mg/dL; Urea Nitrogen: 10.0 mg/dL; Calcium: 9.05 mg/dL; Sodium: 142.0 mmol/L; Potassium: 3.71 mmol/L; Chloride: 101.0 mmol/L; Carbon Dioxide: 26.0 mmol/L; Total Cholesterol: 211.0 mg/dL; Triglycerides: 182.0 mg/dL; Low Density Lipoprotein Cholesterol: 127.0 mg/dL; High Density Lipoprotein Cholesterol: 47.0 mg/dL; Microalbumin Creatine Ratio: 303.0 mg/g; Systolic Blood Pressure: 163.0 mmHg; Diastolic Blood Pressure: 98.0 mmHg; Glucose: 119.0 mg/dL; Urea Nitrogen: 16.0 mg/dL; Calcium: 9.2 mg/dL. Immunizations: Influenza seasonal injectable preservative free; Td (adult) preservative free."
diabetes,zero_shot,test,44,a945a845-9a72-47df-806a-1402ef6b32ab,1,1,1,0.9,"The patient is currently prescribed Metformin hydrochloride, a medication commonly used to treat type 2 diabetes.","[""24 HR Metformin hydrochloride 500 MG Extended Release Oral Tablet""]",,"{""label"": 1, ""confidence"": 0.9, ""reason"": ""The patient is currently prescribed Metformin hydrochloride, a medication commonly used to treat type 2 diabetes."", ""evidence"": [""24 HR Metformin hydrochloride 500 MG Extended Release Oral Tablet""]}","Demographics: born 1914-12-31, gender M, race white, ethnicity american. Encounters: Death Certification. Medications: Penicillin V Potassium 250 MG; Acetaminophen 325 MG / oxyCODONE Hydrochloride 5 MG Oral Tablet; 24 HR Metformin hydrochloride 500 MG Extended Release Oral Tablet; Nitroglycerin 0.4 MG/ACTUAT [Nitrolingual]. Observations: Myocardial Infarction."
diabetes,zero_shot,test,45,ffbb8853-6658-4d5b-8f5e-b7ca9922a8d4,0,1,0,0.85,"The patient's HbA1c level of 6.2% is elevated and falls into the prediabetic or diabetic range, suggesting impaired glucose metabolism.","[""Hemoglobin A1c/Hemoglobin.total in Blood: 6.2 %""]",,"{""label"": 1, ""confidence"": 0.85, ""reason"": ""The patient's HbA1c level of 6.2% is elevated and falls into the prediabetic or diabetic range, suggesting impaired glucose metabolism."", ""evidence"": [""Hemoglobin A1c/Hemoglobin.total in Blood: 6.2 %""]}","Demographics: born 1977-06-17, gender M, race asian, ethnicity chinese. Encounters: Outpatient Encounter. Procedures: Documentation of current medications. Observations: Body Height: 166.8 cm; Body Weight: 92.41 kg; Body Mass Index: 33.21 kg/m2; Systolic Blood Pressure: 138.0 mmHg; Diastolic Blood Pressure: 84.0 mmHg; Hemoglobin A1c/Hemoglobin.total in Blood: 6.2 %; Body Weight: 96.03 kg; Body Mass Index: 34.52 kg/m2; Systolic Blood Pressure: 103.0 mmHg; Diastolic Blood Pressure: 89.0 mmHg; Glucose: 73.0 mg/dL; Urea Nitrogen: 13.0 mg/dL; Creatinine: 1.0 mg/dL; Calcium: 9.47 mg/dL; Sodium: 140.0 mmol/L; Potassium: 4.97 mmol/L; Chloride: 102.0 mmol/L; Carbon Dioxide: 27.0 mmol/L; Total Cholesterol: 185.0 mg/dL; Triglycerides: 108.0 mg/dL; Low Density Lipoprotein Cholesterol: 90.0 mg/dL; High Density Lipoprotein Cholesterol: 73.0 mg/dL. Immunizations: Influenza seasonal injectable preservative free."
diabetes,zero_shot,test,46,96d32d59-2b78-440b-a33a-2268ae9975f0,0,0,1,0.85,"Although the patient has multiple risk factors for diabetes (obesity indicated by high BMI), there are no diagnostic lab values (such as HbA1c or fasting glucose) or explicit diagnoses of diabetes mellitus provided in the text.","[""Body Mass Index: 29.95 kg/m2"", ""Body Mass Index: 30.8 kg/m2"", ""Body Mass Index: 31.82 kg/m2"", ""No mention of glucose or HbA1c levels""]",,"{
  ""label"": 0,
  ""confidence"": 0.85,
  ""reason"": ""Although the patient has multiple risk factors for diabetes (obesity indicated by high BMI), there are no diagnostic lab values (such as HbA1c or fasting glucose) or explicit diagnoses of diabetes mellitus provided in the text."",
  ""evidence"": [
    ""Body Mass Index: 29.95 kg/m2"",
    ""Body Mass Index: 30.8 kg/m2"",
    ""Body Mass Index: 31.82 kg/m2"",
    ""No mention of glucose or HbA1c levels""
  ]
}","Demographics: born 1969-05-08, gender M, race white, ethnicity italian. Encounters: Emergency room admission; Outpatient Encounter; Encounter for symptom. Medications: Penicillin V Potassium 250 MG; Penicillin V Potassium 500 MG; Ibuprofen 200 MG Oral Tablet. Procedures: Suture open wound; Documentation of current medications. Observations: Body Height: 179.79 cm; Body Weight: 96.82 kg; Body Mass Index: 29.95 kg/m2; Systolic Blood Pressure: 126.0 mmHg; Diastolic Blood Pressure: 83.0 mmHg; Body Weight: 99.55 kg; Body Mass Index: 30.8 kg/m2; Systolic Blood Pressure: 106.0 mmHg; Diastolic Blood Pressure: 73.0 mmHg; Total Cholesterol: 186.0 mg/dL; Triglycerides: 110.0 mg/dL; Low Density Lipoprotein Cholesterol: 93.0 mg/dL; High Density Lipoprotein Cholesterol: 71.0 mg/dL; Body Weight: 102.87 kg; Body Mass Index: 31.82 kg/m2; Systolic Blood Pressure: 138.0 mmHg. Immunizations: Influenza seasonal injectable preservative free; Td (adult) preservative free."
diabetes,zero_shot,test,47,0da79900-1d6e-4a01-a4b4-f4d6eb4944a1,1,1,1,0.9,"The patient is currently taking Metformin hydrochloride, a medication commonly prescribed for the management of diabetes.","[""24 HR Metformin hydrochloride 500 MG Extended Release Oral Tablet""]",,"{""label"": 1, ""confidence"": 0.9, ""reason"": ""The patient is currently taking Metformin hydrochloride, a medication commonly prescribed for the management of diabetes."", ""evidence"": [""24 HR Metformin hydrochloride 500 MG Extended Release Oral Tablet""]}","Demographics: born 1931-12-24, gender M, race white, ethnicity scottish. Encounters: Death Certification. Medications: Penicillin V Potassium 250 MG; 24 HR Metformin hydrochloride 500 MG Extended Release Oral Tablet; Nitroglycerin 0.4 MG/ACTUAT [Nitrolingual]. Observations: Myocardial Infarction."
diabetes,zero_shot,test,48,4fd5f93d-72f8-4677-9db0-87e89f974a5d,0,0,1,0.85,"The patient data includes risk factors such as overweight BMI and elevated blood pressure readings, but there are no specific laboratory values (e.g., HbA1c or fasting glucose) provided to diagnose diabetes.","[""Body Mass Index: 28.44 kg/m2"", ""Body Weight: 90.16 kg; Body Mass Index: 29.86 kg/m2"", ""Systolic Blood Pressure: 115.0 mmHg; Diastolic Blood Pressure: 88.0 mmHg""]",,"{
  ""label"": 0,
  ""confidence"": 0.85,
  ""reason"": ""The patient data includes risk factors such as overweight BMI and elevated blood pressure readings, but there are no specific laboratory values (e.g., HbA1c or fasting glucose) provided to diagnose diabetes."",
  ""evidence"": [
    ""Body Mass Index: 28.44 kg/m2"",
    ""Body Weight: 90.16 kg; Body Mass Index: 29.86 kg/m2"",
    ""Systolic Blood Pressure: 115.0 mmHg; Diastolic Blood Pressure: 88.0 mmHg""
  ]
}","Demographics: born 1980-05-21, gender M, race white, ethnicity french. Encounters: Encounter for symptom; Emergency room admission; Encounter for 'check-up'; Outpatient Encounter. Medications: Acetaminophen 325 MG / HYDROcodone Bitartrate 7.5 MG Oral Tablet; Naproxen sodium 220 MG Oral Tablet. Procedures: Admission to orthopedic department; Documentation of current medications; Suture open wound. Observations: Body Height: 173.76 cm; Body Weight: 85.86 kg; Body Mass Index: 28.44 kg/m2; Systolic Blood Pressure: 111.0 mmHg; Diastolic Blood Pressure: 72.0 mmHg; Total Cholesterol: 173.0 mg/dL; Triglycerides: 127.0 mg/dL; Low Density Lipoprotein Cholesterol: 83.0 mg/dL; High Density Lipoprotein Cholesterol: 64.0 mg/dL; Body Weight: 90.16 kg; Body Mass Index: 29.86 kg/m2; Systolic Blood Pressure: 115.0 mmHg; Diastolic Blood Pressure: 88.0 mmHg. Immunizations: Influenza seasonal injectable preservative free; Td (adult) preservative free."
diabetes,zero_shot,test,49,f74ed6a7-d13c-4344-aaac-46c139a7ca79,0,0,1,0.85,The provided demographic information is insufficient to diagnose diabetes.,"[""Demographics: born 1909-01-12"", ""gender F"", ""race white"", ""ethnicity italian""]",,"{""label"": 0, ""confidence"": 0.85, ""reason"": ""The provided demographic information is insufficient to diagnose diabetes."", ""evidence"": [""Demographics: born 1909-01-12"", ""gender F"", ""race white"", ""ethnicity italian""]}","Demographics: born 1909-01-12, gender F, race white, ethnicity italian."
diabetes,zero_shot,test,50,fc342ac2-a014-4a2d-812c-6cb93bceba68,1,1,1,0.95,"The patient is prescribed Metformin hydrochloride, which is a standard medication used for the management of diabetes mellitus.","[""Medications: 24 HR Metformin hydrochloride 500 MG Extended Release Oral Tablet"", ""Hemoglobin A1c/Hemoglobin.total in Blood: 5.1 %""]",,"{
  ""label"": 1,
  ""confidence"": 0.95,
  ""reason"": ""The patient is prescribed Metformin hydrochloride, which is a standard medication used for the management of diabetes mellitus."",
  ""evidence"": [
    ""Medications: 24 HR Metformin hydrochloride 500 MG Extended Release Oral Tablet"",
    ""Hemoglobin A1c/Hemoglobin.total in Blood: 5.1 %""
  ]
}","Demographics: born 1940-02-17, gender F, race hispanic, ethnicity central_american. Encounters: Outpatient Encounter; Encounter for symptom; Emergency room admission; Encounter for 'check-up'. Medications: 24 HR Metformin hydrochloride 500 MG Extended Release Oral Tablet; Clopidogrel 75 MG Oral Tablet; Simvastatin 20 MG Oral Tablet; Amlodipine 5 MG Oral Tablet; Nitroglycerin 0.4 MG/ACTUAT [Nitrolingual]; Acetaminophen 160 MG; Acetaminophen 325 MG Oral Tablet. Procedures: Documentation of current medications; Bone immobilization; Bone density scan (procedure). Observations: Hemoglobin A1c/Hemoglobin.total in Blood: 5.1 %; Body Height: 170.93 cm; Body Weight: 77.83 kg; Body Mass Index: 26.64 kg/m2; Systolic Blood Pressure: 195.0 mmHg; Diastolic Blood Pressure: 103.0 mmHg; Glucose: 68.0 mg/dL; Urea Nitrogen: 19.0 mg/dL; Creatinine: 1.0 mg/dL; Calcium: 8.84 mg/dL; Sodium: 139.0 mmol/L; Potassium: 3.71 mmol/L; Chloride: 103.0 mmol/L; Carbon Dioxide: 25.0 mmol/L; Total Cholesterol: 199.0 mg/dL; Triglycerides: 119.0 mg/dL; Low Density Lipoprotein Cholesterol: 108.0 mg/dL; High Density Lipoprotein Cholesterol: 67.0 mg/dL; Microalbumin Creatine Ratio: 2.0 mg/g; Estimated Glomerular Filtration Rate: 60.0 mL/min/{1.73_m2}; Body Weight: 76.65 kg; Body Mass Index: 26.23 kg/m2; Systolic Blood Pressure: 145.0 mmHg; Diastolic Blood Pressure: 104.0 mmHg; Glucose: 71.0 mg/dL; Urea Nitrogen: 18.0 mg/dL; Calcium: 9.23 mg/dL; Sodium: 137.0 mmol/L; Potassium: 4.02 mmol/L; Chloride: 104.0 mmol/L; Carbon Dioxide: 29.0 mmol/L; Total Cholesterol: 181.0 mg/dL; Triglycerides: 146.0 mg/dL; Low Density Lipoprotein Cholesterol: 78.0 mg/dL; High Density Lipoprotein Cholesterol: 73.0 mg/dL; Microalbumin Creatine Ratio: 0.0 mg/g; Body Weight: 75.6 kg; Body Mass Index: 25.88 kg/m2; Systolic Blood Pressure: 187.0 mmHg; Diastolic Blood Pressure: 119.0 mmHg. Immunizations: Influenza seasonal injectable preservative free; Td (adult) preservative free."
diabetes,zero_shot,test,51,8ebfcb7b-0235-4db8-8114-65f8b3909cad,1,1,1,0.9,"The Hemoglobin A1c level of 6.6% is elevated and suggests impaired long-term blood sugar control, consistent with prediabetes or diabetes.","[""Hemoglobin A1c/Hemoglobin.total in Blood: 6.6 %"", ""Glucose: 111.0 mg/dL""]",,"{
  ""label"": 1,
  ""confidence"": 0.9,
  ""reason"": ""The Hemoglobin A1c level of 6.6% is elevated and suggests impaired long-term blood sugar control, consistent with prediabetes or diabetes."",
  ""evidence"": [
    ""Hemoglobin A1c/Hemoglobin.total in Blood: 6.6 %"",
    ""Glucose: 111.0 mg/dL""
  ]
}","Demographics: born 1988-09-07, gender F, race white, ethnicity italian. Encounters: Outpatient Encounter; Consultation for treatment; Emergency room admission; Encounter for symptom. Medications: diphenhydrAMINE Hydrochloride 25 MG Oral Tablet; 0.3 ML EPINEPHrine 0.5 MG/ML Auto-Injector; Ortho Tri-Cyclen 28 Day Pack; Penicillin V Potassium 250 MG; Nexplanon 68 MG Drug Implant; Acetaminophen 325 MG Oral Tablet. Procedures: Documentation of current medications; Insertion of subcutaneous contraceptive; Suture open wound; Injection of tetanus antitoxin. Observations: Hemoglobin A1c/Hemoglobin.total in Blood: 6.6 %; Body Height: 165.6 cm; Body Weight: 51.27 kg; Body Mass Index: 18.7 kg/m2; Systolic Blood Pressure: 190.0 mmHg; Diastolic Blood Pressure: 111.0 mmHg; Glucose: 73.0 mg/dL; Urea Nitrogen: 12.0 mg/dL; Creatinine: 1.0 mg/dL; Calcium: 8.94 mg/dL; Sodium: 136.0 mmol/L; Potassium: 4.5 mmol/L; Chloride: 105.0 mmol/L; Carbon Dioxide: 23.0 mmol/L; Total Cholesterol: 182.0 mg/dL; Triglycerides: 129.0 mg/dL; Low Density Lipoprotein Cholesterol: 86.0 mg/dL; High Density Lipoprotein Cholesterol: 70.0 mg/dL; Microalbumin Creatine Ratio: 3.0 mg/g; Estimated Glomerular Filtration Rate: 60.0 mL/min/{1.73_m2}; Body Weight: 55.81 kg; Body Mass Index: 20.35 kg/m2; Systolic Blood Pressure: 148.0 mmHg; Diastolic Blood Pressure: 115.0 mmHg; Glucose: 111.0 mg/dL; Urea Nitrogen: 19.0 mg/dL; Calcium: 9.27 mg/dL; Sodium: 142.0 mmol/L; Potassium: 4.62 mmol/L; Chloride: 101.0 mmol/L; Total Cholesterol: 205.0 mg/dL; Triglycerides: 176.0 mg/dL; Low Density Lipoprotein Cholesterol: 115.0 mg/dL; High Density Lipoprotein Cholesterol: 54.0 mg/dL; Microalbumin Creatine Ratio: 6.0 mg/g. Allergies: Shellfish allergy. Immunizations: Influenza seasonal injectable preservative free; Td (adult) preservative free."
diabetes,zero_shot,test,52,022f0a3e-5b21-41ad-aea8-d9c16392bb49,1,1,1,0.98,"The patient has multiple elevated Hemoglobin A1c readings (ranging from 7.0% to 7.4%) and is currently prescribed Metformin hydrochloride, a medication used for diabetes management.","[""24 HR Metformin hydrochloride 500 MG Extended Release Oral Tablet"", ""Hemoglobin A1c/Hemoglobin.total in Blood: 7.4 %"", ""Hemoglobin A1c/Hemoglobin.total in Blood: 7.2 %"", ""Hemoglobin A1c/Hemoglobin.total in Blood: 7.0 %""]",,"{
  ""label"": 1,
  ""confidence"": 0.98,
  ""reason"": ""The patient has multiple elevated Hemoglobin A1c readings (ranging from 7.0% to 7.4%) and is currently prescribed Metformin hydrochloride, a medication used for diabetes management."",
  ""evidence"": [
    ""24 HR Metformin hydrochloride 500 MG Extended Release Oral Tablet"",
    ""Hemoglobin A1c/Hemoglobin.total in Blood: 7.4 %"",
    ""Hemoglobin A1c/Hemoglobin.total in Blood: 7.2 %"",
    ""Hemoglobin A1c/Hemoglobin.total in Blood: 7.0 %""
  ]
}","Demographics: born 1945-04-24, gender F, race white, ethnicity russian. Encounters: Encounter for symptom; Outpatient Encounter; Encounter for 'check-up'; Emergency room admission. Medications: Penicillin V Potassium 500 MG; 24 HR Metformin hydrochloride 500 MG Extended Release Oral Tablet; Clopidogrel 75 MG Oral Tablet; Simvastatin 20 MG Oral Tablet; Amlodipine 5 MG Oral Tablet; Nitroglycerin 0.4 MG/ACTUAT [Nitrolingual]; Acetaminophen 160 MG; Ibuprofen 200 MG Oral Tablet. Procedures: Measurement of respiratory function (procedure); Colonoscopy; Documentation of current medications; Suture open wound. Observations: Hemoglobin A1c/Hemoglobin.total in Blood: 7.4 %; Body Height: 163.01 cm; Body Weight: 94.22 kg; Body Mass Index: 35.46 kg/m2; Systolic Blood Pressure: 165.0 mmHg; Diastolic Blood Pressure: 101.0 mmHg; Glucose: 109.0 mg/dL; Urea Nitrogen: 19.0 mg/dL; Creatinine: 1.0 mg/dL; Calcium: 8.8 mg/dL; Sodium: 143.0 mmol/L; Potassium: 4.47 mmol/L; Chloride: 109.0 mmol/L; Carbon Dioxide: 21.0 mmol/L; Total Cholesterol: 219.0 mg/dL; Triglycerides: 166.0 mg/dL; Low Density Lipoprotein Cholesterol: 135.0 mg/dL; High Density Lipoprotein Cholesterol: 50.0 mg/dL; Microalbumin Creatine Ratio: 15.0 mg/g; Estimated Glomerular Filtration Rate: 60.0 mL/min/{1.73_m2}; Hemoglobin A1c/Hemoglobin.total in Blood: 7.2 %; Body Weight: 92.39 kg; Body Mass Index: 34.77 kg/m2; Systolic Blood Pressure: 169.0 mmHg; Diastolic Blood Pressure: 120.0 mmHg; Glucose: 117.0 mg/dL; Urea Nitrogen: 7.0 mg/dL; Calcium: 8.64 mg/dL; Sodium: 140.0 mmol/L; Potassium: 3.73 mmol/L; Chloride: 102.0 mmol/L; Carbon Dioxide: 20.0 mmol/L; Total Cholesterol: 209.0 mg/dL; Triglycerides: 164.0 mg/dL; Low Density Lipoprotein Cholesterol: 131.0 mg/dL; High Density Lipoprotein Cholesterol: 45.0 mg/dL; Microalbumin Creatine Ratio: 16.0 mg/g; Hemoglobin A1c/Hemoglobin.total in Blood: 7.0 %; Body Weight: 90.71 kg; Body Mass Index: 34.14 kg/m2. Immunizations: Pneumococcal conjugate PCV 13; Influenza seasonal injectable preservative free; pneumococcal polysaccharide vaccine 23 valent; Td (adult) preservative free."
diabetes,zero_shot,test,53,ccfe6354-6ef5-4c12-824a-d2bd491a4664,1,1,1,1.0,"The patient is on multiple medications for diabetes (Metformin and Insulin) and has significantly elevated laboratory markers, including an HbA1c of 8.7% and repeated glucose readings above the normal range.","[""Medications: Metformin hydrochloride; insulin human"", ""Hemoglobin A1c/Hemoglobin.total in Blood: 8.7 %"", ""Glucose: 197.0 mg/dL, 199.0 mg/dL""]",,"{
  ""label"": 1,
  ""confidence"": 1.0,
  ""reason"": ""The patient is on multiple medications for diabetes (Metformin and Insulin) and has significantly elevated laboratory markers, including an HbA1c of 8.7% and repeated glucose readings above the normal range."",
  ""evidence"": [
    ""Medications: Metformin hydrochloride; insulin human"",
    ""Hemoglobin A1c/Hemoglobin.total in Blood: 8.7 %"",
    ""Glucose: 197.0 mg/dL, 199.0 mg/dL""
  ]
}","Demographics: born 1959-12-23, gender M, race white, ethnicity polish. Encounters: Outpatient Encounter; Encounter for symptom. Medications: Penicillin V Potassium 250 MG; 24 HR Metformin hydrochloride 500 MG Extended Release Oral Tablet; insulin human isophane 70 UNT/ML / Regular Insulin Human 30 UNT/ML Injectable Suspension [Humulin]; Clopidogrel 75 MG Oral Tablet; Simvastatin 20 MG Oral Tablet; Amlodipine 5 MG Oral Tablet; Nitroglycerin 0.4 MG/ACTUAT [Nitrolingual]. Procedures: Documentation of current medications. Observations: Hemoglobin A1c/Hemoglobin.total in Blood: 8.7 %; Body Height: 170.92 cm; Body Weight: 119.66 kg; Body Mass Index: 40.96 kg/m2; Systolic Blood Pressure: 174.0 mmHg; Diastolic Blood Pressure: 108.0 mmHg; Glucose: 140.0 mg/dL; Urea Nitrogen: 17.0 mg/dL; Creatinine: 1.0 mg/dL; Calcium: 9.05 mg/dL; Sodium: 142.0 mmol/L; Potassium: 4.99 mmol/L; Chloride: 107.0 mmol/L; Carbon Dioxide: 23.0 mmol/L; Total Cholesterol: 246.0 mg/dL; Triglycerides: 445.0 mg/dL; Low Density Lipoprotein Cholesterol: 121.0 mg/dL; High Density Lipoprotein Cholesterol: 36.0 mg/dL; Microalbumin Creatine Ratio: 21.0 mg/g; Estimated Glomerular Filtration Rate: 60.0 mL/min/{1.73_m2}; Hemoglobin A1c/Hemoglobin.total in Blood: 5.7 %; Systolic Blood Pressure: 146.0 mmHg; Diastolic Blood Pressure: 92.0 mmHg; Glucose: 197.0 mg/dL; Urea Nitrogen: 9.0 mg/dL; Calcium: 8.76 mg/dL; Sodium: 139.0 mmol/L; Potassium: 4.65 mmol/L; Chloride: 103.0 mmol/L; Carbon Dioxide: 25.0 mmol/L; Total Cholesterol: 253.0 mg/dL; Triglycerides: 479.0 mg/dL; Low Density Lipoprotein Cholesterol: 119.0 mg/dL; High Density Lipoprotein Cholesterol: 38.0 mg/dL; Microalbumin Creatine Ratio: 29.0 mg/g; Systolic Blood Pressure: 149.0 mmHg; Diastolic Blood Pressure: 97.0 mmHg; Glucose: 199.0 mg/dL; Urea Nitrogen: 15.0 mg/dL; Calcium: 9.09 mg/dL. Immunizations: Influenza seasonal injectable preservative free; Td (adult) preservative free."
diabetes,zero_shot,test,54,6770af59-b722-45bb-b3cc-02b6697da3b8,0,0,1,0.95,"The patient text provides demographic and vital signs data but lacks any specific laboratory results (e.g., HbA1c, fasting glucose) or clinical findings suggestive of diabetes.","[""Body Mass Index: 13.05 kg/m2"", ""Body Mass Index: 14.9 kg/m2""]",,"{""label"": 0, ""confidence"": 0.95, ""reason"": ""The patient text provides demographic and vital signs data but lacks any specific laboratory results (e.g., HbA1c, fasting glucose) or clinical findings suggestive of diabetes."", ""evidence"": [""Body Mass Index: 13.05 kg/m2"", ""Body Mass Index: 14.9 kg/m2""]}","Demographics: born 2003-04-25, gender M, race hispanic, ethnicity puerto_rican. Encounters: Outpatient Encounter; Encounter for symptom. Medications: Acetaminophen 160 MG. Procedures: Documentation of current medications; Measurement of respiratory function (procedure). Observations: Body Height: 132.17 cm; Body Weight: 22.8 kg; Body Mass Index: 13.05 kg/m2; Systolic Blood Pressure: 101.0 mmHg; Diastolic Blood Pressure: 73.0 mmHg; Body Height: 138.05 cm; Body Weight: 25.04 kg; Body Mass Index: 13.14 kg/m2; Systolic Blood Pressure: 122.0 mmHg; Diastolic Blood Pressure: 74.0 mmHg; Body Height: 143.47 cm; Body Weight: 27.55 kg; Body Mass Index: 13.38 kg/m2; Diastolic Blood Pressure: 72.0 mmHg; Body Height: 148.52 cm; Body Weight: 30.41 kg; Body Mass Index: 13.79 kg/m2; Systolic Blood Pressure: 120.0 mmHg; Diastolic Blood Pressure: 87.0 mmHg; Body Height: 154.54 cm; Body Weight: 34.38 kg; Body Mass Index: 14.39 kg/m2; Systolic Blood Pressure: 100.0 mmHg; Diastolic Blood Pressure: 71.0 mmHg; Body Height: 161.11 cm; Body Weight: 38.67 kg; Body Mass Index: 14.9 kg/m2; Systolic Blood Pressure: 111.0 mmHg; Body Height: 168.26 cm; Body Weight: 43.08 kg; Body Mass Index: 15.22 kg/m2; Systolic Blood Pressure: 118.0 mmHg; Diastolic Blood Pressure: 81.0 mmHg. Immunizations: Influenza seasonal injectable preservative free; meningococcal MCV4P; Tdap; HPV quadrivalent."
diabetes,zero_shot,test,55,cee8881e-a4e2-4fb0-96ef-c33e66b159cc,0,0,1,0.65,"The patient has multiple readings of obesity (BMI > 30), which is a risk factor for diabetes, but no direct diagnostic evidence such as HbA1c or fasting glucose levels are provided.","[""Body Mass Index: 37.45 kg/m2"", ""Body Mass Index: 37.87 kg/m2"", ""Body Mass Index: 38.73 kg/m2""]",,"{""label"": 0, ""confidence"": 0.65, ""reason"": ""The patient has multiple readings of obesity (BMI > 30), which is a risk factor for diabetes, but no direct diagnostic evidence such as HbA1c or fasting glucose levels are provided."", ""evidence"": [""Body Mass Index: 37.45 kg/m2"", ""Body Mass Index: 37.87 kg/m2"", ""Body Mass Index: 38.73 kg/m2""]}","Demographics: born 1969-09-26, gender M, race white, ethnicity irish. Encounters: Encounter for symptom; Outpatient Encounter. Medications: Penicillin V Potassium 500 MG; Acetaminophen 160 MG. Procedures: Documentation of current medications. Observations: Body Height: 171.75 cm; Body Weight: 110.46 kg; Body Mass Index: 37.45 kg/m2; Systolic Blood Pressure: 125.0 mmHg; Diastolic Blood Pressure: 74.0 mmHg; Body Weight: 111.72 kg; Body Mass Index: 37.87 kg/m2; Systolic Blood Pressure: 100.0 mmHg; Diastolic Blood Pressure: 89.0 mmHg; Total Cholesterol: 197.0 mg/dL; Triglycerides: 110.0 mg/dL; Low Density Lipoprotein Cholesterol: 112.0 mg/dL; High Density Lipoprotein Cholesterol: 63.0 mg/dL; Body Weight: 114.24 kg; Body Mass Index: 38.73 kg/m2; Systolic Blood Pressure: 108.0 mmHg; Diastolic Blood Pressure: 87.0 mmHg. Immunizations: Influenza seasonal injectable preservative free; Td (adult) preservative free."
diabetes,zero_shot,test,56,4589febf-6056-47be-9226-3f8e4a94f0b2,0,1,0,0.95,"The patient exhibits multiple indicators of glucose dysregulation, including repeatedly elevated Hemoglobin A1c levels (e.g., 6.3%), combined with obesity and hypertension, suggesting a diagnosis of diabetes or prediabetes.","[""Hemoglobin A1c/Hemoglobin.total in Blood: 5.9 %"", ""Hemoglobin A1c/Hemoglobin.total in Blood: 6.3 %"", ""Hemoglobin A1c/Hemoglobin.total in Blood: 6.1 %"", ""Body Mass Index: 34.88 kg/m2"", ""Systolic Blood Pressure: 191.0 mmHg""]",,"{
  ""label"": 1,
  ""confidence"": 0.95,
  ""reason"": ""The patient exhibits multiple indicators of glucose dysregulation, including repeatedly elevated Hemoglobin A1c levels (e.g., 6.3%), combined with obesity and hypertension, suggesting a diagnosis of diabetes or prediabetes."",
  ""evidence"": [
    ""Hemoglobin A1c/Hemoglobin.total in Blood: 5.9 %"",
    ""Hemoglobin A1c/Hemoglobin.total in Blood: 6.3 %"",
    ""Hemoglobin A1c/Hemoglobin.total in Blood: 6.1 %"",
    ""Body Mass Index: 34.88 kg/m2"",
    ""Systolic Blood Pressure: 191.0 mmHg""
  ]
}","Demographics: born 1962-04-19, gender M, race asian, ethnicity chinese. Encounters: Outpatient Encounter; Encounter for 'check-up'; Encounter for symptom. Medications: Amoxicillin 250 MG / Clavulanate 125 MG [Augmentin]; Acetaminophen 160 MG. Procedures: Documentation of current medications; Colonoscopy; Sputum examination (procedure). Observations: Hemoglobin A1c/Hemoglobin.total in Blood: 5.9 %; Body Height: 176.35 cm; Body Weight: 108.49 kg; Body Mass Index: 34.88 kg/m2; Systolic Blood Pressure: 154.0 mmHg; Diastolic Blood Pressure: 105.0 mmHg; Glucose: 67.0 mg/dL; Urea Nitrogen: 7.0 mg/dL; Creatinine: 1.0 mg/dL; Calcium: 9.52 mg/dL; Sodium: 136.0 mmol/L; Potassium: 4.49 mmol/L; Chloride: 109.0 mmol/L; Carbon Dioxide: 27.0 mmol/L; Estimated Glomerular Filtration Rate: 60.0 mL/min/{1.73_m2}; Hemoglobin A1c/Hemoglobin.total in Blood: 6.3 %; Body Weight: 110.41 kg; Body Mass Index: 35.5 kg/m2; Systolic Blood Pressure: 157.0 mmHg; Diastolic Blood Pressure: 115.0 mmHg; Glucose: 74.0 mg/dL; Calcium: 9.28 mg/dL; Sodium: 141.0 mmol/L; Potassium: 5.02 mmol/L; Chloride: 102.0 mmol/L; Carbon Dioxide: 29.0 mmol/L; Total Cholesterol: 175.0 mg/dL; Triglycerides: 150.0 mg/dL; Low Density Lipoprotein Cholesterol: 68.0 mg/dL; High Density Lipoprotein Cholesterol: 77.0 mg/dL; Hemoglobin A1c/Hemoglobin.total in Blood: 6.1 %; Systolic Blood Pressure: 191.0 mmHg; Diastolic Blood Pressure: 120.0 mmHg; Glucose: 82.0 mg/dL; Urea Nitrogen: 11.0 mg/dL; Calcium: 8.93 mg/dL; Sodium: 139.0 mmol/L; Potassium: 4.65 mmol/L; Diastolic Blood Pressure: 117.0 mmHg; Glucose: 91.0 mg/dL. Immunizations: Influenza seasonal injectable preservative free; Td (adult) preservative free."
diabetes,zero_shot,test,57,2c6daa6c-f04d-4251-bd60-dfde3f6c2edd,0,0,1,0.95,The patient text does not contain any laboratory values (such as HbA1c or fasting glucose) or clinical diagnoses suggestive of diabetes.,"[""No mention of blood glucose levels"", ""No diagnosis of diabetes mellitus""]",,"{
  ""label"": 0,
  ""confidence"": 0.95,
  ""reason"": ""The patient text does not contain any laboratory values (such as HbA1c or fasting glucose) or clinical diagnoses suggestive of diabetes."",
  ""evidence"": [
    ""No mention of blood glucose levels"",
    ""No diagnosis of diabetes mellitus""
  ]
}","Demographics: born 1998-07-26, gender F, race hispanic, ethnicity puerto_rican. Encounters: Emergency room admission; Outpatient Encounter; Encounter for symptom; Allergic disorder initial assessment; Outpatient procedure; Allergic disorder follow-up assessment; Encounter Inpatient. Medications: Penicillin V Potassium 250 MG; Loratadine 5 MG Chewable Tablet; 0.3 ML EPINEPHrine 0.5 MG/ML Auto-Injector; Ibuprofen 100 MG Oral Tablet; Acetaminophen 300 MG / HYDROcodone Bitartrate 5 MG [Vicodin]. Procedures: Documentation of current medications; Allergy screening test; Subcutaneous immunotherapy; Extraction of wisdom tooth. Observations: Body Height: 151.33 cm; Body Weight: 46.68 kg; Body Mass Index: 20.38 kg/m2; Systolic Blood Pressure: 136.0 mmHg; Diastolic Blood Pressure: 76.0 mmHg; Oral temperature: 37.0 Cel; Peanut IgE Ab in Serum: 0.21 kU/L; Walnut IgE Ab in Serum: 0.12 kU/L; Codfish IgE Ab in Serum: 0.17 kU/L; Shrimp IgE Ab in Serum: 0.13 kU/L; Wheat IgE Ab in Serum: 0.25 kU/L; Egg white IgE Ab in Serum: 0.19 kU/L; Soybean IgE Ab in Serum: 0.01 kU/L; Cow milk IgE Ab in Serum: 0.21 kU/L; White oak IgE Ab in Serum: 0.24 kU/L; Common Ragweed IgE Ab in Serum: 0.25 kU/L; Cat dander IgE Ab in Serum: 0.25 kU/L; American house dust mite IgE Ab in Serum: 0.09 kU/L; Cladosporium herbarum IgE Ab in Serum: 0.32 kU/L; Honey bee IgE Ab in Serum: 0.02 kU/L; Latex IgE Ab in Serum: 0.27 kU/L; Body Height: 156.11 cm; Body Weight: 50.54 kg; Body Mass Index: 20.74 kg/m2; Systolic Blood Pressure: 115.0 mmHg; Diastolic Blood Pressure: 83.0 mmHg; Oral temperature: 38.0 Cel; Body Height: 158.78 cm; Body Weight: 53.92 kg; Body Mass Index: 21.39 kg/m2; Systolic Blood Pressure: 117.0 mmHg; Diastolic Blood Pressure: 74.0 mmHg; Body Height: 159.9 cm; Body Weight: 56.16 kg; Body Mass Index: 21.96 kg/m2; Systolic Blood Pressure: 123.0 mmHg; Diastolic Blood Pressure: 71.0 mmHg; Body Height: 160.5 cm; Body Weight: 57.78 kg; Body Mass Index: 22.43 kg/m2. Immunizations: Influenza seasonal injectable preservative free; HPV quadrivalent; meningococcal MCV4P."
diabetes,zero_shot,test,58,cf0fc766-0c59-4353-bf25-eda4b4650343,0,0,1,0.95,"The patient text does not contain any specific diagnostic information (e.g., HbA1c, fasting glucose, or diagnosis) to suggest a history of diabetes.","[""No mention of blood sugar levels"", ""No mention of diabetes diagnosis""]",,"{""label"": 0, ""confidence"": 0.95, ""reason"": ""The patient text does not contain any specific diagnostic information (e.g., HbA1c, fasting glucose, or diagnosis) to suggest a history of diabetes."", ""evidence"": [""No mention of blood sugar levels"", ""No mention of diabetes diagnosis""]}","Demographics: born 2013-11-21, gender M, race white, ethnicity irish. Encounters: Outpatient Encounter; Emergency Room Admission; Encounter for 'check-up'. Medications: Acetaminophen 160 MG Oral Tablet. Procedures: Documentation of current medications; Bone immobilization. Observations: Body Height: 56.19 cm; Body Weight: 3.61 kg; Systolic Blood Pressure: 131.0 mmHg; Diastolic Blood Pressure: 87.0 mmHg; Body Height: 59.17 cm; Body Weight: 4.34 kg; Systolic Blood Pressure: 118.0 mmHg; Diastolic Blood Pressure: 76.0 mmHg; Body Height: 63.77 cm; Body Weight: 5.58 kg; Systolic Blood Pressure: 116.0 mmHg; Diastolic Blood Pressure: 85.0 mmHg; Body Height: 67.4 cm; Body Weight: 6.56 kg; Systolic Blood Pressure: 128.0 mmHg; Diastolic Blood Pressure: 74.0 mmHg; Body Height: 73.16 cm; Body Weight: 8.01 kg; Systolic Blood Pressure: 104.0 mmHg; Diastolic Blood Pressure: 84.0 mmHg; Body Height: 76.73 cm; Body Weight: 8.76 kg; Systolic Blood Pressure: 105.0 mmHg; Diastolic Blood Pressure: 75.0 mmHg; Body Height: 80.88 cm; Body Weight: 9.5 kg; Systolic Blood Pressure: 122.0 mmHg; Diastolic Blood Pressure: 82.0 mmHg; Body Height: 83.65 cm; Body Weight: 9.94 kg; Systolic Blood Pressure: 108.0 mmHg; Diastolic Blood Pressure: 77.0 mmHg; Body Height: 88.53 cm; Body Weight: 10.79 kg; Body Mass Index: 13.76 kg/m2; Systolic Blood Pressure: 106.0 mmHg; Body Height: 93.33 cm; Body Weight: 11.59 kg; Body Mass Index: 13.3 kg/m2; Systolic Blood Pressure: 127.0 mmHg. Immunizations: Hep B adolescent or pediatric; rotavirus monovalent; DTaP; Hib (PRP-OMP); Pneumococcal conjugate PCV 13; IPV; Influenza seasonal injectable preservative free; MMR; varicella; Hep A ped/adol 2 dose."
diabetes,zero_shot,test,59,331e0097-4039-4997-b1f2-adcd41bc3829,1,1,1,0.95,The patient has multiple readings of Hemoglobin A1c (7.2% and 7.5%) which are significantly elevated and indicative of impaired glucose control consistent with diabetes.,"[""Hemoglobin A1c/Hemoglobin.total in Blood: 7.2 %"", ""Hemoglobin A1c/Hemoglobin.total in Blood: 7.5 %""]",,"{
  ""label"": 1,
  ""confidence"": 0.95,
  ""reason"": ""The patient has multiple readings of Hemoglobin A1c (7.2% and 7.5%) which are significantly elevated and indicative of impaired glucose control consistent with diabetes."",
  ""evidence"": [
    ""Hemoglobin A1c/Hemoglobin.total in Blood: 7.2 %"",
    ""Hemoglobin A1c/Hemoglobin.total in Blood: 7.5 %""
  ]
}","Demographics: born 1983-06-06, gender F, race hispanic, ethnicity puerto_rican. Encounters: Outpatient Encounter; Encounter for symptom. Medications: Penicillin V Potassium 250 MG; Penicillin V Potassium 500 MG. Procedures: Documentation of current medications. Observations: Body Height: 168.29 cm; Body Weight: 75.95 kg; Body Mass Index: 26.82 kg/m2; Systolic Blood Pressure: 132.0 mmHg; Diastolic Blood Pressure: 77.0 mmHg; Oral temperature: 37.0 Cel; Hemoglobin A1c/Hemoglobin.total in Blood: 7.2 %; Body Weight: 81.63 kg; Body Mass Index: 28.82 kg/m2; Systolic Blood Pressure: 125.0 mmHg; Diastolic Blood Pressure: 84.0 mmHg; Glucose: 77.0 mg/dL; Urea Nitrogen: 16.0 mg/dL; Creatinine: 1.0 mg/dL; Calcium: 9.06 mg/dL; Sodium: 137.0 mmol/L; Potassium: 5.06 mmol/L; Chloride: 108.0 mmol/L; Carbon Dioxide: 20.0 mmol/L; Total Cholesterol: 164.0 mg/dL; Triglycerides: 142.0 mg/dL; Low Density Lipoprotein Cholesterol: 64.0 mg/dL; High Density Lipoprotein Cholesterol: 71.0 mg/dL; Microalbumin Creatine Ratio: 13.0 mg/g; Estimated Glomerular Filtration Rate: 60.0 mL/min/{1.73_m2}; Hemoglobin A1c/Hemoglobin.total in Blood: 7.5 %; Body Weight: 84.56 kg; Body Mass Index: 29.86 kg/m2; Systolic Blood Pressure: 109.0 mmHg; Diastolic Blood Pressure: 81.0 mmHg; Glucose: 103.0 mg/dL; Urea Nitrogen: 14.0 mg/dL; Calcium: 8.94 mg/dL; Sodium: 136.0 mmol/L; Potassium: 3.88 mmol/L; Chloride: 106.0 mmol/L; Carbon Dioxide: 28.0 mmol/L; Total Cholesterol: 220.0 mg/dL; Triglycerides: 192.0 mg/dL; Low Density Lipoprotein Cholesterol: 141.0 mg/dL. Immunizations: Influenza seasonal injectable preservative free; Td (adult) preservative free."
diabetes,zero_shot,test,60,d7b29a25-fe1a-4b7d-b247-fb8a596757de,0,0,1,0.95,The patient record does not contain any specific blood glucose measurements (such as HbA1c or fasting plasma glucose) or an explicit diagnosis of diabetes.,"[""Body Mass Index: 36.23 kg/m2"", ""Total Cholesterol: 197.0 mg/dL"", ""Triglycerides: 118.0 mg/dL""]",,"{""label"": 0, ""confidence"": 0.95, ""reason"": ""The patient record does not contain any specific blood glucose measurements (such as HbA1c or fasting plasma glucose) or an explicit diagnosis of diabetes."", ""evidence"": [""Body Mass Index: 36.23 kg/m2"", ""Total Cholesterol: 197.0 mg/dL"", ""Triglycerides: 118.0 mg/dL""]}","Demographics: born 1959-09-05, gender M, race white, ethnicity irish. Encounters: Outpatient Encounter; Encounter for 'check-up'; Encounter for symptom. Medications: Acetaminophen 160 MG. Procedures: Documentation of current medications; Colonoscopy; Measurement of respiratory function (procedure). Observations: Body Height: 174.32 cm; Body Weight: 110.08 kg; Body Mass Index: 36.23 kg/m2; Systolic Blood Pressure: 119.0 mmHg; Diastolic Blood Pressure: 76.0 mmHg; Total Cholesterol: 197.0 mg/dL; Triglycerides: 118.0 mg/dL; Low Density Lipoprotein Cholesterol: 93.0 mg/dL; High Density Lipoprotein Cholesterol: 80.0 mg/dL; Systolic Blood Pressure: 108.0 mmHg; Diastolic Blood Pressure: 75.0 mmHg; Systolic Blood Pressure: 131.0 mmHg; Diastolic Blood Pressure: 81.0 mmHg; Systolic Blood Pressure: 139.0 mmHg; Diastolic Blood Pressure: 70.0 mmHg; Total Cholesterol: 165.0 mg/dL; Triglycerides: 132.0 mg/dL; Low Density Lipoprotein Cholesterol: 76.0 mg/dL; High Density Lipoprotein Cholesterol: 62.0 mg/dL; Diastolic Blood Pressure: 85.0 mmHg; Systolic Blood Pressure: 122.0 mmHg; Diastolic Blood Pressure: 74.0 mmHg. Immunizations: Influenza seasonal injectable preservative free; Td (adult) preservative free."
diabetes,zero_shot,test,61,65fd51f3-b6b0-4f35-b033-6008803c524e,1,1,1,0.95,"The patient is prescribed Metformin hydrochloride, which is a standard medication used for managing hyperglycemia and treating type 2 diabetes.","[""24 HR Metformin hydrochloride 500 MG Extended Release Oral Tablet"", ""Hemoglobin A1c/Hemoglobin.total in Blood: 5.6 %; ... 5.3 %""]",,"{
  ""label"": 1,
  ""confidence"": 0.95,
  ""reason"": ""The patient is prescribed Metformin hydrochloride, which is a standard medication used for managing hyperglycemia and treating type 2 diabetes."",
  ""evidence"": [
    ""24 HR Metformin hydrochloride 500 MG Extended Release Oral Tablet"",
    ""Hemoglobin A1c/Hemoglobin.total in Blood: 5.6 %; ... 5.3 %""
  ]
}","Demographics: born 1931-08-23, gender M, race white, ethnicity scottish. Encounters: Outpatient Encounter; Emergency room admission; Encounter for 'check-up'; Encounter for symptom. Medications: Penicillin V Potassium 250 MG; Penicillin V Potassium 500 MG; 24 HR Metformin hydrochloride 500 MG Extended Release Oral Tablet; Ibuprofen 200 MG Oral Tablet. Procedures: Documentation of current medications; Bone immobilization; Bone density scan (procedure). Observations: Hemoglobin A1c/Hemoglobin.total in Blood: 5.6 %; Body Height: 172.95 cm; Body Weight: 84.42 kg; Body Mass Index: 28.22 kg/m2; Systolic Blood Pressure: 104.0 mmHg; Diastolic Blood Pressure: 72.0 mmHg; Glucose: 90.0 mg/dL; Urea Nitrogen: 19.0 mg/dL; Creatinine: 1.0 mg/dL; Calcium: 9.33 mg/dL; Sodium: 140.0 mmol/L; Potassium: 3.96 mmol/L; Chloride: 110.0 mmol/L; Carbon Dioxide: 24.0 mmol/L; Total Cholesterol: 192.0 mg/dL; Triglycerides: 119.0 mg/dL; Low Density Lipoprotein Cholesterol: 94.0 mg/dL; High Density Lipoprotein Cholesterol: 74.0 mg/dL; Microalbumin Creatine Ratio: 6.0 mg/g; Estimated Glomerular Filtration Rate: 60.0 mL/min/{1.73_m2}; Hemoglobin A1c/Hemoglobin.total in Blood: 5.4 %; Body Weight: 82.84 kg; Body Mass Index: 27.69 kg/m2; Systolic Blood Pressure: 127.0 mmHg; Diastolic Blood Pressure: 82.0 mmHg; Glucose: 87.0 mg/dL; Urea Nitrogen: 20.0 mg/dL; Calcium: 9.59 mg/dL; Sodium: 144.0 mmol/L; Potassium: 4.12 mmol/L; Chloride: 101.0 mmol/L; Carbon Dioxide: 21.0 mmol/L; Total Cholesterol: 183.0 mg/dL; Triglycerides: 113.0 mg/dL; Low Density Lipoprotein Cholesterol: 100.0 mg/dL; High Density Lipoprotein Cholesterol: 60.0 mg/dL; Microalbumin Creatine Ratio: 7.0 mg/g; Hemoglobin A1c/Hemoglobin.total in Blood: 5.3 %; Body Weight: 81.3 kg; Body Mass Index: 27.18 kg/m2. Immunizations: Influenza seasonal injectable preservative free; Td (adult) preservative free."
diabetes,zero_shot,test,62,cc483ba6-4b68-42ff-bd88-49c865229cf7,1,1,1,0.98,"The patient is actively managed for diabetes mellitus, evidenced by the prescription of both Metformin and multiple types of insulin.","[""24 HR Metformin hydrochloride 500 MG Extended Release Oral Tablet"", ""insulin human isophane 70 UNT/ML / Regular Insulin Human 30 UNT/ML Injectable Suspension [Humulin]"", ""Hemoglobin A1c/Hemoglobin.total in Blood: 2.1 %""]",,"{
  ""label"": 1,
  ""confidence"": 0.98,
  ""reason"": ""The patient is actively managed for diabetes mellitus, evidenced by the prescription of both Metformin and multiple types of insulin."",
  ""evidence"": [
    ""24 HR Metformin hydrochloride 500 MG Extended Release Oral Tablet"",
    ""insulin human isophane 70 UNT/ML / Regular Insulin Human 30 UNT/ML Injectable Suspension [Humulin]"",
    ""Hemoglobin A1c/Hemoglobin.total in Blood: 2.1 %""
  ]
}","Demographics: born 1927-08-16, gender F, race black, ethnicity dominican. Encounters: Outpatient Encounter; Emergency room admission. Medications: Penicillin V Potassium 250 MG; 24 HR Metformin hydrochloride 500 MG Extended Release Oral Tablet; Naproxen sodium 220 MG [Aleve]; insulin human isophane 70 UNT/ML / Regular Insulin Human 30 UNT/ML Injectable Suspension [Humulin]; Alendronic acid 10 MG [Fosamax]; Naproxen sodium 220 MG Oral Tablet. Procedures: Documentation of current medications; Suture open wound. Observations: Hemoglobin A1c/Hemoglobin.total in Blood: 2.1 %; Body Height: 156.55 cm; Body Weight: 60.66 kg; Body Mass Index: 24.75 kg/m2; Systolic Blood Pressure: 187.0 mmHg; Diastolic Blood Pressure: 100.0 mmHg; Glucose: 122.0 mg/dL; Urea Nitrogen: 20.0 mg/dL; Creatinine: 1.0 mg/dL; Calcium: 10.16 mg/dL; Sodium: 140.0 mmol/L; Potassium: 5.04 mmol/L; Chloride: 110.0 mmol/L; Carbon Dioxide: 22.0 mmol/L; Total Cholesterol: 203.0 mg/dL; Triglycerides: 189.0 mg/dL; Low Density Lipoprotein Cholesterol: 112.0 mg/dL; High Density Lipoprotein Cholesterol: 53.0 mg/dL; Microalbumin Creatine Ratio: 194.0 mg/g; Estimated Glomerular Filtration Rate: 60.0 mL/min/{1.73_m2}; Body Weight: 58.79 kg; Body Mass Index: 23.99 kg/m2; Systolic Blood Pressure: 155.0 mmHg; Diastolic Blood Pressure: 104.0 mmHg; Glucose: 104.0 mg/dL; Urea Nitrogen: 9.0 mg/dL; Calcium: 8.65 mg/dL; Sodium: 142.0 mmol/L; Potassium: 3.98 mmol/L; Chloride: 106.0 mmol/L; Carbon Dioxide: 29.0 mmol/L; Total Cholesterol: 214.0 mg/dL; Triglycerides: 155.0 mg/dL; Low Density Lipoprotein Cholesterol: 127.0 mg/dL; High Density Lipoprotein Cholesterol: 56.0 mg/dL; Microalbumin Creatine Ratio: 95.0 mg/g; Body Weight: 57.12 kg; Body Mass Index: 23.31 kg/m2; Systolic Blood Pressure: 152.0 mmHg; Diastolic Blood Pressure: 103.0 mmHg. Immunizations: Influenza seasonal injectable preservative free."
diabetes,zero_shot,test,63,9dea78e4-08e4-49ec-aa02-25bee652deee,0,0,1,0.95,The provided demographic information is insufficient to diagnose diabetes.,"[""Demographics: born 1908-07-16"", ""gender M"", ""race white"", ""ethnicity german""]",,"{""label"": 0, ""confidence"": 0.95, ""reason"": ""The provided demographic information is insufficient to diagnose diabetes."", ""evidence"": [""Demographics: born 1908-07-16"", ""gender M"", ""race white"", ""ethnicity german""]}","Demographics: born 1908-07-16, gender M, race white, ethnicity german."
diabetes,zero_shot,test,64,2bdf228d-1116-47dd-9ddf-8f44c382badb,0,0,1,0.6,"The patient exhibits multiple significant risk factors for diabetes, such as obesity and dyslipidemia, but there are no recorded blood glucose levels or a formal diagnosis provided in the text.","[""Body Mass Index: 38.6 kg/m2"", ""Triglycerides: 108.0 mg/dL"", ""Low Density Lipoprotein Cholesterol: 73.0 mg/dL""]",,"{
  ""label"": 0,
  ""confidence"": 0.6,
  ""reason"": ""The patient exhibits multiple significant risk factors for diabetes, such as obesity and dyslipidemia, but there are no recorded blood glucose levels or a formal diagnosis provided in the text."",
  ""evidence"": [
    ""Body Mass Index: 38.6 kg/m2"",
    ""Triglycerides: 108.0 mg/dL"",
    ""Low Density Lipoprotein Cholesterol: 73.0 mg/dL""
  ]
}","Demographics: born 1956-04-06, gender F, race white, ethnicity english. Encounters: Outpatient Encounter; Encounter for 'check-up'; Encounter for symptom. Procedures: Documentation of current medications; Colonoscopy. Observations: Body Height: 163.31 cm; Body Weight: 102.95 kg; Body Mass Index: 38.6 kg/m2; Systolic Blood Pressure: 110.0 mmHg; Diastolic Blood Pressure: 80.0 mmHg; Systolic Blood Pressure: 117.0 mmHg; Diastolic Blood Pressure: 78.0 mmHg; Total Cholesterol: 174.0 mg/dL; Triglycerides: 108.0 mg/dL; Low Density Lipoprotein Cholesterol: 73.0 mg/dL; High Density Lipoprotein Cholesterol: 79.0 mg/dL; Systolic Blood Pressure: 137.0 mmHg; Diastolic Blood Pressure: 79.0 mmHg; Diastolic Blood Pressure: 76.0 mmHg; Systolic Blood Pressure: 121.0 mmHg; Diastolic Blood Pressure: 71.0 mmHg; Total Cholesterol: 193.0 mg/dL; Triglycerides: 127.0 mg/dL; Low Density Lipoprotein Cholesterol: 98.0 mg/dL; High Density Lipoprotein Cholesterol: 69.0 mg/dL; Body Weight: 101.18 kg; Body Mass Index: 37.94 kg/m2; Systolic Blood Pressure: 133.0 mmHg; Body Weight: 99.26 kg; Body Mass Index: 37.21 kg/m2; Systolic Blood Pressure: 129.0 mmHg; Diastolic Blood Pressure: 75.0 mmHg. Allergies: Allergy to fish; Allergy to tree pollen; Allergy to grass pollen; Dander (animal) allergy; House dust mite allergy; Allergy to mould. Immunizations: Influenza seasonal injectable preservative free; zoster; Td (adult) preservative free."
diabetes,zero_shot,test,65,1d8b850b-7ecb-47ef-b938-91358a71bab3,0,0,1,0.6,The patient's provided data does not include specific diagnostic tests (like HbA1c or fasting glucose) or clinical history strongly indicative of diabetes.,"[""Body Mass Index: 27.95 kg/m2"", ""Systolic Blood Pressure: 150.0 mmHg; Diastolic Blood Pressure: 118.0 mmHg""]",,"{""label"": 0, ""confidence"": 0.6, ""reason"": ""The patient's provided data does not include specific diagnostic tests (like HbA1c or fasting glucose) or clinical history strongly indicative of diabetes."", ""evidence"": [""Body Mass Index: 27.95 kg/m2"", ""Systolic Blood Pressure: 150.0 mmHg; Diastolic Blood Pressure: 118.0 mmHg""]}","Demographics: born 1986-12-13, gender M, race white, ethnicity english. Encounters: Encounter for symptom; Outpatient Encounter. Medications: Penicillin V Potassium 250 MG; Dextromethorphan Hydrobromide 1 MG/ML. Procedures: Measurement of respiratory function (procedure). Observations: Body Height: 172.53 cm; Body Weight: 80.16 kg; Body Mass Index: 26.93 kg/m2; Systolic Blood Pressure: 186.0 mmHg; Diastolic Blood Pressure: 108.0 mmHg; Estimated Glomerular Filtration Rate: 60.0 mL/min/{1.73_m2}; Body Weight: 83.22 kg; Body Mass Index: 27.95 kg/m2; Systolic Blood Pressure: 150.0 mmHg; Diastolic Blood Pressure: 118.0 mmHg. Immunizations: Influenza seasonal injectable preservative free."
diabetes,zero_shot,test,66,1a0fbba8-ba0c-4785-8fd4-8d343912212e,0,0,1,0.95,The patient is a child with normal vital signs and no specific lab results (like HbA1c or glucose levels) are provided to suggest diabetes.,"[""Systolic Blood Pressure: 124.0 mmHg; Diastolic Blood Pressure: 87.0 mmHg"", ""Body Weight: 9.71 kg""]",,"{""label"": 0, ""confidence"": 0.95, ""reason"": ""The patient is a child with normal vital signs and no specific lab results (like HbA1c or glucose levels) are provided to suggest diabetes."", ""evidence"": [""Systolic Blood Pressure: 124.0 mmHg; Diastolic Blood Pressure: 87.0 mmHg"", ""Body Weight: 9.71 kg""]}","Demographics: born 2015-12-31, gender F, race white, ethnicity irish. Encounters: Outpatient Encounter; Encounter for symptom. Procedures: Documentation of current medications. Observations: Body Height: 54.63 cm; Body Weight: 4.74 kg; Systolic Blood Pressure: 106.0 mmHg; Diastolic Blood Pressure: 81.0 mmHg; Body Height: 57.43 cm; Body Weight: 5.45 kg; Systolic Blood Pressure: 116.0 mmHg; Diastolic Blood Pressure: 79.0 mmHg; Body Height: 61.85 cm; Body Weight: 6.7 kg; Systolic Blood Pressure: 128.0 mmHg; Diastolic Blood Pressure: 89.0 mmHg; Body Height: 63.71 cm; Body Weight: 7.24 kg; Systolic Blood Pressure: 124.0 mmHg; Diastolic Blood Pressure: 87.0 mmHg; Body Height: 68.45 cm; Body Weight: 8.63 kg; Systolic Blood Pressure: 122.0 mmHg; Diastolic Blood Pressure: 72.0 mmHg; Body Height: 72.4 cm; Body Weight: 9.71 kg; Systolic Blood Pressure: 101.0 mmHg; Diastolic Blood Pressure: 78.0 mmHg; Body Height: 75.85 cm; Body Weight: 10.57 kg; Systolic Blood Pressure: 133.0 mmHg; Diastolic Blood Pressure: 85.0 mmHg; Oral temperature: 38.0 Cel. Immunizations: Hep B adolescent or pediatric; rotavirus monovalent; DTaP; Hib (PRP-OMP); Pneumococcal conjugate PCV 13; IPV; Influenza seasonal injectable preservative free; MMR; varicella; Hep A ped/adol 2 dose."
diabetes,zero_shot,test,67,a3eb3ce3-60da-43f0-b52e-3f32ff8005b6,0,0,1,0.95,"The provided text is a death certificate summary and does not contain any clinical evidence (such as blood glucose levels, HbA1c, or diagnoses) to suggest the presence of diabetes.","[""Death Certification""]",,"{""label"": 0, ""confidence"": 0.95, ""reason"": ""The provided text is a death certificate summary and does not contain any clinical evidence (such as blood glucose levels, HbA1c, or diagnoses) to suggest the presence of diabetes."", ""evidence"": [""Death Certification""]}","Demographics: born 1936-01-20, gender F, race white, ethnicity german. Encounters: Death Certification. Medications: Alendronic acid 10 MG [Fosamax]. Observations: Pneumonia."
diabetes,zero_shot,test,68,8c6a0301-c7e5-4ef8-867d-a434469624d1,1,1,1,1.0,"The patient has an elevated HbA1c (6.9%) and is currently prescribed Metformin, a medication used for diabetes management.","[""Hemoglobin A1c/Hemoglobin.total in Blood: 6.9 %"", ""24 HR Metformin hydrochloride 500 MG Extended Release Oral Tablet""]",,"{""label"": 1, ""confidence"": 1.0, ""reason"": ""The patient has an elevated HbA1c (6.9%) and is currently prescribed Metformin, a medication used for diabetes management."", ""evidence"": [""Hemoglobin A1c/Hemoglobin.total in Blood: 6.9 %"", ""24 HR Metformin hydrochloride 500 MG Extended Release Oral Tablet""]}","Demographics: born 1958-06-28, gender M, race white, ethnicity french. Encounters: Outpatient Encounter; Encounter for symptom; Encounter for 'check-up'. Medications: Penicillin V Potassium 250 MG; Chlorpheniramine 2 MG Chewable Tablet; 24 HR Metformin hydrochloride 500 MG Extended Release Oral Tablet. Procedures: Documentation of current medications; Colonoscopy. Observations: Hemoglobin A1c/Hemoglobin.total in Blood: 6.9 %; Body Height: 179.23 cm; Body Weight: 108.37 kg; Body Mass Index: 33.74 kg/m2; Systolic Blood Pressure: 189.0 mmHg; Diastolic Blood Pressure: 116.0 mmHg; Glucose: 103.0 mg/dL; Urea Nitrogen: 7.0 mg/dL; Creatinine: 1.0 mg/dL; Calcium: 9.24 mg/dL; Sodium: 138.0 mmol/L; Potassium: 4.21 mmol/L; Chloride: 110.0 mmol/L; Carbon Dioxide: 29.0 mmol/L; Total Cholesterol: 204.0 mg/dL; Triglycerides: 176.0 mg/dL; Low Density Lipoprotein Cholesterol: 111.0 mg/dL; High Density Lipoprotein Cholesterol: 57.0 mg/dL; Microalbumin Creatine Ratio: 3.0 mg/g; Estimated Glomerular Filtration Rate: 60.0 mL/min/{1.73_m2}; Systolic Blood Pressure: 192.0 mmHg; Diastolic Blood Pressure: 97.0 mmHg; Glucose: 123.0 mg/dL; Urea Nitrogen: 13.0 mg/dL; Calcium: 9.59 mg/dL; Sodium: 141.0 mmol/L; Potassium: 3.84 mmol/L; Chloride: 109.0 mmol/L; Carbon Dioxide: 22.0 mmol/L; Total Cholesterol: 225.0 mg/dL; Triglycerides: 155.0 mg/dL; Low Density Lipoprotein Cholesterol: 144.0 mg/dL; High Density Lipoprotein Cholesterol: 50.0 mg/dL; Microalbumin Creatine Ratio: 5.0 mg/g; Systolic Blood Pressure: 155.0 mmHg; Diastolic Blood Pressure: 95.0 mmHg; Glucose: 116.0 mg/dL; Calcium: 10.06 mg/dL; Sodium: 140.0 mmol/L; Potassium: 3.71 mmol/L. Allergies: Allergy to tree pollen. Immunizations: Influenza seasonal injectable preservative free."
diabetes,zero_shot,test,69,a29c6d4a-da1a-48a8-acec-06f263e866b2,1,1,1,0.98,"The patient is actively managed for diabetes, evidenced by the prescription of both Metformin and Insulin Lispro.","[""24 HR Metformin hydrochloride 500 MG Extended Release Oral Tablet"", ""Insulin Lispro 100 UNT/ML Injectable Solution [Humalog]"", ""Hemoglobin A1c/Hemoglobin.total in Blood: 4.2 %""]",,"{
  ""label"": 1,
  ""confidence"": 0.98,
  ""reason"": ""The patient is actively managed for diabetes, evidenced by the prescription of both Metformin and Insulin Lispro."",
  ""evidence"": [
    ""24 HR Metformin hydrochloride 500 MG Extended Release Oral Tablet"",
    ""Insulin Lispro 100 UNT/ML Injectable Solution [Humalog]"",
    ""Hemoglobin A1c/Hemoglobin.total in Blood: 4.2 %""
  ]
}","Demographics: born 1954-12-11, gender M, race white, ethnicity french. Encounters: Outpatient Encounter; Encounter for symptom. Medications: Penicillin V Potassium 250 MG; 24 HR Metformin hydrochloride 500 MG Extended Release Oral Tablet; Fluticasone propionate 0.25 MG/ACTUAT / salmeterol 0.05 MG/ACTUAT [Advair]; Insulin Lispro 100 UNT/ML Injectable Solution [Humalog]. Procedures: Spirometry (procedure); Documentation of current medications. Observations: FEV1/​FVC: 60.0 %; Hemoglobin A1c/Hemoglobin.total in Blood: 4.2 %; Body Height: 163.33 cm; Body Weight: 124.4 kg; Body Mass Index: 46.64 kg/m2; Systolic Blood Pressure: 192.0 mmHg; Diastolic Blood Pressure: 111.0 mmHg; Glucose: 94.0 mg/dL; Urea Nitrogen: 9.0 mg/dL; Creatinine: 1.0 mg/dL; Calcium: 9.92 mg/dL; Sodium: 139.0 mmol/L; Potassium: 4.45 mmol/L; Chloride: 101.0 mmol/L; Carbon Dioxide: 24.0 mmol/L; Total Cholesterol: 198.0 mg/dL; Triglycerides: 145.0 mg/dL; Low Density Lipoprotein Cholesterol: 89.0 mg/dL; High Density Lipoprotein Cholesterol: 80.0 mg/dL; Microalbumin Creatine Ratio: 36.0 mg/g; Estimated Glomerular Filtration Rate: 60.0 mL/min/{1.73_m2}; FEV1/​FVC: 54.0 %; Systolic Blood Pressure: 185.0 mmHg; Diastolic Blood Pressure: 98.0 mmHg; Glucose: 95.0 mg/dL; Urea Nitrogen: 19.0 mg/dL; Calcium: 8.66 mg/dL; Sodium: 136.0 mmol/L; Potassium: 4.61 mmol/L; Carbon Dioxide: 22.0 mmol/L; Total Cholesterol: 195.0 mg/dL; Triglycerides: 113.0 mg/dL; Low Density Lipoprotein Cholesterol: 99.0 mg/dL; High Density Lipoprotein Cholesterol: 73.0 mg/dL; Microalbumin Creatine Ratio: 233.0 mg/g; FEV1/​FVC: 57.0 %; Systolic Blood Pressure: 161.0 mmHg; Diastolic Blood Pressure: 114.0 mmHg; Glucose: 77.0 mg/dL; Calcium: 9.41 mg/dL. Immunizations: Influenza seasonal injectable preservative free; zoster; Td (adult) preservative free."
diabetes,zero_shot,test,70,6740ad67-36ad-48d2-93a1-d1a2e4886540,1,1,1,1.0,"The patient has multiple indicators of diabetes, including elevated HbA1c levels (e.g., 8.6%, 7.1%), an elevated glucose reading (179.0 mg/dL), and is currently prescribed both Metformin and insulin therapy.","[""24 HR Metformin hydrochloride"", ""insulin human isophane"", ""Hemoglobin A1c/Hemoglobin.total in Blood: 8.6 %"", ""Glucose: 179.0 mg/dL""]",,"{
  ""label"": 1,
  ""confidence"": 1.0,
  ""reason"": ""The patient has multiple indicators of diabetes, including elevated HbA1c levels (e.g., 8.6%, 7.1%), an elevated glucose reading (179.0 mg/dL), and is currently prescribed both Metformin and insulin therapy."",
  ""evidence"": [
    ""24 HR Metformin hydrochloride"",
    ""insulin human isophane"",
    ""Hemoglobin A1c/Hemoglobin.total in Blood: 8.6 %"",
    ""Glucose: 179.0 mg/dL""
  ]
}","Demographics: born 1972-12-29, gender M, race white, ethnicity english. Encounters: Outpatient Encounter; Encounter for symptom. Medications: Penicillin V Potassium 250 MG; Amoxicillin 250 MG / Clavulanate 125 MG [Augmentin]; 24 HR Metformin hydrochloride 500 MG Extended Release Oral Tablet; insulin human isophane 70 UNT/ML / Regular Insulin Human 30 UNT/ML Injectable Suspension [Humulin]. Procedures: Documentation of current medications. Observations: Hemoglobin A1c/Hemoglobin.total in Blood: 6.0 %; Body Height: 176.2 cm; Body Weight: 102.42 kg; Body Mass Index: 32.99 kg/m2; Systolic Blood Pressure: 108.0 mmHg; Diastolic Blood Pressure: 81.0 mmHg; Glucose: 64.0 mg/dL; Urea Nitrogen: 20.0 mg/dL; Creatinine: 1.0 mg/dL; Calcium: 9.99 mg/dL; Sodium: 138.0 mmol/L; Potassium: 4.19 mmol/L; Chloride: 106.0 mmol/L; Carbon Dioxide: 26.0 mmol/L; Total Cholesterol: 187.0 mg/dL; Triglycerides: 132.0 mg/dL; Low Density Lipoprotein Cholesterol: 82.0 mg/dL; High Density Lipoprotein Cholesterol: 78.0 mg/dL; Hemoglobin A1c/Hemoglobin.total in Blood: 8.6 %; Body Weight: 106.73 kg; Body Mass Index: 34.38 kg/m2; Systolic Blood Pressure: 159.0 mmHg; Diastolic Blood Pressure: 106.0 mmHg; Glucose: 77.0 mg/dL; Urea Nitrogen: 19.0 mg/dL; Calcium: 8.81 mg/dL; Sodium: 137.0 mmol/L; Potassium: 4.12 mmol/L; Chloride: 108.0 mmol/L; Carbon Dioxide: 29.0 mmol/L; Total Cholesterol: 200.0 mg/dL; Triglycerides: 150.0 mg/dL; Low Density Lipoprotein Cholesterol: 91.0 mg/dL; High Density Lipoprotein Cholesterol: 79.0 mg/dL; Microalbumin Creatine Ratio: 17.0 mg/g; Estimated Glomerular Filtration Rate: 60.0 mL/min/{1.73_m2}; Hemoglobin A1c/Hemoglobin.total in Blood: 7.1 %; Systolic Blood Pressure: 152.0 mmHg; Diastolic Blood Pressure: 109.0 mmHg; Glucose: 179.0 mg/dL. Immunizations: Influenza seasonal injectable preservative free; Td (adult) preservative free."
diabetes,zero_shot,test,71,cb741a9a-2ac2-4c24-aab2-4d489151d914,0,0,1,1.0,"The patient record does not contain any diagnostic information, lab results (such as glucose or HbA1c), or medications indicative of diabetes.","[""No mention of blood sugar levels"", ""No diagnosis of diabetes mellitus"", ""Medications are limited to asthma and general care""]",,"{
  ""label"": 0,
  ""confidence"": 1.0,
  ""reason"": ""The patient record does not contain any diagnostic information, lab results (such as glucose or HbA1c), or medications indicative of diabetes."",
  ""evidence"": [
    ""No mention of blood sugar levels"",
    ""No diagnosis of diabetes mellitus"",
    ""Medications are limited to asthma and general care""
  ]
}","Demographics: born 2012-01-03, gender M, race white, ethnicity american. Encounters: Outpatient Encounter; Encounter for symptom; Emergency room admission; Encounter for 'check-up'; Asthma follow-up; Emergency hospital admission for asthma. Medications: Amoxicillin 200 MG Oral Tablet; Acetaminophen 160 MG Oral Tablet; 120 ACTUAT Fluticasone propionate 0.044 MG/ACTUAT Metered Dose Inhaler; 200 ACTUAT Albuterol 0.09 MG/ACTUAT Metered Dose Inhaler. Procedures: Documentation of current medications; Admission to burn unit; Admission to long stay hospital; Asthma screening. Observations: Body Height: 51.77 cm; Body Weight: 3.75 kg; Systolic Blood Pressure: 108.0 mmHg; Diastolic Blood Pressure: 73.0 mmHg; Body Height: 55.73 cm; Body Weight: 4.59 kg; Systolic Blood Pressure: 113.0 mmHg; Diastolic Blood Pressure: 74.0 mmHg; Body Height: 61.18 cm; Body Weight: 6.06 kg; Systolic Blood Pressure: 109.0 mmHg; Diastolic Blood Pressure: 77.0 mmHg; Body Height: 65.2 cm; Body Weight: 7.25 kg; Systolic Blood Pressure: 136.0 mmHg; Diastolic Blood Pressure: 82.0 mmHg; Body Height: 68.5 cm; Body Weight: 8.23 kg; Systolic Blood Pressure: 101.0 mmHg; Body Height: 72.65 cm; Body Weight: 9.38 kg; Systolic Blood Pressure: 116.0 mmHg; Body Height: 76.19 cm; Body Weight: 10.24 kg; Systolic Blood Pressure: 123.0 mmHg; Diastolic Blood Pressure: 75.0 mmHg; Body Height: 79.32 cm; Body Weight: 10.9 kg; Diastolic Blood Pressure: 79.0 mmHg; Body Height: 81.23 cm; Body Weight: 11.27 kg; Systolic Blood Pressure: 105.0 mmHg; Body Height: 85.59 cm; Body Weight: 12.17 kg; Body Mass Index: 16.61 kg/m2; Systolic Blood Pressure: 114.0 mmHg; Body Height: 90.66 cm; Body Weight: 13.07 kg; Body Mass Index: 15.91 kg/m2; Systolic Blood Pressure: 132.0 mmHg. Immunizations: Hep B adolescent or pediatric; rotavirus monovalent; DTaP; Hib (PRP-OMP); Pneumococcal conjugate PCV 13; IPV; Influenza seasonal injectable preservative free; MMR; varicella; Hep A ped/adol 2 dose."
diabetes,zero_shot,test,72,c2df7856-1823-420c-aaa5-bdcd0c880bcb,0,0,1,0.95,"The patient record does not contain any diagnostic information, such as blood glucose levels, HbA1c results, or a formal diagnosis, to suggest the presence of diabetes.","[""Body Mass Index measurements"", ""Blood pressure readings""]",,"{
  ""label"": 0,
  ""confidence"": 0.95,
  ""reason"": ""The patient record does not contain any diagnostic information, such as blood glucose levels, HbA1c results, or a formal diagnosis, to suggest the presence of diabetes."",
  ""evidence"": [
    ""Body Mass Index measurements"",
    ""Blood pressure readings""
  ]
}","Demographics: born 1993-04-04, gender M, race black, ethnicity african. Encounters: Outpatient Encounter; Encounter for symptom. Medications: Penicillin V Potassium 250 MG; Acetaminophen 160 MG. Procedures: Documentation of current medications; Measurement of respiratory function (procedure). Observations: Body Height: 165.76 cm; Body Weight: 63.44 kg; Body Mass Index: 23.09 kg/m2; Systolic Blood Pressure: 131.0 mmHg; Diastolic Blood Pressure: 71.0 mmHg; Oral temperature: 37.0 Cel; Body Height: 166.6 cm; Body Weight: 65.62 kg; Body Mass Index: 23.64 kg/m2; Systolic Blood Pressure: 110.0 mmHg; Diastolic Blood Pressure: 83.0 mmHg; Body Height: 167.03 cm; Body Weight: 67.28 kg; Body Mass Index: 24.11 kg/m2; Systolic Blood Pressure: 118.0 mmHg; Diastolic Blood Pressure: 86.0 mmHg; Body Height: 167.24 cm; Body Weight: 69.9 kg; Body Mass Index: 24.99 kg/m2; Systolic Blood Pressure: 124.0 mmHg; Diastolic Blood Pressure: 70.0 mmHg; Body Weight: 75.15 kg; Body Mass Index: 26.87 kg/m2. Immunizations: Influenza seasonal injectable preservative free; Td (adult) preservative free."
diabetes,zero_shot,test,73,74684955-9ab3-441b-9cea-e0d056c42eae,1,1,1,0.98,"The patient is prescribed Metformin hydrochloride, a medication used to treat diabetes, and has multiple elevated Hemoglobin A1c readings (7.4% and 7.8%), indicating chronic hyperglycemia.","[""24 HR Metformin hydrochloride 500 MG Extended Release Oral Tablet"", ""Hemoglobin A1c/Hemoglobin.total in Blood: 7.4 %"", ""Hemoglobin A1c/Hemoglobin.total in Blood: 7.8 %""]",,"{""label"": 1, ""confidence"": 0.98, ""reason"": ""The patient is prescribed Metformin hydrochloride, a medication used to treat diabetes, and has multiple elevated Hemoglobin A1c readings (7.4% and 7.8%), indicating chronic hyperglycemia."", ""evidence"": [""24 HR Metformin hydrochloride 500 MG Extended Release Oral Tablet"", ""Hemoglobin A1c/Hemoglobin.total in Blood: 7.4 %"", ""Hemoglobin A1c/Hemoglobin.total in Blood: 7.8 %""]}","Demographics: born 1976-03-21, gender F, race hispanic, ethnicity puerto_rican. Encounters: Encounter for symptom; Outpatient Encounter. Medications: Penicillin V Potassium 250 MG; Penicillin V Potassium 500 MG; Nitrofurantoin 5 MG/ML [Furadantin]; Phenazopyridine hydrochloride 100 MG [Pyridium]; 24 HR Metformin hydrochloride 500 MG Extended Release Oral Tablet. Observations: Oral temperature: 37.0 Cel; Hemoglobin A1c/Hemoglobin.total in Blood: 7.4 %; Body Height: 160.21 cm; Body Weight: 75.78 kg; Body Mass Index: 29.52 kg/m2; Systolic Blood Pressure: 136.0 mmHg; Diastolic Blood Pressure: 71.0 mmHg; Glucose: 104.0 mg/dL; Urea Nitrogen: 14.0 mg/dL; Creatinine: 1.0 mg/dL; Calcium: 9.64 mg/dL; Sodium: 141.0 mmol/L; Potassium: 4.1 mmol/L; Chloride: 110.0 mmol/L; Carbon Dioxide: 28.0 mmol/L; Total Cholesterol: 213.0 mg/dL; Triglycerides: 176.0 mg/dL; Low Density Lipoprotein Cholesterol: 129.0 mg/dL; High Density Lipoprotein Cholesterol: 48.0 mg/dL; Microalbumin Creatine Ratio: 0.0 mg/g; Estimated Glomerular Filtration Rate: 60.0 mL/min/{1.73_m2}; Hemoglobin A1c/Hemoglobin.total in Blood: 7.8 %; Body Weight: 79.73 kg; Body Mass Index: 31.06 kg/m2; Systolic Blood Pressure: 126.0 mmHg; Diastolic Blood Pressure: 88.0 mmHg; Glucose: 112.0 mg/dL; Urea Nitrogen: 17.0 mg/dL; Calcium: 9.3 mg/dL; Sodium: 143.0 mmol/L; Potassium: 3.9 mmol/L; Chloride: 111.0 mmol/L; Carbon Dioxide: 27.0 mmol/L; Total Cholesterol: 217.0 mg/dL; Triglycerides: 178.0 mg/dL; Low Density Lipoprotein Cholesterol: 125.0 mg/dL; High Density Lipoprotein Cholesterol: 56.0 mg/dL; Microalbumin Creatine Ratio: 17.0 mg/g; Hemoglobin A1c/Hemoglobin.total in Blood: 6.6 %; Body Weight: 82.81 kg. Immunizations: Influenza seasonal injectable preservative free."
diabetes,zero_shot,test,74,5ff626b1-e73b-4502-945d-7a94961e9370,1,1,1,0.9,"The patient is currently prescribed Metformin hydrochloride, a medication commonly used to treat type 2 diabetes, suggesting a history or current management of the condition.","[""Medications: 24 HR Metformin hydrochloride 500 MG Extended Release Oral Tablet""]",,"{""label"": 1, ""confidence"": 0.9, ""reason"": ""The patient is currently prescribed Metformin hydrochloride, a medication commonly used to treat type 2 diabetes, suggesting a history or current management of the condition."", ""evidence"": [""Medications: 24 HR Metformin hydrochloride 500 MG Extended Release Oral Tablet""]}","Demographics: born 1952-03-30, gender M, race white, ethnicity polish. Encounters: Death Certification. Medications: 24 HR Metformin hydrochloride 500 MG Extended Release Oral Tablet; Fluticasone propionate 0.25 MG/ACTUAT / salmeterol 0.05 MG/ACTUAT [Advair]. Observations: Chronic obstructive bronchitis (disorder)."
diabetes,zero_shot,test,75,f2aaf435-f97d-4508-8f52-2ab1ed060fb2,0,0,1,0.95,The patient text provides demographic and vital sign data over time but does not include any specific lab results (like HbA1c or fasting glucose) or clinical notes indicating a diagnosis of diabetes.,"[""Body Mass Index: 18.05 kg/m2"", ""Systolic Blood Pressure: 108.0 mmHg""]",,"{""label"": 0, ""confidence"": 0.95, ""reason"": ""The patient text provides demographic and vital sign data over time but does not include any specific lab results (like HbA1c or fasting glucose) or clinical notes indicating a diagnosis of diabetes."", ""evidence"": [""Body Mass Index: 18.05 kg/m2"", ""Systolic Blood Pressure: 108.0 mmHg""]}","Demographics: born 2005-03-10, gender M, race hispanic, ethnicity central_american. Encounters: Outpatient Encounter; Encounter for problem; Encounter for symptom. Medications: Penicillin V Potassium 250 MG. Procedures: Documentation of current medications; Cognitive and behavioral therapy. Observations: Body Height: 119.04 cm; Body Weight: 21.16 kg; Body Mass Index: 14.93 kg/m2; Systolic Blood Pressure: 105.0 mmHg; Diastolic Blood Pressure: 70.0 mmHg; Body Height: 126.26 cm; Body Weight: 23.92 kg; Body Mass Index: 15.01 kg/m2; Systolic Blood Pressure: 114.0 mmHg; Diastolic Blood Pressure: 76.0 mmHg; Body Height: 132.77 cm; Body Weight: 26.6 kg; Body Mass Index: 15.09 kg/m2; Systolic Blood Pressure: 122.0 mmHg; Diastolic Blood Pressure: 86.0 mmHg; Body Height: 139.56 cm; Body Weight: 29.83 kg; Body Mass Index: 15.32 kg/m2; Systolic Blood Pressure: 137.0 mmHg; Body Height: 145.31 cm; Body Weight: 33.23 kg; Body Mass Index: 15.74 kg/m2; Systolic Blood Pressure: 132.0 mmHg; Diastolic Blood Pressure: 84.0 mmHg; Body Height: 151.57 cm; Body Weight: 37.94 kg; Body Mass Index: 16.52 kg/m2; Systolic Blood Pressure: 120.0 mmHg; Diastolic Blood Pressure: 71.0 mmHg; Body Height: 156.8 cm; Body Weight: 42.54 kg; Body Mass Index: 17.3 kg/m2; Body Height: 163.28 cm; Body Weight: 48.12 kg; Body Mass Index: 18.05 kg/m2; Systolic Blood Pressure: 108.0 mmHg; Diastolic Blood Pressure: 78.0 mmHg. Immunizations: Influenza seasonal injectable preservative free; meningococcal MCV4P; Tdap; HPV quadrivalent."
diabetes,zero_shot,test,76,2f435fdc-32d5-4e0b-8318-d71a010ce864,1,1,1,0.95,"The patient is actively prescribed both insulin and metformin hydrochloride, which are standard treatments for managing diabetes mellitus.","[""24 HR Metformin hydrochloride 500 MG Extended Release Oral Tablet"", ""insulin human isophane 70 UNT/ML / Regular Insulin Human 30 UNT/ML Injectable Suspension [Humulin]"", ""Body Mass Index: 38.22 kg/m2""]",,"{
  ""label"": 1,
  ""confidence"": 0.95,
  ""reason"": ""The patient is actively prescribed both insulin and metformin hydrochloride, which are standard treatments for managing diabetes mellitus."",
  ""evidence"": [
    ""24 HR Metformin hydrochloride 500 MG Extended Release Oral Tablet"",
    ""insulin human isophane 70 UNT/ML / Regular Insulin Human 30 UNT/ML Injectable Suspension [Humulin]"",
    ""Body Mass Index: 38.22 kg/m2""
  ]
}","Demographics: born 1950-08-14, gender M, race white, ethnicity english. Encounters: Outpatient Encounter; Encounter for symptom. Medications: Penicillin V Potassium 250 MG; 24 HR Metformin hydrochloride 500 MG Extended Release Oral Tablet; insulin human isophane 70 UNT/ML / Regular Insulin Human 30 UNT/ML Injectable Suspension [Humulin]. Procedures: Documentation of current medications. Observations: Hemoglobin A1c/Hemoglobin.total in Blood: 5.1 %; Body Height: 175.11 cm; Body Weight: 117.2 kg; Body Mass Index: 38.22 kg/m2; Systolic Blood Pressure: 131.0 mmHg; Diastolic Blood Pressure: 84.0 mmHg; Glucose: 143.0 mg/dL; Urea Nitrogen: 7.0 mg/dL; Creatinine: 1.0 mg/dL; Calcium: 8.83 mg/dL; Sodium: 138.0 mmol/L; Potassium: 4.72 mmol/L; Chloride: 110.0 mmol/L; Carbon Dioxide: 27.0 mmol/L; Total Cholesterol: 254.0 mg/dL; Triglycerides: 442.0 mg/dL; Low Density Lipoprotein Cholesterol: 134.0 mg/dL; High Density Lipoprotein Cholesterol: 31.0 mg/dL; Microalbumin Creatine Ratio: 16.0 mg/g; Estimated Glomerular Filtration Rate: 60.0 mL/min/{1.73_m2}; Hemoglobin A1c/Hemoglobin.total in Blood: 4.9 %; Body Weight: 115.41 kg; Body Mass Index: 37.64 kg/m2; Systolic Blood Pressure: 139.0 mmHg; Diastolic Blood Pressure: 79.0 mmHg; Glucose: 135.0 mg/dL; Urea Nitrogen: 18.0 mg/dL; Calcium: 8.58 mg/dL; Sodium: 137.0 mmol/L; Potassium: 4.21 mmol/L; Chloride: 108.0 mmol/L; Carbon Dioxide: 24.0 mmol/L; Total Cholesterol: 250.0 mg/dL; Triglycerides: 352.0 mg/dL; Low Density Lipoprotein Cholesterol: 146.0 mg/dL; High Density Lipoprotein Cholesterol: 33.0 mg/dL; Microalbumin Creatine Ratio: 26.0 mg/g; Hemoglobin A1c/Hemoglobin.total in Blood: 4.8 %; Body Weight: 113.94 kg; Body Mass Index: 37.16 kg/m2. Immunizations: zoster; Influenza seasonal injectable preservative free; Td (adult) preservative free; Pneumococcal conjugate PCV 13; pneumococcal polysaccharide vaccine 23 valent."
diabetes,zero_shot,test,77,f5f00e77-5727-44d9-a82e-55bdbf62c573,0,0,1,0.95,"The patient data contains vital signs and growth measurements but lacks any specific diagnostic markers for diabetes, such as blood glucose levels or HbA1c results.","[""No mention of blood glucose levels"", ""No HbA1c results provided"", ""Diagnosis is not stated in the text""]",,"{
  ""label"": 0,
  ""confidence"": 0.95,
  ""reason"": ""The patient data contains vital signs and growth measurements but lacks any specific diagnostic markers for diabetes, such as blood glucose levels or HbA1c results."",
  ""evidence"": [
    ""No mention of blood glucose levels"",
    ""No HbA1c results provided"",
    ""Diagnosis is not stated in the text""
  ]
}","Demographics: born 2004-10-11, gender M, race white, ethnicity polish. Encounters: Outpatient Encounter; Encounter for symptom; Emergency room admission; Encounter for 'check-up'. Medications: Acetaminophen 325 MG Oral Tablet. Procedures: Documentation of current medications; Throat culture (procedure); Bone immobilization. Observations: Body Height: 115.48 cm; Body Weight: 18.25 kg; Body Mass Index: 13.69 kg/m2; Systolic Blood Pressure: 133.0 mmHg; Diastolic Blood Pressure: 79.0 mmHg; Body Height: 120.75 cm; Body Weight: 19.88 kg; Body Mass Index: 13.64 kg/m2; Systolic Blood Pressure: 138.0 mmHg; Diastolic Blood Pressure: 77.0 mmHg; Oral temperature: 38.0 Cel; Body Height: 126.33 cm; Body Weight: 21.79 kg; Body Mass Index: 13.65 kg/m2; Systolic Blood Pressure: 134.0 mmHg; Diastolic Blood Pressure: 89.0 mmHg; Body Height: 131.53 cm; Body Weight: 23.84 kg; Body Mass Index: 13.78 kg/m2; Systolic Blood Pressure: 116.0 mmHg; Body Height: 136.67 cm; Body Weight: 26.33 kg; Body Mass Index: 14.09 kg/m2; Systolic Blood Pressure: 110.0 mmHg; Diastolic Blood Pressure: 76.0 mmHg; Body Height: 141.1 cm; Body Weight: 28.93 kg; Body Mass Index: 14.53 kg/m2; Systolic Blood Pressure: 102.0 mmHg; Diastolic Blood Pressure: 86.0 mmHg; Body Height: 145.35 cm; Body Weight: 31.66 kg; Body Mass Index: 14.99 kg/m2; Systolic Blood Pressure: 104.0 mmHg; Diastolic Blood Pressure: 80.0 mmHg; Body Height: 151.0 cm; Body Weight: 35.14 kg; Body Mass Index: 15.41 kg/m2; Systolic Blood Pressure: 100.0 mmHg; Diastolic Blood Pressure: 73.0 mmHg. Immunizations: Influenza seasonal injectable preservative free; meningococcal MCV4P; Tdap; HPV quadrivalent."
diabetes,zero_shot,test,78,bea13238-e7d8-4c5e-a213-8f2df10fa52f,0,0,1,0.75,"The patient has significant risk factors for diabetes (obesity, non-small cell lung cancer), but there is no explicit diagnosis of diabetes or abnormal blood glucose measurements provided in the text.","[""No mention of blood glucose levels or HbA1c"", ""No formal diagnosis of Diabetes Mellitus recorded""]",,"{
  ""label"": 0,
  ""confidence"": 0.75,
  ""reason"": ""The patient has significant risk factors for diabetes (obesity, non-small cell lung cancer), but there is no explicit diagnosis of diabetes or abnormal blood glucose measurements provided in the text."",
  ""evidence"": [
    ""No mention of blood glucose levels or HbA1c"",
    ""No formal diagnosis of Diabetes Mellitus recorded""
  ]
}","Demographics: born 1962-06-08, gender M, race white, ethnicity french. Encounters: Encounter for symptom; Outpatient Encounter; Emergency room admission; Encounter for problem; Death Certification. Medications: Penicillin V Potassium 250 MG; Cisplatin 50 MG Injection; PACLitaxel 100 MG Injection; Acetaminophen 160 MG. Procedures: Documentation of current medications; Plain chest X-ray (procedure); Computed tomography of chest and abdomen; Sputum microscopy (procedure); Magnetic resonance imaging for measurement of brain volume (procedure); Combined chemotherapy and radiation therapy (procedure); Measurement of respiratory function (procedure). Observations: Body Height: 180.86 cm; Body Weight: 127.84 kg; Body Mass Index: 39.08 kg/m2; Systolic Blood Pressure: 114.0 mmHg; Diastolic Blood Pressure: 79.0 mmHg; Oral temperature: 37.0 Cel; Body Weight: 129.41 kg; Body Mass Index: 39.57 kg/m2; Systolic Blood Pressure: 110.0 mmHg; Diastolic Blood Pressure: 85.0 mmHg; Total Cholesterol: 197.0 mg/dL; Triglycerides: 120.0 mg/dL; Low Density Lipoprotein Cholesterol: 101.0 mg/dL; High Density Lipoprotein Cholesterol: 72.0 mg/dL; Non-small cell lung cancer (disorder); Systolic Blood Pressure: 139.0 mmHg; Diastolic Blood Pressure: 86.0 mmHg. Immunizations: Influenza seasonal injectable preservative free; Td (adult) preservative free."
diabetes,zero_shot,test,79,d85cf909-1a1c-48ec-86cf-27e15d78d847,1,1,1,0.98,"The patient is prescribed multiple types of insulin (Humulin and Humalog), which strongly indicates a history of diagnosed diabetes requiring ongoing management.","[""insulin human isophane"", ""Regular Insulin Human"", ""Insulin Lispro""]",,"{
  ""label"": 1,
  ""confidence"": 0.98,
  ""reason"": ""The patient is prescribed multiple types of insulin (Humulin and Humalog), which strongly indicates a history of diagnosed diabetes requiring ongoing management."",
  ""evidence"": [
    ""insulin human isophane"",
    ""Regular Insulin Human"",
    ""Insulin Lispro""
  ]
}","Demographics: born 1965-08-04, gender F, race asian, ethnicity chinese. Encounters: Outpatient Encounter; Encounter for symptom; Encounter for 'check-up'. Medications: Penicillin V Potassium 250 MG; insulin human isophane 70 UNT/ML / Regular Insulin Human 30 UNT/ML Injectable Suspension [Humulin]; Insulin Lispro 100 UNT/ML Injectable Solution [Humalog]; Amoxicillin 250 MG / Clavulanate 125 MG [Augmentin]; Acetaminophen 160 MG. Procedures: Documentation of current medications; Measurement of respiratory function (procedure); Colonoscopy. Observations: Hemoglobin A1c/Hemoglobin.total in Blood: 5.9 %; Body Height: 165.51 cm; Body Weight: 96.98 kg; Body Mass Index: 35.4 kg/m2; Systolic Blood Pressure: 200.0 mmHg; Diastolic Blood Pressure: 115.0 mmHg; Glucose: 104.0 mg/dL; Urea Nitrogen: 16.0 mg/dL; Creatinine: 1.0 mg/dL; Calcium: 9.07 mg/dL; Sodium: 137.0 mmol/L; Potassium: 5.05 mmol/L; Chloride: 103.0 mmol/L; Carbon Dioxide: 22.0 mmol/L; Total Cholesterol: 227.0 mg/dL; Triglycerides: 169.0 mg/dL; Low Density Lipoprotein Cholesterol: 142.0 mg/dL; High Density Lipoprotein Cholesterol: 51.0 mg/dL; Microalbumin Creatine Ratio: 46.0 mg/g; Estimated Glomerular Filtration Rate: 60.0 mL/min/{1.73_m2}; Hemoglobin A1c/Hemoglobin.total in Blood: 3.3 %; Body Weight: 101.79 kg; Body Mass Index: 37.16 kg/m2; Systolic Blood Pressure: 155.0 mmHg; Diastolic Blood Pressure: 103.0 mmHg; Glucose: 98.0 mg/dL; Urea Nitrogen: 8.0 mg/dL; Calcium: 8.59 mg/dL; Sodium: 142.0 mmol/L; Potassium: 4.86 mmol/L; Chloride: 109.0 mmol/L; Carbon Dioxide: 29.0 mmol/L; Total Cholesterol: 198.0 mg/dL; Triglycerides: 120.0 mg/dL; Low Density Lipoprotein Cholesterol: 102.0 mg/dL; High Density Lipoprotein Cholesterol: 72.0 mg/dL; Microalbumin Creatine Ratio: 131.0 mg/g; Hemoglobin A1c/Hemoglobin.total in Blood: 3.6 %; Body Weight: 104.91 kg; Body Mass Index: 38.29 kg/m2. Immunizations: Influenza seasonal injectable preservative free; Td (adult) preservative free."
diabetes,zero_shot,test,80,872f25b8-3ed8-479c-9e09-f18827e92eab,0,0,1,0.8,"The patient's records do not contain any specific diagnostic information (e.g., HbA1c, fasting glucose, or diagnosis) to confirm a diabetes mellitus diagnosis.","[""Body Mass Index: 29.5 kg/m2"", ""Systolic Blood Pressure: 105.0 mmHg""]",,"{""label"": 0, ""confidence"": 0.8, ""reason"": ""The patient's records do not contain any specific diagnostic information (e.g., HbA1c, fasting glucose, or diagnosis) to confirm a diabetes mellitus diagnosis."", ""evidence"": [""Body Mass Index: 29.5 kg/m2"", ""Systolic Blood Pressure: 105.0 mmHg""]}","Demographics: born 2004-02-29, gender F, race hispanic, ethnicity central_american. Encounters: Outpatient Encounter; Encounter for symptom. Medications: Acetaminophen 160 MG. Procedures: Documentation of current medications; Sputum examination (procedure). Observations: Body Height: 119.59 cm; Body Weight: 32.58 kg; Body Mass Index: 22.78 kg/m2; Systolic Blood Pressure: 108.0 mmHg; Diastolic Blood Pressure: 73.0 mmHg; Body Height: 125.72 cm; Body Weight: 37.61 kg; Body Mass Index: 23.8 kg/m2; Systolic Blood Pressure: 110.0 mmHg; Diastolic Blood Pressure: 87.0 mmHg; Body Height: 131.07 cm; Body Weight: 43.51 kg; Body Mass Index: 25.33 kg/m2; Systolic Blood Pressure: 104.0 mmHg; Diastolic Blood Pressure: 81.0 mmHg; Body Height: 135.6 cm; Body Weight: 49.66 kg; Body Mass Index: 27.01 kg/m2; Systolic Blood Pressure: 111.0 mmHg; Diastolic Blood Pressure: 76.0 mmHg; Body Height: 140.66 cm; Body Weight: 56.27 kg; Body Mass Index: 28.44 kg/m2; Systolic Blood Pressure: 128.0 mmHg; Diastolic Blood Pressure: 88.0 mmHg; Body Height: 147.6 cm; Body Weight: 63.56 kg; Body Mass Index: 29.17 kg/m2; Diastolic Blood Pressure: 72.0 mmHg; Body Height: 153.83 cm; Body Weight: 69.8 kg; Body Mass Index: 29.5 kg/m2; Systolic Blood Pressure: 105.0 mmHg. Immunizations: Influenza seasonal injectable preservative free; meningococcal MCV4P; Tdap; HPV quadrivalent."
diabetes,zero_shot,test,81,159ae387-9dd5-4f29-b1c8-4e01dda5690b,0,0,1,0.95,"The provided text focuses on allergy management and growth metrics; there are no blood glucose levels, HbA1c results, or diagnoses of diabetes.","[""Allergy screening test"", ""Loratadine 5 MG Chewable Tablet"", ""Body Mass Index: 17.64 kg/m2""]",,"{""label"": 0, ""confidence"": 0.95, ""reason"": ""The provided text focuses on allergy management and growth metrics; there are no blood glucose levels, HbA1c results, or diagnoses of diabetes."", ""evidence"": [""Allergy screening test"", ""Loratadine 5 MG Chewable Tablet"", ""Body Mass Index: 17.64 kg/m2""]}","Demographics: born 1999-08-23, gender M, race hispanic, ethnicity central_american. Encounters: Outpatient Encounter; Encounter for problem; Allergic disorder initial assessment; Outpatient procedure; Allergic disorder follow-up assessment; Encounter for symptom. Medications: Loratadine 5 MG Chewable Tablet; 0.3 ML EPINEPHrine 0.5 MG/ML Auto-Injector. Procedures: Documentation of current medications; Allergy screening test; Subcutaneous immunotherapy. Observations: Body Height: 139.26 cm; Body Weight: 30.9 kg; Body Mass Index: 15.93 kg/m2; Systolic Blood Pressure: 133.0 mmHg; Diastolic Blood Pressure: 76.0 mmHg; Body Height: 144.44 cm; Body Weight: 34.6 kg; Body Mass Index: 16.58 kg/m2; Systolic Blood Pressure: 105.0 mmHg; Diastolic Blood Pressure: 74.0 mmHg; Body Height: 150.43 cm; Body Weight: 38.53 kg; Body Mass Index: 17.02 kg/m2; Systolic Blood Pressure: 109.0 mmHg; Diastolic Blood Pressure: 70.0 mmHg; Peanut IgE Ab in Serum: 0.16 kU/L; Walnut IgE Ab in Serum: 0.01 kU/L; Codfish IgE Ab in Serum: 0.03 kU/L; Shrimp IgE Ab in Serum: 75.76 kU/L; Wheat IgE Ab in Serum: 0.17 kU/L; Egg white IgE Ab in Serum: 0.25 kU/L; Soybean IgE Ab in Serum: 0.02 kU/L; Cow milk IgE Ab in Serum: 0.09 kU/L; White oak IgE Ab in Serum: 0.19 kU/L; Common Ragweed IgE Ab in Serum: 0.08 kU/L; Cat dander IgE Ab in Serum: 0.35 kU/L; American house dust mite IgE Ab in Serum: 0.07 kU/L; Cladosporium herbarum IgE Ab in Serum: 0.08 kU/L; Honey bee IgE Ab in Serum: 0.08 kU/L; Latex IgE Ab in Serum: 0.25 kU/L; Body Height: 156.78 cm; Body Weight: 42.47 kg; Body Mass Index: 17.28 kg/m2; Systolic Blood Pressure: 106.0 mmHg; Diastolic Blood Pressure: 78.0 mmHg; Body Height: 163.24 cm; Body Weight: 47.0 kg; Body Mass Index: 17.64 kg/m2; Systolic Blood Pressure: 108.0 mmHg; Diastolic Blood Pressure: 71.0 mmHg. Allergies: Shellfish allergy. Immunizations: Influenza seasonal injectable preservative free; meningococcal MCV4P; Tdap; HPV quadrivalent."
diabetes,zero_shot,test,82,7d3ee169-b1c4-44db-9a41-1128d05382ec,1,1,1,0.98,"The patient has multiple indicators of diabetes, including an elevated Hemoglobin A1c (7.7%), consistently high glucose readings (e.g., 158.0 mg/dL), and is currently prescribed Metformin hydrochloride.","[""Hemoglobin A1c: 7.7 %"", ""Glucose: 158.0 mg/dL"", ""Medications: Metformin hydrochloride""]",,"{
  ""label"": 1,
  ""confidence"": 0.98,
  ""reason"": ""The patient has multiple indicators of diabetes, including an elevated Hemoglobin A1c (7.7%), consistently high glucose readings (e.g., 158.0 mg/dL), and is currently prescribed Metformin hydrochloride."",
  ""evidence"": [
    ""Hemoglobin A1c: 7.7 %"",
    ""Glucose: 158.0 mg/dL"",
    ""Medications: Metformin hydrochloride""
  ]
}","Demographics: born 1956-12-26, gender M, race white, ethnicity french_canadian. Encounters: Outpatient Encounter; Encounter for symptom. Medications: 24 HR Metformin hydrochloride 500 MG Extended Release Oral Tablet; Acetaminophen 160 MG. Procedures: Documentation of current medications; Sputum examination (procedure). Observations: Hemoglobin A1c/Hemoglobin.total in Blood: 7.7 %; Body Height: 179.34 cm; Body Weight: 118.37 kg; Body Mass Index: 36.8 kg/m2; Systolic Blood Pressure: 100.0 mmHg; Diastolic Blood Pressure: 77.0 mmHg; Glucose: 158.0 mg/dL; Urea Nitrogen: 17.0 mg/dL; Creatinine: 1.0 mg/dL; Calcium: 8.59 mg/dL; Sodium: 138.0 mmol/L; Potassium: 4.43 mmol/L; Chloride: 110.0 mmol/L; Carbon Dioxide: 20.0 mmol/L; Total Cholesterol: 245.0 mg/dL; Triglycerides: 436.0 mg/dL; Low Density Lipoprotein Cholesterol: 134.0 mg/dL; High Density Lipoprotein Cholesterol: 23.0 mg/dL; Microalbumin Creatine Ratio: 2.0 mg/g; Estimated Glomerular Filtration Rate: 60.0 mL/min/{1.73_m2}; Systolic Blood Pressure: 117.0 mmHg; Diastolic Blood Pressure: 81.0 mmHg; Glucose: 154.0 mg/dL; Urea Nitrogen: 14.0 mg/dL; Calcium: 9.41 mg/dL; Sodium: 144.0 mmol/L; Potassium: 4.91 mmol/L; Chloride: 105.0 mmol/L; Carbon Dioxide: 26.0 mmol/L; Total Cholesterol: 242.0 mg/dL; Triglycerides: 293.0 mg/dL; Low Density Lipoprotein Cholesterol: 153.0 mg/dL; High Density Lipoprotein Cholesterol: 30.0 mg/dL; Microalbumin Creatine Ratio: 4.0 mg/g; Diastolic Blood Pressure: 88.0 mmHg; Glucose: 145.0 mg/dL; Urea Nitrogen: 8.0 mg/dL; Calcium: 9.79 mg/dL; Sodium: 139.0 mmol/L; Potassium: 4.16 mmol/L. Immunizations: Influenza seasonal injectable preservative free."
diabetes,zero_shot,test,83,5e7f9d57-54a6-4fa0-8795-ceeafc0cf768,1,1,1,0.98,"The patient has multiple indicators of diabetes, including elevated Hemoglobin A1c levels (7.5% and 7.8%), obesity (BMI > 36), and is currently prescribed both Metformin and insulin, indicating established management for the condition.","[""Hemoglobin A1c/Hemoglobin.total in Blood: 7.5 %"", ""Hemoglobin A1c/Hemoglobin.total in Blood: 7.8 %"", ""Medications: 24 HR Metformin hydrochloride...; insulin human isophane...""]",,"{
  ""label"": 1,
  ""confidence"": 0.98,
  ""reason"": ""The patient has multiple indicators of diabetes, including elevated Hemoglobin A1c levels (7.5% and 7.8%), obesity (BMI > 36), and is currently prescribed both Metformin and insulin, indicating established management for the condition."",
  ""evidence"": [
    ""Hemoglobin A1c/Hemoglobin.total in Blood: 7.5 %"",
    ""Hemoglobin A1c/Hemoglobin.total in Blood: 7.8 %"",
    ""Medications: 24 HR Metformin hydrochloride...; insulin human isophane...""
  ]
}","Demographics: born 1962-10-29, gender M, race white, ethnicity italian. Encounters: Outpatient Encounter; Encounter for symptom; Encounter for 'check-up'. Medications: 24 HR Metformin hydrochloride 500 MG Extended Release Oral Tablet; Acetaminophen 160 MG; Dextromethorphan Hydrobromide 1 MG/ML; insulin human isophane 70 UNT/ML / Regular Insulin Human 30 UNT/ML Injectable Suspension [Humulin]. Procedures: Colonoscopy; Documentation of current medications. Observations: Hemoglobin A1c/Hemoglobin.total in Blood: 7.5 %; Body Height: 179.61 cm; Body Weight: 116.35 kg; Body Mass Index: 36.06 kg/m2; Systolic Blood Pressure: 137.0 mmHg; Diastolic Blood Pressure: 74.0 mmHg; Glucose: 107.0 mg/dL; Urea Nitrogen: 14.0 mg/dL; Creatinine: 1.0 mg/dL; Calcium: 10.12 mg/dL; Sodium: 140.0 mmol/L; Potassium: 4.99 mmol/L; Chloride: 104.0 mmol/L; Carbon Dioxide: 20.0 mmol/L; Total Cholesterol: 229.0 mg/dL; Triglycerides: 188.0 mg/dL; Low Density Lipoprotein Cholesterol: 140.0 mg/dL; High Density Lipoprotein Cholesterol: 51.0 mg/dL; Microalbumin Creatine Ratio: 7.0 mg/g; Estimated Glomerular Filtration Rate: 60.0 mL/min/{1.73_m2}; Hemoglobin A1c/Hemoglobin.total in Blood: 7.8 %; Body Weight: 119.53 kg; Body Mass Index: 37.05 kg/m2; Systolic Blood Pressure: 138.0 mmHg; Diastolic Blood Pressure: 84.0 mmHg; Glucose: 108.0 mg/dL; Urea Nitrogen: 19.0 mg/dL; Calcium: 9.64 mg/dL; Sodium: 139.0 mmol/L; Potassium: 5.05 mmol/L; Chloride: 101.0 mmol/L; Carbon Dioxide: 24.0 mmol/L; Total Cholesterol: 215.0 mg/dL; Triglycerides: 159.0 mg/dL; Low Density Lipoprotein Cholesterol: 128.0 mg/dL; High Density Lipoprotein Cholesterol: 55.0 mg/dL; Microalbumin Creatine Ratio: 1.0 mg/g; Systolic Blood Pressure: 119.0 mmHg; Diastolic Blood Pressure: 77.0 mmHg; Glucose: 135.0 mg/dL. Immunizations: Influenza seasonal injectable preservative free; Td (adult) preservative free."
diabetes,zero_shot,test,84,7b1b53be-9be6-4d86-a975-a9be16625d24,1,1,1,0.99,"The patient is on multiple medications for diabetes (Metformin and Insulin) and has significantly elevated laboratory markers, including an HbA1c of 7.8% and several readings of hyperglycemia.","[""24 HR Metformin hydrochloride"", ""insulin human isophane / Regular Insulin Human"", ""Hemoglobin A1c/Hemoglobin.total in Blood: 7.8 %"", ""Glucose: 168.0 mg/dL""]",,"{
  ""label"": 1,
  ""confidence"": 0.99,
  ""reason"": ""The patient is on multiple medications for diabetes (Metformin and Insulin) and has significantly elevated laboratory markers, including an HbA1c of 7.8% and several readings of hyperglycemia."",
  ""evidence"": [
    ""24 HR Metformin hydrochloride"",
    ""insulin human isophane / Regular Insulin Human"",
    ""Hemoglobin A1c/Hemoglobin.total in Blood: 7.8 %"",
    ""Glucose: 168.0 mg/dL""
  ]
}","Demographics: born 1953-03-05, gender F, race white, ethnicity irish. Encounters: Outpatient Encounter; Encounter for symptom; Encounter for 'check-up'. Medications: Penicillin V Potassium 250 MG; 24 HR Metformin hydrochloride 500 MG Extended Release Oral Tablet; insulin human isophane 70 UNT/ML / Regular Insulin Human 30 UNT/ML Injectable Suspension [Humulin]; Amoxicillin 250 MG / Clavulanate 125 MG [Augmentin]. Procedures: Documentation of current medications; Colonoscopy. Observations: Hemoglobin A1c/Hemoglobin.total in Blood: 7.8 %; Body Height: 170.17 cm; Body Weight: 107.5 kg; Body Mass Index: 37.12 kg/m2; Systolic Blood Pressure: 194.0 mmHg; Diastolic Blood Pressure: 95.0 mmHg; Glucose: 168.0 mg/dL; Urea Nitrogen: 16.0 mg/dL; Creatinine: 1.0 mg/dL; Calcium: 9.42 mg/dL; Sodium: 144.0 mmol/L; Potassium: 5.13 mmol/L; Chloride: 101.0 mmol/L; Carbon Dioxide: 29.0 mmol/L; Total Cholesterol: 241.0 mg/dL; Triglycerides: 236.0 mg/dL; Low Density Lipoprotein Cholesterol: 153.0 mg/dL; High Density Lipoprotein Cholesterol: 40.0 mg/dL; Microalbumin Creatine Ratio: 16.0 mg/g; Estimated Glomerular Filtration Rate: 60.0 mL/min/{1.73_m2}; Systolic Blood Pressure: 156.0 mmHg; Diastolic Blood Pressure: 98.0 mmHg; Glucose: 161.0 mg/dL; Urea Nitrogen: 17.0 mg/dL; Calcium: 9.07 mg/dL; Sodium: 143.0 mmol/L; Chloride: 104.0 mmol/L; Total Cholesterol: 259.0 mg/dL; Triglycerides: 270.0 mg/dL; Low Density Lipoprotein Cholesterol: 169.0 mg/dL; High Density Lipoprotein Cholesterol: 36.0 mg/dL; Microalbumin Creatine Ratio: 0.0 mg/g; Hemoglobin A1c/Hemoglobin.total in Blood: 4.8 %; Systolic Blood Pressure: 158.0 mmHg; Diastolic Blood Pressure: 99.0 mmHg; Glucose: 180.0 mg/dL; Urea Nitrogen: 14.0 mg/dL; Calcium: 9.26 mg/dL; Sodium: 142.0 mmol/L; Potassium: 3.82 mmol/L. Immunizations: Influenza seasonal injectable preservative free; zoster; Td (adult) preservative free."
diabetes,zero_shot,test,85,c77e70ae-a82a-4524-b9c8-12f17fa9c919,0,0,1,0.7,"The patient record does not contain any diagnostic values for blood glucose (e.g., fasting plasma glucose or HbA1c), nor is there an explicit diagnosis of diabetes mellitus.","[""No mention of elevated glucose levels"", ""Multiple BMI measurements ranging from 26.14 to 29.44 kg/m2 (risk factor)"", ""Systolic Blood Pressure readings up to 190 mmHg (hypertension noted)""]",,"{
  ""label"": 0,
  ""confidence"": 0.7,
  ""reason"": ""The patient record does not contain any diagnostic values for blood glucose (e.g., fasting plasma glucose or HbA1c), nor is there an explicit diagnosis of diabetes mellitus."",
  ""evidence"": [
    ""No mention of elevated glucose levels"",
    ""Multiple BMI measurements ranging from 26.14 to 29.44 kg/m2 (risk factor)"",
    ""Systolic Blood Pressure readings up to 190 mmHg (hypertension noted)""
  ]
}","Demographics: born 1939-07-23, gender F, race white, ethnicity french. Encounters: Encounter for 'check-up'; Outpatient Encounter; Encounter for symptom. Medications: Penicillin V Potassium 250 MG; Acetaminophen 160 MG. Procedures: Colonoscopy; Sputum examination (procedure); Documentation of current medications; Fecal occult blood test; Rectal polypectomy; Measurement of respiratory function (procedure). Observations: Body Height: 168.47 cm; Body Weight: 83.57 kg; Body Mass Index: 29.44 kg/m2; Systolic Blood Pressure: 150.0 mmHg; Diastolic Blood Pressure: 91.0 mmHg; Estimated Glomerular Filtration Rate: 60.0 mL/min/{1.73_m2}; Body Weight: 82.44 kg; Body Mass Index: 29.04 kg/m2; Systolic Blood Pressure: 151.0 mmHg; Diastolic Blood Pressure: 108.0 mmHg; Total Cholesterol: 190.0 mg/dL; Triglycerides: 124.0 mg/dL; Low Density Lipoprotein Cholesterol: 105.0 mg/dL; High Density Lipoprotein Cholesterol: 60.0 mg/dL; Body Weight: 80.44 kg; Body Mass Index: 28.34 kg/m2; Systolic Blood Pressure: 179.0 mmHg; Body Weight: 79.01 kg; Body Mass Index: 27.84 kg/m2; Systolic Blood Pressure: 157.0 mmHg; Diastolic Blood Pressure: 112.0 mmHg; Body Weight: 77.24 kg; Body Mass Index: 27.21 kg/m2; Systolic Blood Pressure: 149.0 mmHg; Diastolic Blood Pressure: 93.0 mmHg; Polyp size greatest dimension by CAP cancer protocols: 3.0 mm; Hemoglobin.gastrointestinal [Presence] in Stool by Immunologic method: 16.0 ng/mL; Body Weight: 75.74 kg; Body Mass Index: 26.69 kg/m2; Systolic Blood Pressure: 143.0 mmHg; Diastolic Blood Pressure: 103.0 mmHg; Total Cholesterol: 182.0 mg/dL; Triglycerides: 100.0 mg/dL; Low Density Lipoprotein Cholesterol: 91.0 mg/dL; High Density Lipoprotein Cholesterol: 71.0 mg/dL; Body Weight: 74.18 kg; Body Mass Index: 26.14 kg/m2; Systolic Blood Pressure: 190.0 mmHg; Diastolic Blood Pressure: 100.0 mmHg. Immunizations: Influenza seasonal injectable preservative free; Td (adult) preservative free."
diabetes,zero_shot,test,86,e77a426f-b10e-46ad-b46a-8c82a0a1b123,0,0,1,0.75,"The patient exhibits multiple significant risk factors for diabetes, including severe obesity (BMI up to 41.64 kg/m2) and hypertension. However, no diagnostic blood glucose measurements (such as fasting plasma glucose or HbA1c) are provided in the text to confirm a diagnosis.","[""Body Mass Index: 37.35 kg/m2"", ""Body Mass Index: 40.43 kg/m2"", ""Body Mass Index: 41.64 kg/m2"", ""Systolic Blood Pressure: 138.0 mmHg; Diastolic Blood Pressure: 70.0 mmHg""]",,"{
  ""label"": 0,
  ""confidence"": 0.75,
  ""reason"": ""The patient exhibits multiple significant risk factors for diabetes, including severe obesity (BMI up to 41.64 kg/m2) and hypertension. However, no diagnostic blood glucose measurements (such as fasting plasma glucose or HbA1c) are provided in the text to confirm a diagnosis."",
  ""evidence"": [
    ""Body Mass Index: 37.35 kg/m2"",
    ""Body Mass Index: 40.43 kg/m2"",
    ""Body Mass Index: 41.64 kg/m2"",
    ""Systolic Blood Pressure: 138.0 mmHg; Diastolic Blood Pressure: 70.0 mmHg""
  ]
}","Demographics: born 1972-11-03, gender M, race white, ethnicity english. Encounters: Outpatient Encounter; Encounter for symptom. Medications: Nitroglycerin 0.4 MG/ACTUAT [Nitrolingual]; Simvastatin 20 MG Oral Tablet; Amlodipine 5 MG Oral Tablet; Clopidogrel 75 MG Oral Tablet; Naproxen sodium 220 MG [Aleve]; Hydrocortisone 10 MG/ML Topical Cream; Fexofenadine hydrochloride 60 MG Oral Tablet; 0.3 ML EPINEPHrine 0.5 MG/ML Auto-Injector. Procedures: Documentation of current medications. Observations: Body Height: 164.84 cm; Body Weight: 101.49 kg; Body Mass Index: 37.35 kg/m2; Systolic Blood Pressure: 138.0 mmHg; Diastolic Blood Pressure: 70.0 mmHg; Total Cholesterol: 160.0 mg/dL; Triglycerides: 110.0 mg/dL; Low Density Lipoprotein Cholesterol: 66.0 mg/dL; High Density Lipoprotein Cholesterol: 72.0 mg/dL; Body Weight: 106.23 kg; Body Mass Index: 39.1 kg/m2; Diastolic Blood Pressure: 73.0 mmHg; Body Weight: 109.85 kg; Body Mass Index: 40.43 kg/m2; Systolic Blood Pressure: 127.0 mmHg; Diastolic Blood Pressure: 86.0 mmHg; Total Cholesterol: 190.0 mg/dL; Triglycerides: 124.0 mg/dL; Low Density Lipoprotein Cholesterol: 94.0 mg/dL; High Density Lipoprotein Cholesterol: 71.0 mg/dL; Oral temperature: 37.0 Cel; Body Weight: 113.14 kg; Body Mass Index: 41.64 kg/m2; Systolic Blood Pressure: 100.0 mmHg; Diastolic Blood Pressure: 75.0 mmHg. Allergies: Dander (animal) allergy. Immunizations: Influenza seasonal injectable preservative free; Td (adult) preservative free."
diabetes,zero_shot,test,87,ecd962f9-48d2-4ea0-b7cf-e4a4d95dd4e5,1,1,1,0.98,"The patient has multiple indicators of chronic hyperglycemia, including significantly elevated HbA1c levels (8.9% and 9.4%) and is currently prescribed standard medications for diabetes management (Metformin and Liraglutide).","[""Hemoglobin A1c/Hemoglobin.total in Blood: 8.9 %"", ""Hemoglobin A1c/Hemoglobin.total in Blood: 9.4 %"", ""24 HR Metformin hydrochloride 500 MG Extended Release Oral Tablet"", ""3 ML liraglutide 6 MG/ML Pen Injector""]",,"{
  ""label"": 1,
  ""confidence"": 0.98,
  ""reason"": ""The patient has multiple indicators of chronic hyperglycemia, including significantly elevated HbA1c levels (8.9% and 9.4%) and is currently prescribed standard medications for diabetes management (Metformin and Liraglutide)."",
  ""evidence"": [
    ""Hemoglobin A1c/Hemoglobin.total in Blood: 8.9 %"",
    ""Hemoglobin A1c/Hemoglobin.total in Blood: 9.4 %"",
    ""24 HR Metformin hydrochloride 500 MG Extended Release Oral Tablet"",
    ""3 ML liraglutide 6 MG/ML Pen Injector""
  ]
}","Demographics: born 1960-08-10, gender F, race white, ethnicity italian. Encounters: Encounter for 'check-up'; Emergency room admission; Outpatient Encounter; Encounter for symptom; Encounter for problem. Medications: Penicillin V Potassium 250 MG; 24 HR Metformin hydrochloride 500 MG Extended Release Oral Tablet; 3 ML liraglutide 6 MG/ML Pen Injector; Naproxen sodium 220 MG Oral Tablet; Amoxicillin 250 MG / Clavulanate 125 MG [Augmentin]; Naproxen sodium 220 MG [Aleve]. Procedures: Colonoscopy; Documentation of current medications. Observations: Hemoglobin A1c/Hemoglobin.total in Blood: 8.9 %; Body Height: 151.11 cm; Body Weight: 99.76 kg; Body Mass Index: 43.69 kg/m2; Systolic Blood Pressure: 171.0 mmHg; Diastolic Blood Pressure: 111.0 mmHg; Glucose: 149.0 mg/dL; Urea Nitrogen: 16.0 mg/dL; Creatinine: 1.0 mg/dL; Calcium: 8.68 mg/dL; Sodium: 143.0 mmol/L; Potassium: 5.11 mmol/L; Chloride: 109.0 mmol/L; Carbon Dioxide: 22.0 mmol/L; Total Cholesterol: 275.0 mg/dL; Triglycerides: 506.0 mg/dL; Low Density Lipoprotein Cholesterol: 160.0 mg/dL; High Density Lipoprotein Cholesterol: 13.0 mg/dL; Microalbumin Creatine Ratio: 6.0 mg/g; Estimated Glomerular Filtration Rate: 60.0 mL/min/{1.73_m2}; Hemoglobin A1c/Hemoglobin.total in Blood: 9.4 %; Systolic Blood Pressure: 169.0 mmHg; Diastolic Blood Pressure: 117.0 mmHg; Glucose: 131.0 mg/dL; Urea Nitrogen: 10.0 mg/dL; Calcium: 9.52 mg/dL; Sodium: 144.0 mmol/L; Potassium: 4.07 mmol/L; Chloride: 105.0 mmol/L; Carbon Dioxide: 21.0 mmol/L; Total Cholesterol: 244.0 mg/dL; Triglycerides: 297.0 mg/dL; Low Density Lipoprotein Cholesterol: 148.0 mg/dL; High Density Lipoprotein Cholesterol: 36.0 mg/dL; Microalbumin Creatine Ratio: 8.0 mg/g; Systolic Blood Pressure: 161.0 mmHg; Diastolic Blood Pressure: 96.0 mmHg; Glucose: 182.0 mg/dL; Urea Nitrogen: 19.0 mg/dL; Calcium: 8.8 mg/dL. Immunizations: Influenza seasonal injectable preservative free; Td (adult) preservative free."
diabetes,zero_shot,test,88,b1fd9c60-24a2-4bdc-9d22-a79fdd582e59,0,0,1,0.95,"The patient record does not contain any blood glucose measurements or an explicit diagnosis of diabetes, although obesity is noted as a significant risk factor.","[""Body Mass Index: consistently high (38.29 - 39.92 kg/m2)"", ""No mention of blood glucose levels or HbA1c"", ""No diagnosis of diabetes mellitus provided""]",,"{
  ""label"": 0,
  ""confidence"": 0.95,
  ""reason"": ""The patient record does not contain any blood glucose measurements or an explicit diagnosis of diabetes, although obesity is noted as a significant risk factor."",
  ""evidence"": [
    ""Body Mass Index: consistently high (38.29 - 39.92 kg/m2)"",
    ""No mention of blood glucose levels or HbA1c"",
    ""No diagnosis of diabetes mellitus provided""
  ]
}","Demographics: born 1964-10-26, gender M, race white, ethnicity irish. Encounters: Outpatient Encounter; Encounter for symptom. Medications: Penicillin V Potassium 250 MG; Amoxicillin 250 MG / Clavulanate 125 MG [Augmentin]. Procedures: Documentation of current medications. Observations: Body Height: 176.74 cm; Body Weight: 119.61 kg; Body Mass Index: 38.29 kg/m2; Systolic Blood Pressure: 120.0 mmHg; Diastolic Blood Pressure: 73.0 mmHg; Body Weight: 123.3 kg; Body Mass Index: 39.47 kg/m2; Systolic Blood Pressure: 104.0 mmHg; Diastolic Blood Pressure: 75.0 mmHg; Total Cholesterol: 192.0 mg/dL; Triglycerides: 143.0 mg/dL; Low Density Lipoprotein Cholesterol: 89.0 mg/dL; High Density Lipoprotein Cholesterol: 74.0 mg/dL; Body Weight: 124.69 kg; Body Mass Index: 39.92 kg/m2; Systolic Blood Pressure: 101.0 mmHg; Diastolic Blood Pressure: 89.0 mmHg; Systolic Blood Pressure: 112.0 mmHg; Diastolic Blood Pressure: 84.0 mmHg; Diastolic Blood Pressure: 77.0 mmHg; Total Cholesterol: 198.0 mg/dL; Triglycerides: 100.0 mg/dL; Low Density Lipoprotein Cholesterol: 100.0 mg/dL; High Density Lipoprotein Cholesterol: 78.0 mg/dL. Immunizations: Influenza seasonal injectable preservative free; Td (adult) preservative free."
diabetes,zero_shot,test,89,0dc5a588-43d4-42d2-acc6-2ec6b9698c74,1,1,1,0.98,"The patient is actively managed for diabetes, evidenced by the prescription of both Metformin and insulin.","[""24 HR Metformin hydrochloride"", ""insulin human isophane"", ""Regular Insulin Human""]",,"{
  ""label"": 1,
  ""confidence"": 0.98,
  ""reason"": ""The patient is actively managed for diabetes, evidenced by the prescription of both Metformin and insulin."",
  ""evidence"": [
    ""24 HR Metformin hydrochloride"",
    ""insulin human isophane"",
    ""Regular Insulin Human""
  ]
}","Demographics: born 1946-04-13, gender M, race hispanic, ethnicity puerto_rican. Encounters: Outpatient Encounter; Encounter for symptom; Encounter for 'check-up'; Emergency room admission. Medications: Penicillin V Potassium 250 MG; 24 HR Metformin hydrochloride 500 MG Extended Release Oral Tablet; insulin human isophane 70 UNT/ML / Regular Insulin Human 30 UNT/ML Injectable Suspension [Humulin]; Clopidogrel 75 MG Oral Tablet; Simvastatin 20 MG Oral Tablet; Amlodipine 5 MG Oral Tablet; Nitroglycerin 0.4 MG/ACTUAT [Nitrolingual]; Acetaminophen 325 MG / oxyCODONE Hydrochloride 5 MG Oral Tablet; Naproxen sodium 220 MG Oral Tablet. Procedures: Documentation of current medications; Colonoscopy; Fecal occult blood test; Rectal polypectomy; Bone immobilization; Bone density scan (procedure). Observations: Hemoglobin A1c/Hemoglobin.total in Blood: 3.0 %; Body Height: 183.98 cm; Body Weight: 102.18 kg; Body Mass Index: 30.19 kg/m2; Systolic Blood Pressure: 193.0 mmHg; Diastolic Blood Pressure: 103.0 mmHg; Glucose: 70.0 mg/dL; Urea Nitrogen: 20.0 mg/dL; Creatinine: 1.0 mg/dL; Calcium: 9.45 mg/dL; Sodium: 142.0 mmol/L; Potassium: 4.65 mmol/L; Chloride: 109.0 mmol/L; Carbon Dioxide: 23.0 mmol/L; Total Cholesterol: 182.0 mg/dL; Triglycerides: 147.0 mg/dL; Low Density Lipoprotein Cholesterol: 86.0 mg/dL; High Density Lipoprotein Cholesterol: 66.0 mg/dL; Microalbumin Creatine Ratio: 184.0 mg/g; Estimated Glomerular Filtration Rate: 60.0 mL/min/{1.73_m2}; Oral temperature: 38.0 Cel; Hemoglobin A1c/Hemoglobin.total in Blood: 2.9 %; Body Weight: 100.58 kg; Body Mass Index: 29.71 kg/m2; Systolic Blood Pressure: 141.0 mmHg; Diastolic Blood Pressure: 96.0 mmHg; Glucose: 85.0 mg/dL; Urea Nitrogen: 9.0 mg/dL; Calcium: 9.38 mg/dL; Sodium: 139.0 mmol/L; Chloride: 111.0 mmol/L; Carbon Dioxide: 29.0 mmol/L; Total Cholesterol: 162.0 mg/dL; Triglycerides: 134.0 mg/dL; Low Density Lipoprotein Cholesterol: 58.0 mg/dL; High Density Lipoprotein Cholesterol: 77.0 mg/dL; Microalbumin Creatine Ratio: 83.0 mg/g; Polyp size greatest dimension by CAP cancer protocols: 6.0 mm; Hemoglobin.gastrointestinal [Presence] in Stool by Immunologic method: 2.0 ng/mL; Hemoglobin A1c/Hemoglobin.total in Blood: 2.8 %. Immunizations: Influenza seasonal injectable preservative free; Pneumococcal conjugate PCV 13; pneumococcal polysaccharide vaccine 23 valent."
diabetes,zero_shot,test,90,95c7e37c-0c4c-4076-aa5f-d55e61a0b676,1,1,1,0.98,"The patient is prescribed Metformin hydrochloride, a medication used to treat hyperglycemia and manage type 2 diabetes. Furthermore, multiple recorded Hemoglobin A1c levels (6.4%, 6.3%, 6.2%) are elevated, indicating impaired glucose regulation.","[""24 HR Metformin hydrochloride 500 MG Extended Release Oral Tablet"", ""Hemoglobin A1c/Hemoglobin.total in Blood: 6.4 %""]",,"{
  ""label"": 1,
  ""confidence"": 0.98,
  ""reason"": ""The patient is prescribed Metformin hydrochloride, a medication used to treat hyperglycemia and manage type 2 diabetes. Furthermore, multiple recorded Hemoglobin A1c levels (6.4%, 6.3%, 6.2%) are elevated, indicating impaired glucose regulation."",
  ""evidence"": [
    ""24 HR Metformin hydrochloride 500 MG Extended Release Oral Tablet"",
    ""Hemoglobin A1c/Hemoglobin.total in Blood: 6.4 %""
  ]
}","Demographics: born 1935-10-10, gender F, race white, ethnicity irish. Encounters: Encounter for 'check-up'; Emergency room admission; Outpatient Encounter; Encounter for problem; Encounter for symptom. Medications: Penicillin V Potassium 250 MG; 24 HR Metformin hydrochloride 500 MG Extended Release Oral Tablet; Alendronic acid 10 MG [Fosamax]; Naproxen sodium 220 MG Oral Tablet; Fluticasone propionate 0.25 MG/ACTUAT / salmeterol 0.05 MG/ACTUAT [Advair]; Naproxen sodium 220 MG [Aleve]. Procedures: Colonoscopy; Fecal occult blood test; Rectal polypectomy; Spirometry (procedure); Suture open wound. Observations: Polyp size greatest dimension by CAP cancer protocols: 4.0 mm; Hemoglobin.gastrointestinal [Presence] in Stool by Immunologic method: 20.0 ng/mL; Hemoglobin A1c/Hemoglobin.total in Blood: 6.4 %; Body Height: 175.46 cm; Body Weight: 97.6 kg; Body Mass Index: 31.7 kg/m2; Systolic Blood Pressure: 154.0 mmHg; Diastolic Blood Pressure: 115.0 mmHg; Glucose: 107.0 mg/dL; Urea Nitrogen: 11.0 mg/dL; Creatinine: 1.0 mg/dL; Calcium: 9.22 mg/dL; Sodium: 140.0 mmol/L; Potassium: 5.1 mmol/L; Chloride: 109.0 mmol/L; Carbon Dioxide: 26.0 mmol/L; Total Cholesterol: 206.0 mg/dL; Triglycerides: 160.0 mg/dL; Low Density Lipoprotein Cholesterol: 131.0 mg/dL; High Density Lipoprotein Cholesterol: 43.0 mg/dL; Microalbumin Creatine Ratio: 2.0 mg/g; Estimated Glomerular Filtration Rate: 60.0 mL/min/{1.73_m2}; FEV1/​FVC: 54.0 %; Hemoglobin A1c/Hemoglobin.total in Blood: 6.3 %; Body Weight: 96.57 kg; Body Mass Index: 31.36 kg/m2; Systolic Blood Pressure: 159.0 mmHg; Diastolic Blood Pressure: 107.0 mmHg; Glucose: 86.0 mg/dL; Urea Nitrogen: 19.0 mg/dL; Calcium: 9.99 mg/dL; Sodium: 137.0 mmol/L; Carbon Dioxide: 24.0 mmol/L; Total Cholesterol: 184.0 mg/dL; Triglycerides: 125.0 mg/dL; Low Density Lipoprotein Cholesterol: 79.0 mg/dL; High Density Lipoprotein Cholesterol: 80.0 mg/dL; Microalbumin Creatine Ratio: 4.0 mg/g; Hemoglobin A1c/Hemoglobin.total in Blood: 6.2 %; Body Weight: 95.01 kg. Allergies: Shellfish allergy. Immunizations: Influenza seasonal injectable preservative free; Td (adult) preservative free."
diabetes,zero_shot,test,91,c6d50d36-b615-4467-a39d-c0eb37e362a4,0,0,1,0.95,"The provided text does not contain any specific lab results (e.g., HbA1c, fasting glucose) or clinical findings suggestive of diabetes.","[""No mention of blood sugar levels"", ""No diagnosis of diabetes""]",,"{""label"": 0, ""confidence"": 0.95, ""reason"": ""The provided text does not contain any specific lab results (e.g., HbA1c, fasting glucose) or clinical findings suggestive of diabetes."", ""evidence"": [""No mention of blood sugar levels"", ""No diagnosis of diabetes""]}","Demographics: born 1994-04-16, gender M, race white, ethnicity american. Encounters: Outpatient Encounter; Encounter for symptom. Medications: Atomoxetine 100 MG [Strattera]. Observations: Body Height: 173.78 cm; Body Weight: 46.76 kg; Body Mass Index: 15.48 kg/m2; Systolic Blood Pressure: 130.0 mmHg; Diastolic Blood Pressure: 75.0 mmHg; Body Height: 175.05 cm; Body Weight: 49.53 kg; Body Mass Index: 16.16 kg/m2; Systolic Blood Pressure: 119.0 mmHg; Diastolic Blood Pressure: 71.0 mmHg; Body Height: 175.94 cm; Body Weight: 52.14 kg; Body Mass Index: 16.84 kg/m2; Systolic Blood Pressure: 109.0 mmHg; Diastolic Blood Pressure: 79.0 mmHg; Body Height: 176.34 cm; Body Weight: 53.59 kg; Body Mass Index: 17.23 kg/m2; Systolic Blood Pressure: 125.0 mmHg; Body Height: 176.47 cm; Body Weight: 55.62 kg; Body Mass Index: 17.86 kg/m2; Systolic Blood Pressure: 115.0 mmHg; Diastolic Blood Pressure: 87.0 mmHg. Immunizations: Influenza seasonal injectable preservative free; meningococcal MCV4P."
diabetes,zero_shot,test,92,8e3fa787-0195-428f-99aa-3c842d2cc383,0,0,1,0.65,"The provided text does not contain specific diagnostic markers or lab results (like HbA1c, fasting glucose, or random plasma glucose) to confirm a diagnosis of diabetes.","[""Body Mass Index: 32.37 kg/m2"", ""Total Cholesterol: 186.0 mg/dL""]",,"{""label"": 0, ""confidence"": 0.65, ""reason"": ""The provided text does not contain specific diagnostic markers or lab results (like HbA1c, fasting glucose, or random plasma glucose) to confirm a diagnosis of diabetes."", ""evidence"": [""Body Mass Index: 32.37 kg/m2"", ""Total Cholesterol: 186.0 mg/dL""]}","Demographics: born 1983-04-19, gender M, race white, ethnicity irish. Encounters: Encounter for symptom; Outpatient Encounter. Medications: Fluticasone propionate 0.25 MG/ACTUAT / salmeterol 0.05 MG/ACTUAT [Advair]. Procedures: Spirometry (procedure); Pulmonary rehabilitation (regime/therapy); Documentation of current medications. Observations: Oral temperature: 37.0 Cel; FEV1/​FVC: 22.0 %; Body Height: 172.61 cm; Body Weight: 92.37 kg; Body Mass Index: 31.0 kg/m2; Systolic Blood Pressure: 109.0 mmHg; Diastolic Blood Pressure: 73.0 mmHg; FEV1/​FVC: 12.0 %; Body Weight: 96.43 kg; Body Mass Index: 32.37 kg/m2; Systolic Blood Pressure: 135.0 mmHg; Diastolic Blood Pressure: 76.0 mmHg; Total Cholesterol: 186.0 mg/dL; Triglycerides: 133.0 mg/dL; Low Density Lipoprotein Cholesterol: 89.0 mg/dL; High Density Lipoprotein Cholesterol: 70.0 mg/dL. Immunizations: Influenza seasonal injectable preservative free; Td (adult) preservative free."
diabetes,zero_shot,test,93,096aeb73-7f01-49f5-841e-5c7766f6dca9,1,1,1,1.0,"The patient has multiple indicators of diabetes, including significantly elevated Hemoglobin A1c levels (8.3% and 8.5%) and is currently prescribed Metformin hydrochloride, a medication used to treat hyperglycemia.","[""Hemoglobin A1c/Hemoglobin.total in Blood: 8.3 %"", ""Hemoglobin A1c/Hemoglobin.total in Blood: 8.5 %"", ""24 HR Metformin hydrochloride 500 MG Extended Release Oral Tablet""]",,"{""label"": 1, ""confidence"": 1.0, ""reason"": ""The patient has multiple indicators of diabetes, including significantly elevated Hemoglobin A1c levels (8.3% and 8.5%) and is currently prescribed Metformin hydrochloride, a medication used to treat hyperglycemia."", ""evidence"": [""Hemoglobin A1c/Hemoglobin.total in Blood: 8.3 %"", ""Hemoglobin A1c/Hemoglobin.total in Blood: 8.5 %"", ""24 HR Metformin hydrochloride 500 MG Extended Release Oral Tablet""]}","Demographics: born 1962-10-16, gender F, race white, ethnicity swedish. Encounters: Outpatient Encounter; Encounter for 'check-up'. Medications: Penicillin V Potassium 250 MG; Penicillin V Potassium 500 MG; 24 HR Metformin hydrochloride 500 MG Extended Release Oral Tablet. Procedures: Documentation of current medications; Colonoscopy. Observations: Hemoglobin A1c/Hemoglobin.total in Blood: 8.3 %; Body Height: 156.76 cm; Body Weight: 96.68 kg; Body Mass Index: 39.35 kg/m2; Systolic Blood Pressure: 140.0 mmHg; Diastolic Blood Pressure: 120.0 mmHg; Glucose: 101.0 mg/dL; Urea Nitrogen: 13.0 mg/dL; Creatinine: 1.0 mg/dL; Calcium: 9.55 mg/dL; Sodium: 143.0 mmol/L; Potassium: 4.18 mmol/L; Chloride: 106.0 mmol/L; Carbon Dioxide: 28.0 mmol/L; Total Cholesterol: 219.0 mg/dL; Triglycerides: 155.0 mg/dL; Low Density Lipoprotein Cholesterol: 133.0 mg/dL; High Density Lipoprotein Cholesterol: 55.0 mg/dL; Microalbumin Creatine Ratio: 4.0 mg/g; Estimated Glomerular Filtration Rate: 60.0 mL/min/{1.73_m2}; Hemoglobin A1c/Hemoglobin.total in Blood: 8.5 %; Body Weight: 98.33 kg; Body Mass Index: 40.02 kg/m2; Systolic Blood Pressure: 152.0 mmHg; Diastolic Blood Pressure: 115.0 mmHg; Glucose: 142.0 mg/dL; Urea Nitrogen: 8.0 mg/dL; Calcium: 10.04 mg/dL; Sodium: 136.0 mmol/L; Potassium: 3.92 mmol/L; Chloride: 101.0 mmol/L; Carbon Dioxide: 23.0 mmol/L; Total Cholesterol: 243.0 mg/dL; Triglycerides: 482.0 mg/dL; Low Density Lipoprotein Cholesterol: 113.0 mg/dL; High Density Lipoprotein Cholesterol: 33.0 mg/dL; Microalbumin Creatine Ratio: 5.0 mg/g; Systolic Blood Pressure: 189.0 mmHg; Diastolic Blood Pressure: 105.0 mmHg; Glucose: 156.0 mg/dL. Immunizations: Influenza seasonal injectable preservative free; Td (adult) preservative free."
diabetes,zero_shot,test,94,585c4898-555e-417d-8ebe-494c7eb969f9,0,1,0,0.9,"The patient presents with severe obesity and hypertension, which constitute a strong metabolic syndrome profile highly indicative of Type 2 Diabetes Mellitus.","[""Body Mass Index: 42.41 kg/m2"", ""Systolic Blood Pressure: 163.0 mmHg"", ""Obesity""]",,"{
  ""label"": 1,
  ""confidence"": 0.9,
  ""reason"": ""The patient presents with severe obesity and hypertension, which constitute a strong metabolic syndrome profile highly indicative of Type 2 Diabetes Mellitus."",
  ""evidence"": [
    ""Body Mass Index: 42.41 kg/m2"",
    ""Systolic Blood Pressure: 163.0 mmHg"",
    ""Obesity""
  ]
}","Demographics: born 1976-06-24, gender F, race white, ethnicity german. Encounters: Outpatient Encounter. Procedures: Documentation of current medications. Observations: Body Height: 164.22 cm; Body Weight: 114.37 kg; Body Mass Index: 42.41 kg/m2; Systolic Blood Pressure: 163.0 mmHg; Diastolic Blood Pressure: 93.0 mmHg; Total Cholesterol: 178.0 mg/dL; Triglycerides: 148.0 mg/dL; Low Density Lipoprotein Cholesterol: 82.0 mg/dL; High Density Lipoprotein Cholesterol: 66.0 mg/dL; Estimated Glomerular Filtration Rate: 60.0 mL/min/{1.73_m2}; Body Weight: 119.07 kg; Body Mass Index: 44.15 kg/m2; Systolic Blood Pressure: 175.0 mmHg; Diastolic Blood Pressure: 115.0 mmHg; Total Cholesterol: 170.0 mg/dL; Triglycerides: 113.0 mg/dL; Low Density Lipoprotein Cholesterol: 76.0 mg/dL; High Density Lipoprotein Cholesterol: 71.0 mg/dL. Immunizations: Influenza seasonal injectable preservative free."
diabetes,zero_shot,test,95,137e5c8d-9790-4f75-bd47-963210652aef,1,1,1,0.9,"The patient has an elevated Hemoglobin A1c (6.6%), which is indicative of impaired glucose regulation and suggests a diagnosis of diabetes or prediabetes.","[""Hemoglobin A1c/Hemoglobin.total in Blood: 6.6 %"", ""Glucose: 110.0 mg/dL""]",,"{
  ""label"": 1,
  ""confidence"": 0.9,
  ""reason"": ""The patient has an elevated Hemoglobin A1c (6.6%), which is indicative of impaired glucose regulation and suggests a diagnosis of diabetes or prediabetes."",
  ""evidence"": [
    ""Hemoglobin A1c/Hemoglobin.total in Blood: 6.6 %"",
    ""Glucose: 110.0 mg/dL""
  ]
}","Demographics: born 1990-02-27, gender F, race white, ethnicity irish. Encounters: Emergency room admission; Non-urgent orthopedic admission; Outpatient Encounter; Encounter for 'check-up'. Medications: Penicillin V Potassium 250 MG; Jolivette 28 Day Pack; Acetaminophen 325 MG / HYDROcodone Bitartrate 7.5 MG Oral Tablet; Acetaminophen 325 MG Oral Tablet. Procedures: Surgical manipulation of joint of knee; Documentation of current medications. Observations: Hemoglobin A1c/Hemoglobin.total in Blood: 6.6 %; Body Height: 166.88 cm; Body Weight: 58.52 kg; Body Mass Index: 21.01 kg/m2; Systolic Blood Pressure: 138.0 mmHg; Diastolic Blood Pressure: 76.0 mmHg; Glucose: 65.0 mg/dL; Urea Nitrogen: 11.0 mg/dL; Creatinine: 1.0 mg/dL; Calcium: 10.17 mg/dL; Sodium: 137.0 mmol/L; Potassium: 5.07 mmol/L; Chloride: 109.0 mmol/L; Carbon Dioxide: 25.0 mmol/L; Total Cholesterol: 167.0 mg/dL; Triglycerides: 131.0 mg/dL; Low Density Lipoprotein Cholesterol: 72.0 mg/dL; High Density Lipoprotein Cholesterol: 68.0 mg/dL; Microalbumin Creatine Ratio: 15.0 mg/g; Estimated Glomerular Filtration Rate: 60.0 mL/min/{1.73_m2}; Body Weight: 63.02 kg; Body Mass Index: 22.63 kg/m2; Systolic Blood Pressure: 122.0 mmHg; Diastolic Blood Pressure: 78.0 mmHg; Glucose: 110.0 mg/dL; Urea Nitrogen: 7.0 mg/dL; Calcium: 9.64 mg/dL; Sodium: 139.0 mmol/L; Potassium: 3.73 mmol/L; Chloride: 106.0 mmol/L; Carbon Dioxide: 27.0 mmol/L; Total Cholesterol: 232.0 mg/dL; Triglycerides: 151.0 mg/dL; Low Density Lipoprotein Cholesterol: 144.0 mg/dL; High Density Lipoprotein Cholesterol: 57.0 mg/dL; Microalbumin Creatine Ratio: 2.0 mg/g. Immunizations: Influenza seasonal injectable preservative free; Td (adult) preservative free."
diabetes,zero_shot,test,96,e83eb0a7-c7b5-411b-91db-a2209b247b7f,0,0,1,0.9,"The patient's recorded glucose levels (66-84 mg/dL) are within the normal range, and while HbA1c values (5.9% - 6.2%) are slightly elevated, they do not meet the established diagnostic criteria for diabetes.","[""Glucose: 73.0 mg/dL"", ""HbA1c/Hemoglobin.total in Blood: 6.2 %"", ""Glucose: 84.0 mg/dL"", ""HbA1c/Hemoglobin.total in Blood: 5.9 %""]",,"{
  ""label"": 0,
  ""confidence"": 0.9,
  ""reason"": ""The patient's recorded glucose levels (66-84 mg/dL) are within the normal range, and while HbA1c values (5.9% - 6.2%) are slightly elevated, they do not meet the established diagnostic criteria for diabetes."",
  ""evidence"": [
    ""Glucose: 73.0 mg/dL"",
    ""HbA1c/Hemoglobin.total in Blood: 6.2 %"",
    ""Glucose: 84.0 mg/dL"",
    ""HbA1c/Hemoglobin.total in Blood: 5.9 %""
  ]
}","Demographics: born 1941-09-15, gender M, race white, ethnicity german. Encounters: Outpatient Encounter; Emergency room admission. Medications: Penicillin V Potassium 250 MG; Alendronic acid 10 MG [Fosamax]; Acetaminophen 325 MG Oral Tablet. Procedures: Documentation of current medications; Bone density scan (procedure); Suture open wound. Observations: Hemoglobin A1c/Hemoglobin.total in Blood: 6.2 %; Body Height: 180.17 cm; Body Weight: 97.35 kg; Body Mass Index: 29.99 kg/m2; Systolic Blood Pressure: 135.0 mmHg; Diastolic Blood Pressure: 74.0 mmHg; Glucose: 73.0 mg/dL; Urea Nitrogen: 16.0 mg/dL; Creatinine: 1.0 mg/dL; Calcium: 9.95 mg/dL; Sodium: 136.0 mmol/L; Potassium: 3.74 mmol/L; Chloride: 111.0 mmol/L; Carbon Dioxide: 23.0 mmol/L; Hemoglobin A1c/Hemoglobin.total in Blood: 5.9 %; DXA [T-score] Bone density: -3.44 {T-score}; Body Weight: 96.13 kg; Body Mass Index: 29.61 kg/m2; Systolic Blood Pressure: 103.0 mmHg; Diastolic Blood Pressure: 76.0 mmHg; Glucose: 84.0 mg/dL; Urea Nitrogen: 7.0 mg/dL; Calcium: 9.67 mg/dL; Sodium: 137.0 mmol/L; Potassium: 4.78 mmol/L; Chloride: 105.0 mmol/L; Carbon Dioxide: 24.0 mmol/L; Total Cholesterol: 193.0 mg/dL; Triglycerides: 121.0 mg/dL; Low Density Lipoprotein Cholesterol: 98.0 mg/dL; High Density Lipoprotein Cholesterol: 70.0 mg/dL; Body Weight: 94.94 kg; Body Mass Index: 29.25 kg/m2; Systolic Blood Pressure: 124.0 mmHg; Diastolic Blood Pressure: 80.0 mmHg; Glucose: 66.0 mg/dL; Urea Nitrogen: 10.0 mg/dL; Calcium: 9.15 mg/dL; Sodium: 143.0 mmol/L; Potassium: 4.44 mmol/L. Immunizations: Influenza seasonal injectable preservative free; Td (adult) preservative free."
diabetes,zero_shot,test,97,f8f33776-525a-4a92-b2f6-b3424cfaf978,0,0,1,0.65,The patient's record does not contain specific diagnostic tests or mentions of elevated blood glucose levels indicative of diabetes.,"[""Body Mass Index: 26.58 kg/m2"", ""Systolic Blood Pressure: 187.0 mmHg"", ""Diastolic Blood Pressure: 101.0 mmHg""]",,"{""label"": 0, ""confidence"": 0.65, ""reason"": ""The patient's record does not contain specific diagnostic tests or mentions of elevated blood glucose levels indicative of diabetes."", ""evidence"": [""Body Mass Index: 26.58 kg/m2"", ""Systolic Blood Pressure: 187.0 mmHg"", ""Diastolic Blood Pressure: 101.0 mmHg""]}","Demographics: born 1993-05-23, gender M, race white, ethnicity irish. Encounters: Outpatient Encounter; Encounter for symptom; Emergency room admission. Medications: Acetaminophen 160 MG; Ibuprofen 200 MG Oral Tablet. Procedures: Documentation of current medications; Sputum examination (procedure). Observations: Body Height: 178.22 cm; Body Weight: 73.92 kg; Body Mass Index: 23.27 kg/m2; Systolic Blood Pressure: 112.0 mmHg; Diastolic Blood Pressure: 78.0 mmHg; Body Height: 178.95 cm; Body Weight: 76.42 kg; Body Mass Index: 23.87 kg/m2; Systolic Blood Pressure: 165.0 mmHg; Diastolic Blood Pressure: 95.0 mmHg; Estimated Glomerular Filtration Rate: 60.0 mL/min/{1.73_m2}; Body Height: 179.29 cm; Body Weight: 77.98 kg; Body Mass Index: 24.26 kg/m2; Systolic Blood Pressure: 148.0 mmHg; Diastolic Blood Pressure: 108.0 mmHg; Body Height: 179.57 cm; Body Weight: 79.71 kg; Body Mass Index: 24.72 kg/m2; Systolic Blood Pressure: 153.0 mmHg; Diastolic Blood Pressure: 107.0 mmHg; Body Height: 179.6 cm; Body Weight: 81.46 kg; Body Mass Index: 25.26 kg/m2; Systolic Blood Pressure: 164.0 mmHg; Diastolic Blood Pressure: 116.0 mmHg; Body Weight: 85.73 kg; Body Mass Index: 26.58 kg/m2; Systolic Blood Pressure: 187.0 mmHg; Diastolic Blood Pressure: 101.0 mmHg. Immunizations: Influenza seasonal injectable preservative free; meningococcal MCV4P; Td (adult) preservative free."
diabetes,zero_shot,test,98,20445eb1-94ab-47a9-95fe-d12a426f8db5,0,0,1,0.85,"The patient data contains general metabolic and vital signs (BMI, lipids, blood pressure) which suggest potential risk factors for metabolic syndrome or hypertension, but it lacks any specific diagnostic measurements such as HbA1c, fasting glucose, or OGTT results to confirm a diagnosis of diabetes.","[""No mention of plasma glucose levels"", ""No HbA1c measurement provided"", ""Vitals and lipids suggest risk factors but are not diagnostic for diabetes""]",,"{
  ""label"": 0,
  ""confidence"": 0.85,
  ""reason"": ""The patient data contains general metabolic and vital signs (BMI, lipids, blood pressure) which suggest potential risk factors for metabolic syndrome or hypertension, but it lacks any specific diagnostic measurements such as HbA1c, fasting glucose, or OGTT results to confirm a diagnosis of diabetes."",
  ""evidence"": [
    ""No mention of plasma glucose levels"",
    ""No HbA1c measurement provided"",
    ""Vitals and lipids suggest risk factors but are not diagnostic for diabetes""
  ]
}","Demographics: born 1951-01-22, gender M, race white, ethnicity polish. Encounters: Encounter for symptom; Outpatient Encounter; Encounter for 'check-up'. Procedures: Documentation of current medications; Colonoscopy. Observations: Body Height: 190.18 cm; Body Weight: 100.57 kg; Body Mass Index: 27.8 kg/m2; Systolic Blood Pressure: 101.0 mmHg; Diastolic Blood Pressure: 87.0 mmHg; Body Weight: 98.63 kg; Body Mass Index: 27.27 kg/m2; Systolic Blood Pressure: 105.0 mmHg; Diastolic Blood Pressure: 78.0 mmHg; Body Weight: 96.77 kg; Body Mass Index: 26.75 kg/m2; Systolic Blood Pressure: 109.0 mmHg; Total Cholesterol: 170.0 mg/dL; Triglycerides: 124.0 mg/dL; Low Density Lipoprotein Cholesterol: 83.0 mg/dL; High Density Lipoprotein Cholesterol: 62.0 mg/dL; Body Weight: 94.95 kg; Body Mass Index: 26.25 kg/m2; Systolic Blood Pressure: 106.0 mmHg; Diastolic Blood Pressure: 81.0 mmHg; Body Weight: 93.85 kg; Body Mass Index: 25.95 kg/m2; Diastolic Blood Pressure: 89.0 mmHg; Systolic Blood Pressure: 130.0 mmHg; Diastolic Blood Pressure: 86.0 mmHg; Body Weight: 92.6 kg; Body Mass Index: 25.6 kg/m2; Systolic Blood Pressure: 125.0 mmHg; Diastolic Blood Pressure: 77.0 mmHg; Total Cholesterol: 179.0 mg/dL; Triglycerides: 146.0 mg/dL; Low Density Lipoprotein Cholesterol: 85.0 mg/dL; High Density Lipoprotein Cholesterol: 64.0 mg/dL. Immunizations: Influenza seasonal injectable preservative free; zoster; Td (adult) preservative free; Pneumococcal conjugate PCV 13."
diabetes,zero_shot,test,99,dccff236-48ca-4e36-bac3-98aa16cbd49f,0,0,1,0.9,"The provided text does not contain any specific diagnostic tests or clinical findings (such as HbA1c levels, fasting glucose, or oral glucose tolerance test results) to confirm a diagnosis of diabetes.","[""Body Mass Index: 24.93 kg/m2"", ""Body Mass Index: 26.74 kg/m2"", ""Body Mass Index: 28.44 kg/m2""]",,"{""label"": 0, ""confidence"": 0.9, ""reason"": ""The provided text does not contain any specific diagnostic tests or clinical findings (such as HbA1c levels, fasting glucose, or oral glucose tolerance test results) to confirm a diagnosis of diabetes."", ""evidence"": [""Body Mass Index: 24.93 kg/m2"", ""Body Mass Index: 26.74 kg/m2"", ""Body Mass Index: 28.44 kg/m2""]}","Demographics: born 1990-03-06, gender F, race white, ethnicity irish. Encounters: Outpatient Encounter; Prenatal initial visit; Patient-initiated encounter; Consultation for treatment. Medications: Errin 28 Day Pack; Jolivette 28 Day Pack. Procedures: Documentation of current medications; Standard pregnancy test; Induced termination of pregnancy. Observations: Body Height: 168.56 cm; Body Weight: 70.84 kg; Body Mass Index: 24.93 kg/m2; Systolic Blood Pressure: 130.0 mmHg; Diastolic Blood Pressure: 87.0 mmHg; Body Weight: 75.98 kg; Body Mass Index: 26.74 kg/m2; Systolic Blood Pressure: 138.0 mmHg; Diastolic Blood Pressure: 89.0 mmHg; Body Weight: 80.8 kg; Body Mass Index: 28.44 kg/m2; Systolic Blood Pressure: 115.0 mmHg; Diastolic Blood Pressure: 78.0 mmHg. Immunizations: Influenza seasonal injectable preservative free; Td (adult) preservative free."
diabetes,zero_shot,test,100,56356377-3ac1-4155-957a-030cd21d372f,0,0,1,0.95,The patient record does not contain any explicit diagnosis of diabetes or relevant laboratory values such as fasting glucose or HbA1c to confirm the condition.,"[""No mention of a diabetes diagnosis"", ""Absence of specific blood glucose measurements""]",,"{""label"": 0, ""confidence"": 0.95, ""reason"": ""The patient record does not contain any explicit diagnosis of diabetes or relevant laboratory values such as fasting glucose or HbA1c to confirm the condition."", ""evidence"": [""No mention of a diabetes diagnosis"", ""Absence of specific blood glucose measurements""]}","Demographics: born 1934-10-02, gender M, race white, ethnicity scottish. Encounters: Drug addiction therapy; Outpatient Encounter; Encounter for symptom; Office Visit; Drug rehabilitation and detoxification. Medications: Galantamine 4 MG [Razadyne]; Memantine hydrochloride 2 MG/ML [Namenda]; Acetaminophen 160 MG. Procedures: Measurement of respiratory function (procedure). Observations: Body Height: 174.24 cm; Body Weight: 87.73 kg; Body Mass Index: 28.9 kg/m2; Systolic Blood Pressure: 126.0 mmHg; Diastolic Blood Pressure: 83.0 mmHg; Total score [MMSE]: 13.0 (score); Body Weight: 86.11 kg; Body Mass Index: 28.36 kg/m2; Systolic Blood Pressure: 106.0 mmHg; Diastolic Blood Pressure: 72.0 mmHg; Total Cholesterol: 167.0 mg/dL; Triglycerides: 100.0 mg/dL; Low Density Lipoprotein Cholesterol: 87.0 mg/dL; High Density Lipoprotein Cholesterol: 60.0 mg/dL; Total score [MMSE]: 7.0 (score); Body Weight: 85.08 kg; Body Mass Index: 28.02 kg/m2; Systolic Blood Pressure: 100.0 mmHg; Diastolic Blood Pressure: 80.0 mmHg; Body Weight: 83.93 kg; Body Mass Index: 27.64 kg/m2; Systolic Blood Pressure: 132.0 mmHg; Diastolic Blood Pressure: 84.0 mmHg; Total score [MMSE]: 3.0 (score); Body Weight: 82.19 kg; Body Mass Index: 27.07 kg/m2; Systolic Blood Pressure: 130.0 mmHg; Diastolic Blood Pressure: 85.0 mmHg; Total Cholesterol: 200.0 mg/dL; Triglycerides: 140.0 mg/dL; Low Density Lipoprotein Cholesterol: 106.0 mg/dL; High Density Lipoprotein Cholesterol: 66.0 mg/dL; Body Weight: 80.49 kg; Body Mass Index: 26.51 kg/m2. Immunizations: Influenza seasonal injectable preservative free; Td (adult) preservative free."
diabetes,zero_shot,test,101,2ebc5194-8ea9-453c-b582-5811c02d4104,1,1,1,0.99,"The patient has multiple medications for diabetes (Metformin, liraglutide, canagliflozin, and various insulins) and shows clear evidence of hyperglycemia with an elevated HbA1c (9.7%) and repeated high glucose readings.","[""Medications: Metformin hydrochloride, liraglutide, canagliflozin, insulin human isophane, Insulin Lispro"", ""Hemoglobin A1c/Hemoglobin.total in Blood: 9.7 %"", ""Glucose: 144.0 mg/dL; Glucose: 161.0 mg/dL; Glucose: 199.0 mg/dL""]",,"{
  ""label"": 1,
  ""confidence"": 0.99,
  ""reason"": ""The patient has multiple medications for diabetes (Metformin, liraglutide, canagliflozin, and various insulins) and shows clear evidence of hyperglycemia with an elevated HbA1c (9.7%) and repeated high glucose readings."",
  ""evidence"": [
    ""Medications: Metformin hydrochloride, liraglutide, canagliflozin, insulin human isophane, Insulin Lispro"",
    ""Hemoglobin A1c/Hemoglobin.total in Blood: 9.7 %"",
    ""Glucose: 144.0 mg/dL; Glucose: 161.0 mg/dL; Glucose: 199.0 mg/dL""
  ]
}","Demographics: born 1958-06-11, gender M, race white, ethnicity portuguese. Encounters: Outpatient Encounter; Encounter for symptom; Encounter for 'check-up'. Medications: 24 HR Metformin hydrochloride 500 MG Extended Release Oral Tablet; 3 ML liraglutide 6 MG/ML Pen Injector; canagliflozin 100 MG Oral Tablet; insulin human isophane 70 UNT/ML / Regular Insulin Human 30 UNT/ML Injectable Suspension [Humulin]; Insulin Lispro 100 UNT/ML Injectable Solution [Humalog]. Procedures: Documentation of current medications; Colonoscopy; Fecal occult blood test; Rectal polypectomy. Observations: Hemoglobin A1c/Hemoglobin.total in Blood: 9.7 %; Body Height: 165.72 cm; Body Weight: 128.95 kg; Body Mass Index: 46.95 kg/m2; Systolic Blood Pressure: 117.0 mmHg; Diastolic Blood Pressure: 88.0 mmHg; Glucose: 144.0 mg/dL; Urea Nitrogen: 12.0 mg/dL; Creatinine: 1.0 mg/dL; Calcium: 9.0 mg/dL; Sodium: 140.0 mmol/L; Potassium: 5.14 mmol/L; Chloride: 107.0 mmol/L; Carbon Dioxide: 22.0 mmol/L; Total Cholesterol: 273.0 mg/dL; Triglycerides: 506.0 mg/dL; Low Density Lipoprotein Cholesterol: 161.0 mg/dL; High Density Lipoprotein Cholesterol: 10.0 mg/dL; Microalbumin Creatine Ratio: 3.0 mg/g; Estimated Glomerular Filtration Rate: 60.0 mL/min/{1.73_m2}; Systolic Blood Pressure: 115.0 mmHg; Diastolic Blood Pressure: 70.0 mmHg; Glucose: 161.0 mg/dL; Urea Nitrogen: 9.0 mg/dL; Calcium: 10.18 mg/dL; Potassium: 4.28 mmol/L; Chloride: 111.0 mmol/L; Carbon Dioxide: 28.0 mmol/L; Triglycerides: 517.0 mg/dL; Low Density Lipoprotein Cholesterol: 150.0 mg/dL; High Density Lipoprotein Cholesterol: 19.0 mg/dL; Microalbumin Creatine Ratio: 0.0 mg/g; Polyp size greatest dimension by CAP cancer protocols: 3.0 mm; Hemoglobin.gastrointestinal [Presence] in Stool by Immunologic method: 3.0 ng/mL; Systolic Blood Pressure: 125.0 mmHg; Diastolic Blood Pressure: 77.0 mmHg; Glucose: 199.0 mg/dL; Calcium: 8.88 mg/dL; Sodium: 143.0 mmol/L; Potassium: 4.64 mmol/L. Allergies: Allergy to mould. Immunizations: Influenza seasonal injectable preservative free."
diabetes,zero_shot,test,102,5feed2ca-b263-461e-a495-6d3db5ca6005,1,1,1,0.95,"The patient is prescribed multiple medications for diabetes management, including Metformin and Insulin Lispro.","[""24 HR Metformin hydrochloride 500 MG Extended Release Oral Tablet"", ""Insulin Lispro 100 UNT/ML Injectable Solution [Humalog]""]",,"{""label"": 1, ""confidence"": 0.95, ""reason"": ""The patient is prescribed multiple medications for diabetes management, including Metformin and Insulin Lispro."", ""evidence"": [""24 HR Metformin hydrochloride 500 MG Extended Release Oral Tablet"", ""Insulin Lispro 100 UNT/ML Injectable Solution [Humalog]""]}","Demographics: born 1926-09-06, gender M, race white, ethnicity french. Encounters: Death Certification. Medications: 24 HR Metformin hydrochloride 500 MG Extended Release Oral Tablet; Fluticasone propionate 0.25 MG/ACTUAT / salmeterol 0.05 MG/ACTUAT [Advair]; Insulin Lispro 100 UNT/ML Injectable Solution [Humalog]. Observations: Pulmonary emphysema (disorder)."
diabetes,zero_shot,test,103,64f3b27e-8798-480b-adaf-a7edb7fa1d5d,1,1,1,0.98,"The patient has multiple indicators of hyperglycemia, including elevated HbA1c levels (6.7% to 7.1%) and is currently prescribed Metformin, a medication used for diabetes management.","[""24 HR Metformin hydrochloride 500 MG Extended Release Oral Tablet"", ""Hemoglobin A1c/Hemoglobin.total in Blood: 6.7 %"", ""Hemoglobin A1c/Hemoglobin.total in Blood: 6.9 %"", ""Hemoglobin A1c/Hemoglobin.total in Blood: 7.1 %""]",,"{
  ""label"": 1,
  ""confidence"": 0.98,
  ""reason"": ""The patient has multiple indicators of hyperglycemia, including elevated HbA1c levels (6.7% to 7.1%) and is currently prescribed Metformin, a medication used for diabetes management."",
  ""evidence"": [
    ""24 HR Metformin hydrochloride 500 MG Extended Release Oral Tablet"",
    ""Hemoglobin A1c/Hemoglobin.total in Blood: 6.7 %"",
    ""Hemoglobin A1c/Hemoglobin.total in Blood: 6.9 %"",
    ""Hemoglobin A1c/Hemoglobin.total in Blood: 7.1 %""
  ]
}","Demographics: born 1966-11-07, gender M, race white, ethnicity german. Encounters: Asthma follow-up; Outpatient Encounter; Encounter for symptom; Consultation for treatment; Patient encounter procedure; Encounter for problem; Encounter for 'check-up'. Medications: Chlorpheniramine 2 MG Chewable Tablet; 120 ACTUAT Fluticasone propionate 0.044 MG/ACTUAT Metered Dose Inhaler; 200 ACTUAT Albuterol 0.09 MG/ACTUAT Metered Dose Inhaler; 24 HR Metformin hydrochloride 500 MG Extended Release Oral Tablet; Acetaminophen 160 MG. Procedures: Vasectomy; Documentation of current medications; Colonoscopy. Observations: Hemoglobin A1c/Hemoglobin.total in Blood: 6.7 %; Body Height: 190.08 cm; Body Weight: 118.76 kg; Body Mass Index: 32.87 kg/m2; Systolic Blood Pressure: 134.0 mmHg; Diastolic Blood Pressure: 87.0 mmHg; Glucose: 79.0 mg/dL; Urea Nitrogen: 12.0 mg/dL; Creatinine: 1.0 mg/dL; Calcium: 9.7 mg/dL; Sodium: 139.0 mmol/L; Potassium: 4.47 mmol/L; Chloride: 109.0 mmol/L; Carbon Dioxide: 24.0 mmol/L; Total Cholesterol: 197.0 mg/dL; Triglycerides: 100.0 mg/dL; Low Density Lipoprotein Cholesterol: 102.0 mg/dL; High Density Lipoprotein Cholesterol: 75.0 mg/dL; Microalbumin Creatine Ratio: 17.0 mg/g; Estimated Glomerular Filtration Rate: 60.0 mL/min/{1.73_m2}; Hemoglobin A1c/Hemoglobin.total in Blood: 6.9 %; Body Weight: 121.26 kg; Body Mass Index: 33.56 kg/m2; Systolic Blood Pressure: 102.0 mmHg; Diastolic Blood Pressure: 88.0 mmHg; Glucose: 117.0 mg/dL; Urea Nitrogen: 17.0 mg/dL; Calcium: 9.45 mg/dL; Sodium: 144.0 mmol/L; Potassium: 4.53 mmol/L; Chloride: 103.0 mmol/L; Carbon Dioxide: 23.0 mmol/L; Total Cholesterol: 219.0 mg/dL; Triglycerides: 157.0 mg/dL; Low Density Lipoprotein Cholesterol: 146.0 mg/dL; High Density Lipoprotein Cholesterol: 41.0 mg/dL; Microalbumin Creatine Ratio: 5.0 mg/g; Hemoglobin A1c/Hemoglobin.total in Blood: 7.1 %; Body Weight: 123.89 kg; Body Mass Index: 34.29 kg/m2. Allergies: Allergy to fish; Dander (animal) allergy; Allergy to bee venom. Immunizations: Influenza seasonal injectable preservative free."
diabetes,zero_shot,test,104,5d1706f4-3915-435d-b20a-8064d20e10c1,1,1,1,0.98,"The patient is currently prescribed both Metformin and Insulin, which are standard treatments for managing diabetes mellitus.","[""24 HR Metformin hydrochloride 500 MG Extended Release Oral Tablet"", ""insulin human isophane 70 UNT/ML / Regular Insulin Human 30 UNT/ML Injectable Suspension [Humulin]""]",,"{
  ""label"": 1,
  ""confidence"": 0.98,
  ""reason"": ""The patient is currently prescribed both Metformin and Insulin, which are standard treatments for managing diabetes mellitus."",
  ""evidence"": [
    ""24 HR Metformin hydrochloride 500 MG Extended Release Oral Tablet"",
    ""insulin human isophane 70 UNT/ML / Regular Insulin Human 30 UNT/ML Injectable Suspension [Humulin]""
  ]
}","Demographics: born 1942-01-08, gender F, race white, ethnicity irish. Encounters: Encounter for 'check-up'; Outpatient Encounter; Encounter for symptom; Emergency room admission. Medications: Penicillin V Potassium 250 MG; 24 HR Metformin hydrochloride 500 MG Extended Release Oral Tablet; Naproxen sodium 220 MG [Aleve]; insulin human isophane 70 UNT/ML / Regular Insulin Human 30 UNT/ML Injectable Suspension [Humulin]; Alendronic acid 10 MG [Fosamax]; Acetaminophen 325 MG / oxyCODONE Hydrochloride 5 MG Oral Tablet; Naproxen sodium 220 MG Oral Tablet; Amoxicillin 250 MG / Clavulanate 125 MG [Augmentin]. Procedures: Documentation of current medications; Suture open wound; Injection of tetanus antitoxin. Observations: Hemoglobin A1c/Hemoglobin.total in Blood: 4.1 %; Body Height: 163.07 cm; Body Weight: 91.28 kg; Body Mass Index: 34.33 kg/m2; Systolic Blood Pressure: 122.0 mmHg; Diastolic Blood Pressure: 81.0 mmHg; Glucose: 132.0 mg/dL; Urea Nitrogen: 7.0 mg/dL; Creatinine: 1.0 mg/dL; Calcium: 9.65 mg/dL; Sodium: 144.0 mmol/L; Potassium: 3.71 mmol/L; Chloride: 111.0 mmol/L; Carbon Dioxide: 23.0 mmol/L; Total Cholesterol: 246.0 mg/dL; Triglycerides: 341.0 mg/dL; Low Density Lipoprotein Cholesterol: 144.0 mg/dL; High Density Lipoprotein Cholesterol: 33.0 mg/dL; Microalbumin Creatine Ratio: 2.0 mg/g; Estimated Glomerular Filtration Rate: 60.0 mL/min/{1.73_m2}; Hemoglobin A1c/Hemoglobin.total in Blood: 3.9 %; Body Weight: 89.6 kg; Body Mass Index: 33.7 kg/m2; Systolic Blood Pressure: 125.0 mmHg; Diastolic Blood Pressure: 78.0 mmHg; Glucose: 130.0 mg/dL; Urea Nitrogen: 8.0 mg/dL; Calcium: 9.0 mg/dL; Sodium: 138.0 mmol/L; Potassium: 4.38 mmol/L; Carbon Dioxide: 25.0 mmol/L; Total Cholesterol: 254.0 mg/dL; Triglycerides: 481.0 mg/dL; Low Density Lipoprotein Cholesterol: 135.0 mg/dL; High Density Lipoprotein Cholesterol: 22.0 mg/dL; Microalbumin Creatine Ratio: 18.0 mg/g; Hemoglobin A1c/Hemoglobin.total in Blood: 3.8 %; Body Weight: 88.41 kg; Body Mass Index: 33.25 kg/m2; Systolic Blood Pressure: 108.0 mmHg. Allergies: Shellfish allergy. Immunizations: Influenza seasonal injectable preservative free; Td (adult) preservative free."
diabetes,zero_shot,test,105,e6239061-8fed-4508-949a-52294426415c,0,0,1,0.85,The provided demographic information is insufficient to diagnose diabetes.,"[""Demographics: born 1920-09-21"", ""gender F"", ""race white"", ""ethnicity portuguese""]",,"{""label"": 0, ""confidence"": 0.85, ""reason"": ""The provided demographic information is insufficient to diagnose diabetes."", ""evidence"": [""Demographics: born 1920-09-21"", ""gender F"", ""race white"", ""ethnicity portuguese""]}","Demographics: born 1920-09-21, gender F, race white, ethnicity portuguese."
diabetes,zero_shot,test,106,396a5eda-057d-4c14-ae61-4189a83dde19,0,0,1,0.95,"The provided text contains routine demographic and vital sign measurements but lacks any specific laboratory results (e.g., HbA1c, fasting glucose) or clinical findings suggestive of diabetes.","[""Body Mass Index: 21.39 kg/m2"", ""Systolic Blood Pressure: 107.0 mmHg; Diastolic Blood Pressure: 83.0 mmHg""]",,"{""label"": 0, ""confidence"": 0.95, ""reason"": ""The provided text contains routine demographic and vital sign measurements but lacks any specific laboratory results (e.g., HbA1c, fasting glucose) or clinical findings suggestive of diabetes."", ""evidence"": [""Body Mass Index: 21.39 kg/m2"", ""Systolic Blood Pressure: 107.0 mmHg; Diastolic Blood Pressure: 83.0 mmHg""]}","Demographics: born 2007-12-25, gender M, race white, ethnicity french. Encounters: Outpatient Encounter; Encounter for symptom. Medications: Acetaminophen 160 MG; Amoxicillin 250 MG / Clavulanate 125 MG [Augmentin]. Procedures: Measurement of respiratory function (procedure); Documentation of current medications; Sputum examination (procedure). Observations: Body Height: 94.45 cm; Body Weight: 16.83 kg; Body Mass Index: 18.86 kg/m2; Systolic Blood Pressure: 117.0 mmHg; Diastolic Blood Pressure: 81.0 mmHg; Body Height: 98.25 cm; Body Weight: 18.05 kg; Body Mass Index: 18.7 kg/m2; Systolic Blood Pressure: 105.0 mmHg; Diastolic Blood Pressure: 75.0 mmHg; Body Height: 105.28 cm; Body Weight: 20.89 kg; Body Mass Index: 18.85 kg/m2; Systolic Blood Pressure: 100.0 mmHg; Diastolic Blood Pressure: 71.0 mmHg; Body Height: 113.54 cm; Body Weight: 24.94 kg; Body Mass Index: 19.35 kg/m2; Systolic Blood Pressure: 137.0 mmHg; Body Height: 121.07 cm; Body Weight: 29.1 kg; Body Mass Index: 19.85 kg/m2; Systolic Blood Pressure: 122.0 mmHg; Diastolic Blood Pressure: 76.0 mmHg; Body Height: 127.8 cm; Body Weight: 33.47 kg; Body Mass Index: 20.49 kg/m2; Systolic Blood Pressure: 132.0 mmHg; Diastolic Blood Pressure: 88.0 mmHg; Body Height: 133.55 cm; Body Weight: 38.15 kg; Body Mass Index: 21.39 kg/m2; Systolic Blood Pressure: 107.0 mmHg; Diastolic Blood Pressure: 83.0 mmHg. Immunizations: Pneumococcal conjugate PCV 13; Influenza seasonal injectable preservative free; DTaP; IPV; MMR; varicella."
diabetes,zero_shot,test,107,d1f27c36-e3dd-4540-bb6b-ad86ca95841e,1,1,1,0.98,"The patient is prescribed Metformin hydrochloride, a common medication for diabetes management, and has an elevated Hemoglobin A1c level of 6.2%, which suggests impaired glucose control.","[""Metformin hydrochloride"", ""Hemoglobin A1c/Hemoglobin.total in Blood: 6.2 %""]",,"{""label"": 1, ""confidence"": 0.98, ""reason"": ""The patient is prescribed Metformin hydrochloride, a common medication for diabetes management, and has an elevated Hemoglobin A1c level of 6.2%, which suggests impaired glucose control."", ""evidence"": [""Metformin hydrochloride"", ""Hemoglobin A1c/Hemoglobin.total in Blood: 6.2 %""]}","Demographics: born 1941-01-23, gender F, race white, ethnicity italian. Encounters: Encounter for symptom; Outpatient Encounter. Medications: Penicillin V Potassium 250 MG; 24 HR Metformin hydrochloride 500 MG Extended Release Oral Tablet; Clopidogrel 75 MG Oral Tablet; Simvastatin 20 MG Oral Tablet; Amlodipine 5 MG Oral Tablet; Nitroglycerin 0.4 MG/ACTUAT [Nitrolingual]; Fluticasone propionate 0.25 MG/ACTUAT / salmeterol 0.05 MG/ACTUAT [Advair]; Leucovorin 100 MG Injection; oxaliplatin 5 MG/ML [Eloxatin]; Dextromethorphan Hydrobromide 1 MG/ML. Procedures: Sputum examination (procedure); Spirometry (procedure); Documentation of current medications. Observations: FEV1/​FVC: 78.0 %; Hemoglobin A1c/Hemoglobin.total in Blood: 6.2 %; Body Height: 167.64 cm; Body Weight: 86.47 kg; Body Mass Index: 30.77 kg/m2; Systolic Blood Pressure: 190.0 mmHg; Diastolic Blood Pressure: 90.0 mmHg; Glucose: 98.0 mg/dL; Urea Nitrogen: 14.0 mg/dL; Creatinine: 1.0 mg/dL; Calcium: 9.84 mg/dL; Sodium: 143.0 mmol/L; Potassium: 3.72 mmol/L; Chloride: 101.0 mmol/L; Carbon Dioxide: 25.0 mmol/L; Total Cholesterol: 196.0 mg/dL; Triglycerides: 119.0 mg/dL; Low Density Lipoprotein Cholesterol: 106.0 mg/dL; High Density Lipoprotein Cholesterol: 66.0 mg/dL; Microalbumin Creatine Ratio: 10.0 mg/g; Estimated Glomerular Filtration Rate: 60.0 mL/min/{1.73_m2}. Immunizations: Influenza seasonal injectable preservative free."
diabetes,zero_shot,test,108,422dd21e-d1f6-430f-83db-53f03d2c0416,0,0,1,0.95,"The patient's records contain multiple measurements of height, weight, and BMI over time, but there are no specific blood glucose levels (e.g., HbA1c, fasting plasma glucose) or clinical indicators suggestive of diabetes.","[""Body Mass Index: 17.34 kg/m2"", ""Body Mass Index: 18.2 kg/m2"", ""Body Mass Index: 19.0 kg/m2"", ""Body Mass Index: 20.02 kg/m2"", ""Body Mass Index: 21.21 kg/m2"", ""Body Mass Index: 22.2 kg/m2""]",,"{""label"": 0, ""confidence"": 0.95, ""reason"": ""The patient's records contain multiple measurements of height, weight, and BMI over time, but there are no specific blood glucose levels (e.g., HbA1c, fasting plasma glucose) or clinical indicators suggestive of diabetes."", ""evidence"": [""Body Mass Index: 17.34 kg/m2"", ""Body Mass Index: 18.2 kg/m2"", ""Body Mass Index: 19.0 kg/m2"", ""Body Mass Index: 20.02 kg/m2"", ""Body Mass Index: 21.21 kg/m2"", ""Body Mass Index: 22.2 kg/m2""]}","Demographics: born 2005-02-25, gender M, race white, ethnicity irish. Encounters: Outpatient Encounter. Procedures: Documentation of current medications. Observations: Body Height: 120.86 cm; Body Weight: 25.33 kg; Body Mass Index: 17.34 kg/m2; Systolic Blood Pressure: 107.0 mmHg; Diastolic Blood Pressure: 87.0 mmHg; Body Height: 128.13 cm; Body Weight: 29.09 kg; Body Mass Index: 17.72 kg/m2; Systolic Blood Pressure: 129.0 mmHg; Diastolic Blood Pressure: 84.0 mmHg; Body Height: 135.26 cm; Body Weight: 33.31 kg; Body Mass Index: 18.2 kg/m2; Systolic Blood Pressure: 100.0 mmHg; Diastolic Blood Pressure: 81.0 mmHg; Body Height: 142.53 cm; Body Weight: 38.59 kg; Body Mass Index: 19.0 kg/m2; Systolic Blood Pressure: 130.0 mmHg; Diastolic Blood Pressure: 79.0 mmHg; Body Height: 148.65 cm; Body Weight: 44.23 kg; Body Mass Index: 20.02 kg/m2; Systolic Blood Pressure: 132.0 mmHg; Body Height: 154.37 cm; Body Weight: 50.53 kg; Body Mass Index: 21.21 kg/m2; Systolic Blood Pressure: 115.0 mmHg; Diastolic Blood Pressure: 72.0 mmHg; Body Height: 159.82 cm; Body Weight: 56.71 kg; Body Mass Index: 22.2 kg/m2; Systolic Blood Pressure: 106.0 mmHg. Immunizations: Influenza seasonal injectable preservative free; meningococcal MCV4P; Tdap; HPV quadrivalent."
diabetes,zero_shot,test,109,87f7d79f-dd57-46dc-8ac7-8c2d8c844221,1,1,1,0.95,The patient's Hemoglobin A1c level of 7.4% is significantly elevated and meets diagnostic criteria for diabetes mellitus.,"[""Hemoglobin A1c/Hemoglobin.total in Blood: 7.4 %"", ""Body Mass Index: 29.47 kg/m2""]",,"{
  ""label"": 1,
  ""confidence"": 0.95,
  ""reason"": ""The patient's Hemoglobin A1c level of 7.4% is significantly elevated and meets diagnostic criteria for diabetes mellitus."",
  ""evidence"": [
    ""Hemoglobin A1c/Hemoglobin.total in Blood: 7.4 %"",
    ""Body Mass Index: 29.47 kg/m2""
  ]
}","Demographics: born 1986-01-16, gender F, race white, ethnicity irish. Encounters: Consultation for treatment; Admission to surgical department; Encounter for symptom; Outpatient Encounter. Medications: Penicillin V Potassium 500 MG. Procedures: Bilateral tubal ligation; Throat culture (procedure); Documentation of current medications. Observations: Oral temperature: 37.96 Cel; Body Height: 159.65 cm; Body Weight: 71.17 kg; Body Mass Index: 27.92 kg/m2; Systolic Blood Pressure: 179.0 mmHg; Diastolic Blood Pressure: 91.0 mmHg; Estimated Glomerular Filtration Rate: 60.0 mL/min/{1.73_m2}; Systolic Blood Pressure: 157.0 mmHg; Diastolic Blood Pressure: 104.0 mmHg; Hemoglobin A1c/Hemoglobin.total in Blood: 7.4 %; Body Weight: 75.12 kg; Body Mass Index: 29.47 kg/m2; Systolic Blood Pressure: 182.0 mmHg; Diastolic Blood Pressure: 101.0 mmHg; Glucose: 73.0 mg/dL; Urea Nitrogen: 18.0 mg/dL; Creatinine: 1.0 mg/dL; Calcium: 8.75 mg/dL; Sodium: 138.0 mmol/L; Potassium: 4.0 mmol/L; Chloride: 110.0 mmol/L; Carbon Dioxide: 20.0 mmol/L; Total Cholesterol: 192.0 mg/dL; Triglycerides: 143.0 mg/dL; Low Density Lipoprotein Cholesterol: 99.0 mg/dL; High Density Lipoprotein Cholesterol: 64.0 mg/dL; Microalbumin Creatine Ratio: 6.0 mg/g. Immunizations: Influenza seasonal injectable preservative free."
diabetes,zero_shot,test,110,d9196cc7-45ad-4156-8700-9f44256e8f6d,1,1,1,0.95,"The patient is taking multiple medications for diabetes management (Metformin and Insulin Lispro), indicating a history of the condition.","[""24 HR Metformin hydrochloride 500 MG Extended Release Oral Tablet"", ""Insulin Lispro 100 UNT/ML Injectable Solution [Humalog]""]",,"{""label"": 1, ""confidence"": 0.95, ""reason"": ""The patient is taking multiple medications for diabetes management (Metformin and Insulin Lispro), indicating a history of the condition."", ""evidence"": [""24 HR Metformin hydrochloride 500 MG Extended Release Oral Tablet"", ""Insulin Lispro 100 UNT/ML Injectable Solution [Humalog]""]}","Demographics: born 1943-01-29, gender F, race white, ethnicity irish. Encounters: Outpatient Encounter; Encounter for problem; Encounter for 'check-up'. Medications: 24 HR Metformin hydrochloride 500 MG Extended Release Oral Tablet; Insulin Lispro 100 UNT/ML Injectable Solution [Humalog]; Penicillin V Potassium 500 MG; Fluticasone propionate 0.25 MG/ACTUAT / salmeterol 0.05 MG/ACTUAT [Advair]; Naproxen sodium 220 MG [Aleve]. Procedures: Spirometry (procedure); Documentation of current medications; Colonoscopy. Observations: FEV1/​FVC: 75.0 %; Hemoglobin A1c/Hemoglobin.total in Blood: 1.7 %; Body Height: 162.11 cm; Body Weight: 96.73 kg; Body Mass Index: 36.81 kg/m2; Systolic Blood Pressure: 171.0 mmHg; Diastolic Blood Pressure: 113.0 mmHg; Glucose: 84.0 mg/dL; Urea Nitrogen: 8.0 mg/dL; Creatinine: 1.0 mg/dL; Calcium: 9.22 mg/dL; Sodium: 136.0 mmol/L; Potassium: 3.78 mmol/L; Chloride: 101.0 mmol/L; Carbon Dioxide: 29.0 mmol/L; Total Cholesterol: 197.0 mg/dL; Triglycerides: 149.0 mg/dL; Low Density Lipoprotein Cholesterol: 105.0 mg/dL; High Density Lipoprotein Cholesterol: 62.0 mg/dL; Microalbumin Creatine Ratio: 215.0 mg/g; Estimated Glomerular Filtration Rate: 60.0 mL/min/{1.73_m2}; FEV1/​FVC: 57.0 %; Hemoglobin A1c/Hemoglobin.total in Blood: 1.6 %; Body Weight: 95.7 kg; Body Mass Index: 36.42 kg/m2; Systolic Blood Pressure: 149.0 mmHg; Diastolic Blood Pressure: 104.0 mmHg; Glucose: 82.0 mg/dL; Urea Nitrogen: 16.0 mg/dL; Calcium: 8.87 mg/dL; Sodium: 140.0 mmol/L; Potassium: 3.9 mmol/L; Chloride: 109.0 mmol/L; Carbon Dioxide: 24.0 mmol/L; Total Cholesterol: 180.0 mg/dL; Triglycerides: 116.0 mg/dL; Low Density Lipoprotein Cholesterol: 92.0 mg/dL; High Density Lipoprotein Cholesterol: 64.0 mg/dL; Microalbumin Creatine Ratio: 286.0 mg/g; FEV1/​FVC: 62.0 %. Immunizations: Pneumococcal conjugate PCV 13; Influenza seasonal injectable preservative free; Td (adult) preservative free."
diabetes,zero_shot,test,111,5af9f966-9cad-438d-a568-341927a527b4,0,0,1,0.95,"The patient text does not contain any specific diagnostic information, lab results (like HbA1c or glucose levels), or clinical complaints suggestive of diabetes.","[""Demographics: born 2014-12-27"", ""Medications: Amoxicillin 200 MG Oral Tablet; Ibuprofen 100 MG Oral Tablet""]",,"{""label"": 0, ""confidence"": 0.95, ""reason"": ""The patient text does not contain any specific diagnostic information, lab results (like HbA1c or glucose levels), or clinical complaints suggestive of diabetes."", ""evidence"": [""Demographics: born 2014-12-27"", ""Medications: Amoxicillin 200 MG Oral Tablet; Ibuprofen 100 MG Oral Tablet""]}","Demographics: born 2014-12-27, gender F, race white, ethnicity irish. Encounters: Outpatient Encounter; Domiciliary or rest home patient evaluation and management; Encounter for symptom. Medications: Amoxicillin 200 MG Oral Tablet; Ibuprofen 100 MG Oral Tablet. Procedures: Documentation of current medications; Information gathering (procedure). Observations: Body Height: 50.23 cm; Body Weight: 3.63 kg; Systolic Blood Pressure: 101.0 mmHg; Diastolic Blood Pressure: 87.0 mmHg; Body Height: 53.83 cm; Body Weight: 4.36 kg; Body Height: 58.95 cm; Body Weight: 5.64 kg; Systolic Blood Pressure: 132.0 mmHg; Diastolic Blood Pressure: 86.0 mmHg; Body Height: 62.83 cm; Body Weight: 6.71 kg; Systolic Blood Pressure: 106.0 mmHg; Diastolic Blood Pressure: 81.0 mmHg; Body Height: 67.51 cm; Body Weight: 8.03 kg; Systolic Blood Pressure: 105.0 mmHg; Diastolic Blood Pressure: 79.0 mmHg; Body Height: 71.4 cm; Body Weight: 9.06 kg; Systolic Blood Pressure: 128.0 mmHg; Diastolic Blood Pressure: 78.0 mmHg; Sexual orientation: heterosexual {nominal}; HIV status: not HIV positive {nominal}; Abuse Status [OMAHA]: No signs/symptoms {nominal}; Housing status: Patient is homeless {nominal}; Are you covered by health insurance or some other kind of health care plan [PhenX]: No {nominal}; History of Hospitalizations+​Outpatient visits: 9.0 {count}; Body Height: 74.8 cm; Body Weight: 9.87 kg; Systolic Blood Pressure: 116.0 mmHg; Diastolic Blood Pressure: 75.0 mmHg; Are you covered by health insurance or some other kind of health care plan [PhenX]: Yes {nominal}; History of Hospitalizations+​Outpatient visits: 2.0 {count}; HIV status: HIV positive {nominal}; Body Height: 77.84 cm; Body Weight: 10.54 kg; Systolic Blood Pressure: 124.0 mmHg; Diastolic Blood Pressure: 73.0 mmHg; Abuse Status [OMAHA]: Severe signs/symptoms {nominal}. Immunizations: Hep B adolescent or pediatric; rotavirus monovalent; DTaP; Hib (PRP-OMP); Pneumococcal conjugate PCV 13; IPV; Influenza seasonal injectable preservative free; MMR; varicella; Hep A ped/adol 2 dose."
diabetes,zero_shot,test,112,9fe2ae4b-62e5-4647-9206-9c2212dd632c,1,1,1,0.95,"The patient has multiple indicators of impaired glucose metabolism, including a high HbA1c (7.9%), elevated fasting glucose (130.0 mg/dL), and is already prescribed Metformin hydrochloride.","[""Hemoglobin A1c/Hemoglobin.total in Blood: 7.9 %"", ""Glucose: 130.0 mg/dL"", ""24 HR Metformin hydrochloride 500 MG Extended Release Oral Tablet""]",,"{
  ""label"": 1,
  ""confidence"": 0.95,
  ""reason"": ""The patient has multiple indicators of impaired glucose metabolism, including a high HbA1c (7.9%), elevated fasting glucose (130.0 mg/dL), and is already prescribed Metformin hydrochloride."",
  ""evidence"": [
    ""Hemoglobin A1c/Hemoglobin.total in Blood: 7.9 %"",
    ""Glucose: 130.0 mg/dL"",
    ""24 HR Metformin hydrochloride 500 MG Extended Release Oral Tablet""
  ]
}","Demographics: born 1955-11-23, gender F, race white, ethnicity italian. Encounters: Outpatient Encounter; Asthma follow-up; Encounter for 'check-up'. Medications: 120 ACTUAT Fluticasone propionate 0.044 MG/ACTUAT Metered Dose Inhaler; 200 ACTUAT Albuterol 0.09 MG/ACTUAT Metered Dose Inhaler; 24 HR Metformin hydrochloride 500 MG Extended Release Oral Tablet. Procedures: Colonoscopy. Observations: Hemoglobin A1c/Hemoglobin.total in Blood: 7.9 %; Body Height: 165.74 cm; Body Weight: 102.94 kg; Body Mass Index: 37.47 kg/m2; Systolic Blood Pressure: 167.0 mmHg; Diastolic Blood Pressure: 112.0 mmHg; Glucose: 130.0 mg/dL; Urea Nitrogen: 14.0 mg/dL; Creatinine: 1.0 mg/dL; Calcium: 9.11 mg/dL; Sodium: 136.0 mmol/L; Potassium: 3.97 mmol/L; Chloride: 107.0 mmol/L; Carbon Dioxide: 26.0 mmol/L; Total Cholesterol: 241.0 mg/dL; Triglycerides: 422.0 mg/dL; Low Density Lipoprotein Cholesterol: 132.0 mg/dL; High Density Lipoprotein Cholesterol: 24.0 mg/dL; Microalbumin Creatine Ratio: 6.0 mg/g; Estimated Glomerular Filtration Rate: 60.0 mL/min/{1.73_m2}. Allergies: Allergy to nut; Allergy to fish; Allergy to wheat; Allergy to bee venom. Immunizations: Influenza seasonal injectable preservative free."
diabetes,zero_shot,test,113,e86bd158-2c3a-4215-8eeb-b930630c899f,1,1,1,0.95,"The patient has an elevated Hemoglobin A1c (6.3%) and is currently prescribed Metformin hydrochloride, a medication used for managing diabetes.","[""Hemoglobin A1c/Hemoglobin.total in Blood: 6.3 %"", ""Medications: 24 HR Metformin hydrochloride 500 MG Extended Release Oral Tablet""]",,"{
  ""label"": 1,
  ""confidence"": 0.95,
  ""reason"": ""The patient has an elevated Hemoglobin A1c (6.3%) and is currently prescribed Metformin hydrochloride, a medication used for managing diabetes."",
  ""evidence"": [
    ""Hemoglobin A1c/Hemoglobin.total in Blood: 6.3 %"",
    ""Medications: 24 HR Metformin hydrochloride 500 MG Extended Release Oral Tablet""
  ]
}","Demographics: born 1958-11-28, gender M, race hispanic, ethnicity puerto_rican. Encounters: Outpatient Encounter; Encounter for symptom; Encounter for 'check-up'. Medications: 24 HR Metformin hydrochloride 500 MG Extended Release Oral Tablet; Naproxen sodium 220 MG Oral Tablet; Fluticasone propionate 0.25 MG/ACTUAT / salmeterol 0.05 MG/ACTUAT [Advair]. Procedures: Documentation of current medications; Colonoscopy; Spirometry (procedure). Observations: Hemoglobin A1c/Hemoglobin.total in Blood: 6.3 %; Body Height: 178.48 cm; Body Weight: 99.76 kg; Body Mass Index: 31.32 kg/m2; Systolic Blood Pressure: 140.0 mmHg; Diastolic Blood Pressure: 93.0 mmHg; Glucose: 138.0 mg/dL; Urea Nitrogen: 11.0 mg/dL; Creatinine: 1.0 mg/dL; Calcium: 9.44 mg/dL; Sodium: 144.0 mmol/L; Potassium: 4.77 mmol/L; Chloride: 111.0 mmol/L; Carbon Dioxide: 21.0 mmol/L; Total Cholesterol: 242.0 mg/dL; Triglycerides: 451.0 mg/dL; Low Density Lipoprotein Cholesterol: 114.0 mg/dL; High Density Lipoprotein Cholesterol: 37.0 mg/dL; Microalbumin Creatine Ratio: 5.0 mg/g; Estimated Glomerular Filtration Rate: 60.0 mL/min/{1.73_m2}; Systolic Blood Pressure: 161.0 mmHg; Diastolic Blood Pressure: 104.0 mmHg; Glucose: 100.0 mg/dL; Urea Nitrogen: 19.0 mg/dL; Calcium: 10.09 mg/dL; Sodium: 137.0 mmol/L; Potassium: 3.99 mmol/L; Chloride: 110.0 mmol/L; Carbon Dioxide: 20.0 mmol/L; Total Cholesterol: 177.0 mg/dL; Triglycerides: 121.0 mg/dL; Low Density Lipoprotein Cholesterol: 72.0 mg/dL; High Density Lipoprotein Cholesterol: 80.0 mg/dL; Microalbumin Creatine Ratio: 7.0 mg/g; Systolic Blood Pressure: 189.0 mmHg; Diastolic Blood Pressure: 110.0 mmHg; Glucose: 82.0 mg/dL; Urea Nitrogen: 9.0 mg/dL; Calcium: 10.19 mg/dL; Sodium: 139.0 mmol/L. Immunizations: Influenza seasonal injectable preservative free; Td (adult) preservative free."
diabetes,zero_shot,test,114,398b6b60-fc05-43c1-8c37-9639bb733c7e,1,1,1,0.95,"The patient is actively managed for diabetes, evidenced by the prescription of both Metformin and insulin, and shows signs of hyperglycemia with observed glucose levels around 186-198 mg/dL.","[""24 HR Metformin hydrochloride"", ""insulin human isophane / Regular Insulin Human"", ""Glucose: 198.0 mg/dL""]",,"{
  ""label"": 1,
  ""confidence"": 0.95,
  ""reason"": ""The patient is actively managed for diabetes, evidenced by the prescription of both Metformin and insulin, and shows signs of hyperglycemia with observed glucose levels around 186-198 mg/dL."",
  ""evidence"": [
    ""24 HR Metformin hydrochloride"",
    ""insulin human isophane / Regular Insulin Human"",
    ""Glucose: 198.0 mg/dL""
  ]
}","Demographics: born 1930-05-15, gender M, race black, ethnicity dominican. Encounters: Outpatient Encounter; Death Certification. Medications: Fluticasone propionate 0.25 MG/ACTUAT / salmeterol 0.05 MG/ACTUAT [Advair]; 24 HR Metformin hydrochloride 500 MG Extended Release Oral Tablet; insulin human isophane 70 UNT/ML / Regular Insulin Human 30 UNT/ML Injectable Suspension [Humulin]. Procedures: Spirometry (procedure); Pulmonary rehabilitation (regime/therapy); Documentation of current medications. Observations: FEV1/​FVC: 28.0 %; Hemoglobin A1c/Hemoglobin.total in Blood: 3.0 %; Body Height: 177.37 cm; Body Weight: 94.01 kg; Body Mass Index: 29.88 kg/m2; Systolic Blood Pressure: 113.0 mmHg; Diastolic Blood Pressure: 79.0 mmHg; Glucose: 198.0 mg/dL; Urea Nitrogen: 16.0 mg/dL; Creatinine: 1.0 mg/dL; Calcium: 10.17 mg/dL; Sodium: 139.0 mmol/L; Potassium: 4.21 mmol/L; Chloride: 108.0 mmol/L; Carbon Dioxide: 24.0 mmol/L; Total Cholesterol: 259.0 mg/dL; Triglycerides: 475.0 mg/dL; Low Density Lipoprotein Cholesterol: 138.0 mg/dL; High Density Lipoprotein Cholesterol: 26.0 mg/dL; Microalbumin Creatine Ratio: 239.0 mg/g; Estimated Glomerular Filtration Rate: 60.0 mL/min/{1.73_m2}; FEV1/​FVC: 29.0 %; Hemoglobin A1c/Hemoglobin.total in Blood: 2.8 %; Body Weight: 92.15 kg; Body Mass Index: 29.29 kg/m2; Systolic Blood Pressure: 123.0 mmHg; Diastolic Blood Pressure: 74.0 mmHg; Glucose: 186.0 mg/dL; Urea Nitrogen: 9.0 mg/dL; Calcium: 9.84 mg/dL; Sodium: 136.0 mmol/L; Potassium: 4.14 mmol/L; Chloride: 109.0 mmol/L; Carbon Dioxide: 26.0 mmol/L; Total Cholesterol: 243.0 mg/dL; Triglycerides: 308.0 mg/dL; Low Density Lipoprotein Cholesterol: 143.0 mg/dL; High Density Lipoprotein Cholesterol: 38.0 mg/dL; Microalbumin Creatine Ratio: 149.0 mg/g; FEV1/​FVC: 12.0 %. Immunizations: Influenza seasonal injectable preservative free; Td (adult) preservative free."
diabetes,zero_shot,test,115,e7b97a01-f14d-41d4-a1a5-7db936484151,1,1,1,0.98,"The patient is actively managed for hyperglycemia, evidenced by prescribed medications (Metformin and Insulin) and multiple readings of elevated blood glucose levels.","[""24 HR Metformin hydrochloride 500 MG Extended Release Oral Tablet"", ""insulin human isophane 70 UNT/ML / Regular Insulin Human 30 UNT/ML Injectable Suspension [Humulin]"", ""Glucose: 171.0 mg/dL"", ""Glucose: 192.0 mg/dL""]",,"{
  ""label"": 1,
  ""confidence"": 0.98,
  ""reason"": ""The patient is actively managed for hyperglycemia, evidenced by prescribed medications (Metformin and Insulin) and multiple readings of elevated blood glucose levels."",
  ""evidence"": [
    ""24 HR Metformin hydrochloride 500 MG Extended Release Oral Tablet"",
    ""insulin human isophane 70 UNT/ML / Regular Insulin Human 30 UNT/ML Injectable Suspension [Humulin]"",
    ""Glucose: 171.0 mg/dL"",
    ""Glucose: 192.0 mg/dL""
  ]
}","Demographics: born 1951-01-07, gender M, race white, ethnicity english. Encounters: Encounter for problem; Outpatient Encounter; Encounter for symptom. Medications: Penicillin V Potassium 250 MG; Penicillin V Potassium 500 MG; 24 HR Metformin hydrochloride 500 MG Extended Release Oral Tablet; insulin human isophane 70 UNT/ML / Regular Insulin Human 30 UNT/ML Injectable Suspension [Humulin]; Naproxen sodium 220 MG [Aleve]; Dextromethorphan Hydrobromide 1 MG/ML; Amoxicillin 250 MG / Clavulanate 125 MG [Augmentin]. Procedures: Documentation of current medications; Sputum examination (procedure). Observations: Hemoglobin A1c/Hemoglobin.total in Blood: 4.5 %; Body Height: 175.0 cm; Body Weight: 109.77 kg; Body Mass Index: 35.84 kg/m2; Systolic Blood Pressure: 196.0 mmHg; Diastolic Blood Pressure: 112.0 mmHg; Glucose: 171.0 mg/dL; Urea Nitrogen: 10.0 mg/dL; Creatinine: 1.0 mg/dL; Calcium: 10.0 mg/dL; Sodium: 137.0 mmol/L; Potassium: 4.43 mmol/L; Chloride: 110.0 mmol/L; Carbon Dioxide: 25.0 mmol/L; Total Cholesterol: 259.0 mg/dL; Triglycerides: 279.0 mg/dL; Low Density Lipoprotein Cholesterol: 177.0 mg/dL; High Density Lipoprotein Cholesterol: 26.0 mg/dL; Microalbumin Creatine Ratio: 3.0 mg/g; Estimated Glomerular Filtration Rate: 60.0 mL/min/{1.73_m2}; Hemoglobin A1c/Hemoglobin.total in Blood: 4.3 %; Body Weight: 108.28 kg; Body Mass Index: 35.36 kg/m2; Systolic Blood Pressure: 194.0 mmHg; Diastolic Blood Pressure: 92.0 mmHg; Glucose: 192.0 mg/dL; Urea Nitrogen: 8.0 mg/dL; Calcium: 8.68 mg/dL; Sodium: 144.0 mmol/L; Potassium: 4.03 mmol/L; Chloride: 104.0 mmol/L; Carbon Dioxide: 23.0 mmol/L; Total Cholesterol: 242.0 mg/dL; Triglycerides: 256.0 mg/dL; Low Density Lipoprotein Cholesterol: 154.0 mg/dL; High Density Lipoprotein Cholesterol: 36.0 mg/dL; Microalbumin Creatine Ratio: 17.0 mg/g; Oral temperature: 38.0 Cel; Hemoglobin A1c/Hemoglobin.total in Blood: 4.2 %; Body Weight: 106.78 kg. Immunizations: Influenza seasonal injectable preservative free; zoster; Td (adult) preservative free; Pneumococcal conjugate PCV 13."
diabetes,zero_shot,test,116,4798c5d4-3583-4cc0-92c4-6dc1f16d307c,1,1,1,1.0,"The patient is actively managed for diabetes, evidenced by prescribed medications including Metformin hydrochloride and insulin. Furthermore, multiple recorded glucose levels (e.g., 181.0 mg/dL, 148.0 mg/dL) are elevated.","[""24 HR Metformin hydrochloride 500 MG Extended Release Oral Tablet"", ""insulin human isophane... Regular Insulin Human..."", ""Glucose: 181.0 mg/dL"", ""Hemoglobin A1c/Hemoglobin.total in Blood: 4.2 %""]",,"{
  ""label"": 1,
  ""confidence"": 1.0,
  ""reason"": ""The patient is actively managed for diabetes, evidenced by prescribed medications including Metformin hydrochloride and insulin. Furthermore, multiple recorded glucose levels (e.g., 181.0 mg/dL, 148.0 mg/dL) are elevated."",
  ""evidence"": [
    ""24 HR Metformin hydrochloride 500 MG Extended Release Oral Tablet"",
    ""insulin human isophane... Regular Insulin Human..."",
    ""Glucose: 181.0 mg/dL"",
    ""Hemoglobin A1c/Hemoglobin.total in Blood: 4.2 %""
  ]
}","Demographics: born 1947-07-28, gender F, race asian, ethnicity asian_indian. Encounters: Outpatient Encounter; Encounter for 'check-up'; Emergency room admission. Medications: Penicillin V Potassium 250 MG; 24 HR Metformin hydrochloride 500 MG Extended Release Oral Tablet; insulin human isophane 70 UNT/ML / Regular Insulin Human 30 UNT/ML Injectable Suspension [Humulin]; Naproxen sodium 220 MG [Aleve]; Naproxen sodium 220 MG Oral Tablet. Procedures: Documentation of current medications; Colonoscopy; Bone immobilization; Bone density scan (procedure). Observations: Hemoglobin A1c/Hemoglobin.total in Blood: 4.2 %; Body Height: 158.57 cm; Body Weight: 87.84 kg; Body Mass Index: 34.93 kg/m2; Systolic Blood Pressure: 135.0 mmHg; Diastolic Blood Pressure: 74.0 mmHg; Glucose: 181.0 mg/dL; Urea Nitrogen: 9.0 mg/dL; Creatinine: 1.0 mg/dL; Calcium: 9.09 mg/dL; Sodium: 137.0 mmol/L; Potassium: 4.17 mmol/L; Chloride: 101.0 mmol/L; Carbon Dioxide: 29.0 mmol/L; Total Cholesterol: 243.0 mg/dL; Triglycerides: 351.0 mg/dL; Low Density Lipoprotein Cholesterol: 138.0 mg/dL; High Density Lipoprotein Cholesterol: 34.0 mg/dL; Microalbumin Creatine Ratio: 2.0 mg/g; Estimated Glomerular Filtration Rate: 60.0 mL/min/{1.73_m2}; Hemoglobin A1c/Hemoglobin.total in Blood: 4.1 %; Body Weight: 86.71 kg; Body Mass Index: 34.48 kg/m2; Systolic Blood Pressure: 125.0 mmHg; Diastolic Blood Pressure: 73.0 mmHg; Glucose: 148.0 mg/dL; Calcium: 9.74 mg/dL; Sodium: 140.0 mmol/L; Potassium: 4.09 mmol/L; Chloride: 111.0 mmol/L; Total Cholesterol: 254.0 mg/dL; Triglycerides: 379.0 mg/dL; Low Density Lipoprotein Cholesterol: 153.0 mg/dL; High Density Lipoprotein Cholesterol: 25.0 mg/dL; Microalbumin Creatine Ratio: 6.0 mg/g; Systolic Blood Pressure: 129.0 mmHg; Diastolic Blood Pressure: 88.0 mmHg; Glucose: 182.0 mg/dL; Urea Nitrogen: 20.0 mg/dL; Calcium: 9.12 mg/dL. Immunizations: Influenza seasonal injectable preservative free; Pneumococcal conjugate PCV 13; pneumococcal polysaccharide vaccine 23 valent."
diabetes,zero_shot,test,117,89e20516-b8bd-42cb-b2b3-3f49fbba9334,1,1,1,0.98,"The patient is currently prescribed both Metformin and Insulin Lispro, which are standard medications used for the management of diabetes mellitus.","[""Metformin hydrochloride"", ""Insulin Lispro""]",,"{
  ""label"": 1,
  ""confidence"": 0.98,
  ""reason"": ""The patient is currently prescribed both Metformin and Insulin Lispro, which are standard medications used for the management of diabetes mellitus."",
  ""evidence"": [
    ""Metformin hydrochloride"",
    ""Insulin Lispro""
  ]
}","Demographics: born 1961-08-18, gender M, race white, ethnicity french. Encounters: Emergency room admission; Outpatient Encounter; Encounter for symptom. Medications: 24 HR Metformin hydrochloride 500 MG Extended Release Oral Tablet; Insulin Lispro 100 UNT/ML Injectable Solution [Humalog]; Ibuprofen 200 MG Oral Tablet. Procedures: Documentation of current medications; Suture open wound; Injection of tetanus antitoxin. Observations: Hemoglobin A1c/Hemoglobin.total in Blood: 4.5 %; Body Height: 170.89 cm; Body Weight: 143.63 kg; Body Mass Index: 49.18 kg/m2; Systolic Blood Pressure: 114.0 mmHg; Diastolic Blood Pressure: 86.0 mmHg; Glucose: 64.0 mg/dL; Urea Nitrogen: 12.0 mg/dL; Creatinine: 1.0 mg/dL; Calcium: 9.38 mg/dL; Sodium: 136.0 mmol/L; Potassium: 4.83 mmol/L; Chloride: 103.0 mmol/L; Carbon Dioxide: 26.0 mmol/L; Total Cholesterol: 185.0 mg/dL; Triglycerides: 133.0 mg/dL; Low Density Lipoprotein Cholesterol: 89.0 mg/dL; High Density Lipoprotein Cholesterol: 69.0 mg/dL; Microalbumin Creatine Ratio: 104.0 mg/g; Estimated Glomerular Filtration Rate: 60.0 mL/min/{1.73_m2}; Systolic Blood Pressure: 134.0 mmHg; Diastolic Blood Pressure: 89.0 mmHg; Glucose: 99.0 mg/dL; Urea Nitrogen: 10.0 mg/dL; Calcium: 8.56 mg/dL; Sodium: 140.0 mmol/L; Potassium: 3.71 mmol/L; Chloride: 111.0 mmol/L; Carbon Dioxide: 28.0 mmol/L; Total Cholesterol: 192.0 mg/dL; Triglycerides: 136.0 mg/dL; Low Density Lipoprotein Cholesterol: 92.0 mg/dL; High Density Lipoprotein Cholesterol: 72.0 mg/dL; Microalbumin Creatine Ratio: 151.0 mg/g; Systolic Blood Pressure: 111.0 mmHg; Diastolic Blood Pressure: 71.0 mmHg; Glucose: 80.0 mg/dL; Urea Nitrogen: 13.0 mg/dL; Calcium: 9.63 mg/dL; Potassium: 3.86 mmol/L. Immunizations: Influenza seasonal injectable preservative free; Td (adult) preservative free."
diabetes,zero_shot,test,118,288edd4f-6f68-403d-af95-823939572de7,0,0,1,0.8,The provided demographic information is insufficient to diagnose diabetes.,"[""Demographics: born 1959-12-21"", ""gender M"", ""race hispanic"", ""ethnicity puerto_rican""]",,"{""label"": 0, ""confidence"": 0.8, ""reason"": ""The provided demographic information is insufficient to diagnose diabetes."", ""evidence"": [""Demographics: born 1959-12-21"", ""gender M"", ""race hispanic"", ""ethnicity puerto_rican""]}","Demographics: born 1959-12-21, gender M, race hispanic, ethnicity puerto_rican."
diabetes,zero_shot,test,119,52c27935-4de4-4db3-8dc1-9c580e7c0e14,0,0,1,0.95,"The patient is a child with multiple encounters documented over time, but there are no specific lab results (like HbA1c or fasting glucose) or clinical findings suggestive of diabetes.","[""Body Mass Index: 20.48 kg/m2"", ""Systolic Blood Pressure: 134.0 mmHg; Diastolic Blood Pressure: 72.0 mmHg""]",,"{""label"": 0, ""confidence"": 0.95, ""reason"": ""The patient is a child with multiple encounters documented over time, but there are no specific lab results (like HbA1c or fasting glucose) or clinical findings suggestive of diabetes."", ""evidence"": [""Body Mass Index: 20.48 kg/m2"", ""Systolic Blood Pressure: 134.0 mmHg; Diastolic Blood Pressure: 72.0 mmHg""]}","Demographics: born 2015-02-01, gender M, race white, ethnicity irish. Encounters: Outpatient Encounter. Procedures: Documentation of current medications. Observations: Body Height: 56.4 cm; Body Weight: 6.07 kg; Systolic Blood Pressure: 105.0 mmHg; Diastolic Blood Pressure: 71.0 mmHg; Body Height: 59.38 cm; Body Weight: 7.04 kg; Systolic Blood Pressure: 125.0 mmHg; Diastolic Blood Pressure: 86.0 mmHg; Body Height: 61.85 cm; Body Weight: 7.92 kg; Systolic Blood Pressure: 135.0 mmHg; Diastolic Blood Pressure: 88.0 mmHg; Body Height: 65.89 cm; Body Weight: 9.42 kg; Systolic Blood Pressure: 104.0 mmHg; Body Height: 70.7 cm; Body Weight: 11.16 kg; Systolic Blood Pressure: 120.0 mmHg; Diastolic Blood Pressure: 70.0 mmHg; Body Height: 74.66 cm; Body Weight: 12.44 kg; Systolic Blood Pressure: 126.0 mmHg; Body Height: 78.09 cm; Body Weight: 13.4 kg; Systolic Blood Pressure: 115.0 mmHg; Diastolic Blood Pressure: 89.0 mmHg; Body Height: 81.15 cm; Body Weight: 14.16 kg; Systolic Blood Pressure: 101.0 mmHg; Diastolic Blood Pressure: 84.0 mmHg; Body Height: 83.95 cm; Body Weight: 14.79 kg; Systolic Blood Pressure: 119.0 mmHg; Body Height: 88.1 cm; Body Weight: 15.9 kg; Body Mass Index: 20.48 kg/m2; Systolic Blood Pressure: 134.0 mmHg; Diastolic Blood Pressure: 72.0 mmHg. Immunizations: Hep B adolescent or pediatric; rotavirus monovalent; DTaP; Hib (PRP-OMP); Pneumococcal conjugate PCV 13; IPV; Influenza seasonal injectable preservative free; MMR; varicella; Hep A ped/adol 2 dose."
diabetes,zero_shot,test,120,cef0015e-3ca1-48fc-a383-2f7992e6367e,0,0,1,0.95,"The patient's recorded HbA1c levels (6.2%, 6.0%, 5.9%) are within the normal range for non-diabetic individuals and do not meet diagnostic criteria for diabetes.","[""Hemoglobin A1c/Hemoglobin.total in Blood: 6.2 %"", ""Hemoglobin A1c/Hemoglobin.total in Blood: 6.0 %"", ""Hemoglobin A1c/Hemoglobin.total in Blood: 5.9 %""]",,"{""label"": 0, ""confidence"": 0.95, ""reason"": ""The patient's recorded HbA1c levels (6.2%, 6.0%, 5.9%) are within the normal range for non-diabetic individuals and do not meet diagnostic criteria for diabetes."", ""evidence"": [""Hemoglobin A1c/Hemoglobin.total in Blood: 6.2 %"", ""Hemoglobin A1c/Hemoglobin.total in Blood: 6.0 %"", ""Hemoglobin A1c/Hemoglobin.total in Blood: 5.9 %""]}","Demographics: born 1954-02-24, gender F, race white, ethnicity portuguese. Encounters: Outpatient Encounter; Encounter for 'check-up'; Encounter for problem; Encounter for symptom. Medications: Leucovorin 100 MG Injection; oxaliplatin 5 MG/ML [Eloxatin]. Procedures: Colonoscopy; Rectal polypectomy; Partial resection of colon; Combined chemotherapy and radiation therapy (procedure). Observations: Hemoglobin A1c/Hemoglobin.total in Blood: 6.2 %; Body Height: 163.33 cm; Body Weight: 101.71 kg; Body Mass Index: 38.12 kg/m2; Systolic Blood Pressure: 111.0 mmHg; Diastolic Blood Pressure: 78.0 mmHg; Glucose: 88.0 mg/dL; Urea Nitrogen: 18.0 mg/dL; Creatinine: 1.0 mg/dL; Calcium: 8.74 mg/dL; Sodium: 137.0 mmol/L; Potassium: 5.05 mmol/L; Chloride: 108.0 mmol/L; Carbon Dioxide: 29.0 mmol/L; Hemoglobin A1c/Hemoglobin.total in Blood: 6.0 %; Systolic Blood Pressure: 123.0 mmHg; Diastolic Blood Pressure: 84.0 mmHg; Glucose: 86.0 mg/dL; Urea Nitrogen: 8.0 mg/dL; Calcium: 9.46 mg/dL; Sodium: 141.0 mmol/L; Potassium: 4.69 mmol/L; Chloride: 109.0 mmol/L; Carbon Dioxide: 26.0 mmol/L; Oral temperature: 38.0 Cel; Systolic Blood Pressure: 130.0 mmHg; Diastolic Blood Pressure: 87.0 mmHg; Glucose: 64.0 mg/dL; Urea Nitrogen: 13.0 mg/dL; Calcium: 9.88 mg/dL; Sodium: 140.0 mmol/L; Potassium: 4.83 mmol/L; Total Cholesterol: 200.0 mg/dL; Triglycerides: 139.0 mg/dL; Low Density Lipoprotein Cholesterol: 95.0 mg/dL; High Density Lipoprotein Cholesterol: 77.0 mg/dL; Hemoglobin A1c/Hemoglobin.total in Blood: 5.9 %; Systolic Blood Pressure: 102.0 mmHg; Diastolic Blood Pressure: 82.0 mmHg; Glucose: 67.0 mg/dL. Immunizations: Influenza seasonal injectable preservative free."
diabetes,zero_shot,test,121,d4d8dd51-28ab-41cc-b670-6e6ce95e1395,0,1,0,0.95,"Multiple recorded Hemoglobin A1c levels (6.2% - 6.4%) are elevated and consistently above the normal threshold, indicating chronic hyperglycemia suggestive of diabetes or prediabetes.","[""Hemoglobin A1c/Hemoglobin.total in Blood: 6.3 %"", ""Hemoglobin A1c/Hemoglobin.total in Blood: 6.4 %"", ""Hemoglobin A1c/Hemoglobin.total in Blood: 6.2 %""]",,"{
  ""label"": 1,
  ""confidence"": 0.95,
  ""reason"": ""Multiple recorded Hemoglobin A1c levels (6.2% - 6.4%) are elevated and consistently above the normal threshold, indicating chronic hyperglycemia suggestive of diabetes or prediabetes."",
  ""evidence"": [
    ""Hemoglobin A1c/Hemoglobin.total in Blood: 6.3 %"",
    ""Hemoglobin A1c/Hemoglobin.total in Blood: 6.4 %"",
    ""Hemoglobin A1c/Hemoglobin.total in Blood: 6.2 %""
  ]
}","Demographics: born 1946-06-22, gender M, race white, ethnicity irish. Encounters: Outpatient Encounter; Emergency room admission; Encounter for 'check-up'; Emergency Encounter; Encounter for symptom. Medications: Clopidogrel 75 MG Oral Tablet; Alteplase 1 MG/ML Injectable Solution; Simvastatin 20 MG Oral Tablet; Amlodipine 5 MG Oral Tablet; Nitroglycerin 0.4 MG/ACTUAT [Nitrolingual]. Procedures: Documentation of current medications; Colonoscopy; Fecal occult blood test; Rectal polypectomy; Percutaneous mechanical thrombectomy of portal vein using fluoroscopic guidance. Observations: Hemoglobin A1c/Hemoglobin.total in Blood: 6.3 %; Body Height: 177.93 cm; Body Weight: 95.87 kg; Body Mass Index: 30.28 kg/m2; Systolic Blood Pressure: 198.0 mmHg; Diastolic Blood Pressure: 110.0 mmHg; Glucose: 68.0 mg/dL; Urea Nitrogen: 20.0 mg/dL; Creatinine: 1.0 mg/dL; Calcium: 8.91 mg/dL; Sodium: 142.0 mmol/L; Potassium: 4.97 mmol/L; Chloride: 104.0 mmol/L; Carbon Dioxide: 28.0 mmol/L; Total Cholesterol: 186.0 mg/dL; Triglycerides: 129.0 mg/dL; Low Density Lipoprotein Cholesterol: 94.0 mg/dL; High Density Lipoprotein Cholesterol: 66.0 mg/dL; Estimated Glomerular Filtration Rate: 60.0 mL/min/{1.73_m2}; Hemoglobin A1c/Hemoglobin.total in Blood: 6.4 %; Body Weight: 94.05 kg; Body Mass Index: 29.71 kg/m2; Systolic Blood Pressure: 179.0 mmHg; Diastolic Blood Pressure: 93.0 mmHg; Glucose: 81.0 mg/dL; Urea Nitrogen: 17.0 mg/dL; Calcium: 10.05 mg/dL; Sodium: 136.0 mmol/L; Potassium: 4.54 mmol/L; Chloride: 103.0 mmol/L; Carbon Dioxide: 25.0 mmol/L; Polyp size greatest dimension by CAP cancer protocols: 5.0 mm; Hemoglobin.gastrointestinal [Presence] in Stool by Immunologic method: 5.0 ng/mL; Hemoglobin A1c/Hemoglobin.total in Blood: 6.2 %; Body Weight: 92.48 kg; Body Mass Index: 29.21 kg/m2; Systolic Blood Pressure: 175.0 mmHg; Diastolic Blood Pressure: 114.0 mmHg; Glucose: 99.0 mg/dL; Urea Nitrogen: 15.0 mg/dL. Immunizations: Influenza seasonal injectable preservative free; Pneumococcal conjugate PCV 13; pneumococcal polysaccharide vaccine 23 valent."
diabetes,zero_shot,test,122,dfee2a79-b462-476b-b482-a5459c358f1c,0,0,1,0.95,"The patient is a child with multiple encounters documented, but there are no specific lab results (like HbA1c or fasting glucose) or clinical findings suggestive of diabetes.","[""Body Height: 74.74 cm; Body Weight: 12.17 kg"", ""Systolic Blood Pressure: 130.0 mmHg; Diastolic Blood Pressure: 79.0 mmHg""]",,"{""label"": 0, ""confidence"": 0.95, ""reason"": ""The patient is a child with multiple encounters documented, but there are no specific lab results (like HbA1c or fasting glucose) or clinical findings suggestive of diabetes."", ""evidence"": [""Body Height: 74.74 cm; Body Weight: 12.17 kg"", ""Systolic Blood Pressure: 130.0 mmHg; Diastolic Blood Pressure: 79.0 mmHg""]}","Demographics: born 2015-06-22, gender M, race white, ethnicity portuguese. Encounters: Outpatient Encounter; Encounter for symptom. Procedures: Documentation of current medications. Observations: Body Height: 57.57 cm; Body Weight: 6.12 kg; Systolic Blood Pressure: 112.0 mmHg; Diastolic Blood Pressure: 70.0 mmHg; Body Height: 60.55 cm; Body Weight: 7.11 kg; Systolic Blood Pressure: 103.0 mmHg; Diastolic Blood Pressure: 77.0 mmHg; Body Height: 65.18 cm; Body Weight: 8.79 kg; Systolic Blood Pressure: 139.0 mmHg; Diastolic Blood Pressure: 82.0 mmHg; Body Height: 70.47 cm; Body Weight: 10.74 kg; Systolic Blood Pressure: 127.0 mmHg; Diastolic Blood Pressure: 73.0 mmHg; Body Height: 74.74 cm; Body Weight: 12.17 kg; Systolic Blood Pressure: 130.0 mmHg; Diastolic Blood Pressure: 79.0 mmHg; Body Height: 79.51 cm; Body Weight: 13.53 kg; Systolic Blood Pressure: 121.0 mmHg; Diastolic Blood Pressure: 89.0 mmHg; Body Height: 82.64 cm; Body Weight: 14.3 kg; Systolic Blood Pressure: 135.0 mmHg; Body Height: 85.5 cm; Body Weight: 14.93 kg; Systolic Blood Pressure: 102.0 mmHg; Diastolic Blood Pressure: 87.0 mmHg. Immunizations: Hep B adolescent or pediatric; rotavirus monovalent; DTaP; Hib (PRP-OMP); Pneumococcal conjugate PCV 13; IPV; Influenza seasonal injectable preservative free; MMR; varicella; Hep A ped/adol 2 dose."
diabetes,zero_shot,test,123,fd9bec47-0618-4a63-8324-de4ae4a9b37c,0,0,1,0.95,"The provided clinical notes do not contain any diagnostic information, lab results (such as HbA1c or glucose levels), or symptoms suggestive of diabetes.","[""No mention of blood sugar readings"", ""No diagnosis of diabetes mellitus found in the text""]",,"{
  ""label"": 0,
  ""confidence"": 0.95,
  ""reason"": ""The provided clinical notes do not contain any diagnostic information, lab results (such as HbA1c or glucose levels), or symptoms suggestive of diabetes."",
  ""evidence"": [
    ""No mention of blood sugar readings"",
    ""No diagnosis of diabetes mellitus found in the text""
  ]
}","Demographics: born 2013-12-06, gender F, race white, ethnicity french_canadian. Encounters: Outpatient Encounter; Encounter for symptom; Encounter for problem; Domiciliary or rest home patient evaluation and management. Medications: Amoxicillin 200 MG Oral Tablet; Ibuprofen 100 MG Oral Tablet; Fexofenadine hydrochloride 30 MG Oral Tablet; 0.3 ML EPINEPHrine 0.5 MG/ML Auto-Injector; Acetaminophen 160 MG. Procedures: Documentation of current medications; Allergy screening test; Information gathering (procedure). Observations: Body Height: 55.76 cm; Body Weight: 3.4 kg; Systolic Blood Pressure: 115.0 mmHg; Diastolic Blood Pressure: 73.0 mmHg; Body Height: 58.57 cm; Body Weight: 4.0 kg; Systolic Blood Pressure: 121.0 mmHg; Diastolic Blood Pressure: 75.0 mmHg; Body Height: 63.02 cm; Body Weight: 5.05 kg; Systolic Blood Pressure: 108.0 mmHg; Diastolic Blood Pressure: 74.0 mmHg; Body Height: 64.9 cm; Body Weight: 5.52 kg; Systolic Blood Pressure: 106.0 mmHg; Diastolic Blood Pressure: 83.0 mmHg; Body Height: 69.72 cm; Body Weight: 6.72 kg; Systolic Blood Pressure: 139.0 mmHg; Diastolic Blood Pressure: 85.0 mmHg; Percentage area affected by eczema Head and Neck: 44.0 %; Percentage area affected by eczema Trunk: 17.0 %; Percentage area affected by eczema Upper extremitiy - bilateral: 9.0 %; Percentage area affected by eczema Lower extremitiy - bilateral: 12.0 %; Peanut IgE Ab in Serum: 50.53 kU/L; Walnut IgE Ab in Serum: 0.29 kU/L; Codfish IgE Ab in Serum: 0.07 kU/L; Shrimp IgE Ab in Serum: 0.21 kU/L; Wheat IgE Ab in Serum: 59.84 kU/L; Egg white IgE Ab in Serum: 0.01 kU/L; Soybean IgE Ab in Serum: 0.09 kU/L; Cow milk IgE Ab in Serum: 0.23 kU/L; White oak IgE Ab in Serum: 96.56 kU/L; Common Ragweed IgE Ab in Serum: 75.1 kU/L; Cat dander IgE Ab in Serum: 11.61 kU/L; American house dust mite IgE Ab in Serum: 98.72 kU/L; Cladosporium herbarum IgE Ab in Serum: 72.85 kU/L; Honey bee IgE Ab in Serum: 0.14 kU/L; Latex IgE Ab in Serum: 0.28 kU/L; Body Height: 73.74 cm. Allergies: Allergy to peanuts; Allergy to wheat; Allergy to tree pollen; Allergy to grass pollen; Dander (animal) allergy; House dust mite allergy; Allergy to mould. Immunizations: Hep B adolescent or pediatric; rotavirus monovalent; DTaP; Hib (PRP-OMP); Pneumococcal conjugate PCV 13; IPV; Influenza seasonal injectable preservative free; MMR; varicella; Hep A ped/adol 2 dose."
diabetes,zero_shot,test,124,1f872e2f-07a0-4001-ba78-da82cf2af07a,0,0,1,0.95,"The patient's record does not contain any specific lab results (e.g., HbA1c, fasting glucose) or clinical notes indicating a diagnosis of diabetes.","[""Body Mass Index: 17.35 kg/m2"", ""Body Mass Index: 19.39 kg/m2""]",,"{""label"": 0, ""confidence"": 0.95, ""reason"": ""The patient's record does not contain any specific lab results (e.g., HbA1c, fasting glucose) or clinical notes indicating a diagnosis of diabetes."", ""evidence"": [""Body Mass Index: 17.35 kg/m2"", ""Body Mass Index: 19.39 kg/m2""]}","Demographics: born 2006-06-15, gender F, race hispanic, ethnicity puerto_rican. Encounters: Outpatient Encounter; Encounter for symptom; Encounter for problem. Medications: Amoxicillin 200 MG Oral Tablet; Ibuprofen 100 MG Oral Tablet; Acetaminophen 160 MG; Atomoxetine 100 MG [Strattera]. Procedures: Documentation of current medications; Measurement of respiratory function (procedure). Observations: Body Height: 94.96 cm; Body Weight: 15.65 kg; Body Mass Index: 17.35 kg/m2; Systolic Blood Pressure: 120.0 mmHg; Diastolic Blood Pressure: 80.0 mmHg; Body Height: 100.79 cm; Body Weight: 17.51 kg; Body Mass Index: 17.24 kg/m2; Systolic Blood Pressure: 102.0 mmHg; Diastolic Blood Pressure: 81.0 mmHg; Body Height: 106.68 cm; Body Weight: 19.5 kg; Body Mass Index: 17.13 kg/m2; Diastolic Blood Pressure: 74.0 mmHg; Body Height: 112.29 cm; Body Weight: 21.64 kg; Body Mass Index: 17.16 kg/m2; Systolic Blood Pressure: 129.0 mmHg; Diastolic Blood Pressure: 82.0 mmHg; Body Height: 117.72 cm; Body Weight: 24.27 kg; Body Mass Index: 17.51 kg/m2; Systolic Blood Pressure: 132.0 mmHg; Diastolic Blood Pressure: 86.0 mmHg; Body Height: 122.69 cm; Body Weight: 27.61 kg; Body Mass Index: 18.34 kg/m2; Systolic Blood Pressure: 109.0 mmHg; Diastolic Blood Pressure: 78.0 mmHg; Body Height: 126.84 cm; Body Weight: 31.2 kg; Body Mass Index: 19.39 kg/m2; Systolic Blood Pressure: 115.0 mmHg. Immunizations: DTaP; Pneumococcal conjugate PCV 13; IPV; Influenza seasonal injectable preservative free; MMR; varicella."
diabetes,zero_shot,test,125,1319dfcd-7532-4f08-8b50-fdc6c7f26c6b,0,0,1,0.85,"The patient's HbA1c levels (ranging from 6.0% to 6.4%) are elevated and fall into the prediabetic range, but they do not meet the established diagnostic threshold of 6.5% or higher for diabetes. Current glucose readings are within normal limits.","[""Hemoglobin A1c/Hemoglobin.total in Blood: 6.3 %"", ""Hemoglobin A1c/Hemoglobin.total in Blood: 6.4 %"", ""Hemoglobin A1c/Hemoglobin.total in Blood: 6.0 %"", ""Glucose: 83.0 mg/dL"", ""Glucose: 72.0 mg/dL""]",,"{
  ""label"": 0,
  ""confidence"": 0.85,
  ""reason"": ""The patient's HbA1c levels (ranging from 6.0% to 6.4%) are elevated and fall into the prediabetic range, but they do not meet the established diagnostic threshold of 6.5% or higher for diabetes. Current glucose readings are within normal limits."",
  ""evidence"": [
    ""Hemoglobin A1c/Hemoglobin.total in Blood: 6.3 %"",
    ""Hemoglobin A1c/Hemoglobin.total in Blood: 6.4 %"",
    ""Hemoglobin A1c/Hemoglobin.total in Blood: 6.0 %"",
    ""Glucose: 83.0 mg/dL"",
    ""Glucose: 72.0 mg/dL""
  ]
}","Demographics: born 1955-12-26, gender M, race white, ethnicity italian. Encounters: Encounter for symptom; Outpatient Encounter; Encounter for 'check-up'; Emergency Room Admission. Medications: Penicillin V Potassium 500 MG; Amoxicillin 250 MG / Clavulanate 125 MG [Augmentin]; Dextromethorphan Hydrobromide 1 MG/ML; Ibuprofen 200 MG Oral Tablet. Procedures: Documentation of current medications; Colonoscopy; Plain chest X-ray (procedure); Fecal occult blood test; Rectal polypectomy. Observations: Body Height: 163.33 cm; Body Weight: 135.03 kg; Body Mass Index: 50.62 kg/m2; Systolic Blood Pressure: 124.0 mmHg; Diastolic Blood Pressure: 83.0 mmHg; Hemoglobin A1c/Hemoglobin.total in Blood: 6.3 %; Systolic Blood Pressure: 100.0 mmHg; Diastolic Blood Pressure: 81.0 mmHg; Glucose: 83.0 mg/dL; Urea Nitrogen: 9.0 mg/dL; Creatinine: 1.0 mg/dL; Calcium: 9.69 mg/dL; Sodium: 142.0 mmol/L; Potassium: 5.14 mmol/L; Chloride: 105.0 mmol/L; Carbon Dioxide: 25.0 mmol/L; Hemoglobin A1c/Hemoglobin.total in Blood: 6.4 %; Systolic Blood Pressure: 102.0 mmHg; Diastolic Blood Pressure: 80.0 mmHg; Glucose: 78.0 mg/dL; Urea Nitrogen: 8.0 mg/dL; Calcium: 9.57 mg/dL; Sodium: 144.0 mmol/L; Potassium: 4.85 mmol/L; Chloride: 104.0 mmol/L; Carbon Dioxide: 22.0 mmol/L; Hemoglobin A1c/Hemoglobin.total in Blood: 6.0 %; Systolic Blood Pressure: 122.0 mmHg; Diastolic Blood Pressure: 79.0 mmHg; Glucose: 72.0 mg/dL; Urea Nitrogen: 13.0 mg/dL; Calcium: 8.89 mg/dL; Sodium: 140.0 mmol/L; Potassium: 3.74 mmol/L; Carbon Dioxide: 28.0 mmol/L; Total Cholesterol: 195.0 mg/dL; Triglycerides: 136.0 mg/dL; Low Density Lipoprotein Cholesterol: 95.0 mg/dL; High Density Lipoprotein Cholesterol: 72.0 mg/dL; Hemoglobin A1c/Hemoglobin.total in Blood: 6.2 %. Immunizations: Influenza seasonal injectable preservative free; zoster; Td (adult) preservative free."
diabetes,zero_shot,test,126,55ef5bbf-00af-4e36-a80f-e1af972fb032,1,1,1,0.98,"The patient is actively managed for diabetes, evidenced by the prescription of both Metformin and insulin.","[""24 HR Metformin hydrochloride 500 MG Extended Release Oral Tablet"", ""insulin human isophane 70 UNT/ML / Regular Insulin Human 30 UNT/ML Injectable Suspension [Humulin]"", ""Hemoglobin A1c/Hemoglobin.total in Blood: 3.5 %""]",,"{
  ""label"": 1,
  ""confidence"": 0.98,
  ""reason"": ""The patient is actively managed for diabetes, evidenced by the prescription of both Metformin and insulin."",
  ""evidence"": [
    ""24 HR Metformin hydrochloride 500 MG Extended Release Oral Tablet"",
    ""insulin human isophane 70 UNT/ML / Regular Insulin Human 30 UNT/ML Injectable Suspension [Humulin]"",
    ""Hemoglobin A1c/Hemoglobin.total in Blood: 3.5 %""
  ]
}","Demographics: born 1946-10-22, gender M, race hispanic, ethnicity puerto_rican. Encounters: Drug rehabilitation and detoxification; Drug addiction therapy; Outpatient Encounter; Encounter for symptom; Encounter for 'check-up'; Emergency room admission. Medications: Penicillin V Potassium 250 MG; 24 HR Metformin hydrochloride 500 MG Extended Release Oral Tablet; insulin human isophane 70 UNT/ML / Regular Insulin Human 30 UNT/ML Injectable Suspension [Humulin]; Clopidogrel 75 MG Oral Tablet; Simvastatin 20 MG Oral Tablet; Amlodipine 5 MG Oral Tablet; Nitroglycerin 0.4 MG/ACTUAT [Nitrolingual]; Acetaminophen 160 MG. Procedures: Measurement of respiratory function (procedure); Colonoscopy; Documentation of current medications; Sputum examination (procedure). Observations: Hemoglobin A1c/Hemoglobin.total in Blood: 3.5 %; Body Height: 190.18 cm; Body Weight: 116.4 kg; Body Mass Index: 32.18 kg/m2; Systolic Blood Pressure: 197.0 mmHg; Diastolic Blood Pressure: 92.0 mmHg; Glucose: 106.0 mg/dL; Urea Nitrogen: 19.0 mg/dL; Creatinine: 1.0 mg/dL; Calcium: 9.65 mg/dL; Sodium: 136.0 mmol/L; Potassium: 4.09 mmol/L; Chloride: 104.0 mmol/L; Carbon Dioxide: 21.0 mmol/L; Total Cholesterol: 225.0 mg/dL; Triglycerides: 194.0 mg/dL; Low Density Lipoprotein Cholesterol: 143.0 mg/dL; High Density Lipoprotein Cholesterol: 43.0 mg/dL; Microalbumin Creatine Ratio: 137.0 mg/g; Estimated Glomerular Filtration Rate: 60.0 mL/min/{1.73_m2}; Hemoglobin A1c/Hemoglobin.total in Blood: 3.4 %; Body Weight: 114.97 kg; Body Mass Index: 31.79 kg/m2; Systolic Blood Pressure: 180.0 mmHg; Diastolic Blood Pressure: 116.0 mmHg; Glucose: 105.0 mg/dL; Urea Nitrogen: 13.0 mg/dL; Calcium: 9.68 mg/dL; Sodium: 139.0 mmol/L; Potassium: 4.27 mmol/L; Carbon Dioxide: 24.0 mmol/L; Total Cholesterol: 230.0 mg/dL; Triglycerides: 166.0 mg/dL; Low Density Lipoprotein Cholesterol: 156.0 mg/dL; High Density Lipoprotein Cholesterol: 40.0 mg/dL; Microalbumin Creatine Ratio: 65.0 mg/g; Body Weight: 113.8 kg; Body Mass Index: 31.46 kg/m2; Systolic Blood Pressure: 200.0 mmHg; Diastolic Blood Pressure: 117.0 mmHg. Immunizations: Influenza seasonal injectable preservative free; Pneumococcal conjugate PCV 13; pneumococcal polysaccharide vaccine 23 valent."
diabetes,zero_shot,test,127,c96050c1-235f-4100-84fb-12f4e67158ed,1,1,1,0.9,"The patient is currently prescribed Metformin hydrochloride, a first-line medication used for the management of type 2 diabetes.","[""24 HR Metformin hydrochloride 500 MG Extended Release Oral Tablet""]",,"{""label"": 1, ""confidence"": 0.9, ""reason"": ""The patient is currently prescribed Metformin hydrochloride, a first-line medication used for the management of type 2 diabetes."", ""evidence"": [""24 HR Metformin hydrochloride 500 MG Extended Release Oral Tablet""]}","Demographics: born 1955-12-23, gender M, race white, ethnicity american. Encounters: Death Certification. Medications: Penicillin V Potassium 250 MG; Penicillin V Potassium 500 MG; Hydrocortisone 10 MG/ML Topical Cream; diphenhydrAMINE Hydrochloride 25 MG Oral Tablet; 0.3 ML EPINEPHrine 0.5 MG/ML Auto-Injector; 24 HR Metformin hydrochloride 500 MG Extended Release Oral Tablet; Simvastatin 20 MG Oral Tablet; Nitroglycerin 0.4 MG/ACTUAT [Nitrolingual]; Amlodipine 5 MG Oral Tablet; Clopidogrel 75 MG Oral Tablet. Observations: Non-small cell lung cancer (disorder)."
diabetes,zero_shot,test,128,f2d5a396-2ee5-4ed2-845e-34e8043d183b,0,0,1,0.95,"The provided text is a demographic and vital signs record without any mention of blood glucose levels, HbA1c, or symptoms suggestive of diabetes.","[""Body Mass Index: 16.79 kg/m2"", ""Systolic Blood Pressure: 133.0 mmHg"", ""Diastolic Blood Pressure: 71.0 mmHg""]",,"{""label"": 0, ""confidence"": 0.95, ""reason"": ""The provided text is a demographic and vital signs record without any mention of blood glucose levels, HbA1c, or symptoms suggestive of diabetes."", ""evidence"": [""Body Mass Index: 16.79 kg/m2"", ""Systolic Blood Pressure: 133.0 mmHg"", ""Diastolic Blood Pressure: 71.0 mmHg""]}","Demographics: born 2007-12-23, gender F, race white, ethnicity swedish. Encounters: Outpatient Encounter; Encounter for symptom. Medications: Penicillin V Potassium 250 MG; Loratadine 5 MG Chewable Tablet; 0.3 ML EPINEPHrine 0.5 MG/ML Auto-Injector; Dextromethorphan Hydrobromide 1 MG/ML. Procedures: Documentation of current medications; Sputum examination (procedure); Throat culture (procedure). Observations: Body Height: 91.63 cm; Body Weight: 14.1 kg; Body Mass Index: 16.79 kg/m2; Systolic Blood Pressure: 133.0 mmHg; Diastolic Blood Pressure: 71.0 mmHg; Body Height: 95.26 cm; Body Weight: 15.11 kg; Body Mass Index: 16.65 kg/m2; Systolic Blood Pressure: 118.0 mmHg; Diastolic Blood Pressure: 88.0 mmHg; Body Height: 102.04 cm; Body Weight: 17.31 kg; Body Mass Index: 16.62 kg/m2; Diastolic Blood Pressure: 82.0 mmHg; Body Height: 107.24 cm; Body Weight: 19.1 kg; Body Mass Index: 16.61 kg/m2; Body Height: 113.11 cm; Body Weight: 21.22 kg; Body Mass Index: 16.59 kg/m2; Systolic Blood Pressure: 126.0 mmHg; Diastolic Blood Pressure: 87.0 mmHg; Body Height: 119.42 cm; Body Weight: 23.74 kg; Systolic Blood Pressure: 125.0 mmHg; Body Height: 125.73 cm; Body Weight: 26.87 kg; Body Mass Index: 16.99 kg/m2; Systolic Blood Pressure: 132.0 mmHg; Diastolic Blood Pressure: 78.0 mmHg; Oral temperature: 37.0 Cel; Body Height: 129.94 cm; Body Weight: 29.56 kg; Body Mass Index: 17.51 kg/m2; Systolic Blood Pressure: 100.0 mmHg; Diastolic Blood Pressure: 83.0 mmHg. Allergies: Allergy to nut; Allergy to eggs; Allergy to soya; Allergy to dairy product; Allergy to tree pollen; Allergy to grass pollen; Dander (animal) allergy; House dust mite allergy; Allergy to mould. Immunizations: Pneumococcal conjugate PCV 13; Influenza seasonal injectable preservative free; DTaP; IPV; MMR; varicella."
diabetes,zero_shot,test,129,6700d9aa-c2be-4cbc-8893-71c53f7b0f3e,1,1,1,0.9,"The patient is currently prescribed Metformin hydrochloride, a first-line medication used for the management of type 2 diabetes.","[""Medications: 24 HR Metformin hydrochloride 500 MG Extended Release Oral Tablet""]",,"{""label"": 1, ""confidence"": 0.9, ""reason"": ""The patient is currently prescribed Metformin hydrochloride, a first-line medication used for the management of type 2 diabetes."", ""evidence"": [""Medications: 24 HR Metformin hydrochloride 500 MG Extended Release Oral Tablet""]}","Demographics: born 1963-08-24, gender M, race white, ethnicity portuguese. Encounters: Death Certification. Medications: 24 HR Metformin hydrochloride 500 MG Extended Release Oral Tablet; Clopidogrel 75 MG Oral Tablet; Simvastatin 20 MG Oral Tablet; Amlodipine 5 MG Oral Tablet; Nitroglycerin 0.4 MG/ACTUAT [Nitrolingual]. Observations: Cardiac Arrest."
diabetes,zero_shot,test,130,bfac37cc-ab3d-4bc8-9f4c-2a918b9e15e4,1,1,1,1.0,"The patient has multiple elevated Hemoglobin A1c levels (6.7%, 7.0%, 7.2%), which meets diagnostic criteria for diabetes. Furthermore, the patient is prescribed Metformin hydrochloride, a standard medication for managing diabetes.","[""Hemoglobin A1c/Hemoglobin.total in Blood: 6.7 %"", ""Hemoglobin A1c/Hemoglobin.total in Blood: 7.0 %"", ""Hemoglobin A1c/Hemoglobin.total in Blood: 7.2 %"", ""Medications: ... Metformin hydrochloride 500 MG Extended Release Oral Tablet""]",,"{
  ""label"": 1,
  ""confidence"": 1.0,
  ""reason"": ""The patient has multiple elevated Hemoglobin A1c levels (6.7%, 7.0%, 7.2%), which meets diagnostic criteria for diabetes. Furthermore, the patient is prescribed Metformin hydrochloride, a standard medication for managing diabetes."",
  ""evidence"": [
    ""Hemoglobin A1c/Hemoglobin.total in Blood: 6.7 %"",
    ""Hemoglobin A1c/Hemoglobin.total in Blood: 7.0 %"",
    ""Hemoglobin A1c/Hemoglobin.total in Blood: 7.2 %"",
    ""Medications: ... Metformin hydrochloride 500 MG Extended Release Oral Tablet""
  ]
}","Demographics: born 1971-12-11, gender M, race white, ethnicity american. Encounters: Emergency room admission; Encounter for 'check-up'; Outpatient Encounter. Medications: Penicillin V Potassium 250 MG; 24 HR Metformin hydrochloride 500 MG Extended Release Oral Tablet; Meperidine Hydrochloride 50 MG Oral Tablet; Ibuprofen 200 MG Oral Tablet. Procedures: Bone immobilization; Documentation of current medications. Observations: Hemoglobin A1c/Hemoglobin.total in Blood: 6.7 %; Body Height: 171.62 cm; Body Weight: 97.09 kg; Body Mass Index: 32.96 kg/m2; Systolic Blood Pressure: 191.0 mmHg; Diastolic Blood Pressure: 103.0 mmHg; Glucose: 153.0 mg/dL; Urea Nitrogen: 9.0 mg/dL; Creatinine: 1.0 mg/dL; Calcium: 9.43 mg/dL; Sodium: 140.0 mmol/L; Potassium: 4.89 mmol/L; Chloride: 105.0 mmol/L; Carbon Dioxide: 27.0 mmol/L; Total Cholesterol: 257.0 mg/dL; Triglycerides: 261.0 mg/dL; Low Density Lipoprotein Cholesterol: 164.0 mg/dL; High Density Lipoprotein Cholesterol: 40.0 mg/dL; Microalbumin Creatine Ratio: 5.0 mg/g; Estimated Glomerular Filtration Rate: 60.0 mL/min/{1.73_m2}; Hemoglobin A1c/Hemoglobin.total in Blood: 7.0 %; Body Weight: 99.69 kg; Body Mass Index: 33.85 kg/m2; Systolic Blood Pressure: 158.0 mmHg; Diastolic Blood Pressure: 90.0 mmHg; Glucose: 119.0 mg/dL; Urea Nitrogen: 19.0 mg/dL; Calcium: 8.88 mg/dL; Sodium: 139.0 mmol/L; Potassium: 4.48 mmol/L; Chloride: 107.0 mmol/L; Carbon Dioxide: 21.0 mmol/L; Total Cholesterol: 222.0 mg/dL; Triglycerides: 195.0 mg/dL; Low Density Lipoprotein Cholesterol: 143.0 mg/dL; Microalbumin Creatine Ratio: 7.0 mg/g; Hemoglobin A1c/Hemoglobin.total in Blood: 7.2 %; Body Weight: 102.6 kg; Body Mass Index: 34.84 kg/m2; Systolic Blood Pressure: 167.0 mmHg. Immunizations: Influenza seasonal injectable preservative free; Td (adult) preservative free."
diabetes,zero_shot,test,131,2c867068-6263-4fcb-b222-fd08240b854b,1,1,1,0.95,"The patient is prescribed Metformin hydrochloride, which is a standard medication used for the management of type 2 diabetes or prediabetes.","[""24 HR Metformin hydrochloride 500 MG Extended Release Oral Tablet"", ""Hemoglobin A1c/Hemoglobin.total in Blood: 6.0 %""]",,"{
  ""label"": 1,
  ""confidence"": 0.95,
  ""reason"": ""The patient is prescribed Metformin hydrochloride, which is a standard medication used for the management of type 2 diabetes or prediabetes."",
  ""evidence"": [
    ""24 HR Metformin hydrochloride 500 MG Extended Release Oral Tablet"",
    ""Hemoglobin A1c/Hemoglobin.total in Blood: 6.0 %""
  ]
}","Demographics: born 1981-04-17, gender F, race hispanic, ethnicity mexican. Encounters: Outpatient procedure; Encounter for symptom; Outpatient Encounter; Prenatal initial visit; Allergic disorder follow-up assessment; Prenatal visit; Obstetric emergency hospital admission; Consultation for treatment. Medications: Hydrocortisone 10 MG/ML Topical Cream; Loratadine 10 MG Oral Tablet; 0.3 ML EPINEPHrine 0.5 MG/ML Auto-Injector; Acetaminophen 160 MG; Camila 28 Day Pack; 24 HR Metformin hydrochloride 500 MG Extended Release Oral Tablet; Nexplanon 68 MG Drug Implant. Procedures: Subcutaneous immunotherapy; Sputum examination (procedure); Documentation of current medications; Standard pregnancy test; Allergy screening test; Instrumental delivery; Childbirth; Epidural anesthesia; Premature birth of newborn; Insertion of subcutaneous contraceptive. Observations: Hemoglobin A1c/Hemoglobin.total in Blood: 6.0 %; Body Height: 164.86 cm; Body Weight: 83.68 kg; Body Mass Index: 30.79 kg/m2; Systolic Blood Pressure: 118.0 mmHg; Diastolic Blood Pressure: 73.0 mmHg; Glucose: 64.0 mg/dL; Urea Nitrogen: 16.0 mg/dL; Creatinine: 1.0 mg/dL; Calcium: 9.2 mg/dL; Sodium: 139.0 mmol/L; Potassium: 4.44 mmol/L; Chloride: 109.0 mmol/L; Carbon Dioxide: 20.0 mmol/L; Oral temperature: 37.0 Cel; Body Weight: 86.69 kg; Body Mass Index: 31.9 kg/m2; Systolic Blood Pressure: 135.0 mmHg; Diastolic Blood Pressure: 81.0 mmHg; Glucose: 90.0 mg/dL; Urea Nitrogen: 13.0 mg/dL; Calcium: 9.82 mg/dL; Sodium: 138.0 mmol/L; Potassium: 4.48 mmol/L; Chloride: 101.0 mmol/L; Carbon Dioxide: 25.0 mmol/L; Total Cholesterol: 163.0 mg/dL; Triglycerides: 123.0 mg/dL; Low Density Lipoprotein Cholesterol: 73.0 mg/dL; High Density Lipoprotein Cholesterol: 65.0 mg/dL; Peanut IgE Ab in Serum: 0.05 kU/L; Walnut IgE Ab in Serum: 0.34 kU/L; Codfish IgE Ab in Serum: 0.13 kU/L; Shrimp IgE Ab in Serum: 0.09 kU/L; Wheat IgE Ab in Serum: 0.26 kU/L; Egg white IgE Ab in Serum: 0.08 kU/L; Soybean IgE Ab in Serum: 0.33 kU/L; Cow milk IgE Ab in Serum: 0.3 kU/L; White oak IgE Ab in Serum: 0.06 kU/L; Common Ragweed IgE Ab in Serum: 0.14 kU/L. Allergies: Allergy to mould. Immunizations: Influenza seasonal injectable preservative free; Td (adult) preservative free."
diabetes,zero_shot,test,132,61b6fdc0-00be-4b56-996f-3c3d5aec3ccd,1,1,1,0.98,"The patient has multiple indicators of diabetes, including the prescription and use of both Metformin and insulin, alongside an elevated Hemoglobin A1c level (7.2%).","[""Medications: ... Metformin hydrochloride...; insulin human isophane..."", ""Hemoglobin A1c/Hemoglobin.total in Blood: 7.2 %""]",,"{
  ""label"": 1,
  ""confidence"": 0.98,
  ""reason"": ""The patient has multiple indicators of diabetes, including the prescription and use of both Metformin and insulin, alongside an elevated Hemoglobin A1c level (7.2%)."",
  ""evidence"": [
    ""Medications: ... Metformin hydrochloride...; insulin human isophane..."",
    ""Hemoglobin A1c/Hemoglobin.total in Blood: 7.2 %""
  ]
}","Demographics: born 1964-10-27, gender M, race white, ethnicity irish. Encounters: Outpatient Encounter; Encounter for 'check-up'. Medications: Penicillin V Potassium 250 MG; 24 HR Metformin hydrochloride 500 MG Extended Release Oral Tablet; insulin human isophane 70 UNT/ML / Regular Insulin Human 30 UNT/ML Injectable Suspension [Humulin]. Procedures: Documentation of current medications; Colonoscopy. Observations: Hemoglobin A1c/Hemoglobin.total in Blood: 7.2 %; Body Height: 171.01 cm; Body Weight: 101.96 kg; Body Mass Index: 34.86 kg/m2; Systolic Blood Pressure: 100.0 mmHg; Diastolic Blood Pressure: 70.0 mmHg; Glucose: 123.0 mg/dL; Urea Nitrogen: 11.0 mg/dL; Creatinine: 1.0 mg/dL; Calcium: 8.56 mg/dL; Sodium: 143.0 mmol/L; Potassium: 4.07 mmol/L; Chloride: 104.0 mmol/L; Carbon Dioxide: 23.0 mmol/L; Total Cholesterol: 229.0 mg/dL; Triglycerides: 180.0 mg/dL; Low Density Lipoprotein Cholesterol: 142.0 mg/dL; High Density Lipoprotein Cholesterol: 51.0 mg/dL; Microalbumin Creatine Ratio: 2.0 mg/g; Estimated Glomerular Filtration Rate: 60.0 mL/min/{1.73_m2}; Systolic Blood Pressure: 124.0 mmHg; Diastolic Blood Pressure: 82.0 mmHg; Glucose: 102.0 mg/dL; Urea Nitrogen: 8.0 mg/dL; Calcium: 8.78 mg/dL; Sodium: 141.0 mmol/L; Potassium: 5.18 mmol/L; Chloride: 109.0 mmol/L; Carbon Dioxide: 28.0 mmol/L; Total Cholesterol: 223.0 mg/dL; Triglycerides: 181.0 mg/dL; Low Density Lipoprotein Cholesterol: 134.0 mg/dL; High Density Lipoprotein Cholesterol: 52.0 mg/dL; Microalbumin Creatine Ratio: 30.0 mg/g; Hemoglobin A1c/Hemoglobin.total in Blood: 4.5 %; Body Weight: 105.71 kg; Body Mass Index: 36.15 kg/m2; Systolic Blood Pressure: 111.0 mmHg; Diastolic Blood Pressure: 79.0 mmHg; Glucose: 125.0 mg/dL. Immunizations: Influenza seasonal injectable preservative free; Td (adult) preservative free."
diabetes,zero_shot,test,133,35e54fe4-a2bf-4e7f-b1bc-6dc0a32eea5b,0,0,1,0.85,"The patient does not have explicit diagnostic mentions of diabetes or elevated HbA1c levels. However, there are multiple instances of hypertension (elevated blood pressure readings) and obesity/overweight status (BMI > 25), which are risk factors for type 2 diabetes.","[""Systolic Blood Pressure: 148.0 mmHg"", ""Diastolic Blood Pressure: 112.0 mmHg"", ""Body Mass Index: 28.11 kg/m2"", ""Systolic Blood Pressure: 157.0 mmHg"", ""Diastolic Blood Pressure: 108.0 mmHg""]",,"{""label"": 0, ""confidence"": 0.85, ""reason"": ""The patient does not have explicit diagnostic mentions of diabetes or elevated HbA1c levels. However, there are multiple instances of hypertension (elevated blood pressure readings) and obesity/overweight status (BMI > 25), which are risk factors for type 2 diabetes."", ""evidence"": [""Systolic Blood Pressure: 148.0 mmHg"", ""Diastolic Blood Pressure: 112.0 mmHg"", ""Body Mass Index: 28.11 kg/m2"", ""Systolic Blood Pressure: 157.0 mmHg"", ""Diastolic Blood Pressure: 108.0 mmHg""]}","Demographics: born 1948-12-04, gender M, race asian, ethnicity chinese. Encounters: Outpatient Encounter; Encounter for symptom. Medications: Amoxicillin 250 MG / Clavulanate 125 MG [Augmentin]. Procedures: Documentation of current medications. Observations: Body Height: 187.17 cm; Body Weight: 98.48 kg; Body Mass Index: 28.11 kg/m2; Systolic Blood Pressure: 148.0 mmHg; Diastolic Blood Pressure: 112.0 mmHg; Estimated Glomerular Filtration Rate: 60.0 mL/min/{1.73_m2}; Systolic Blood Pressure: 157.0 mmHg; Diastolic Blood Pressure: 108.0 mmHg; Body Weight: 97.26 kg; Body Mass Index: 27.76 kg/m2; Systolic Blood Pressure: 155.0 mmHg; Diastolic Blood Pressure: 119.0 mmHg; Body Weight: 95.7 kg; Body Mass Index: 27.32 kg/m2; Systolic Blood Pressure: 198.0 mmHg; Diastolic Blood Pressure: 115.0 mmHg; Total Cholesterol: 198.0 mg/dL; Triglycerides: 115.0 mg/dL; Low Density Lipoprotein Cholesterol: 115.0 mg/dL; High Density Lipoprotein Cholesterol: 60.0 mg/dL; Body Weight: 94.36 kg; Body Mass Index: 26.93 kg/m2; Systolic Blood Pressure: 194.0 mmHg; Body Weight: 92.63 kg; Body Mass Index: 26.44 kg/m2; Systolic Blood Pressure: 199.0 mmHg; Diastolic Blood Pressure: 97.0 mmHg; Body Weight: 91.33 kg; Body Mass Index: 26.07 kg/m2; Systolic Blood Pressure: 183.0 mmHg; Body Weight: 90.14 kg; Body Mass Index: 25.73 kg/m2; Systolic Blood Pressure: 170.0 mmHg; Diastolic Blood Pressure: 118.0 mmHg; Total Cholesterol: 170.0 mg/dL; Triglycerides: 124.0 mg/dL; Low Density Lipoprotein Cholesterol: 83.0 mg/dL; High Density Lipoprotein Cholesterol: 62.0 mg/dL. Immunizations: Influenza seasonal injectable preservative free; Pneumococcal conjugate PCV 13; pneumococcal polysaccharide vaccine 23 valent."
diabetes,zero_shot,test,134,61fbbcf6-afd8-4979-a7a7-b6db811e36cd,1,1,1,0.95,"The patient is currently prescribed Metformin and Liraglutide, which are standard medications used for managing type 2 diabetes.","[""24 HR Metformin hydrochloride 500 MG Extended Release Oral Tablet"", ""3 ML liraglutide 6 MG/ML Pen Injector""]",,"{""label"": 1, ""confidence"": 0.95, ""reason"": ""The patient is currently prescribed Metformin and Liraglutide, which are standard medications used for managing type 2 diabetes."", ""evidence"": [""24 HR Metformin hydrochloride 500 MG Extended Release Oral Tablet"", ""3 ML liraglutide 6 MG/ML Pen Injector""]}","Demographics: born 1921-08-01, gender F, race white, ethnicity irish. Encounters: Death Certification. Medications: Penicillin V Potassium 250 MG; Fluticasone propionate 0.25 MG/ACTUAT / salmeterol 0.05 MG/ACTUAT [Advair]; 24 HR Metformin hydrochloride 500 MG Extended Release Oral Tablet; 3 ML liraglutide 6 MG/ML Pen Injector. Observations: Pulmonary emphysema (disorder). Allergies: Allergy to tree pollen."
diabetes,zero_shot,test,135,2567dc1c-1ae0-4a9f-8fb3-57b5a494a6c6,1,1,1,0.95,"The patient is currently prescribed insulin and has a history of medications often associated with glucose management, suggesting active diabetes or pre-diabetes requiring monitoring.","[""insulin human isophane 70 UNT/ML / Regular Insulin Human 30 UNT/ML Injectable Suspension [Humulin]""]",,"{""label"": 1, ""confidence"": 0.95, ""reason"": ""The patient is currently prescribed insulin and has a history of medications often associated with glucose management, suggesting active diabetes or pre-diabetes requiring monitoring."", ""evidence"": [""insulin human isophane 70 UNT/ML / Regular Insulin Human 30 UNT/ML Injectable Suspension [Humulin]""]}","Demographics: born 1927-10-01, gender M, race white, ethnicity scottish. Encounters: Death Certification. Medications: Penicillin V Potassium 500 MG; insulin human isophane 70 UNT/ML / Regular Insulin Human 30 UNT/ML Injectable Suspension [Humulin]; Galantamine 4 MG [Razadyne]; Memantine hydrochloride 2 MG/ML [Namenda]. Observations: Alzheimer's disease (disorder)."
diabetes,zero_shot,test,136,84fddb32-154b-4d9c-af51-92ec1a6b69c8,0,0,1,0.75,The patient record does not contain any specific blood glucose measurements (such as HbA1c or fasting plasma glucose) or a diagnosis of diabetes.,"[""No mention of HbA1c or fasting glucose"", ""Only BP, BMI, and lipid panels provided""]",,"{
  ""label"": 0,
  ""confidence"": 0.75,
  ""reason"": ""The patient record does not contain any specific blood glucose measurements (such as HbA1c or fasting plasma glucose) or a diagnosis of diabetes."",
  ""evidence"": [
    ""No mention of HbA1c or fasting glucose"",
    ""Only BP, BMI, and lipid panels provided""
  ]
}","Demographics: born 1941-09-10, gender F, race white, ethnicity english. Encounters: Outpatient Encounter; Encounter for 'check-up'; Encounter for symptom. Medications: Penicillin V Potassium 250 MG; Penicillin V Potassium 500 MG. Procedures: Documentation of current medications; Colonoscopy. Observations: Body Height: 156.63 cm; Body Weight: 78.36 kg; Body Mass Index: 31.94 kg/m2; Systolic Blood Pressure: 105.0 mmHg; Diastolic Blood Pressure: 87.0 mmHg; Body Weight: 77.12 kg; Body Mass Index: 31.44 kg/m2; Systolic Blood Pressure: 113.0 mmHg; Diastolic Blood Pressure: 85.0 mmHg; Body Weight: 75.22 kg; Body Mass Index: 30.66 kg/m2; Systolic Blood Pressure: 131.0 mmHg; Diastolic Blood Pressure: 75.0 mmHg; Total Cholesterol: 191.0 mg/dL; Triglycerides: 135.0 mg/dL; Low Density Lipoprotein Cholesterol: 90.0 mg/dL; High Density Lipoprotein Cholesterol: 74.0 mg/dL; Body Weight: 73.91 kg; Body Mass Index: 30.13 kg/m2; Systolic Blood Pressure: 133.0 mmHg; Body Weight: 72.72 kg; Body Mass Index: 29.64 kg/m2; Systolic Blood Pressure: 134.0 mmHg; Diastolic Blood Pressure: 88.0 mmHg; Body Weight: 70.86 kg; Body Mass Index: 28.88 kg/m2; Systolic Blood Pressure: 109.0 mmHg; Diastolic Blood Pressure: 89.0 mmHg; Body Weight: 69.78 kg; Body Mass Index: 28.44 kg/m2; Systolic Blood Pressure: 137.0 mmHg; Diastolic Blood Pressure: 82.0 mmHg; Total Cholesterol: 185.0 mg/dL; Triglycerides: 143.0 mg/dL; Low Density Lipoprotein Cholesterol: 80.0 mg/dL; High Density Lipoprotein Cholesterol: 76.0 mg/dL. Immunizations: Influenza seasonal injectable preservative free; Td (adult) preservative free."
diabetes,zero_shot,test,137,839a6c73-eedd-4443-aeb7-03a3843b773f,1,1,1,1.0,"The patient exhibits multiple signs of hyperglycemia, including an elevated HbA1c (7.6%) and current use of Metformin, a medication used to treat diabetes.","[""Hemoglobin A1c/Hemoglobin.total in Blood: 7.6 %"", ""24 HR Metformin hydrochloride 500 MG Extended Release Oral Tablet"", ""Glucose: 191.0 mg/dL""]",,"{
  ""label"": 1,
  ""confidence"": 1.0,
  ""reason"": ""The patient exhibits multiple signs of hyperglycemia, including an elevated HbA1c (7.6%) and current use of Metformin, a medication used to treat diabetes."",
  ""evidence"": [
    ""Hemoglobin A1c/Hemoglobin.total in Blood: 7.6 %"",
    ""24 HR Metformin hydrochloride 500 MG Extended Release Oral Tablet"",
    ""Glucose: 191.0 mg/dL""
  ]
}","Demographics: born 1954-07-09, gender F, race asian, ethnicity chinese. Encounters: Outpatient Encounter; Emergency room admission; Encounter for 'check-up'; Encounter for symptom. Medications: Penicillin V Potassium 250 MG; Penicillin V Potassium 500 MG; 24 HR Metformin hydrochloride 500 MG Extended Release Oral Tablet; Naproxen sodium 220 MG Oral Tablet; Acetaminophen 160 MG. Procedures: Documentation of current medications; Suture open wound; Colonoscopy; Measurement of respiratory function (procedure). Observations: Hemoglobin A1c/Hemoglobin.total in Blood: 7.6 %; Body Height: 159.62 cm; Body Weight: 92.85 kg; Body Mass Index: 36.44 kg/m2; Systolic Blood Pressure: 130.0 mmHg; Diastolic Blood Pressure: 85.0 mmHg; Glucose: 191.0 mg/dL; Urea Nitrogen: 17.0 mg/dL; Creatinine: 1.0 mg/dL; Calcium: 9.32 mg/dL; Sodium: 143.0 mmol/L; Potassium: 4.92 mmol/L; Chloride: 103.0 mmol/L; Carbon Dioxide: 26.0 mmol/L; Total Cholesterol: 253.0 mg/dL; Triglycerides: 435.0 mg/dL; Low Density Lipoprotein Cholesterol: 137.0 mg/dL; High Density Lipoprotein Cholesterol: 29.0 mg/dL; Microalbumin Creatine Ratio: 6.0 mg/g; Estimated Glomerular Filtration Rate: 60.0 mL/min/{1.73_m2}; Systolic Blood Pressure: 124.0 mmHg; Diastolic Blood Pressure: 77.0 mmHg; Glucose: 189.0 mg/dL; Urea Nitrogen: 9.0 mg/dL; Calcium: 10.05 mg/dL; Sodium: 139.0 mmol/L; Potassium: 4.83 mmol/L; Chloride: 110.0 mmol/L; Carbon Dioxide: 24.0 mmol/L; Total Cholesterol: 249.0 mg/dL; Triglycerides: 441.0 mg/dL; Low Density Lipoprotein Cholesterol: 134.0 mg/dL; High Density Lipoprotein Cholesterol: 26.0 mg/dL; Microalbumin Creatine Ratio: 8.0 mg/g; Systolic Blood Pressure: 123.0 mmHg; Diastolic Blood Pressure: 82.0 mmHg; Glucose: 186.0 mg/dL; Calcium: 9.98 mg/dL; Sodium: 138.0 mmol/L; Potassium: 4.4 mmol/L. Immunizations: Influenza seasonal injectable preservative free; zoster; Td (adult) preservative free."
diabetes,zero_shot,test,138,452fea8d-1522-4408-bae6-e13e2b58467f,0,0,1,0.85,The provided demographic information is insufficient to diagnose diabetes.,"[""Demographics: born 1941-01-13"", ""gender F"", ""race white"", ""ethnicity irish""]",,"{""label"": 0, ""confidence"": 0.85, ""reason"": ""The provided demographic information is insufficient to diagnose diabetes."", ""evidence"": [""Demographics: born 1941-01-13"", ""gender F"", ""race white"", ""ethnicity irish""]}","Demographics: born 1941-01-13, gender F, race white, ethnicity irish."
diabetes,zero_shot,test,139,5e1c403d-6fcf-47ca-ba86-517bebfae49f,1,1,1,0.98,"The patient has an elevated Hemoglobin A1c of 7.1%, which meets diagnostic criteria for diabetes or poorly controlled hyperglycemia. Furthermore, the patient is currently prescribed Metformin hydrochloride, a standard medication used to treat type 2 diabetes.","[""Hemoglobin A1c/Hemoglobin.total in Blood: 7.1 %"", ""Medications: 24 HR Metformin hydrochloride 500 MG Extended Release Oral Tablet""]",,"{
  ""label"": 1,
  ""confidence"": 0.98,
  ""reason"": ""The patient has an elevated Hemoglobin A1c of 7.1%, which meets diagnostic criteria for diabetes or poorly controlled hyperglycemia. Furthermore, the patient is currently prescribed Metformin hydrochloride, a standard medication used to treat type 2 diabetes."",
  ""evidence"": [
    ""Hemoglobin A1c/Hemoglobin.total in Blood: 7.1 %"",
    ""Medications: 24 HR Metformin hydrochloride 500 MG Extended Release Oral Tablet""
  ]
}","Demographics: born 1957-02-09, gender F, race hispanic, ethnicity puerto_rican. Encounters: Outpatient Encounter; Encounter for 'check-up'. Medications: 24 HR Metformin hydrochloride 500 MG Extended Release Oral Tablet. Procedures: Documentation of current medications; Colonoscopy. Observations: Hemoglobin A1c/Hemoglobin.total in Blood: 7.1 %; Body Height: 175.46 cm; Body Weight: 105.71 kg; Body Mass Index: 34.33 kg/m2; Systolic Blood Pressure: 189.0 mmHg; Diastolic Blood Pressure: 118.0 mmHg; Glucose: 120.0 mg/dL; Urea Nitrogen: 13.0 mg/dL; Creatinine: 1.0 mg/dL; Calcium: 9.73 mg/dL; Sodium: 139.0 mmol/L; Potassium: 3.96 mmol/L; Chloride: 110.0 mmol/L; Carbon Dioxide: 24.0 mmol/L; Total Cholesterol: 225.0 mg/dL; Triglycerides: 168.0 mg/dL; Low Density Lipoprotein Cholesterol: 138.0 mg/dL; High Density Lipoprotein Cholesterol: 53.0 mg/dL; Microalbumin Creatine Ratio: 5.0 mg/g; Estimated Glomerular Filtration Rate: 60.0 mL/min/{1.73_m2}; Systolic Blood Pressure: 176.0 mmHg; Diastolic Blood Pressure: 101.0 mmHg; Glucose: 114.0 mg/dL; Urea Nitrogen: 9.0 mg/dL; Calcium: 9.48 mg/dL; Potassium: 4.48 mmol/L; Chloride: 108.0 mmol/L; Carbon Dioxide: 27.0 mmol/L; Total Cholesterol: 214.0 mg/dL; Triglycerides: 189.0 mg/dL; Low Density Lipoprotein Cholesterol: 133.0 mg/dL; High Density Lipoprotein Cholesterol: 43.0 mg/dL; Microalbumin Creatine Ratio: 13.0 mg/g; Systolic Blood Pressure: 175.0 mmHg; Diastolic Blood Pressure: 97.0 mmHg; Glucose: 112.0 mg/dL; Urea Nitrogen: 18.0 mg/dL; Calcium: 9.21 mg/dL; Sodium: 142.0 mmol/L; Potassium: 4.61 mmol/L. Immunizations: Influenza seasonal injectable preservative free; zoster."
diabetes,zero_shot,test,140,95f297df-cb47-4cc3-ba91-f797b7ba338d,0,1,0,0.85,"The patient has elevated Hemoglobin A1c levels (6.2%) and a BMI indicating obesity, which are strong indicators of impaired glucose metabolism or prediabetes.","[""Hemoglobin A1c/Hemoglobin.total in Blood: 6.0 %"", ""Hemoglobin A1c/Hemoglobin.total in Blood: 6.2 %"", ""Body Mass Index: 30.04 kg/m2""]",,"{
  ""label"": 1,
  ""confidence"": 0.85,
  ""reason"": ""The patient has elevated Hemoglobin A1c levels (6.2%) and a BMI indicating obesity, which are strong indicators of impaired glucose metabolism or prediabetes."",
  ""evidence"": [
    ""Hemoglobin A1c/Hemoglobin.total in Blood: 6.0 %"",
    ""Hemoglobin A1c/Hemoglobin.total in Blood: 6.2 %"",
    ""Body Mass Index: 30.04 kg/m2""
  ]
}","Demographics: born 1972-07-02, gender M, race white, ethnicity french_canadian. Encounters: Outpatient Encounter; Encounter for symptom. Medications: Dextromethorphan Hydrobromide 1 MG/ML. Observations: Body Height: 190.18 cm; Body Weight: 101.21 kg; Body Mass Index: 27.98 kg/m2; Systolic Blood Pressure: 120.0 mmHg; Diastolic Blood Pressure: 79.0 mmHg; Total Cholesterol: 187.0 mg/dL; Triglycerides: 129.0 mg/dL; Low Density Lipoprotein Cholesterol: 90.0 mg/dL; High Density Lipoprotein Cholesterol: 71.0 mg/dL; Hemoglobin A1c/Hemoglobin.total in Blood: 6.0 %; Body Weight: 105.99 kg; Body Mass Index: 29.3 kg/m2; Systolic Blood Pressure: 104.0 mmHg; Diastolic Blood Pressure: 87.0 mmHg; Glucose: 95.0 mg/dL; Urea Nitrogen: 14.0 mg/dL; Creatinine: 1.0 mg/dL; Calcium: 8.77 mg/dL; Sodium: 144.0 mmol/L; Potassium: 4.44 mmol/L; Chloride: 102.0 mmol/L; Carbon Dioxide: 29.0 mmol/L; Hemoglobin A1c/Hemoglobin.total in Blood: 6.2 %; Body Weight: 108.64 kg; Body Mass Index: 30.04 kg/m2; Systolic Blood Pressure: 108.0 mmHg; Diastolic Blood Pressure: 86.0 mmHg; Glucose: 72.0 mg/dL; Urea Nitrogen: 15.0 mg/dL; Calcium: 10.19 mg/dL; Sodium: 141.0 mmol/L; Potassium: 4.9 mmol/L; Chloride: 103.0 mmol/L; Carbon Dioxide: 24.0 mmol/L; Total Cholesterol: 166.0 mg/dL; Triglycerides: 121.0 mg/dL; Low Density Lipoprotein Cholesterol: 65.0 mg/dL; High Density Lipoprotein Cholesterol: 76.0 mg/dL. Immunizations: Influenza seasonal injectable preservative free; Td (adult) preservative free."
diabetes,zero_shot,test,141,82325e5e-1e8b-4db2-b346-94849d9e2e08,1,1,1,1.0,"The patient has multiple indicators of diabetes, including a significantly elevated Hemoglobin A1c (9.4%), consistently high glucose readings, and is currently prescribed three different classes of anti-diabetic medications (Metformin, liraglutide, canagliflozin).","[""Hemoglobin A1c/Hemoglobin.total in Blood: 9.4 %"", ""Glucose: 190.0 mg/dL"", ""24 HR Metformin hydrochloride 500 MG Extended Release Oral Tablet"", ""3 ML liraglutide 6 MG/ML Pen Injector"", ""canagliflozin 100 MG Oral Tablet""]",,"{
  ""label"": 1,
  ""confidence"": 1.0,
  ""reason"": ""The patient has multiple indicators of diabetes, including a significantly elevated Hemoglobin A1c (9.4%), consistently high glucose readings, and is currently prescribed three different classes of anti-diabetic medications (Metformin, liraglutide, canagliflozin)."",
  ""evidence"": [
    ""Hemoglobin A1c/Hemoglobin.total in Blood: 9.4 %"",
    ""Glucose: 190.0 mg/dL"",
    ""24 HR Metformin hydrochloride 500 MG Extended Release Oral Tablet"",
    ""3 ML liraglutide 6 MG/ML Pen Injector"",
    ""canagliflozin 100 MG Oral Tablet""
  ]
}","Demographics: born 1959-11-12, gender M, race hispanic, ethnicity mexican. Encounters: Outpatient Encounter; Encounter for symptom; Emergency room admission. Medications: diphenhydrAMINE Hydrochloride 25 MG Oral Tablet; 24 HR Metformin hydrochloride 500 MG Extended Release Oral Tablet; 3 ML liraglutide 6 MG/ML Pen Injector; Dextromethorphan Hydrobromide 1 MG/ML; Acetaminophen 325 MG Oral Tablet; Clopidogrel 75 MG Oral Tablet; Simvastatin 20 MG Oral Tablet; Amlodipine 5 MG Oral Tablet; Nitroglycerin 0.4 MG/ACTUAT [Nitrolingual]; canagliflozin 100 MG Oral Tablet. Procedures: Documentation of current medications; Measurement of respiratory function (procedure). Observations: Hemoglobin A1c/Hemoglobin.total in Blood: 9.4 %; Body Height: 180.17 cm; Body Weight: 147.39 kg; Body Mass Index: 45.4 kg/m2; Systolic Blood Pressure: 123.0 mmHg; Diastolic Blood Pressure: 84.0 mmHg; Glucose: 190.0 mg/dL; Urea Nitrogen: 15.0 mg/dL; Creatinine: 1.0 mg/dL; Calcium: 9.3 mg/dL; Sodium: 137.0 mmol/L; Potassium: 3.8 mmol/L; Chloride: 103.0 mmol/L; Carbon Dioxide: 20.0 mmol/L; Total Cholesterol: 276.0 mg/dL; Triglycerides: 510.0 mg/dL; Low Density Lipoprotein Cholesterol: 157.0 mg/dL; High Density Lipoprotein Cholesterol: 17.0 mg/dL; Microalbumin Creatine Ratio: 8.0 mg/g; Estimated Glomerular Filtration Rate: 60.0 mL/min/{1.73_m2}; Systolic Blood Pressure: 128.0 mmHg; Glucose: 149.0 mg/dL; Urea Nitrogen: 14.0 mg/dL; Calcium: 8.95 mg/dL; Sodium: 143.0 mmol/L; Potassium: 3.71 mmol/L; Chloride: 108.0 mmol/L; Carbon Dioxide: 24.0 mmol/L; Total Cholesterol: 270.0 mg/dL; Triglycerides: 550.0 mg/dL; Low Density Lipoprotein Cholesterol: 143.0 mg/dL; Microalbumin Creatine Ratio: 6.0 mg/g; Systolic Blood Pressure: 110.0 mmHg; Glucose: 158.0 mg/dL; Urea Nitrogen: 11.0 mg/dL; Calcium: 9.84 mg/dL; Potassium: 4.13 mmol/L; Chloride: 106.0 mmol/L; Total Cholesterol: 275.0 mg/dL; Triglycerides: 512.0 mg/dL. Allergies: Shellfish allergy; Allergy to eggs; Allergy to tree pollen; Allergy to grass pollen. Immunizations: Influenza seasonal injectable preservative free; Td (adult) preservative free."
diabetes,zero_shot,test,142,babbd5f2-fb68-464d-a84d-d4a7098c168b,1,1,1,0.98,"The patient has an elevated Hemoglobin A1c (7.5%) and is currently prescribed Metformin hydrochloride, which is a standard treatment for managing diabetes.","[""Hemoglobin A1c/Hemoglobin.total in Blood: 7.5 %"", ""Medications: 24 HR Metformin hydrochloride 500 MG Extended Release Oral Tablet""]",,"{
  ""label"": 1,
  ""confidence"": 0.98,
  ""reason"": ""The patient has an elevated Hemoglobin A1c (7.5%) and is currently prescribed Metformin hydrochloride, which is a standard treatment for managing diabetes."",
  ""evidence"": [
    ""Hemoglobin A1c/Hemoglobin.total in Blood: 7.5 %"",
    ""Medications: 24 HR Metformin hydrochloride 500 MG Extended Release Oral Tablet""
  ]
}","Demographics: born 1962-03-17, gender M, race white, ethnicity irish. Encounters: Encounter for symptom; Encounter for 'check-up'; Outpatient Encounter. Medications: 24 HR Metformin hydrochloride 500 MG Extended Release Oral Tablet; Acetaminophen 160 MG. Procedures: Colonoscopy; Documentation of current medications. Observations: Hemoglobin A1c/Hemoglobin.total in Blood: 7.5 %; Body Height: 180.02 cm; Body Weight: 116.01 kg; Body Mass Index: 35.8 kg/m2; Systolic Blood Pressure: 147.0 mmHg; Diastolic Blood Pressure: 115.0 mmHg; Glucose: 164.0 mg/dL; Urea Nitrogen: 10.0 mg/dL; Creatinine: 1.0 mg/dL; Calcium: 9.15 mg/dL; Sodium: 143.0 mmol/L; Potassium: 4.32 mmol/L; Chloride: 102.0 mmol/L; Carbon Dioxide: 27.0 mmol/L; Total Cholesterol: 246.0 mg/dL; Triglycerides: 458.0 mg/dL; Low Density Lipoprotein Cholesterol: 123.0 mg/dL; High Density Lipoprotein Cholesterol: 31.0 mg/dL; Microalbumin Creatine Ratio: 8.0 mg/g; Estimated Glomerular Filtration Rate: 60.0 mL/min/{1.73_m2}; Systolic Blood Pressure: 157.0 mmHg; Diastolic Blood Pressure: 94.0 mmHg; Glucose: 120.0 mg/dL; Urea Nitrogen: 7.0 mg/dL; Calcium: 8.67 mg/dL; Potassium: 4.77 mmol/L; Chloride: 104.0 mmol/L; Carbon Dioxide: 22.0 mmol/L; Total Cholesterol: 222.0 mg/dL; Triglycerides: 197.0 mg/dL; Low Density Lipoprotein Cholesterol: 125.0 mg/dL; High Density Lipoprotein Cholesterol: 57.0 mg/dL; Microalbumin Creatine Ratio: 12.0 mg/g; Systolic Blood Pressure: 162.0 mmHg; Glucose: 121.0 mg/dL; Urea Nitrogen: 19.0 mg/dL; Calcium: 9.7 mg/dL; Sodium: 136.0 mmol/L; Potassium: 4.29 mmol/L; Chloride: 109.0 mmol/L. Immunizations: Influenza seasonal injectable preservative free; Td (adult) preservative free."
diabetes,zero_shot,test,143,01a6a4ac-fb1e-439c-847e-d679ba8c01dd,0,0,1,0.5,The provided text contains general health metrics and medications but lacks specific diagnostic tests (like HbA1c or fasting glucose) or clinical notes indicating a diagnosis of diabetes.,"[""Body Mass Index: 30.24 kg/m2"", ""Total Cholesterol: 184.0 mg/dL""]",,"{""label"": 0, ""confidence"": 0.5, ""reason"": ""The provided text contains general health metrics and medications but lacks specific diagnostic tests (like HbA1c or fasting glucose) or clinical notes indicating a diagnosis of diabetes."", ""evidence"": [""Body Mass Index: 30.24 kg/m2"", ""Total Cholesterol: 184.0 mg/dL""]}","Demographics: born 1985-02-07, gender M, race white, ethnicity american. Encounters: Encounter Inpatient; Outpatient Encounter; Encounter for symptom. Medications: Penicillin V Potassium 250 MG; Acetaminophen 300 MG / HYDROcodone Bitartrate 5 MG [Vicodin]. Procedures: Extraction of wisdom tooth; Documentation of current medications. Observations: Body Height: 173.05 cm; Body Weight: 90.56 kg; Body Mass Index: 30.24 kg/m2; Systolic Blood Pressure: 134.0 mmHg; Diastolic Blood Pressure: 71.0 mmHg; Body Weight: 95.26 kg; Body Mass Index: 31.81 kg/m2; Systolic Blood Pressure: 136.0 mmHg; Diastolic Blood Pressure: 86.0 mmHg; Total Cholesterol: 184.0 mg/dL; Triglycerides: 123.0 mg/dL; Low Density Lipoprotein Cholesterol: 83.0 mg/dL; High Density Lipoprotein Cholesterol: 76.0 mg/dL. Immunizations: Influenza seasonal injectable preservative free."
diabetes,zero_shot,test,144,cb9feb6e-9a4c-4a66-a737-4fdfd025cf73,1,1,1,0.9,"The patient is prescribed Metformin hydrochloride, a medication commonly used to treat type 2 diabetes, suggesting a history or current management of the condition.","[""Medications: ... 24 HR Metformin hydrochloride 500 MG Extended Release Oral Tablet""]",,"{""label"": 1, ""confidence"": 0.9, ""reason"": ""The patient is prescribed Metformin hydrochloride, a medication commonly used to treat type 2 diabetes, suggesting a history or current management of the condition."", ""evidence"": [""Medications: ... 24 HR Metformin hydrochloride 500 MG Extended Release Oral Tablet""]}","Demographics: born 1934-01-21, gender M, race white, ethnicity portuguese. Encounters: Death Certification. Medications: Penicillin V Potassium 250 MG; Penicillin V Potassium 500 MG; 24 HR Metformin hydrochloride 500 MG Extended Release Oral Tablet; Nitroglycerin 0.4 MG/ACTUAT [Nitrolingual]; Naproxen sodium 220 MG [Aleve]; Simvastatin 20 MG Oral Tablet; Amlodipine 5 MG Oral Tablet; Clopidogrel 75 MG Oral Tablet. Observations: Myocardial Infarction."
diabetes,zero_shot,test,145,f6752562-f813-4b9d-87b3-fbf84ab4ee5e,1,1,1,0.98,"The patient has multiple indicators of hyperglycemia, including an elevated Hemoglobin A1c (7.8%) and current prescription for Metformin hydrochloride, which is used to treat diabetes.","[""Hemoglobin A1c/Hemoglobin.total in Blood: 7.8 %"", ""Medications: ...Metformin hydrochloride..."", ""Glucose: 151.0 mg/dL""]",,"{""label"": 1, ""confidence"": 0.98, ""reason"": ""The patient has multiple indicators of hyperglycemia, including an elevated Hemoglobin A1c (7.8%) and current prescription for Metformin hydrochloride, which is used to treat diabetes."", ""evidence"": [""Hemoglobin A1c/Hemoglobin.total in Blood: 7.8 %"", ""Medications: ...Metformin hydrochloride..."", ""Glucose: 151.0 mg/dL""]}","Demographics: born 1975-05-21, gender F, race hispanic, ethnicity puerto_rican. Encounters: Consultation for treatment; Patient encounter procedure; Outpatient Encounter; Encounter for symptom. Medications: Mirena 52 MG Intrauterine System; Jolivette 28 Day Pack; 24 HR Metformin hydrochloride 500 MG Extended Release Oral Tablet; Dextromethorphan Hydrobromide 1 MG/ML. Procedures: Replacement of contraceptive intrauterine device; Documentation of current medications; Measurement of respiratory function (procedure). Observations: Hemoglobin A1c/Hemoglobin.total in Blood: 7.8 %; Body Height: 160.73 cm; Body Weight: 80.1 kg; Body Mass Index: 31.01 kg/m2; Systolic Blood Pressure: 179.0 mmHg; Diastolic Blood Pressure: 93.0 mmHg; Glucose: 118.0 mg/dL; Urea Nitrogen: 10.0 mg/dL; Creatinine: 1.0 mg/dL; Calcium: 10.0 mg/dL; Sodium: 137.0 mmol/L; Potassium: 3.88 mmol/L; Chloride: 108.0 mmol/L; Carbon Dioxide: 26.0 mmol/L; Total Cholesterol: 238.0 mg/dL; Triglycerides: 182.0 mg/dL; Low Density Lipoprotein Cholesterol: 149.0 mg/dL; High Density Lipoprotein Cholesterol: 52.0 mg/dL; Microalbumin Creatine Ratio: 8.0 mg/g; Estimated Glomerular Filtration Rate: 60.0 mL/min/{1.73_m2}; Hemoglobin A1c/Hemoglobin.total in Blood: 6.8 %; Body Weight: 85.9 kg; Body Mass Index: 33.25 kg/m2; Systolic Blood Pressure: 170.0 mmHg; Diastolic Blood Pressure: 102.0 mmHg; Glucose: 151.0 mg/dL; Urea Nitrogen: 7.0 mg/dL; Calcium: 9.55 mg/dL; Sodium: 136.0 mmol/L; Potassium: 4.85 mmol/L; Chloride: 101.0 mmol/L; Carbon Dioxide: 28.0 mmol/L; Total Cholesterol: 251.0 mg/dL; Triglycerides: 230.0 mg/dL; Low Density Lipoprotein Cholesterol: 177.0 mg/dL; High Density Lipoprotein Cholesterol: 28.0 mg/dL; Microalbumin Creatine Ratio: 4.0 mg/g. Immunizations: Influenza seasonal injectable preservative free."
diabetes,zero_shot,test,146,c93e3f38-0838-425a-b810-1f66d8f9598f,0,0,1,0.8,"The patient record does not contain any diagnostic markers such as HbA1c or blood glucose levels, nor are there any clinical notes confirming a diagnosis of diabetes.","[""No mention of elevated blood glucose levels"", ""No A1C measurement provided""]",,"{""label"": 0, ""confidence"": 0.8, ""reason"": ""The patient record does not contain any diagnostic markers such as HbA1c or blood glucose levels, nor are there any clinical notes confirming a diagnosis of diabetes."", ""evidence"": [""No mention of elevated blood glucose levels"", ""No A1C measurement provided""]}","Demographics: born 1939-01-17, gender F, race white, ethnicity italian. Encounters: Encounter for 'check-up'; Outpatient Encounter; Office Visit; Encounter for symptom. Medications: Penicillin V Potassium 500 MG; Galantamine 4 MG [Razadyne]; Donepezil hydrochloride 10 MG / Memantine hydrochloride 28 MG [Namzaric]; Amoxicillin 250 MG / Clavulanate 125 MG [Augmentin]. Procedures: Colonoscopy; Documentation of current medications. Observations: Body Height: 169.62 cm; Body Weight: 73.64 kg; Body Mass Index: 25.6 kg/m2; Systolic Blood Pressure: 132.0 mmHg; Diastolic Blood Pressure: 76.0 mmHg; Body Weight: 72.57 kg; Body Mass Index: 25.23 kg/m2; Systolic Blood Pressure: 121.0 mmHg; Diastolic Blood Pressure: 82.0 mmHg; Total Cholesterol: 168.0 mg/dL; Triglycerides: 140.0 mg/dL; Low Density Lipoprotein Cholesterol: 72.0 mg/dL; High Density Lipoprotein Cholesterol: 68.0 mg/dL; Body Weight: 70.79 kg; Body Mass Index: 24.61 kg/m2; Systolic Blood Pressure: 106.0 mmHg; Diastolic Blood Pressure: 79.0 mmHg; Body Weight: 69.41 kg; Body Mass Index: 24.13 kg/m2; Diastolic Blood Pressure: 80.0 mmHg; Total score [MMSE]: 22.0 (score); Body Weight: 67.62 kg; Body Mass Index: 23.51 kg/m2; Systolic Blood Pressure: 108.0 mmHg; Diastolic Blood Pressure: 83.0 mmHg; Total Cholesterol: 185.0 mg/dL; Triglycerides: 102.0 mg/dL; Low Density Lipoprotein Cholesterol: 95.0 mg/dL; High Density Lipoprotein Cholesterol: 69.0 mg/dL; Body Weight: 65.98 kg; Body Mass Index: 22.93 kg/m2; Systolic Blood Pressure: 100.0 mmHg; Diastolic Blood Pressure: 86.0 mmHg; Total score [MMSE]: 15.0 (score); Body Weight: 64.79 kg; Body Mass Index: 22.52 kg/m2; Diastolic Blood Pressure: 87.0 mmHg. Immunizations: Influenza seasonal injectable preservative free."
diabetes,zero_shot,test,147,d7a84339-3c60-44a3-808d-24400bc7a377,1,1,1,0.98,"The patient is currently prescribed both Metformin and insulin, indicating established diabetes management. Furthermore, multiple recorded glucose levels (e.g., 198.0 mg/dL) are elevated, confirming hyperglycemia.","[""Medications: 24 HR Metformin hydrochloride"", ""Medications: insulin human isophane / Regular Insulin Human"", ""Glucose: 198.0 mg/dL"", ""Body Mass Index: 38.13 kg/m2""]",,"{
  ""label"": 1,
  ""confidence"": 0.98,
  ""reason"": ""The patient is currently prescribed both Metformin and insulin, indicating established diabetes management. Furthermore, multiple recorded glucose levels (e.g., 198.0 mg/dL) are elevated, confirming hyperglycemia."",
  ""evidence"": [
    ""Medications: 24 HR Metformin hydrochloride"",
    ""Medications: insulin human isophane / Regular Insulin Human"",
    ""Glucose: 198.0 mg/dL"",
    ""Body Mass Index: 38.13 kg/m2""
  ]
}","Demographics: born 1961-11-30, gender F, race white, ethnicity italian. Encounters: Encounter for symptom; Outpatient Encounter. Medications: 24 HR Metformin hydrochloride 500 MG Extended Release Oral Tablet; insulin human isophane 70 UNT/ML / Regular Insulin Human 30 UNT/ML Injectable Suspension [Humulin]; Acetaminophen 160 MG. Procedures: Measurement of respiratory function (procedure); Documentation of current medications. Observations: Oral temperature: 37.0 Cel; Hemoglobin A1c/Hemoglobin.total in Blood: 5.0 %; Body Height: 162.74 cm; Body Weight: 100.99 kg; Body Mass Index: 38.13 kg/m2; Systolic Blood Pressure: 185.0 mmHg; Diastolic Blood Pressure: 102.0 mmHg; Glucose: 198.0 mg/dL; Urea Nitrogen: 17.0 mg/dL; Creatinine: 1.0 mg/dL; Calcium: 8.85 mg/dL; Sodium: 136.0 mmol/L; Potassium: 5.16 mmol/L; Chloride: 107.0 mmol/L; Carbon Dioxide: 22.0 mmol/L; Total Cholesterol: 248.0 mg/dL; Triglycerides: 241.0 mg/dL; Low Density Lipoprotein Cholesterol: 171.0 mg/dL; High Density Lipoprotein Cholesterol: 28.0 mg/dL; Microalbumin Creatine Ratio: 10.0 mg/g; Estimated Glomerular Filtration Rate: 60.0 mL/min/{1.73_m2}; Systolic Blood Pressure: 187.0 mmHg; Diastolic Blood Pressure: 100.0 mmHg; Glucose: 155.0 mg/dL; Urea Nitrogen: 10.0 mg/dL; Calcium: 9.05 mg/dL; Sodium: 144.0 mmol/L; Potassium: 4.29 mmol/L; Chloride: 108.0 mmol/L; Carbon Dioxide: 23.0 mmol/L; Total Cholesterol: 245.0 mg/dL; Triglycerides: 297.0 mg/dL; Low Density Lipoprotein Cholesterol: 145.0 mg/dL; High Density Lipoprotein Cholesterol: 40.0 mg/dL; Microalbumin Creatine Ratio: 13.0 mg/g; Systolic Blood Pressure: 173.0 mmHg; Diastolic Blood Pressure: 104.0 mmHg; Glucose: 151.0 mg/dL; Urea Nitrogen: 11.0 mg/dL; Calcium: 9.12 mg/dL. Immunizations: Influenza seasonal injectable preservative free; Td (adult) preservative free."
diabetes,zero_shot,test,148,49cb898d-0452-49d5-b0f8-243630c51d0e,1,1,1,0.98,"The patient has multiple medications for diabetes (Metformin, liraglutide, and multiple types of insulin) and elevated HbA1c levels (9.3% to 11.0%), strongly indicating a diagnosis of diabetes.","[""24 HR Metformin hydrochloride"", ""liraglutide"", ""insulin human isophane"", ""Insulin Lispro"", ""Hemoglobin A1c/Hemoglobin.total in Blood: 11.0 %"", ""Hemoglobin A1c/Hemoglobin.total in Blood: 9.3 %""]",,"{""label"": 1, ""confidence"": 0.98, ""reason"": ""The patient has multiple medications for diabetes (Metformin, liraglutide, and multiple types of insulin) and elevated HbA1c levels (9.3% to 11.0%), strongly indicating a diagnosis of diabetes."", ""evidence"": [""24 HR Metformin hydrochloride"", ""liraglutide"", ""insulin human isophane"", ""Insulin Lispro"", ""Hemoglobin A1c/Hemoglobin.total in Blood: 11.0 %"", ""Hemoglobin A1c/Hemoglobin.total in Blood: 9.3 %""]}","Demographics: born 1965-07-11, gender F, race asian, ethnicity chinese. Encounters: Outpatient Encounter; Encounter for symptom; Emergency room admission. Medications: Errin 28 Day Pack; 24 HR Metformin hydrochloride 500 MG Extended Release Oral Tablet; 3 ML liraglutide 6 MG/ML Pen Injector; Naproxen sodium 220 MG Oral Tablet; Acetaminophen 325 MG Oral Tablet; Acetaminophen 160 MG; insulin human isophane 70 UNT/ML / Regular Insulin Human 30 UNT/ML Injectable Suspension [Humulin]; Insulin Lispro 100 UNT/ML Injectable Solution [Humalog]. Procedures: Documentation of current medications; Suture open wound; Injection of tetanus antitoxin; Measurement of respiratory function (procedure). Observations: Hemoglobin A1c/Hemoglobin.total in Blood: 11.0 %; Body Height: 162.27 cm; Body Weight: 115.88 kg; Body Mass Index: 44.01 kg/m2; Systolic Blood Pressure: 195.0 mmHg; Diastolic Blood Pressure: 113.0 mmHg; Glucose: 67.0 mg/dL; Urea Nitrogen: 10.0 mg/dL; Creatinine: 1.0 mg/dL; Calcium: 8.92 mg/dL; Sodium: 142.0 mmol/L; Potassium: 3.86 mmol/L; Chloride: 110.0 mmol/L; Carbon Dioxide: 21.0 mmol/L; Total Cholesterol: 195.0 mg/dL; Triglycerides: 116.0 mg/dL; Low Density Lipoprotein Cholesterol: 108.0 mg/dL; High Density Lipoprotein Cholesterol: 63.0 mg/dL; Microalbumin Creatine Ratio: 8.0 mg/g; Estimated Glomerular Filtration Rate: 60.0 mL/min/{1.73_m2}; Oral temperature: 37.0 Cel; Hemoglobin A1c/Hemoglobin.total in Blood: 9.3 %; Body Weight: 119.32 kg; Body Mass Index: 45.32 kg/m2; Systolic Blood Pressure: 177.0 mmHg; Diastolic Blood Pressure: 103.0 mmHg; Glucose: 167.0 mg/dL; Urea Nitrogen: 11.0 mg/dL; Calcium: 9.36 mg/dL; Sodium: 143.0 mmol/L; Potassium: 4.41 mmol/L; Chloride: 108.0 mmol/L; Carbon Dioxide: 29.0 mmol/L; Total Cholesterol: 269.0 mg/dL; Triglycerides: 528.0 mg/dL; Low Density Lipoprotein Cholesterol: 151.0 mg/dL; High Density Lipoprotein Cholesterol: 12.0 mg/dL; Microalbumin Creatine Ratio: 5.0 mg/g; Hemoglobin A1c/Hemoglobin.total in Blood: 9.5 %; Body Weight: 120.64 kg. Immunizations: Influenza seasonal injectable preservative free."
diabetes,zero_shot,test,149,ae068dce-b831-4de4-a811-ae8547c12e82,0,0,1,0.95,"The patient text does not contain any specific clinical markers (e.g., HbA1c, fasting glucose, random plasma glucose) or diagnoses suggestive of diabetes.","[""No mention of blood sugar levels"", ""No diagnosis of diabetes""]",,"{""label"": 0, ""confidence"": 0.95, ""reason"": ""The patient text does not contain any specific clinical markers (e.g., HbA1c, fasting glucose, random plasma glucose) or diagnoses suggestive of diabetes."", ""evidence"": [""No mention of blood sugar levels"", ""No diagnosis of diabetes""]}","Demographics: born 2014-04-01, gender F, race white, ethnicity german. Encounters: Outpatient Encounter; Encounter for symptom. Medications: Acetaminophen 160 MG. Procedures: Documentation of current medications; Throat culture (procedure). Observations: Body Height: 54.21 cm; Body Weight: 4.82 kg; Systolic Blood Pressure: 136.0 mmHg; Diastolic Blood Pressure: 88.0 mmHg; Body Height: 57.0 cm; Body Weight: 5.54 kg; Systolic Blood Pressure: 115.0 mmHg; Body Height: 61.4 cm; Body Weight: 6.8 kg; Systolic Blood Pressure: 139.0 mmHg; Diastolic Blood Pressure: 73.0 mmHg; Body Height: 64.94 cm; Body Weight: 7.86 kg; Systolic Blood Pressure: 116.0 mmHg; Diastolic Blood Pressure: 75.0 mmHg; Body Height: 70.64 cm; Body Weight: 9.52 kg; Systolic Blood Pressure: 120.0 mmHg; Body Height: 74.2 cm; Body Weight: 10.45 kg; Systolic Blood Pressure: 111.0 mmHg; Body Height: 77.38 cm; Body Weight: 11.22 kg; Systolic Blood Pressure: 119.0 mmHg; Body Height: 80.27 cm; Body Weight: 11.86 kg; Systolic Blood Pressure: 123.0 mmHg; Diastolic Blood Pressure: 72.0 mmHg; Body Height: 84.69 cm; Body Weight: 12.95 kg; Body Mass Index: 18.05 kg/m2; Systolic Blood Pressure: 132.0 mmHg; Diastolic Blood Pressure: 83.0 mmHg; Oral temperature: 37.0 Cel; Body Height: 90.01 cm; Body Weight: 14.1 kg; Body Mass Index: 17.4 kg/m2; Systolic Blood Pressure: 101.0 mmHg. Immunizations: Hep B adolescent or pediatric; rotavirus monovalent; DTaP; Hib (PRP-OMP); Pneumococcal conjugate PCV 13; IPV; Influenza seasonal injectable preservative free; MMR; varicella; Hep A ped/adol 2 dose."
diabetes,zero_shot,test,150,21f7f5b5-2bb8-4b67-b04a-0c5306a81eae,1,1,1,1.0,"The patient is prescribed Metformin hydrochloride, a medication used to treat diabetes, and multiple lab observations show consistently elevated HbA1c levels (8.4% - 8.8%) and glucose readings (168-172 mg/dL), indicating uncontrolled hyperglycemia.","[""24 HR Metformin hydrochloride 500 MG Extended Release Oral Tablet"", ""Hemoglobin A1c/Hemoglobin.total in Blood: 8.8 %"", ""Glucose: 172.0 mg/dL"", ""Hemoglobin A1c/Hemoglobin.total in Blood: 8.6 %"", ""Hemoglobin A1c/Hemoglobin.total in Blood: 8.4 %""]",,"{
  ""label"": 1,
  ""confidence"": 1.0,
  ""reason"": ""The patient is prescribed Metformin hydrochloride, a medication used to treat diabetes, and multiple lab observations show consistently elevated HbA1c levels (8.4% - 8.8%) and glucose readings (168-172 mg/dL), indicating uncontrolled hyperglycemia."",
  ""evidence"": [
    ""24 HR Metformin hydrochloride 500 MG Extended Release Oral Tablet"",
    ""Hemoglobin A1c/Hemoglobin.total in Blood: 8.8 %"",
    ""Glucose: 172.0 mg/dL"",
    ""Hemoglobin A1c/Hemoglobin.total in Blood: 8.6 %"",
    ""Hemoglobin A1c/Hemoglobin.total in Blood: 8.4 %""
  ]
}","Demographics: born 1951-07-14, gender F, race white, ethnicity american. Encounters: Outpatient Encounter; Encounter for 'check-up'; Encounter for symptom; Emergency hospital admission for asthma; Asthma follow-up. Medications: 120 ACTUAT Fluticasone propionate 0.044 MG/ACTUAT Metered Dose Inhaler; 200 ACTUAT Albuterol 0.09 MG/ACTUAT Metered Dose Inhaler; Chlorpheniramine 2 MG Chewable Tablet; Penicillin V Potassium 250 MG; 24 HR Metformin hydrochloride 500 MG Extended Release Oral Tablet. Procedures: Colonoscopy; Documentation of current medications. Observations: Hemoglobin A1c/Hemoglobin.total in Blood: 8.8 %; Body Height: 163.48 cm; Body Weight: 109.73 kg; Body Mass Index: 41.06 kg/m2; Systolic Blood Pressure: 142.0 mmHg; Diastolic Blood Pressure: 120.0 mmHg; Glucose: 172.0 mg/dL; Urea Nitrogen: 17.0 mg/dL; Creatinine: 1.0 mg/dL; Calcium: 9.49 mg/dL; Sodium: 136.0 mmol/L; Potassium: 4.05 mmol/L; Chloride: 105.0 mmol/L; Carbon Dioxide: 23.0 mmol/L; Total Cholesterol: 259.0 mg/dL; Triglycerides: 276.0 mg/dL; Low Density Lipoprotein Cholesterol: 163.0 mg/dL; High Density Lipoprotein Cholesterol: 40.0 mg/dL; Microalbumin Creatine Ratio: 7.0 mg/g; Estimated Glomerular Filtration Rate: 60.0 mL/min/{1.73_m2}; Hemoglobin A1c/Hemoglobin.total in Blood: 8.6 %; Body Weight: 107.86 kg; Body Mass Index: 40.36 kg/m2; Systolic Blood Pressure: 192.0 mmHg; Diastolic Blood Pressure: 119.0 mmHg; Glucose: 168.0 mg/dL; Urea Nitrogen: 12.0 mg/dL; Calcium: 10.1 mg/dL; Potassium: 4.08 mmol/L; Chloride: 106.0 mmol/L; Carbon Dioxide: 25.0 mmol/L; Triglycerides: 483.0 mg/dL; Low Density Lipoprotein Cholesterol: 136.0 mg/dL; High Density Lipoprotein Cholesterol: 26.0 mg/dL; Microalbumin Creatine Ratio: 0.0 mg/g; Hemoglobin A1c/Hemoglobin.total in Blood: 8.4 %; Body Weight: 106.05 kg; Body Mass Index: 39.68 kg/m2; Systolic Blood Pressure: 170.0 mmHg; Diastolic Blood Pressure: 112.0 mmHg. Allergies: Allergy to tree pollen; Allergy to grass pollen; Dander (animal) allergy; Allergy to mould. Immunizations: Influenza seasonal injectable preservative free; zoster; Td (adult) preservative free; Pneumococcal conjugate PCV 13."
