patient_id,text,label
02185a54-89e4-40b2-8412-f2c8a2d8248d,"Demographics: born 1988-08-24, gender F, race white, ethnicity swedish. Encounters: Outpatient Encounter; Consultation for treatment; Encounter for symptom; Encounter for problem; Emergency room admission; Prenatal initial visit; Prenatal visit. Medications: Clopidogrel 75 MG Oral Tablet; Simvastatin 20 MG Oral Tablet; Amlodipine 5 MG Oral Tablet; Nitroglycerin 0.4 MG/ACTUAT [Nitrolingual]; Errin 28 Day Pack; Acetaminophen 160 MG; Naproxen sodium 550 MG [Anaprox]; Methotrexate 10 MG [Trexall]; Ibuprofen 200 MG Oral Tablet. Procedures: Standard pregnancy test. Observations: Body Height: 161.94 cm; Body Weight: 61.35 kg; Body Mass Index: 23.39 kg/m2; Systolic Blood Pressure: 179.0 mmHg; Diastolic Blood Pressure: 112.0 mmHg; Estimated Glomerular Filtration Rate: 60.0 mL/min/{1.73_m2}; Body Weight: 66.22 kg; Body Mass Index: 25.25 kg/m2; Systolic Blood Pressure: 183.0 mmHg; Diastolic Blood Pressure: 109.0 mmHg. Immunizations: Influenza seasonal injectable preservative free; Td (adult) preservative free.",1
237c50c5-5658-406c-b1e8-5f906ca5652d,"Demographics: born 2006-09-19, gender F, race white, ethnicity portuguese. Encounters: Outpatient Encounter; Encounter for symptom; Emergency room admission. Medications: Cefuroxime 250 MG Oral Tablet; Acetaminophen 160 MG Oral Tablet; Amoxicillin 250 MG / Clavulanate 125 MG [Augmentin]; Penicillin V Potassium 250 MG. Procedures: Documentation of current medications. Observations: Body Height: 101.6 cm; Body Weight: 14.57 kg; Body Mass Index: 14.11 kg/m2; Systolic Blood Pressure: 100.0 mmHg; Diastolic Blood Pressure: 83.0 mmHg; Body Height: 108.54 cm; Body Weight: 16.43 kg; Body Mass Index: 13.95 kg/m2; Systolic Blood Pressure: 118.0 mmHg; Diastolic Blood Pressure: 88.0 mmHg; Body Height: 115.58 cm; Body Weight: 18.43 kg; Body Mass Index: 13.79 kg/m2; Systolic Blood Pressure: 116.0 mmHg; Diastolic Blood Pressure: 71.0 mmHg; Body Height: 121.76 cm; Body Weight: 20.38 kg; Body Mass Index: 13.75 kg/m2; Systolic Blood Pressure: 128.0 mmHg; Diastolic Blood Pressure: 85.0 mmHg; Body Height: 126.87 cm; Body Weight: 22.33 kg; Body Mass Index: 13.87 kg/m2; Systolic Blood Pressure: 115.0 mmHg; Diastolic Blood Pressure: 74.0 mmHg; Oral temperature: 37.6 Cel; Body Height: 131.86 cm; Body Weight: 24.75 kg; Body Mass Index: 14.24 kg/m2; Systolic Blood Pressure: 112.0 mmHg; Diastolic Blood Pressure: 84.0 mmHg; Body Height: 136.9 cm; Body Weight: 27.82 kg; Body Mass Index: 14.84 kg/m2; Systolic Blood Pressure: 134.0 mmHg; Diastolic Blood Pressure: 79.0 mmHg; Body Height: 141.04 cm; Body Weight: 30.42 kg; Body Mass Index: 15.29 kg/m2; Systolic Blood Pressure: 117.0 mmHg. Immunizations: DTaP; Pneumococcal conjugate PCV 13; IPV; Influenza seasonal injectable preservative free; MMR; varicella.",0
8c71f2f0-1cbc-4d38-95f5-5e36c1895591,"Demographics: born 1961-02-04, gender F, race white, ethnicity swedish. Encounters: Encounter for 'check-up'; Outpatient Encounter; Office Visit; Encounter for symptom. Medications: Penicillin V Potassium 250 MG; Penicillin V Potassium 500 MG; Galantamine 4 MG [Razadyne]; Memantine hydrochloride 2 MG/ML [Namenda]; Nitrofurantoin 5 MG/ML [Furadantin]; Phenazopyridine hydrochloride 100 MG [Pyridium]. Procedures: Colonoscopy; Documentation of current medications. Observations: Total score [MMSE]: 23.0 (score); Body Height: 165.83 cm; Body Weight: 88.95 kg; Body Mass Index: 32.35 kg/m2; Systolic Blood Pressure: 143.0 mmHg; Diastolic Blood Pressure: 97.0 mmHg; Estimated Glomerular Filtration Rate: 60.0 mL/min/{1.73_m2}; Total score [MMSE]: 13.0 (score); Systolic Blood Pressure: 144.0 mmHg; Diastolic Blood Pressure: 109.0 mmHg; Total Cholesterol: 190.0 mg/dL; Triglycerides: 141.0 mg/dL; Low Density Lipoprotein Cholesterol: 88.0 mg/dL; High Density Lipoprotein Cholesterol: 73.0 mg/dL; Systolic Blood Pressure: 142.0 mmHg; Diastolic Blood Pressure: 118.0 mmHg; Total score [MMSE]: 11.0 (score); Hemoglobin A1c/Hemoglobin.total in Blood: 6.1 %; Systolic Blood Pressure: 194.0 mmHg; Diastolic Blood Pressure: 91.0 mmHg; Glucose: 71.0 mg/dL; Urea Nitrogen: 11.0 mg/dL; Creatinine: 1.0 mg/dL; Calcium: 8.9 mg/dL; Sodium: 140.0 mmol/L; Potassium: 4.3 mmol/L; Chloride: 110.0 mmol/L; Carbon Dioxide: 29.0 mmol/L; Hemoglobin A1c/Hemoglobin.total in Blood: 6.3 %; Systolic Blood Pressure: 140.0 mmHg; Diastolic Blood Pressure: 111.0 mmHg; Glucose: 99.0 mg/dL; Urea Nitrogen: 20.0 mg/dL; Calcium: 9.41 mg/dL; Sodium: 142.0 mmol/L; Potassium: 4.01 mmol/L; Chloride: 106.0 mmol/L; Carbon Dioxide: 20.0 mmol/L; Total Cholesterol: 168.0 mg/dL; Triglycerides: 107.0 mg/dL. Immunizations: Influenza seasonal injectable preservative free; Td (adult) preservative free.",1
4e93b941-14bc-430f-ab2a-02a3d7763f96,"Demographics: born 2013-07-15, gender F, race asian, ethnicity asian_indian. Encounters: Outpatient Encounter; Encounter for symptom. Medications: Acetaminophen 160 MG; Amoxicillin 200 MG Oral Tablet; Acetaminophen 160 MG Oral Tablet. Procedures: Measurement of respiratory function (procedure); Documentation of current medications. Observations: Body Height: 55.66 cm; Body Weight: 4.92 kg; Systolic Blood Pressure: 137.0 mmHg; Diastolic Blood Pressure: 74.0 mmHg; Body Height: 58.47 cm; Body Weight: 5.65 kg; Systolic Blood Pressure: 119.0 mmHg; Diastolic Blood Pressure: 71.0 mmHg; Body Height: 64.8 cm; Body Weight: 7.49 kg; Systolic Blood Pressure: 116.0 mmHg; Diastolic Blood Pressure: 82.0 mmHg; Body Height: 68.12 cm; Body Weight: 8.48 kg; Systolic Blood Pressure: 131.0 mmHg; Diastolic Blood Pressure: 79.0 mmHg; Body Height: 72.36 cm; Body Weight: 9.68 kg; Systolic Blood Pressure: 107.0 mmHg; Body Height: 76.02 cm; Body Weight: 10.64 kg; Systolic Blood Pressure: 121.0 mmHg; Diastolic Blood Pressure: 77.0 mmHg; Body Height: 79.29 cm; Body Weight: 11.41 kg; Systolic Blood Pressure: 122.0 mmHg; Diastolic Blood Pressure: 70.0 mmHg; Body Height: 83.21 cm; Body Weight: 12.27 kg; Systolic Blood Pressure: 132.0 mmHg; Body Height: 86.84 cm; Body Weight: 13.18 kg; Body Mass Index: 17.48 kg/m2; Systolic Blood Pressure: 120.0 mmHg; Diastolic Blood Pressure: 83.0 mmHg; Body Height: 91.65 cm; Body Weight: 14.21 kg; Body Mass Index: 16.91 kg/m2; Systolic Blood Pressure: 114.0 mmHg; Diastolic Blood Pressure: 80.0 mmHg. Immunizations: Hep B adolescent or pediatric; rotavirus monovalent; DTaP; Hib (PRP-OMP); Pneumococcal conjugate PCV 13; IPV; Influenza seasonal injectable preservative free; MMR; varicella; Hep A ped/adol 2 dose.",0
5e3be2aa-5efa-42ed-800c-89238274ada5,"Demographics: born 1932-06-16, gender F, race white, ethnicity polish. Encounters: Death Certification. Medications: Fluticasone propionate 0.25 MG/ACTUAT / salmeterol 0.05 MG/ACTUAT [Advair]. Observations: Chronic obstructive bronchitis (disorder). Allergies: Shellfish allergy; Allergy to mould.",0
36efe820-cb51-4945-9d6a-73c7a00b229b,"Demographics: born 1938-09-30, gender F, race white, ethnicity polish. Encounters: Outpatient Encounter; Encounter for symptom. Medications: Naproxen sodium 220 MG [Aleve]; Acetaminophen 160 MG. Procedures: Documentation of current medications; Sputum examination (procedure). Observations: Hemoglobin A1c/Hemoglobin.total in Blood: 5.8 %; Body Height: 156.73 cm; Body Weight: 77.49 kg; Body Mass Index: 31.55 kg/m2; Systolic Blood Pressure: 160.0 mmHg; Diastolic Blood Pressure: 103.0 mmHg; Glucose: 81.0 mg/dL; Urea Nitrogen: 16.0 mg/dL; Creatinine: 1.0 mg/dL; Calcium: 8.9 mg/dL; Sodium: 139.0 mmol/L; Potassium: 4.76 mmol/L; Chloride: 105.0 mmol/L; Carbon Dioxide: 20.0 mmol/L; Estimated Glomerular Filtration Rate: 60.0 mL/min/{1.73_m2}; Body Weight: 75.87 kg; Body Mass Index: 30.89 kg/m2; Systolic Blood Pressure: 171.0 mmHg; Diastolic Blood Pressure: 91.0 mmHg; Glucose: 92.0 mg/dL; Urea Nitrogen: 12.0 mg/dL; Calcium: 10.15 mg/dL; Sodium: 137.0 mmol/L; Potassium: 4.06 mmol/L; Carbon Dioxide: 27.0 mmol/L; Hemoglobin A1c/Hemoglobin.total in Blood: 6.1 %; Body Weight: 74.05 kg; Body Mass Index: 30.14 kg/m2; Systolic Blood Pressure: 192.0 mmHg; Diastolic Blood Pressure: 120.0 mmHg; Urea Nitrogen: 7.0 mg/dL; Calcium: 8.52 mg/dL; Potassium: 4.84 mmol/L; Chloride: 104.0 mmol/L; Carbon Dioxide: 25.0 mmol/L; Total Cholesterol: 165.0 mg/dL; Triglycerides: 102.0 mg/dL; Low Density Lipoprotein Cholesterol: 83.0 mg/dL; High Density Lipoprotein Cholesterol: 61.0 mg/dL. Immunizations: Influenza seasonal injectable preservative free; Td (adult) preservative free.",1
0fbc5045-8b93-436e-ba27-41475b4b988c,"Demographics: born 1957-06-06, gender F, race white, ethnicity irish. Encounters: Outpatient Encounter; Encounter for 'check-up'. Medications: Penicillin V Potassium 500 MG; Naproxen sodium 220 MG [Aleve]. Procedures: Documentation of current medications; Colonoscopy. Observations: Hemoglobin A1c/Hemoglobin.total in Blood: 5.9 %; Body Height: 161.27 cm; Body Weight: 106.05 kg; Body Mass Index: 40.78 kg/m2; Systolic Blood Pressure: 153.0 mmHg; Diastolic Blood Pressure: 95.0 mmHg; Glucose: 82.0 mg/dL; Urea Nitrogen: 18.0 mg/dL; Creatinine: 1.0 mg/dL; Calcium: 9.0 mg/dL; Sodium: 137.0 mmol/L; Potassium: 3.96 mmol/L; Chloride: 103.0 mmol/L; Carbon Dioxide: 29.0 mmol/L; Estimated Glomerular Filtration Rate: 60.0 mL/min/{1.73_m2}; Systolic Blood Pressure: 185.0 mmHg; Diastolic Blood Pressure: 119.0 mmHg; Glucose: 85.0 mg/dL; Urea Nitrogen: 15.0 mg/dL; Calcium: 9.14 mg/dL; Sodium: 139.0 mmol/L; Potassium: 4.05 mmol/L; Chloride: 106.0 mmol/L; Carbon Dioxide: 24.0 mmol/L; Total Cholesterol: 170.0 mg/dL; Triglycerides: 150.0 mg/dL; Low Density Lipoprotein Cholesterol: 81.0 mg/dL; High Density Lipoprotein Cholesterol: 59.0 mg/dL; Hemoglobin A1c/Hemoglobin.total in Blood: 6.2 %; Systolic Blood Pressure: 160.0 mmHg; Glucose: 90.0 mg/dL; Urea Nitrogen: 14.0 mg/dL; Calcium: 10.2 mg/dL; Sodium: 143.0 mmol/L; Potassium: 3.9 mmol/L; Chloride: 101.0 mmol/L; Carbon Dioxide: 26.0 mmol/L; Hemoglobin A1c/Hemoglobin.total in Blood: 6.4 %; Systolic Blood Pressure: 146.0 mmHg; Diastolic Blood Pressure: 113.0 mmHg. Immunizations: Influenza seasonal injectable preservative free.",1
b03ce159-0371-4bea-bd87-cf58e87523bc,"Demographics: born 1956-09-13, gender F, race black, ethnicity african. Encounters: Outpatient Encounter; Encounter for 'check-up'; Encounter for symptom; Emergency room admission. Medications: Penicillin V Potassium 250 MG; 24 HR Metformin hydrochloride 500 MG Extended Release Oral Tablet; Insulin Lispro 100 UNT/ML Injectable Solution [Humalog]; Nitrofurantoin 5 MG/ML [Furadantin]; Phenazopyridine hydrochloride 100 MG [Pyridium]; Ibuprofen 200 MG Oral Tablet. Procedures: Colonoscopy; Bone immobilization; Bone density scan (procedure); Documentation of current medications. Observations: Hemoglobin A1c/Hemoglobin.total in Blood: 3.9 %; Body Height: 151.11 cm; Body Weight: 104.38 kg; Body Mass Index: 45.71 kg/m2; Systolic Blood Pressure: 110.0 mmHg; Diastolic Blood Pressure: 81.0 mmHg; Glucose: 89.0 mg/dL; Urea Nitrogen: 14.0 mg/dL; Creatinine: 1.0 mg/dL; Calcium: 9.56 mg/dL; Sodium: 136.0 mmol/L; Potassium: 4.49 mmol/L; Chloride: 104.0 mmol/L; Carbon Dioxide: 21.0 mmol/L; Total Cholesterol: 176.0 mg/dL; Triglycerides: 109.0 mg/dL; Low Density Lipoprotein Cholesterol: 84.0 mg/dL; High Density Lipoprotein Cholesterol: 70.0 mg/dL; Microalbumin Creatine Ratio: 30.0 mg/g; Estimated Glomerular Filtration Rate: 60.0 mL/min/{1.73_m2}; Systolic Blood Pressure: 128.0 mmHg; Diastolic Blood Pressure: 89.0 mmHg; Glucose: 83.0 mg/dL; Urea Nitrogen: 19.0 mg/dL; Calcium: 8.85 mg/dL; Sodium: 142.0 mmol/L; Potassium: 4.31 mmol/L; Chloride: 102.0 mmol/L; Total Cholesterol: 166.0 mg/dL; Triglycerides: 115.0 mg/dL; Low Density Lipoprotein Cholesterol: 65.0 mg/dL; High Density Lipoprotein Cholesterol: 78.0 mg/dL; Microalbumin Creatine Ratio: 26.0 mg/g; Systolic Blood Pressure: 115.0 mmHg; Diastolic Blood Pressure: 75.0 mmHg; Glucose: 88.0 mg/dL; Urea Nitrogen: 9.0 mg/dL; Calcium: 8.84 mg/dL; Sodium: 137.0 mmol/L; Potassium: 4.9 mmol/L. Immunizations: Influenza seasonal injectable preservative free.",0
1d2baa82-8b6f-4802-87be-f225eb0f34b7,"Demographics: born 1981-11-14, gender F, race hispanic, ethnicity puerto_rican. Encounters: Prenatal initial visit; Prenatal visit; Encounter for symptom; Obstetric emergency hospital admission; Consultation for treatment; Admission to surgical department; Outpatient Encounter. Procedures: Standard pregnancy test; Medical induction of labor; Premature birth of newborn; Instrumental delivery; Childbirth; Bilateral tubal ligation; Documentation of current medications. Observations: Oral temperature: 37.0 Cel; Body Height: 160.15 cm; Body Weight: 78.02 kg; Body Mass Index: 30.42 kg/m2; Systolic Blood Pressure: 191.0 mmHg; Diastolic Blood Pressure: 95.0 mmHg; Total Cholesterol: 170.0 mg/dL; Triglycerides: 124.0 mg/dL; Low Density Lipoprotein Cholesterol: 84.0 mg/dL; High Density Lipoprotein Cholesterol: 61.0 mg/dL; Estimated Glomerular Filtration Rate: 60.0 mL/min/{1.73_m2}; Body Weight: 83.7 kg; Body Mass Index: 32.63 kg/m2; Systolic Blood Pressure: 195.0 mmHg; Diastolic Blood Pressure: 104.0 mmHg; Total Cholesterol: 165.0 mg/dL; Triglycerides: 129.0 mg/dL; Low Density Lipoprotein Cholesterol: 63.0 mg/dL; High Density Lipoprotein Cholesterol: 76.0 mg/dL. Immunizations: Influenza seasonal injectable preservative free; Td (adult) preservative free.",1
28210198-3792-42a7-8d36-52e508616d93,"Demographics: born 1956-05-27, gender M, race white, ethnicity portuguese. Encounters: Outpatient Encounter; Encounter for 'check-up'; Encounter for symptom. Medications: Penicillin V Potassium 500 MG. Procedures: Documentation of current medications; Colonoscopy. Observations: Hemoglobin A1c/Hemoglobin.total in Blood: 6.2 %; Body Height: 163.33 cm; Body Weight: 108.42 kg; Body Mass Index: 40.64 kg/m2; Systolic Blood Pressure: 108.0 mmHg; Diastolic Blood Pressure: 72.0 mmHg; Glucose: 98.0 mg/dL; Urea Nitrogen: 14.0 mg/dL; Creatinine: 1.0 mg/dL; Calcium: 8.66 mg/dL; Sodium: 138.0 mmol/L; Potassium: 4.79 mmol/L; Chloride: 107.0 mmol/L; Carbon Dioxide: 25.0 mmol/L; Total Cholesterol: 192.0 mg/dL; Triglycerides: 133.0 mg/dL; Low Density Lipoprotein Cholesterol: 100.0 mg/dL; High Density Lipoprotein Cholesterol: 65.0 mg/dL; Hemoglobin A1c/Hemoglobin.total in Blood: 6.0 %; Diastolic Blood Pressure: 86.0 mmHg; Glucose: 72.0 mg/dL; Urea Nitrogen: 18.0 mg/dL; Calcium: 10.1 mg/dL; Sodium: 136.0 mmol/L; Potassium: 3.79 mmol/L; Chloride: 109.0 mmol/L; Carbon Dioxide: 22.0 mmol/L; Hemoglobin A1c/Hemoglobin.total in Blood: 6.4 %; Systolic Blood Pressure: 114.0 mmHg; Diastolic Blood Pressure: 70.0 mmHg; Glucose: 89.0 mg/dL; Urea Nitrogen: 7.0 mg/dL; Calcium: 9.86 mg/dL; Potassium: 4.28 mmol/L; Chloride: 101.0 mmol/L; Systolic Blood Pressure: 128.0 mmHg; Diastolic Blood Pressure: 85.0 mmHg; Glucose: 79.0 mg/dL; Urea Nitrogen: 12.0 mg/dL; Calcium: 9.0 mg/dL. Immunizations: Influenza seasonal injectable preservative free; zoster.",0
46d1d338-8c55-41c3-9ec7-4a2b884e47b3,"Demographics: born 2011-07-14, gender F, race white, ethnicity french_canadian. Encounters: Outpatient Encounter; Encounter for symptom; Emergency room admission; Encounter for 'check-up'. Medications: Ibuprofen 100 MG Oral Tablet; Amoxicillin 200 MG Oral Tablet; Acetaminophen 160 MG Oral Tablet; Acetaminophen 160 MG. Procedures: Documentation of current medications; Bone immobilization; Throat culture (procedure); Measurement of respiratory function (procedure). Observations: Body Height: 60.0 cm; Body Weight: 4.73 kg; Systolic Blood Pressure: 132.0 mmHg; Diastolic Blood Pressure: 82.0 mmHg; Body Height: 62.75 cm; Body Weight: 5.44 kg; Systolic Blood Pressure: 109.0 mmHg; Diastolic Blood Pressure: 80.0 mmHg; Body Height: 67.23 cm; Body Weight: 6.68 kg; Systolic Blood Pressure: 118.0 mmHg; Diastolic Blood Pressure: 78.0 mmHg; Body Height: 70.96 cm; Body Weight: 7.73 kg; Systolic Blood Pressure: 102.0 mmHg; Diastolic Blood Pressure: 85.0 mmHg; Body Height: 75.7 cm; Body Weight: 9.0 kg; Diastolic Blood Pressure: 87.0 mmHg; Body Height: 81.07 cm; Body Weight: 10.28 kg; Systolic Blood Pressure: 130.0 mmHg; Body Height: 84.62 cm; Body Weight: 11.03 kg; Systolic Blood Pressure: 124.0 mmHg; Oral temperature: 37.0 Cel; Body Height: 88.91 cm; Body Weight: 11.86 kg; Systolic Blood Pressure: 133.0 mmHg; Diastolic Blood Pressure: 88.0 mmHg; Body Height: 93.93 cm; Body Weight: 12.89 kg; Body Mass Index: 14.61 kg/m2; Systolic Blood Pressure: 131.0 mmHg; Diastolic Blood Pressure: 72.0 mmHg; Body Height: 99.77 cm; Body Weight: 14.0 kg; Body Mass Index: 14.07 kg/m2; Systolic Blood Pressure: 139.0 mmHg; Diastolic Blood Pressure: 89.0 mmHg. Immunizations: Hep B adolescent or pediatric; rotavirus monovalent; DTaP; Hib (PRP-OMP); Pneumococcal conjugate PCV 13; IPV; Influenza seasonal injectable preservative free; MMR; varicella; Hep A ped/adol 2 dose.",0
5121ab0d-76ab-406e-b11c-a531df2edc06,"Demographics: born 2002-11-19, gender M, race white, ethnicity english. Encounters: Outpatient Encounter; Encounter for symptom. Medications: Penicillin V Potassium 250 MG; Acetaminophen 160 MG. Procedures: Documentation of current medications; Measurement of respiratory function (procedure). Observations: Body Height: 128.49 cm; Body Weight: 26.38 kg; Body Mass Index: 15.98 kg/m2; Systolic Blood Pressure: 127.0 mmHg; Diastolic Blood Pressure: 82.0 mmHg; Body Height: 134.23 cm; Body Weight: 29.67 kg; Body Mass Index: 16.47 kg/m2; Systolic Blood Pressure: 134.0 mmHg; Diastolic Blood Pressure: 84.0 mmHg; Body Height: 139.45 cm; Body Weight: 33.55 kg; Body Mass Index: 17.25 kg/m2; Systolic Blood Pressure: 129.0 mmHg; Diastolic Blood Pressure: 74.0 mmHg; Body Height: 143.56 cm; Body Weight: 37.02 kg; Body Mass Index: 17.96 kg/m2; Systolic Blood Pressure: 126.0 mmHg; Diastolic Blood Pressure: 79.0 mmHg; Body Height: 150.05 cm; Body Weight: 42.16 kg; Body Mass Index: 18.72 kg/m2; Systolic Blood Pressure: 105.0 mmHg; Diastolic Blood Pressure: 72.0 mmHg; Body Height: 158.22 cm; Body Weight: 47.84 kg; Body Mass Index: 19.11 kg/m2; Systolic Blood Pressure: 136.0 mmHg; Diastolic Blood Pressure: 89.0 mmHg. Immunizations: Influenza seasonal injectable preservative free; meningococcal MCV4P; Tdap; HPV quadrivalent.",0
8bf7e89e-03fc-4c92-9456-b309be0996b1,"Demographics: born 1979-03-17, gender F, race white, ethnicity italian. Encounters: Outpatient Encounter; Encounter for symptom; Emergency room admission. Medications: Acetaminophen 160 MG; Naproxen sodium 220 MG Oral Tablet. Procedures: Sputum examination (procedure); Suture open wound; Documentation of current medications. Observations: Hemoglobin A1c/Hemoglobin.total in Blood: 6.3 %; Body Height: 174.58 cm; Body Weight: 78.14 kg; Body Mass Index: 25.64 kg/m2; Systolic Blood Pressure: 100.0 mmHg; Diastolic Blood Pressure: 74.0 mmHg; Glucose: 80.0 mg/dL; Urea Nitrogen: 9.0 mg/dL; Creatinine: 1.0 mg/dL; Calcium: 8.95 mg/dL; Sodium: 143.0 mmol/L; Potassium: 4.46 mmol/L; Chloride: 103.0 mmol/L; Carbon Dioxide: 24.0 mmol/L; Total Cholesterol: 198.0 mg/dL; Triglycerides: 104.0 mg/dL; Low Density Lipoprotein Cholesterol: 113.0 mg/dL; High Density Lipoprotein Cholesterol: 64.0 mg/dL; Hemoglobin A1c/Hemoglobin.total in Blood: 6.0 %; Body Weight: 82.4 kg; Body Mass Index: 27.03 kg/m2; Systolic Blood Pressure: 112.0 mmHg; Diastolic Blood Pressure: 72.0 mmHg; Glucose: 84.0 mg/dL; Urea Nitrogen: 11.0 mg/dL; Calcium: 9.09 mg/dL; Sodium: 142.0 mmol/L; Potassium: 5.08 mmol/L; Chloride: 111.0 mmol/L; Carbon Dioxide: 28.0 mmol/L; Hemoglobin A1c/Hemoglobin.total in Blood: 5.8 %; Body Weight: 85.02 kg; Body Mass Index: 27.9 kg/m2; Systolic Blood Pressure: 115.0 mmHg; Diastolic Blood Pressure: 78.0 mmHg; Glucose: 64.0 mg/dL; Urea Nitrogen: 8.0 mg/dL; Calcium: 9.59 mg/dL; Sodium: 138.0 mmol/L; Potassium: 3.9 mmol/L. Immunizations: Influenza seasonal injectable preservative free; Td (adult) preservative free.",0
48b9d7b3-b5ec-4707-bef0-363a995e7c9a,"Demographics: born 1908-03-16, gender M, race white, ethnicity american. Encounters: Death Certification. Observations: Pneumonia.",1
4ea8e21d-eab1-4dc1-939c-d346ed926859,"Demographics: born 1995-10-07, gender M, race white, ethnicity german. Encounters: Outpatient procedure; Outpatient Encounter; Encounter for symptom; Allergic disorder follow-up assessment; Emergency room admission. Medications: Fexofenadine hydrochloride 30 MG Oral Tablet; 0.3 ML EPINEPHrine 0.5 MG/ML Auto-Injector; Amoxicillin 500 MG Oral Tablet; Ibuprofen 200 MG Oral Tablet; Naproxen sodium 220 MG Oral Tablet; Acetaminophen 160 MG. Procedures: Subcutaneous immunotherapy; Allergy screening test; Documentation of current medications; Suture open wound; Measurement of respiratory function (procedure). Observations: Body Height: 172.19 cm; Body Weight: 40.03 kg; Body Mass Index: 13.5 kg/m2; Systolic Blood Pressure: 109.0 mmHg; Diastolic Blood Pressure: 80.0 mmHg; Body Height: 176.53 cm; Body Weight: 44.78 kg; Body Mass Index: 14.37 kg/m2; Systolic Blood Pressure: 138.0 mmHg; Diastolic Blood Pressure: 86.0 mmHg; Body Height: 178.5 cm; Body Weight: 48.51 kg; Body Mass Index: 15.23 kg/m2; Systolic Blood Pressure: 117.0 mmHg; Diastolic Blood Pressure: 72.0 mmHg; Peanut IgE Ab in Serum: 0.33 kU/L; Walnut IgE Ab in Serum: 0.04 kU/L; Codfish IgE Ab in Serum: 48.81 kU/L; Shrimp IgE Ab in Serum: 0.29 kU/L; Wheat IgE Ab in Serum: 0.07 kU/L; Egg white IgE Ab in Serum: 0.3 kU/L; Soybean IgE Ab in Serum: 0.19 kU/L; Cow milk IgE Ab in Serum: 0.18 kU/L; White oak IgE Ab in Serum: 0.18 kU/L; Common Ragweed IgE Ab in Serum: 0.32 kU/L; Cat dander IgE Ab in Serum: 0.17 kU/L; American house dust mite IgE Ab in Serum: 0.35 kU/L; Cladosporium herbarum IgE Ab in Serum: 0.0 kU/L; Honey bee IgE Ab in Serum: 0.05 kU/L; Latex IgE Ab in Serum: 0 kU/L; Body Height: 179.51 cm; Body Weight: 51.36 kg; Body Mass Index: 15.94 kg/m2; Systolic Blood Pressure: 123.0 mmHg; Diastolic Blood Pressure: 71.0 mmHg; Body Height: 180.01 cm; Body Weight: 53.11 kg; Body Mass Index: 16.39 kg/m2; Systolic Blood Pressure: 135.0 mmHg; Diastolic Blood Pressure: 70.0 mmHg. Allergies: Allergy to fish. Immunizations: Influenza seasonal injectable preservative free; meningococcal MCV4P.",0
306c4919-6857-45eb-ab7d-5d8e5a65cb2c,"Demographics: born 1983-02-07, gender F, race white, ethnicity irish. Encounters: Encounter for symptom; Outpatient Encounter. Medications: Chlorpheniramine 2 MG Chewable Tablet; Amoxicillin 250 MG / Clavulanate 125 MG [Augmentin]. Procedures: Documentation of current medications. Observations: Body Height: 161.35 cm; Body Weight: 73.42 kg; Body Mass Index: 28.2 kg/m2; Systolic Blood Pressure: 160.0 mmHg; Diastolic Blood Pressure: 91.0 mmHg; Estimated Glomerular Filtration Rate: 60.0 mL/min/{1.73_m2}; Oral temperature: 38.0 Cel; Body Weight: 77.39 kg; Body Mass Index: 29.72 kg/m2; Systolic Blood Pressure: 193.0 mmHg; Diastolic Blood Pressure: 99.0 mmHg; Total Cholesterol: 194.0 mg/dL; Triglycerides: 141.0 mg/dL; Low Density Lipoprotein Cholesterol: 106.0 mg/dL; High Density Lipoprotein Cholesterol: 59.0 mg/dL; Estimated Glomerular Filtration Rate: 58.0 mL/min/{1.73_m2}; Hemoglobin A1c/Hemoglobin.total in Blood: 5.9 %; Body Weight: 83.28 kg; Body Mass Index: 31.99 kg/m2; Systolic Blood Pressure: 179.0 mmHg; Diastolic Blood Pressure: 100.0 mmHg; Glucose: 86.0 mg/dL; Urea Nitrogen: 7.0 mg/dL; Creatinine: 1.0 mg/dL; Calcium: 9.38 mg/dL; Sodium: 137.0 mmol/L; Potassium: 4.22 mmol/L; Chloride: 108.0 mmol/L; Carbon Dioxide: 24.0 mmol/L; Total Cholesterol: 191.0 mg/dL; Triglycerides: 126.0 mg/dL; Low Density Lipoprotein Cholesterol: 90.0 mg/dL; High Density Lipoprotein Cholesterol: 75.0 mg/dL. Allergies: Allergy to peanuts; Allergy to nut; Allergy to fish; Allergy to tree pollen; Allergy to grass pollen; Dander (animal) allergy; House dust mite allergy; Allergy to mould. Immunizations: Influenza seasonal injectable preservative free; Td (adult) preservative free.",1
18205874-9289-40db-8f11-ad358e2bbda2,"Demographics: born 1941-01-15, gender M, race white, ethnicity german. Encounters: Outpatient Encounter; Encounter for symptom; Emergency Encounter; Death Certification. Medications: Penicillin V Potassium 250 MG; Naproxen sodium 220 MG [Aleve]; Clopidogrel 75 MG Oral Tablet; Simvastatin 20 MG Oral Tablet; Amlodipine 5 MG Oral Tablet; Nitroglycerin 0.4 MG/ACTUAT [Nitrolingual]; 1 ML Epinephrine 1 MG/ML Prefilled Syringe; 3 ML Amiodarone hydrocholoride 50 MG/ML Prefilled Syringe; Atropine Sulfate 1 MG/ML Injectable Solution. Procedures: Documentation of current medications; Insertion of biventricular implantable cardioverter defibrillator; Catheter ablation of tissue of heart. Observations: Body Height: 182.8 cm; Body Weight: 96.33 kg; Body Mass Index: 28.83 kg/m2; Systolic Blood Pressure: 143.0 mmHg; Diastolic Blood Pressure: 94.0 mmHg; Estimated Glomerular Filtration Rate: 60.0 mL/min/{1.73_m2}; Body Weight: 94.43 kg; Body Mass Index: 28.26 kg/m2; Systolic Blood Pressure: 148.0 mmHg; Diastolic Blood Pressure: 98.0 mmHg; Total Cholesterol: 194.0 mg/dL; Triglycerides: 139.0 mg/dL; Low Density Lipoprotein Cholesterol: 107.0 mg/dL; High Density Lipoprotein Cholesterol: 59.0 mg/dL; Body Weight: 92.7 kg; Body Mass Index: 27.74 kg/m2; Systolic Blood Pressure: 182.0 mmHg; Diastolic Blood Pressure: 108.0 mmHg; Body Weight: 91.37 kg; Body Mass Index: 27.34 kg/m2; Systolic Blood Pressure: 152.0 mmHg; Diastolic Blood Pressure: 120.0 mmHg; Oral temperature: 37.0 Cel; Cardiac Arrest. Immunizations: Influenza seasonal injectable preservative free; Td (adult) preservative free.",1
c5f56ac5-15e9-46c3-b22e-c2a0fa6c7364,"Demographics: born 1977-08-25, gender M, race white, ethnicity german. Encounters: Encounter for symptom; Outpatient Encounter. Observations: Body Height: 177.33 cm; Body Weight: 81.22 kg; Body Mass Index: 25.83 kg/m2; Systolic Blood Pressure: 134.0 mmHg; Diastolic Blood Pressure: 82.0 mmHg; Total Cholesterol: 200.0 mg/dL; Triglycerides: 141.0 mg/dL; Low Density Lipoprotein Cholesterol: 98.0 mg/dL; High Density Lipoprotein Cholesterol: 73.0 mg/dL; Body Weight: 86.19 kg; Body Mass Index: 27.41 kg/m2; Systolic Blood Pressure: 112.0 mmHg; Diastolic Blood Pressure: 71.0 mmHg; Total Cholesterol: 172.0 mg/dL; Triglycerides: 126.0 mg/dL; Low Density Lipoprotein Cholesterol: 86.0 mg/dL; High Density Lipoprotein Cholesterol: 60.0 mg/dL; Hemoglobin A1c/Hemoglobin.total in Blood: 5.9 %; Body Weight: 91.59 kg; Body Mass Index: 29.13 kg/m2; Systolic Blood Pressure: 133.0 mmHg; Diastolic Blood Pressure: 80.0 mmHg; Glucose: 72.0 mg/dL; Urea Nitrogen: 16.0 mg/dL; Creatinine: 1.0 mg/dL; Calcium: 9.39 mg/dL; Sodium: 143.0 mmol/L; Potassium: 3.78 mmol/L; Chloride: 109.0 mmol/L; Carbon Dioxide: 20.0 mmol/L; Total Cholesterol: 177.0 mg/dL; Triglycerides: 116.0 mg/dL; High Density Lipoprotein Cholesterol: 67.0 mg/dL. Immunizations: Influenza seasonal injectable preservative free; Td (adult) preservative free.",0
a59925a7-2ee8-4573-aa72-d3f68f81d972,"Demographics: born 1990-06-14, gender F, race white, ethnicity french. Encounters: Outpatient Encounter; Encounter for symptom. Medications: Trinessa 28 Day Pack; Amoxicillin 250 MG / Clavulanate 125 MG [Augmentin]. Procedures: Documentation of current medications. Observations: Body Height: 160.97 cm; Body Weight: 60.35 kg; Body Mass Index: 23.29 kg/m2; Systolic Blood Pressure: 188.0 mmHg; Diastolic Blood Pressure: 110.0 mmHg; Estimated Glomerular Filtration Rate: 60.0 mL/min/{1.73_m2}; Body Weight: 64.93 kg; Body Mass Index: 25.06 kg/m2; Systolic Blood Pressure: 198.0 mmHg; Body Weight: 70.03 kg; Body Mass Index: 27.02 kg/m2; Systolic Blood Pressure: 148.0 mmHg; Diastolic Blood Pressure: 96.0 mmHg. Immunizations: Influenza seasonal injectable preservative free; Td (adult) preservative free.",1
f67aa14b-5d0c-4c53-819d-70d0dfdabf35,"Demographics: born 2006-12-12, gender F, race white, ethnicity swedish. Encounters: Outpatient Encounter; Encounter for symptom; Emergency room admission; Encounter for 'check-up'. Procedures: Documentation of current medications; Throat culture (procedure). Observations: Body Height: 105.31 cm; Body Weight: 19.25 kg; Body Mass Index: 17.36 kg/m2; Systolic Blood Pressure: 132.0 mmHg; Diastolic Blood Pressure: 77.0 mmHg; Oral temperature: 37.0 Cel; Body Height: 112.49 cm; Body Weight: 22.07 kg; Body Mass Index: 17.44 kg/m2; Systolic Blood Pressure: 113.0 mmHg; Diastolic Blood Pressure: 88.0 mmHg; Body Height: 120.83 cm; Body Weight: 25.68 kg; Body Mass Index: 17.59 kg/m2; Systolic Blood Pressure: 126.0 mmHg; Diastolic Blood Pressure: 84.0 mmHg; Body Height: 126.39 cm; Body Weight: 28.62 kg; Body Mass Index: 17.92 kg/m2; Systolic Blood Pressure: 107.0 mmHg; Body Height: 132.79 cm; Body Weight: 33.08 kg; Body Mass Index: 18.76 kg/m2; Systolic Blood Pressure: 104.0 mmHg; Diastolic Blood Pressure: 80.0 mmHg; Body Height: 138.5 cm; Body Weight: 38.38 kg; Body Mass Index: 20.01 kg/m2; Systolic Blood Pressure: 122.0 mmHg; Diastolic Blood Pressure: 86.0 mmHg. Immunizations: DTaP; Pneumococcal conjugate PCV 13; IPV; Influenza seasonal injectable preservative free; MMR; varicella.",0
4b582c4f-9245-4c77-8e04-5659159b2b2a,"Demographics: born 1965-02-17, gender F, race white, ethnicity italian. Encounters: Outpatient Encounter; Encounter for symptom; Prenatal initial visit; Prenatal visit; Encounter for 'check-up'; Obstetric emergency hospital admission. Medications: Jolivette 28 Day Pack. Procedures: Standard pregnancy test; Colonoscopy; Medical induction of labor; Cesarean section. Observations: Hemoglobin A1c/Hemoglobin.total in Blood: 6.1 %; Body Height: 151.11 cm; Body Weight: 95.16 kg; Body Mass Index: 41.67 kg/m2; Systolic Blood Pressure: 120.0 mmHg; Diastolic Blood Pressure: 73.0 mmHg; Glucose: 72.0 mg/dL; Urea Nitrogen: 10.0 mg/dL; Creatinine: 1.0 mg/dL; Calcium: 9.37 mg/dL; Sodium: 144.0 mmol/L; Potassium: 4.73 mmol/L; Chloride: 108.0 mmol/L; Carbon Dioxide: 26.0 mmol/L; Hemoglobin A1c/Hemoglobin.total in Blood: 6.3 %; Body Weight: 97.35 kg; Body Mass Index: 42.63 kg/m2; Systolic Blood Pressure: 138.0 mmHg; Diastolic Blood Pressure: 71.0 mmHg; Glucose: 81.0 mg/dL; Urea Nitrogen: 15.0 mg/dL; Calcium: 9.65 mg/dL; Sodium: 138.0 mmol/L; Potassium: 5.12 mmol/L; Chloride: 105.0 mmol/L; Carbon Dioxide: 24.0 mmol/L; Total Cholesterol: 184.0 mg/dL; Triglycerides: 100.0 mg/dL; Low Density Lipoprotein Cholesterol: 95.0 mg/dL; High Density Lipoprotein Cholesterol: 69.0 mg/dL; Oral temperature: 37.0 Cel; Hemoglobin A1c/Hemoglobin.total in Blood: 6.2 %; Body Weight: 99.0 kg; Body Mass Index: 43.36 kg/m2; Systolic Blood Pressure: 128.0 mmHg; Diastolic Blood Pressure: 74.0 mmHg; Glucose: 89.0 mg/dL; Urea Nitrogen: 9.0 mg/dL; Calcium: 9.01 mg/dL; Sodium: 139.0 mmol/L. Immunizations: Influenza seasonal injectable preservative free; Td (adult) preservative free.",0
243b4950-2b2b-4e1c-93b3-b8f1928a1bf6,"Demographics: born 1953-05-02, gender F, race white, ethnicity english. Encounters: Outpatient Encounter; Encounter for 'check-up'; Encounter for symptom. Medications: Penicillin V Potassium 250 MG; diphenhydrAMINE Hydrochloride 25 MG Oral Tablet. Procedures: Documentation of current medications; Colonoscopy. Observations: Body Height: 151.11 cm; Body Weight: 134.45 kg; Body Mass Index: 58.88 kg/m2; Systolic Blood Pressure: 184.0 mmHg; Diastolic Blood Pressure: 118.0 mmHg; Estimated Glomerular Filtration Rate: 60.0 mL/min/{1.73_m2}; Systolic Blood Pressure: 175.0 mmHg; Diastolic Blood Pressure: 94.0 mmHg; Total Cholesterol: 170.0 mg/dL; Triglycerides: 147.0 mg/dL; Low Density Lipoprotein Cholesterol: 62.0 mg/dL; High Density Lipoprotein Cholesterol: 78.0 mg/dL; Systolic Blood Pressure: 165.0 mmHg; Diastolic Blood Pressure: 90.0 mmHg; Body Weight: 133.35 kg; Body Mass Index: 58.4 kg/m2; Systolic Blood Pressure: 182.0 mmHg; Diastolic Blood Pressure: 107.0 mmHg; Body Weight: 131.69 kg; Body Mass Index: 57.67 kg/m2; Systolic Blood Pressure: 196.0 mmHg; Total Cholesterol: 187.0 mg/dL; Low Density Lipoprotein Cholesterol: 81.0 mg/dL; High Density Lipoprotein Cholesterol: 76.0 mg/dL; Body Weight: 129.78 kg; Body Mass Index: 56.83 kg/m2; Systolic Blood Pressure: 183.0 mmHg; Diastolic Blood Pressure: 103.0 mmHg; Body Weight: 128.77 kg; Body Mass Index: 56.4 kg/m2; Systolic Blood Pressure: 189.0 mmHg; Diastolic Blood Pressure: 113.0 mmHg. Immunizations: Influenza seasonal injectable preservative free; zoster; Td (adult) preservative free.",1
2b793d04-a9b8-4e30-a1d5-9c3ba707fd38,"Demographics: born 1966-09-02, gender F, race white, ethnicity italian. Encounters: Outpatient Encounter; Encounter for symptom; Emergency Room Admission; Encounter for 'check-up'. Medications: Penicillin V Potassium 250 MG; 24 HR Metformin hydrochloride 500 MG Extended Release Oral Tablet; Acetaminophen 160 MG; Acetaminophen 325 MG Oral Tablet. Procedures: Sputum examination (procedure); Documentation of current medications. Observations: Hemoglobin A1c/Hemoglobin.total in Blood: 7.6 %; Body Height: 164.48 cm; Body Weight: 98.02 kg; Body Mass Index: 36.23 kg/m2; Systolic Blood Pressure: 148.0 mmHg; Diastolic Blood Pressure: 120.0 mmHg; Glucose: 120.0 mg/dL; Urea Nitrogen: 18.0 mg/dL; Creatinine: 1.0 mg/dL; Calcium: 8.54 mg/dL; Sodium: 136.0 mmol/L; Potassium: 4.24 mmol/L; Chloride: 108.0 mmol/L; Carbon Dioxide: 24.0 mmol/L; Total Cholesterol: 206.0 mg/dL; Triglycerides: 160.0 mg/dL; Low Density Lipoprotein Cholesterol: 120.0 mg/dL; High Density Lipoprotein Cholesterol: 54.0 mg/dL; Microalbumin Creatine Ratio: 11.0 mg/g; Estimated Glomerular Filtration Rate: 60.0 mL/min/{1.73_m2}; Hemoglobin A1c/Hemoglobin.total in Blood: 7.8 %; Body Weight: 101.15 kg; Body Mass Index: 37.39 kg/m2; Systolic Blood Pressure: 161.0 mmHg; Diastolic Blood Pressure: 91.0 mmHg; Glucose: 141.0 mg/dL; Urea Nitrogen: 20.0 mg/dL; Calcium: 9.26 mg/dL; Sodium: 142.0 mmol/L; Potassium: 3.96 mmol/L; Chloride: 102.0 mmol/L; Carbon Dioxide: 22.0 mmol/L; Total Cholesterol: 259.0 mg/dL; Triglycerides: 437.0 mg/dL; Low Density Lipoprotein Cholesterol: 136.0 mg/dL; High Density Lipoprotein Cholesterol: 35.0 mg/dL; Microalbumin Creatine Ratio: 7.0 mg/g; Oral temperature: 37.0 Cel; Hemoglobin A1c/Hemoglobin.total in Blood: 8.1 %; Body Weight: 104.43 kg. Immunizations: Influenza seasonal injectable preservative free.",1
313be437-108e-489e-8c45-c891fba449f6,"Demographics: born 1960-08-02, gender M, race white, ethnicity french. Encounters: Outpatient Encounter; Encounter for symptom. Medications: Penicillin V Potassium 250 MG; Penicillin V Potassium 500 MG. Procedures: Documentation of current medications. Observations: Body Height: 183.29 cm; Body Weight: 117.66 kg; Body Mass Index: 35.03 kg/m2; Systolic Blood Pressure: 187.0 mmHg; Diastolic Blood Pressure: 92.0 mmHg; Estimated Glomerular Filtration Rate: 60.0 mL/min/{1.73_m2}; Systolic Blood Pressure: 197.0 mmHg; Diastolic Blood Pressure: 108.0 mmHg; Total Cholesterol: 194.0 mg/dL; Triglycerides: 143.0 mg/dL; Low Density Lipoprotein Cholesterol: 102.0 mg/dL; High Density Lipoprotein Cholesterol: 63.0 mg/dL; Systolic Blood Pressure: 143.0 mmHg; Diastolic Blood Pressure: 91.0 mmHg; Systolic Blood Pressure: 167.0 mmHg; Systolic Blood Pressure: 170.0 mmHg; Diastolic Blood Pressure: 97.0 mmHg; Total Cholesterol: 197.0 mg/dL; Triglycerides: 137.0 mg/dL; Low Density Lipoprotein Cholesterol: 109.0 mg/dL; High Density Lipoprotein Cholesterol: 60.0 mg/dL; Systolic Blood Pressure: 192.0 mmHg; Diastolic Blood Pressure: 104.0 mmHg. Immunizations: Influenza seasonal injectable preservative free; Td (adult) preservative free.",1
56668677-021a-4b1c-a716-86a4e06ea02c,"Demographics: born 2000-07-21, gender M, race white, ethnicity american. Encounters: Outpatient Encounter; Emergency room admission; Encounter for 'check-up'; Encounter for symptom. Medications: Acetaminophen 160 MG Oral Tablet; Penicillin V Potassium 250 MG; Acetaminophen 325 MG Oral Tablet. Procedures: Bone immobilization; Documentation of current medications. Observations: Body Height: 135.67 cm; Body Weight: 34.88 kg; Body Mass Index: 18.95 kg/m2; Systolic Blood Pressure: 110.0 mmHg; Diastolic Blood Pressure: 89.0 mmHg; Body Height: 140.53 cm; Body Weight: 39.31 kg; Body Mass Index: 19.91 kg/m2; Systolic Blood Pressure: 119.0 mmHg; Diastolic Blood Pressure: 74.0 mmHg; Oral temperature: 38.37 Cel; Body Height: 145.54 cm; Body Weight: 43.46 kg; Body Mass Index: 20.52 kg/m2; Systolic Blood Pressure: 105.0 mmHg; Diastolic Blood Pressure: 84.0 mmHg; Body Height: 150.91 cm; Body Weight: 47.45 kg; Body Mass Index: 20.83 kg/m2; Systolic Blood Pressure: 113.0 mmHg; Diastolic Blood Pressure: 78.0 mmHg; Body Height: 157.64 cm; Body Weight: 52.44 kg; Body Mass Index: 21.1 kg/m2; Systolic Blood Pressure: 107.0 mmHg; Body Height: 163.4 cm; Body Weight: 57.64 kg; Body Mass Index: 21.59 kg/m2; Systolic Blood Pressure: 125.0 mmHg; Diastolic Blood Pressure: 81.0 mmHg; Body Height: 166.42 cm; Body Weight: 61.43 kg; Body Mass Index: 22.18 kg/m2. Immunizations: Influenza seasonal injectable preservative free; meningococcal MCV4P; Tdap; HPV quadrivalent.",0
488d47d4-5f30-4ce8-9260-d9481c86d14e,"Demographics: born 1993-02-14, gender M, race white, ethnicity english. Encounters: Outpatient Encounter; Encounter for symptom. Medications: Penicillin V Potassium 250 MG. Observations: Body Height: 178.37 cm; Body Weight: 61.42 kg; Body Mass Index: 19.3 kg/m2; Systolic Blood Pressure: 129.0 mmHg; Diastolic Blood Pressure: 74.0 mmHg; Body Height: 179.03 cm; Body Weight: 63.74 kg; Body Mass Index: 19.89 kg/m2; Systolic Blood Pressure: 177.0 mmHg; Diastolic Blood Pressure: 120.0 mmHg; Estimated Glomerular Filtration Rate: 60.0 mL/min/{1.73_m2}; Body Height: 179.38 cm; Body Weight: 65.55 kg; Body Mass Index: 20.37 kg/m2; Systolic Blood Pressure: 163.0 mmHg; Diastolic Blood Pressure: 100.0 mmHg; Body Height: 179.43 cm; Body Weight: 67.0 kg; Body Mass Index: 20.81 kg/m2; Systolic Blood Pressure: 155.0 mmHg; Diastolic Blood Pressure: 110.0 mmHg; Body Weight: 72.45 kg; Body Mass Index: 22.5 kg/m2; Systolic Blood Pressure: 174.0 mmHg. Immunizations: Influenza seasonal injectable preservative free; Td (adult) preservative free.",1
87e3bab6-3f60-471b-aebd-16a5309bf5c7,"Demographics: born 1960-05-16, gender M, race black, ethnicity african. Encounters: Outpatient Encounter; Encounter for symptom; Encounter for problem; Encounter for 'check-up'. Medications: Naproxen sodium 550 MG [Anaprox]; Allopurinol 100 MG [Zyloprim]. Procedures: Documentation of current medications; Colonoscopy. Observations: Hemoglobin A1c/Hemoglobin.total in Blood: 6.0 %; Body Height: 170.31 cm; Body Weight: 123.14 kg; Body Mass Index: 42.46 kg/m2; Systolic Blood Pressure: 176.0 mmHg; Diastolic Blood Pressure: 99.0 mmHg; Glucose: 100.0 mg/dL; Urea Nitrogen: 19.0 mg/dL; Creatinine: 1.0 mg/dL; Calcium: 9.34 mg/dL; Sodium: 140.0 mmol/L; Potassium: 4.75 mmol/L; Chloride: 108.0 mmol/L; Carbon Dioxide: 24.0 mmol/L; Estimated Glomerular Filtration Rate: 60.0 mL/min/{1.73_m2}; Hemoglobin A1c/Hemoglobin.total in Blood: 6.4 %; Systolic Blood Pressure: 192.0 mmHg; Diastolic Blood Pressure: 102.0 mmHg; Glucose: 64.0 mg/dL; Urea Nitrogen: 8.0 mg/dL; Calcium: 9.92 mg/dL; Potassium: 4.31 mmol/L; Chloride: 106.0 mmol/L; Carbon Dioxide: 23.0 mmol/L; Total Cholesterol: 169.0 mg/dL; Triglycerides: 147.0 mg/dL; Low Density Lipoprotein Cholesterol: 70.0 mg/dL; High Density Lipoprotein Cholesterol: 69.0 mg/dL; Systolic Blood Pressure: 162.0 mmHg; Diastolic Blood Pressure: 113.0 mmHg; Glucose: 77.0 mg/dL; Urea Nitrogen: 9.0 mg/dL; Calcium: 9.94 mg/dL; Sodium: 138.0 mmol/L; Potassium: 4.01 mmol/L; Chloride: 111.0 mmol/L; Carbon Dioxide: 25.0 mmol/L; Hemoglobin A1c/Hemoglobin.total in Blood: 6.3 %; Systolic Blood Pressure: 151.0 mmHg; Diastolic Blood Pressure: 112.0 mmHg. Immunizations: Influenza seasonal injectable preservative free; Td (adult) preservative free.",1
3db10896-08c7-444c-a2da-4a2a9d5aff63,"Demographics: born 1943-03-01, gender M, race white, ethnicity french_canadian. Encounters: Death Certification. Medications: diphenhydrAMINE Hydrochloride 25 MG Oral Tablet; 24 HR Metformin hydrochloride 500 MG Extended Release Oral Tablet; Clopidogrel 75 MG Oral Tablet; Simvastatin 20 MG Oral Tablet; Amlodipine 5 MG Oral Tablet; Nitroglycerin 0.4 MG/ACTUAT [Nitrolingual]; Insulin Lispro 100 UNT/ML Injectable Solution [Humalog]. Observations: Non-small cell lung cancer (disorder).",1
526bbd58-c9e4-461e-bae7-c455201e9c29,"Demographics: born 1976-05-20, gender M, race white, ethnicity irish. Encounters: Outpatient Encounter; Encounter for problem; Encounter for symptom. Medications: Penicillin V Potassium 250 MG; Penicillin V Potassium 500 MG; Colchicine 0.6 MG [Colcrys]; Allopurinol 100 MG [Zyloprim]. Procedures: Documentation of current medications. Observations: Body Height: 168.94 cm; Body Weight: 99.68 kg; Body Mass Index: 34.93 kg/m2; Systolic Blood Pressure: 150.0 mmHg; Diastolic Blood Pressure: 95.0 mmHg; Estimated Glomerular Filtration Rate: 60.0 mL/min/{1.73_m2}; Hemoglobin A1c/Hemoglobin.total in Blood: 6.2 %; Body Weight: 103.96 kg; Body Mass Index: 36.43 kg/m2; Systolic Blood Pressure: 163.0 mmHg; Diastolic Blood Pressure: 104.0 mmHg; Glucose: 74.0 mg/dL; Urea Nitrogen: 12.0 mg/dL; Creatinine: 1.0 mg/dL; Calcium: 9.35 mg/dL; Sodium: 144.0 mmol/L; Potassium: 5.07 mmol/L; Chloride: 101.0 mmol/L; Carbon Dioxide: 22.0 mmol/L; Total Cholesterol: 183.0 mg/dL; Triglycerides: 146.0 mg/dL; Low Density Lipoprotein Cholesterol: 85.0 mg/dL; High Density Lipoprotein Cholesterol: 68.0 mg/dL; Body Weight: 106.4 kg; Body Mass Index: 37.28 kg/m2; Systolic Blood Pressure: 169.0 mmHg; Diastolic Blood Pressure: 120.0 mmHg; Glucose: 78.0 mg/dL; Urea Nitrogen: 20.0 mg/dL; Calcium: 8.54 mg/dL; Sodium: 137.0 mmol/L; Potassium: 4.76 mmol/L; Carbon Dioxide: 29.0 mmol/L. Immunizations: Influenza seasonal injectable preservative free.",1
7e0ed523-8e17-4c71-8b74-ef6455067fda,"Demographics: born 1980-05-01, gender M, race white, ethnicity american. Encounters: Encounter for symptom; Outpatient Encounter. Medications: Penicillin V Potassium 250 MG; 24 HR Metformin hydrochloride 500 MG Extended Release Oral Tablet; Acetaminophen 325 MG / oxyCODONE Hydrochloride 5 MG [Percocet]. Observations: Oral temperature: 37.0 Cel; Hemoglobin A1c/Hemoglobin.total in Blood: 7.8 %; Body Height: 175.53 cm; Body Weight: 96.66 kg; Body Mass Index: 31.37 kg/m2; Systolic Blood Pressure: 105.0 mmHg; Diastolic Blood Pressure: 72.0 mmHg; Glucose: 88.0 mg/dL; Urea Nitrogen: 12.0 mg/dL; Creatinine: 1.0 mg/dL; Calcium: 9.8 mg/dL; Sodium: 142.0 mmol/L; Potassium: 5.18 mmol/L; Chloride: 110.0 mmol/L; Carbon Dioxide: 28.0 mmol/L; Total Cholesterol: 189.0 mg/dL; Triglycerides: 135.0 mg/dL; Low Density Lipoprotein Cholesterol: 91.0 mg/dL; High Density Lipoprotein Cholesterol: 71.0 mg/dL; Microalbumin Creatine Ratio: 15.0 mg/g; Estimated Glomerular Filtration Rate: 60.0 mL/min/{1.73_m2}; Hemoglobin A1c/Hemoglobin.total in Blood: 6.7 %; Body Weight: 100.54 kg; Body Mass Index: 32.63 kg/m2; Systolic Blood Pressure: 139.0 mmHg; Diastolic Blood Pressure: 74.0 mmHg; Glucose: 180.0 mg/dL; Urea Nitrogen: 19.0 mg/dL; Calcium: 9.37 mg/dL; Sodium: 136.0 mmol/L; Potassium: 5.12 mmol/L; Chloride: 108.0 mmol/L; Carbon Dioxide: 20.0 mmol/L; Total Cholesterol: 239.0 mg/dL; Triglycerides: 368.0 mg/dL; Low Density Lipoprotein Cholesterol: 125.0 mg/dL; High Density Lipoprotein Cholesterol: 40.0 mg/dL; Microalbumin Creatine Ratio: 17.0 mg/g. Immunizations: Influenza seasonal injectable preservative free; Td (adult) preservative free.",0
bbf35e0b-9ba9-4b98-888e-1b5215a36778,"Demographics: born 1964-01-27, gender M, race white, ethnicity french_canadian. Encounters: Encounter for symptom; Outpatient Encounter; Encounter for 'check-up'. Medications: diphenhydrAMINE Hydrochloride 25 MG Oral Tablet; Acetaminophen 160 MG; Dextromethorphan Hydrobromide 1 MG/ML. Procedures: Documentation of current medications; Plain chest X-ray (procedure); Colonoscopy; Sputum examination (procedure). Observations: Body Height: 179.16 cm; Body Weight: 105.19 kg; Body Mass Index: 32.77 kg/m2; Systolic Blood Pressure: 180.0 mmHg; Diastolic Blood Pressure: 104.0 mmHg; Estimated Glomerular Filtration Rate: 60.0 mL/min/{1.73_m2}; Oral temperature: 38.0 Cel; Body Weight: 108.85 kg; Body Mass Index: 33.91 kg/m2; Systolic Blood Pressure: 152.0 mmHg; Diastolic Blood Pressure: 98.0 mmHg; Total Cholesterol: 166.0 mg/dL; Triglycerides: 103.0 mg/dL; Low Density Lipoprotein Cholesterol: 77.0 mg/dL; High Density Lipoprotein Cholesterol: 68.0 mg/dL; Body Weight: 110.06 kg; Body Mass Index: 34.29 kg/m2; Systolic Blood Pressure: 194.0 mmHg; Diastolic Blood Pressure: 110.0 mmHg; Systolic Blood Pressure: 178.0 mmHg; Diastolic Blood Pressure: 90.0 mmHg; Total Cholesterol: 174.0 mg/dL; Triglycerides: 113.0 mg/dL; Low Density Lipoprotein Cholesterol: 90.0 mg/dL; High Density Lipoprotein Cholesterol: 61.0 mg/dL; Systolic Blood Pressure: 164.0 mmHg; Diastolic Blood Pressure: 96.0 mmHg. Immunizations: Influenza seasonal injectable preservative free; Td (adult) preservative free.",1
93be8d68-7ac7-45aa-9cee-bde7941fe69f,"Demographics: born 1963-06-16, gender F, race white, ethnicity italian. Encounters: Outpatient Encounter; Encounter for symptom; Encounter for 'check-up'; Encounter for problem. Medications: Hydrocortisone 10 MG/ML Topical Cream; Fexofenadine hydrochloride 60 MG Oral Tablet; 0.3 ML EPINEPHrine 0.5 MG/ML Auto-Injector; Naproxen sodium 220 MG [Aleve]; Leucovorin 100 MG Injection; oxaliplatin 5 MG/ML [Eloxatin]; Nitrofurantoin 5 MG/ML [Furadantin]; Phenazopyridine hydrochloride 100 MG [Pyridium]. Procedures: Colonoscopy; Fecal occult blood test; Rectal polypectomy; Documentation of current medications; Partial resection of colon; Combined chemotherapy and radiation therapy (procedure). Observations: Body Height: 163.1 cm; Body Weight: 132.7 kg; Body Mass Index: 49.89 kg/m2; Systolic Blood Pressure: 178.0 mmHg; Diastolic Blood Pressure: 96.0 mmHg; Total Cholesterol: 183.0 mg/dL; Triglycerides: 144.0 mg/dL; Low Density Lipoprotein Cholesterol: 81.0 mg/dL; High Density Lipoprotein Cholesterol: 73.0 mg/dL; Estimated Glomerular Filtration Rate: 60.0 mL/min/{1.73_m2}; Body Weight: 135.77 kg; Body Mass Index: 51.04 kg/m2; Systolic Blood Pressure: 195.0 mmHg; Diastolic Blood Pressure: 117.0 mmHg; Polyp size greatest dimension by CAP cancer protocols: 2.0 mm; Hemoglobin.gastrointestinal [Presence] in Stool by Immunologic method: 0.0 ng/mL; Systolic Blood Pressure: 186.0 mmHg; Diastolic Blood Pressure: 102.0 mmHg; Total Cholesterol: 186.0 mg/dL; Triglycerides: 146.0 mg/dL; Low Density Lipoprotein Cholesterol: 88.0 mg/dL; High Density Lipoprotein Cholesterol: 68.0 mg/dL; Systolic Blood Pressure: 179.0 mmHg; Systolic Blood Pressure: 174.0 mmHg; Diastolic Blood Pressure: 103.0 mmHg. Immunizations: Influenza seasonal injectable preservative free; Td (adult) preservative free.",1
4d3d75c0-d167-44e4-9b52-db18f99d960a,"Demographics: born 2001-02-04, gender F, race white, ethnicity italian. Encounters: Encounter for symptom; Outpatient Encounter; Encounter for problem; Emergency room admission; Encounter for 'check-up'. Medications: Amoxicillin 250 MG / Clavulanate 125 MG [Augmentin]; Amoxicillin 500 MG Oral Tablet; Meperidine Hydrochloride 50 MG Oral Tablet; Ibuprofen 200 MG Oral Tablet. Procedures: Documentation of current medications. Observations: Body Height: 134.66 cm; Body Weight: 37.76 kg; Body Mass Index: 20.82 kg/m2; Systolic Blood Pressure: 117.0 mmHg; Diastolic Blood Pressure: 77.0 mmHg; Body Height: 140.9 cm; Body Weight: 42.61 kg; Body Mass Index: 21.46 kg/m2; Systolic Blood Pressure: 113.0 mmHg; Diastolic Blood Pressure: 78.0 mmHg; Body Height: 148.07 cm; Body Weight: 47.32 kg; Body Mass Index: 21.58 kg/m2; Systolic Blood Pressure: 124.0 mmHg; Diastolic Blood Pressure: 79.0 mmHg; Body Height: 153.18 cm; Body Weight: 51.45 kg; Body Mass Index: 21.93 kg/m2; Systolic Blood Pressure: 118.0 mmHg; Diastolic Blood Pressure: 88.0 mmHg; Body Height: 155.64 cm; Body Weight: 54.68 kg; Body Mass Index: 22.57 kg/m2; Systolic Blood Pressure: 100.0 mmHg; Body Height: 156.65 cm; Body Weight: 56.77 kg; Body Mass Index: 23.13 kg/m2; Systolic Blood Pressure: 126.0 mmHg; Diastolic Blood Pressure: 83.0 mmHg. Immunizations: Influenza seasonal injectable preservative free; meningococcal MCV4P; Tdap; HPV quadrivalent.",0
92da30e0-b063-4919-a78f-72ea63f22916,"Demographics: born 1992-07-03, gender M, race white, ethnicity french_canadian. Encounters: Outpatient Encounter; Encounter for symptom. Medications: Penicillin V Potassium 250 MG; Dextromethorphan Hydrobromide 1 MG/ML. Procedures: Documentation of current medications; Measurement of respiratory function (procedure). Observations: Body Height: 165.3 cm; Body Weight: 62.27 kg; Body Mass Index: 22.79 kg/m2; Systolic Blood Pressure: 112.0 mmHg; Diastolic Blood Pressure: 79.0 mmHg; Body Height: 165.9 cm; Body Weight: 64.17 kg; Body Mass Index: 23.32 kg/m2; Systolic Blood Pressure: 187.0 mmHg; Diastolic Blood Pressure: 101.0 mmHg; Estimated Glomerular Filtration Rate: 60.0 mL/min/{1.73_m2}; Body Height: 166.15 cm; Body Weight: 65.4 kg; Body Mass Index: 23.69 kg/m2; Systolic Blood Pressure: 188.0 mmHg; Diastolic Blood Pressure: 100.0 mmHg; Body Height: 166.2 cm; Body Weight: 66.78 kg; Body Mass Index: 24.17 kg/m2; Systolic Blood Pressure: 183.0 mmHg; Diastolic Blood Pressure: 95.0 mmHg; Body Weight: 71.17 kg; Body Mass Index: 25.76 kg/m2; Systolic Blood Pressure: 172.0 mmHg; Diastolic Blood Pressure: 117.0 mmHg. Immunizations: Influenza seasonal injectable preservative free; Td (adult) preservative free.",1
6dee4d78-dacd-4a48-9fb6-aee4166b5314,"Demographics: born 1918-03-13, gender M, race white, ethnicity french_canadian.",0
531bdcac-18b1-4926-bd33-aaff27d73a6e,"Demographics: born 1958-08-11, gender M, race white, ethnicity american. Encounters: Outpatient Encounter; Encounter for 'check-up'; Encounter for symptom. Medications: Penicillin V Potassium 250 MG; Chlorpheniramine 2 MG Chewable Tablet; Amoxicillin 250 MG / Clavulanate 125 MG [Augmentin]. Procedures: Documentation of current medications; Colonoscopy. Observations: Body Height: 173.75 cm; Body Weight: 121.05 kg; Body Mass Index: 40.09 kg/m2; Systolic Blood Pressure: 101.0 mmHg; Diastolic Blood Pressure: 88.0 mmHg; Systolic Blood Pressure: 126.0 mmHg; Diastolic Blood Pressure: 79.0 mmHg; Total Cholesterol: 168.0 mg/dL; Triglycerides: 116.0 mg/dL; Low Density Lipoprotein Cholesterol: 74.0 mg/dL; High Density Lipoprotein Cholesterol: 70.0 mg/dL; Systolic Blood Pressure: 103.0 mmHg; Diastolic Blood Pressure: 71.0 mmHg; Systolic Blood Pressure: 124.0 mmHg; Diastolic Blood Pressure: 82.0 mmHg; Systolic Blood Pressure: 104.0 mmHg; Diastolic Blood Pressure: 73.0 mmHg; Systolic Blood Pressure: 130.0 mmHg; Diastolic Blood Pressure: 86.0 mmHg; Total Cholesterol: 191.0 mg/dL; Triglycerides: 142.0 mg/dL; Low Density Lipoprotein Cholesterol: 88.0 mg/dL; High Density Lipoprotein Cholesterol: 74.0 mg/dL; Systolic Blood Pressure: 118.0 mmHg. Immunizations: Influenza seasonal injectable preservative free; Td (adult) preservative free.",0
7898ba14-0a10-4bac-9c9c-256010c61a9d,"Demographics: born 1965-10-26, gender F, race white, ethnicity polish. Encounters: Outpatient Encounter; Encounter for symptom; Emergency room admission; Encounter Inpatient; Encounter for 'check-up'. Medications: diphenhydrAMINE Hydrochloride 25 MG Oral Tablet; Acetaminophen 160 MG; Penicillin V Potassium 250 MG; Ibuprofen 200 MG Oral Tablet; oxyCODONE Hydrochloride 15 MG [OxyCONTIN]. Procedures: Documentation of current medications; Colonoscopy; Sputum examination (procedure). Observations: Hemoglobin A1c/Hemoglobin.total in Blood: 6.1 %; Body Height: 163.11 cm; Body Weight: 108.53 kg; Body Mass Index: 40.79 kg/m2; Systolic Blood Pressure: 151.0 mmHg; Diastolic Blood Pressure: 113.0 mmHg; Glucose: 70.0 mg/dL; Urea Nitrogen: 10.0 mg/dL; Creatinine: 1.0 mg/dL; Calcium: 9.0 mg/dL; Sodium: 136.0 mmol/L; Potassium: 4.87 mmol/L; Chloride: 102.0 mmol/L; Carbon Dioxide: 27.0 mmol/L; Estimated Glomerular Filtration Rate: 60.0 mL/min/{1.73_m2}; Hemoglobin A1c/Hemoglobin.total in Blood: 5.9 %; Body Weight: 111.43 kg; Body Mass Index: 41.88 kg/m2; Systolic Blood Pressure: 172.0 mmHg; Diastolic Blood Pressure: 120.0 mmHg; Glucose: 95.0 mg/dL; Urea Nitrogen: 15.0 mg/dL; Calcium: 10.15 mg/dL; Potassium: 3.96 mmol/L; Chloride: 105.0 mmol/L; Carbon Dioxide: 26.0 mmol/L; Total Cholesterol: 165.0 mg/dL; Triglycerides: 142.0 mg/dL; Low Density Lipoprotein Cholesterol: 70.0 mg/dL; High Density Lipoprotein Cholesterol: 66.0 mg/dL; Oral temperature: 37.0 Cel; Body Weight: 115.02 kg; Body Mass Index: 43.23 kg/m2; Systolic Blood Pressure: 144.0 mmHg; Diastolic Blood Pressure: 111.0 mmHg; Glucose: 73.0 mg/dL; Urea Nitrogen: 14.0 mg/dL; Calcium: 9.28 mg/dL; Sodium: 137.0 mmol/L; Potassium: 4.9 mmol/L. Immunizations: Influenza seasonal injectable preservative free.",1
f2edf8b6-9be1-4b25-9109-0d0f72ae81af,"Demographics: born 1980-05-28, gender M, race white, ethnicity english. Encounters: Emergency room admission; Outpatient Encounter; Encounter for symptom. Medications: Penicillin V Potassium 250 MG; Ibuprofen 200 MG Oral Tablet. Procedures: Suture open wound; Injection of tetanus antitoxin; Documentation of current medications. Observations: Body Height: 183.0 cm; Body Weight: 96.87 kg; Body Mass Index: 28.92 kg/m2; Systolic Blood Pressure: 177.0 mmHg; Diastolic Blood Pressure: 112.0 mmHg; Total Cholesterol: 186.0 mg/dL; Triglycerides: 103.0 mg/dL; Low Density Lipoprotein Cholesterol: 90.0 mg/dL; High Density Lipoprotein Cholesterol: 75.0 mg/dL; Estimated Glomerular Filtration Rate: 60.0 mL/min/{1.73_m2}; Body Weight: 100.27 kg; Body Mass Index: 29.94 kg/m2; Systolic Blood Pressure: 184.0 mmHg; Diastolic Blood Pressure: 109.0 mmHg; Total Cholesterol: 196.0 mg/dL; Triglycerides: 118.0 mg/dL; Low Density Lipoprotein Cholesterol: 94.0 mg/dL; High Density Lipoprotein Cholesterol: 78.0 mg/dL. Immunizations: Influenza seasonal injectable preservative free; Td (adult) preservative free.",1
4fb2721a-4621-475b-b4c4-2016c13cf8d6,"Demographics: born 1984-12-15, gender M, race asian, ethnicity chinese. Encounters: Outpatient Encounter; Encounter for symptom. Medications: Penicillin V Potassium 250 MG. Procedures: Documentation of current medications. Observations: Body Height: 179.86 cm; Body Weight: 72.89 kg; Body Mass Index: 22.53 kg/m2; Systolic Blood Pressure: 106.0 mmHg; Diastolic Blood Pressure: 86.0 mmHg; Body Weight: 76.56 kg; Body Mass Index: 23.67 kg/m2; Systolic Blood Pressure: 103.0 mmHg; Diastolic Blood Pressure: 73.0 mmHg. Immunizations: Influenza seasonal injectable preservative free.",0
9dd09d72-f999-4d93-b896-611db46073bc,"Demographics: born 1992-03-15, gender M, race black, ethnicity african. Encounters: Outpatient Encounter; Encounter for symptom. Procedures: Documentation of current medications. Observations: Body Height: 175.84 cm; Body Weight: 98.82 kg; Body Mass Index: 31.96 kg/m2; Systolic Blood Pressure: 111.0 mmHg; Diastolic Blood Pressure: 73.0 mmHg; Body Height: 176.13 cm; Body Weight: 100.48 kg; Body Mass Index: 32.39 kg/m2; Systolic Blood Pressure: 103.0 mmHg; Diastolic Blood Pressure: 77.0 mmHg; Body Height: 176.14 cm; Body Weight: 102.43 kg; Body Mass Index: 33.01 kg/m2; Systolic Blood Pressure: 130.0 mmHg; Diastolic Blood Pressure: 75.0 mmHg; Body Weight: 108.17 kg; Body Mass Index: 34.86 kg/m2; Systolic Blood Pressure: 118.0 mmHg; Diastolic Blood Pressure: 78.0 mmHg; Oral temperature: 37.0 Cel. Immunizations: Influenza seasonal injectable preservative free; Td (adult) preservative free.",0
190f5035-5b26-4d8b-a3c0-ae25fbbbfee0,"Demographics: born 1969-03-05, gender M, race white, ethnicity italian. Encounters: Outpatient Encounter; Emergency Encounter; Encounter for symptom. Medications: Penicillin V Potassium 250 MG; Clopidogrel 75 MG Oral Tablet; Alteplase 1 MG/ML Injectable Solution. Procedures: Percutaneous mechanical thrombectomy of portal vein using fluoroscopic guidance; Documentation of current medications. Observations: Body Height: 179.69 cm; Body Weight: 109.25 kg; Body Mass Index: 33.84 kg/m2; Systolic Blood Pressure: 155.0 mmHg; Diastolic Blood Pressure: 118.0 mmHg; Total Cholesterol: 167.0 mg/dL; Triglycerides: 104.0 mg/dL; Low Density Lipoprotein Cholesterol: 85.0 mg/dL; High Density Lipoprotein Cholesterol: 61.0 mg/dL; Estimated Glomerular Filtration Rate: 60.0 mL/min/{1.73_m2}; Hemoglobin A1c/Hemoglobin.total in Blood: 6.0 %; Body Weight: 111.42 kg; Body Mass Index: 34.51 kg/m2; Systolic Blood Pressure: 151.0 mmHg; Diastolic Blood Pressure: 117.0 mmHg; Glucose: 71.0 mg/dL; Urea Nitrogen: 16.0 mg/dL; Creatinine: 1.0 mg/dL; Calcium: 9.35 mg/dL; Sodium: 144.0 mmol/L; Potassium: 4.76 mmol/L; Chloride: 102.0 mmol/L; Carbon Dioxide: 29.0 mmol/L; Hemoglobin A1c/Hemoglobin.total in Blood: 6.4 %; Body Weight: 114.34 kg; Body Mass Index: 35.41 kg/m2; Systolic Blood Pressure: 186.0 mmHg; Diastolic Blood Pressure: 96.0 mmHg; Glucose: 65.0 mg/dL; Urea Nitrogen: 9.0 mg/dL; Calcium: 10.11 mg/dL; Sodium: 138.0 mmol/L; Potassium: 3.92 mmol/L; Chloride: 103.0 mmol/L; Carbon Dioxide: 23.0 mmol/L; Total Cholesterol: 180.0 mg/dL; Triglycerides: 140.0 mg/dL; Low Density Lipoprotein Cholesterol: 88.0 mg/dL; High Density Lipoprotein Cholesterol: 64.0 mg/dL; Hemoglobin A1c/Hemoglobin.total in Blood: 6.1 %. Immunizations: Influenza seasonal injectable preservative free; Td (adult) preservative free.",1
cf9a7f9d-d175-40a1-950d-53e11331e4c6,"Demographics: born 1939-11-18, gender M, race white, ethnicity portuguese. Encounters: Outpatient Encounter; Encounter for 'check-up'. Medications: Penicillin V Potassium 250 MG; Alendronic acid 10 MG [Fosamax]. Procedures: Colonoscopy. Observations: Body Height: 171.56 cm; Body Weight: 127.7 kg; Body Mass Index: 43.39 kg/m2; Systolic Blood Pressure: 120.0 mmHg; Diastolic Blood Pressure: 72.0 mmHg. Immunizations: Influenza seasonal injectable preservative free; Td (adult) preservative free.",0
36087ec9-d2ac-44f2-a72e-65c25b01fc5d,"Demographics: born 1961-09-04, gender M, race white, ethnicity swedish. Encounters: Outpatient Encounter; Encounter for 'check-up'; Encounter for symptom; Emergency room admission. Medications: Penicillin V Potassium 500 MG; Naproxen sodium 220 MG Oral Tablet. Procedures: Documentation of current medications; Colonoscopy. Observations: Hemoglobin A1c/Hemoglobin.total in Blood: 6.2 %; Body Height: 173.83 cm; Body Weight: 110.08 kg; Body Mass Index: 36.43 kg/m2; Systolic Blood Pressure: 157.0 mmHg; Diastolic Blood Pressure: 99.0 mmHg; Glucose: 95.0 mg/dL; Urea Nitrogen: 18.0 mg/dL; Creatinine: 1.0 mg/dL; Calcium: 9.23 mg/dL; Sodium: 141.0 mmol/L; Potassium: 4.17 mmol/L; Chloride: 102.0 mmol/L; Carbon Dioxide: 21.0 mmol/L; Estimated Glomerular Filtration Rate: 60.0 mL/min/{1.73_m2}; Systolic Blood Pressure: 198.0 mmHg; Diastolic Blood Pressure: 107.0 mmHg; Glucose: 65.0 mg/dL; Urea Nitrogen: 19.0 mg/dL; Calcium: 9.36 mg/dL; Sodium: 138.0 mmol/L; Potassium: 4.76 mmol/L; Chloride: 108.0 mmol/L; Total Cholesterol: 161.0 mg/dL; Triglycerides: 132.0 mg/dL; Low Density Lipoprotein Cholesterol: 75.0 mg/dL; High Density Lipoprotein Cholesterol: 59.0 mg/dL; Hemoglobin A1c/Hemoglobin.total in Blood: 5.9 %; Systolic Blood Pressure: 178.0 mmHg; Diastolic Blood Pressure: 92.0 mmHg; Glucose: 87.0 mg/dL; Urea Nitrogen: 11.0 mg/dL; Calcium: 9.03 mg/dL; Potassium: 5.13 mmol/L; Chloride: 103.0 mmol/L; Hemoglobin A1c/Hemoglobin.total in Blood: 5.8 %; Systolic Blood Pressure: 142.0 mmHg; Diastolic Blood Pressure: 111.0 mmHg; Glucose: 97.0 mg/dL; Calcium: 9.41 mg/dL. Immunizations: Influenza seasonal injectable preservative free; Td (adult) preservative free.",1
c8dc3f21-b155-493d-b860-66d761546221,"Demographics: born 1949-03-10, gender F, race white, ethnicity italian. Encounters: Outpatient Encounter; Encounter for symptom; Encounter for 'check-up'. Medications: Penicillin V Potassium 250 MG; Acetaminophen 160 MG. Procedures: Documentation of current medications; Colonoscopy; Measurement of respiratory function (procedure). Observations: Hemoglobin A1c/Hemoglobin.total in Blood: 6.0 %; Body Height: 156.4 cm; Body Weight: 90.97 kg; Body Mass Index: 37.19 kg/m2; Systolic Blood Pressure: 147.0 mmHg; Diastolic Blood Pressure: 105.0 mmHg; Glucose: 70.0 mg/dL; Urea Nitrogen: 9.0 mg/dL; Creatinine: 1.0 mg/dL; Calcium: 8.7 mg/dL; Sodium: 137.0 mmol/L; Potassium: 4.82 mmol/L; Chloride: 101.0 mmol/L; Carbon Dioxide: 25.0 mmol/L; Estimated Glomerular Filtration Rate: 60.0 mL/min/{1.73_m2}; Hemoglobin A1c/Hemoglobin.total in Blood: 6.3 %; Body Weight: 89.57 kg; Body Mass Index: 36.62 kg/m2; Systolic Blood Pressure: 192.0 mmHg; Diastolic Blood Pressure: 107.0 mmHg; Calcium: 9.34 mg/dL; Sodium: 139.0 mmol/L; Potassium: 4.77 mmol/L; Chloride: 108.0 mmol/L; Hemoglobin A1c/Hemoglobin.total in Blood: 5.9 %; Body Weight: 87.61 kg; Body Mass Index: 35.82 kg/m2; Systolic Blood Pressure: 184.0 mmHg; Diastolic Blood Pressure: 95.0 mmHg; Glucose: 67.0 mg/dL; Urea Nitrogen: 20.0 mg/dL; Calcium: 8.99 mg/dL; Sodium: 143.0 mmol/L; Potassium: 4.07 mmol/L; Chloride: 103.0 mmol/L; Carbon Dioxide: 21.0 mmol/L; Total Cholesterol: 192.0 mg/dL; Triglycerides: 117.0 mg/dL; Low Density Lipoprotein Cholesterol: 105.0 mg/dL; High Density Lipoprotein Cholesterol: 63.0 mg/dL. Immunizations: Influenza seasonal injectable preservative free; Td (adult) preservative free; Pneumococcal conjugate PCV 13; pneumococcal polysaccharide vaccine 23 valent.",1
3c3e0c52-ce2c-4e70-afd8-cbcc4eda8be5,"Demographics: born 2002-05-21, gender M, race white, ethnicity italian. Encounters: Outpatient Encounter; Encounter for symptom. Medications: Cefuroxime 250 MG Oral Tablet; Acetaminophen 160 MG Oral Tablet. Procedures: Documentation of current medications. Observations: Body Height: 131.07 cm; Body Weight: 27.3 kg; Body Mass Index: 15.89 kg/m2; Systolic Blood Pressure: 125.0 mmHg; Diastolic Blood Pressure: 86.0 mmHg; Body Height: 136.04 cm; Body Weight: 30.44 kg; Body Mass Index: 16.45 kg/m2; Systolic Blood Pressure: 133.0 mmHg; Diastolic Blood Pressure: 89.0 mmHg; Body Height: 139.98 cm; Body Weight: 33.46 kg; Body Mass Index: 17.08 kg/m2; Systolic Blood Pressure: 135.0 mmHg; Diastolic Blood Pressure: 78.0 mmHg; Body Height: 144.66 cm; Body Weight: 37.26 kg; Body Mass Index: 17.81 kg/m2; Systolic Blood Pressure: 122.0 mmHg; Diastolic Blood Pressure: 72.0 mmHg; Body Height: 151.07 cm; Body Weight: 41.98 kg; Body Mass Index: 18.39 kg/m2; Systolic Blood Pressure: 128.0 mmHg; Diastolic Blood Pressure: 76.0 mmHg; Body Height: 158.08 cm; Body Weight: 46.7 kg; Body Mass Index: 18.69 kg/m2; Systolic Blood Pressure: 119.0 mmHg; Diastolic Blood Pressure: 87.0 mmHg; Body Height: 164.03 cm; Body Weight: 51.07 kg; Body Mass Index: 18.98 kg/m2; Systolic Blood Pressure: 124.0 mmHg; Diastolic Blood Pressure: 74.0 mmHg. Immunizations: Influenza seasonal injectable preservative free; meningococcal MCV4P; Tdap; HPV quadrivalent.",0
51aa4f72-f477-44ac-8284-253d16504832,"Demographics: born 1993-03-26, gender F, race white, ethnicity irish. Encounters: Outpatient Encounter. Medications: Estrostep Fe 28 Day Pack; Penicillin V Potassium 250 MG. Procedures: Documentation of current medications. Observations: Body Height: 163.15 cm; Body Weight: 73.07 kg; Body Mass Index: 27.45 kg/m2; Systolic Blood Pressure: 128.0 mmHg; Diastolic Blood Pressure: 72.0 mmHg; Body Height: 163.38 cm; Body Weight: 74.64 kg; Body Mass Index: 27.96 kg/m2; Systolic Blood Pressure: 125.0 mmHg; Diastolic Blood Pressure: 89.0 mmHg; Body Height: 163.5 cm; Body Weight: 76.24 kg; Body Mass Index: 28.52 kg/m2; Systolic Blood Pressure: 118.0 mmHg; Diastolic Blood Pressure: 79.0 mmHg; Body Height: 163.52 cm; Body Weight: 77.69 kg; Body Mass Index: 29.06 kg/m2; Systolic Blood Pressure: 130.0 mmHg; Diastolic Blood Pressure: 86.0 mmHg; Body Weight: 81.95 kg; Body Mass Index: 30.65 kg/m2; Systolic Blood Pressure: 103.0 mmHg; Diastolic Blood Pressure: 85.0 mmHg. Immunizations: Influenza seasonal injectable preservative free; Td (adult) preservative free.",0
0a3d1d1c-c145-45a2-8cb9-103bef299c80,"Demographics: born 1994-03-11, gender F, race white, ethnicity irish. Encounters: Outpatient Encounter; Prenatal initial visit; Prenatal visit; Obstetric emergency hospital admission; Consultation for treatment; Emergency room admission; Encounter for symptom. Medications: Penicillin V Potassium 250 MG; Loratadine 5 MG Chewable Tablet; 0.3 ML EPINEPHrine 0.5 MG/ML Auto-Injector; Errin 28 Day Pack; Naproxen sodium 220 MG Oral Tablet. Procedures: Documentation of current medications; Standard pregnancy test; Epidural anesthesia; Premature birth of newborn. Observations: Body Height: 161.89 cm; Body Weight: 68.28 kg; Body Mass Index: 26.05 kg/m2; Systolic Blood Pressure: 121.0 mmHg; Diastolic Blood Pressure: 77.0 mmHg; Body Height: 162.19 cm; Body Weight: 69.59 kg; Body Mass Index: 26.45 kg/m2; Systolic Blood Pressure: 136.0 mmHg; Diastolic Blood Pressure: 73.0 mmHg; Body Height: 162.35 cm; Body Weight: 71.05 kg; Body Mass Index: 26.96 kg/m2; Systolic Blood Pressure: 123.0 mmHg; Diastolic Blood Pressure: 78.0 mmHg; Body Height: 162.45 cm; Body Weight: 72.46 kg; Body Mass Index: 27.46 kg/m2; Systolic Blood Pressure: 132.0 mmHg; Diastolic Blood Pressure: 89.0 mmHg; Body Weight: 75.19 kg; Body Mass Index: 28.49 kg/m2; Systolic Blood Pressure: 101.0 mmHg; Diastolic Blood Pressure: 75.0 mmHg. Allergies: Allergy to eggs; Allergy to dairy product; Allergy to tree pollen; Allergy to grass pollen; Dander (animal) allergy; House dust mite allergy; Allergy to mould. Immunizations: Influenza seasonal injectable preservative free; meningococcal MCV4P; Td (adult) preservative free.",0
d7a2f02f-1684-4578-82b9-91090cf47d88,"Demographics: born 1978-12-28, gender F, race black, ethnicity dominican. Encounters: Prenatal visit; Obstetric emergency hospital admission; Consultation for treatment; Admission to surgical department; Encounter for symptom; Outpatient Encounter. Medications: Nitroglycerin 0.4 MG/ACTUAT [Nitrolingual]; Simvastatin 20 MG Oral Tablet; Amlodipine 5 MG Oral Tablet; Clopidogrel 75 MG Oral Tablet; Penicillin V Potassium 500 MG. Procedures: Episiotomy; Childbirth; Bilateral tubal ligation; Documentation of current medications. Observations: Oral temperature: 39.38 Cel; Hemoglobin A1c/Hemoglobin.total in Blood: 6.6 %; Body Height: 168.56 cm; Body Weight: 72.26 kg; Body Mass Index: 25.43 kg/m2; Systolic Blood Pressure: 181.0 mmHg; Diastolic Blood Pressure: 105.0 mmHg; Glucose: 108.0 mg/dL; Urea Nitrogen: 16.0 mg/dL; Creatinine: 1.0 mg/dL; Calcium: 10.05 mg/dL; Sodium: 143.0 mmol/L; Potassium: 4.21 mmol/L; Chloride: 101.0 mmol/L; Carbon Dioxide: 20.0 mmol/L; Total Cholesterol: 237.0 mg/dL; Triglycerides: 159.0 mg/dL; Low Density Lipoprotein Cholesterol: 156.0 mg/dL; High Density Lipoprotein Cholesterol: 49.0 mg/dL; Microalbumin Creatine Ratio: 11.0 mg/g; Estimated Glomerular Filtration Rate: 60.0 mL/min/{1.73_m2}; Body Weight: 76.66 kg; Body Mass Index: 26.98 kg/m2; Systolic Blood Pressure: 192.0 mmHg; Diastolic Blood Pressure: 112.0 mmHg; Glucose: 114.0 mg/dL; Urea Nitrogen: 14.0 mg/dL; Calcium: 9.85 mg/dL; Potassium: 4.53 mmol/L; Chloride: 108.0 mmol/L; Carbon Dioxide: 27.0 mmol/L; Total Cholesterol: 214.0 mg/dL; Triglycerides: 155.0 mg/dL; Low Density Lipoprotein Cholesterol: 126.0 mg/dL; High Density Lipoprotein Cholesterol: 57.0 mg/dL; Microalbumin Creatine Ratio: 12.0 mg/g. Immunizations: Influenza seasonal injectable preservative free; Td (adult) preservative free.",1
f73afe26-428c-47d5-b630-c9103517c549,"Demographics: born 1936-03-10, gender M, race hispanic, ethnicity puerto_rican.",0
3d4c0410-d59c-4ad7-a881-e9f301918611,"Demographics: born 1993-04-30, gender F, race black, ethnicity african. Encounters: Outpatient Encounter; Emergency room admission. Medications: Penicillin V Potassium 250 MG; Yaz 28 Day Pack; Naproxen sodium 220 MG Oral Tablet. Procedures: Documentation of current medications. Observations: Body Height: 162.18 cm; Body Weight: 57.42 kg; Body Mass Index: 21.83 kg/m2; Systolic Blood Pressure: 130.0 mmHg; Diastolic Blood Pressure: 87.0 mmHg; Body Height: 162.36 cm; Body Weight: 58.4 kg; Body Mass Index: 22.15 kg/m2; Systolic Blood Pressure: 110.0 mmHg; Diastolic Blood Pressure: 79.0 mmHg; Body Height: 162.49 cm; Body Weight: 59.61 kg; Body Mass Index: 22.58 kg/m2; Systolic Blood Pressure: 133.0 mmHg; Diastolic Blood Pressure: 71.0 mmHg; Body Height: 162.55 cm; Body Weight: 62.26 kg; Body Mass Index: 23.56 kg/m2; Systolic Blood Pressure: 126.0 mmHg; Diastolic Blood Pressure: 78.0 mmHg. Immunizations: Influenza seasonal injectable preservative free.",0
eb379478-cc7c-4894-987a-c94fc666741e,"Demographics: born 1980-06-18, gender M, race white, ethnicity irish. Encounters: Drug addiction therapy; Emergency room admission; Outpatient Encounter; Drug rehabilitation and detoxification; Encounter for symptom. Observations: Body Height: 185.21 cm; Body Weight: 70.2 kg; Body Mass Index: 20.47 kg/m2; Systolic Blood Pressure: 111.0 mmHg; Diastolic Blood Pressure: 71.0 mmHg; Total Cholesterol: 199.0 mg/dL; Triglycerides: 121.0 mg/dL; Low Density Lipoprotein Cholesterol: 114.0 mg/dL; High Density Lipoprotein Cholesterol: 60.0 mg/dL; Body Weight: 74.88 kg; Body Mass Index: 21.83 kg/m2; Diastolic Blood Pressure: 88.0 mmHg; Total Cholesterol: 195.0 mg/dL; Triglycerides: 149.0 mg/dL; Low Density Lipoprotein Cholesterol: 92.0 mg/dL; High Density Lipoprotein Cholesterol: 73.0 mg/dL. Immunizations: Influenza seasonal injectable preservative free; Td (adult) preservative free.",0
46a87eda-a2a5-4b80-bc23-517ceb912867,"Demographics: born 1926-08-02, gender M, race white, ethnicity polish. Encounters: Death Certification. Observations: Small cell carcinoma of lung (disorder).",0
e1dd27a2-cb58-482a-a32f-e5aeda17120f,"Demographics: born 1977-05-24, gender M, race white, ethnicity italian. Encounters: Encounter for symptom; Outpatient Encounter. Medications: Chlorpheniramine 2 MG Chewable Tablet; Penicillin V Potassium 250 MG; Amoxicillin 250 MG / Clavulanate 125 MG [Augmentin]; Acetaminophen 160 MG. Procedures: Documentation of current medications. Observations: Body Height: 163.33 cm; Body Weight: 81.39 kg; Body Mass Index: 30.51 kg/m2; Systolic Blood Pressure: 182.0 mmHg; Diastolic Blood Pressure: 96.0 mmHg; Estimated Glomerular Filtration Rate: 60.0 mL/min/{1.73_m2}; Body Weight: 84.4 kg; Body Mass Index: 31.64 kg/m2; Systolic Blood Pressure: 164.0 mmHg; Diastolic Blood Pressure: 95.0 mmHg; Total Cholesterol: 186.0 mg/dL; Triglycerides: 127.0 mg/dL; Low Density Lipoprotein Cholesterol: 81.0 mg/dL; High Density Lipoprotein Cholesterol: 79.0 mg/dL. Allergies: Allergy to nut; Allergy to mould. Immunizations: Influenza seasonal injectable preservative free.",1
09d704c9-3839-4d04-b669-7251da082f2f,"Demographics: born 1981-04-08, gender M, race hispanic, ethnicity puerto_rican. Encounters: Encounter for symptom; Outpatient Encounter. Medications: Chlorpheniramine 2 MG Chewable Tablet; Penicillin V Potassium 250 MG; Amoxicillin 250 MG / Clavulanate 125 MG [Augmentin]. Procedures: Documentation of current medications. Observations: Hemoglobin A1c/Hemoglobin.total in Blood: 6.0 %; Body Height: 163.33 cm; Body Weight: 78.35 kg; Body Mass Index: 29.37 kg/m2; Systolic Blood Pressure: 176.0 mmHg; Diastolic Blood Pressure: 100.0 mmHg; Glucose: 75.0 mg/dL; Urea Nitrogen: 15.0 mg/dL; Creatinine: 1.0 mg/dL; Calcium: 8.8 mg/dL; Sodium: 138.0 mmol/L; Potassium: 3.77 mmol/L; Chloride: 105.0 mmol/L; Carbon Dioxide: 21.0 mmol/L; Estimated Glomerular Filtration Rate: 60.0 mL/min/{1.73_m2}; Oral temperature: 38.0 Cel; Hemoglobin A1c/Hemoglobin.total in Blood: 5.9 %; Body Weight: 83.09 kg; Body Mass Index: 31.15 kg/m2; Systolic Blood Pressure: 144.0 mmHg; Diastolic Blood Pressure: 95.0 mmHg; Glucose: 94.0 mg/dL; Urea Nitrogen: 19.0 mg/dL; Calcium: 9.82 mg/dL; Sodium: 137.0 mmol/L; Potassium: 5.09 mmol/L; Carbon Dioxide: 20.0 mmol/L; Total Cholesterol: 181.0 mg/dL; Triglycerides: 118.0 mg/dL; Low Density Lipoprotein Cholesterol: 98.0 mg/dL; High Density Lipoprotein Cholesterol: 59.0 mg/dL; Body Weight: 87.21 kg; Body Mass Index: 32.69 kg/m2; Systolic Blood Pressure: 189.0 mmHg; Diastolic Blood Pressure: 114.0 mmHg; Glucose: 90.0 mg/dL; Urea Nitrogen: 12.0 mg/dL; Calcium: 10.18 mg/dL; Potassium: 4.2 mmol/L; Carbon Dioxide: 25.0 mmol/L. Allergies: Allergy to peanuts; Allergy to fish. Immunizations: Influenza seasonal injectable preservative free; Td (adult) preservative free.",1
62a10813-7bd2-41fa-a259-dcb0f108aec9,"Demographics: born 1948-02-22, gender M, race white, ethnicity english. Encounters: Outpatient Encounter; Encounter for 'check-up'; Encounter for symptom. Medications: Penicillin V Potassium 250 MG; Dextromethorphan Hydrobromide 1 MG/ML. Procedures: Colonoscopy; Documentation of current medications; Measurement of respiratory function (procedure). Observations: Body Height: 181.12 cm; Body Weight: 110.97 kg; Body Mass Index: 33.83 kg/m2; Systolic Blood Pressure: 179.0 mmHg; Diastolic Blood Pressure: 109.0 mmHg; Estimated Glomerular Filtration Rate: 60.0 mL/min/{1.73_m2}; Body Weight: 109.96 kg; Body Mass Index: 33.52 kg/m2; Systolic Blood Pressure: 187.0 mmHg; Diastolic Blood Pressure: 100.0 mmHg; Total Cholesterol: 181.0 mg/dL; Triglycerides: 100.0 mg/dL; Low Density Lipoprotein Cholesterol: 87.0 mg/dL; High Density Lipoprotein Cholesterol: 74.0 mg/dL; Body Weight: 108.83 kg; Body Mass Index: 33.18 kg/m2; Systolic Blood Pressure: 189.0 mmHg; Diastolic Blood Pressure: 110.0 mmHg; Body Weight: 107.56 kg; Body Mass Index: 32.79 kg/m2; Systolic Blood Pressure: 177.0 mmHg; Diastolic Blood Pressure: 107.0 mmHg; Body Weight: 105.86 kg; Body Mass Index: 32.27 kg/m2; Systolic Blood Pressure: 146.0 mmHg; Diastolic Blood Pressure: 91.0 mmHg; Body Weight: 104.59 kg; Body Mass Index: 31.88 kg/m2; Systolic Blood Pressure: 158.0 mmHg; Diastolic Blood Pressure: 106.0 mmHg; Total Cholesterol: 182.0 mg/dL; Triglycerides: 115.0 mg/dL; Low Density Lipoprotein Cholesterol: 98.0 mg/dL; High Density Lipoprotein Cholesterol: 61.0 mg/dL; Body Weight: 102.9 kg; Body Mass Index: 31.37 kg/m2; Systolic Blood Pressure: 175.0 mmHg; Diastolic Blood Pressure: 94.0 mmHg. Immunizations: Influenza seasonal injectable preservative free; Pneumococcal conjugate PCV 13; pneumococcal polysaccharide vaccine 23 valent.",1
171e6d62-94fa-4032-9478-badbc0c5005f,"Demographics: born 1942-06-21, gender F, race white, ethnicity polish. Encounters: Outpatient Encounter. Medications: Penicillin V Potassium 500 MG. Observations: Body Height: 164.51 cm; Body Weight: 88.5 kg; Body Mass Index: 32.7 kg/m2; Systolic Blood Pressure: 159.0 mmHg; Diastolic Blood Pressure: 100.0 mmHg; Total Cholesterol: 189.0 mg/dL; Triglycerides: 106.0 mg/dL; Low Density Lipoprotein Cholesterol: 95.0 mg/dL; High Density Lipoprotein Cholesterol: 72.0 mg/dL; Estimated Glomerular Filtration Rate: 60.0 mL/min/{1.73_m2}. Immunizations: Influenza seasonal injectable preservative free.",1
1e83e606-9ec5-43ac-aee0-2804703d07b4,"Demographics: born 1950-09-17, gender F, race white, ethnicity irish. Encounters: Encounter for 'check-up'; Outpatient Encounter; Encounter for symptom. Medications: Penicillin V Potassium 250 MG; Amoxicillin 250 MG / Clavulanate 125 MG [Augmentin]; Penicillin V Potassium 500 MG. Procedures: Colonoscopy; Fecal occult blood test; Rectal polypectomy; Documentation of current medications; Throat culture (procedure). Observations: Polyp size greatest dimension by CAP cancer protocols: 5.0 mm; Hemoglobin.gastrointestinal [Presence] in Stool by Immunologic method: 17.0 ng/mL; Body Height: 164.96 cm; Body Weight: 102.63 kg; Body Mass Index: 37.72 kg/m2; Systolic Blood Pressure: 152.0 mmHg; Diastolic Blood Pressure: 93.0 mmHg; Estimated Glomerular Filtration Rate: 60.0 mL/min/{1.73_m2}; Body Weight: 101.02 kg; Body Mass Index: 37.12 kg/m2; Systolic Blood Pressure: 149.0 mmHg; Diastolic Blood Pressure: 115.0 mmHg; Systolic Blood Pressure: 155.0 mmHg; Diastolic Blood Pressure: 109.0 mmHg; Oral temperature: 38.0 Cel; Oral temperature: 38.98 Cel; Body Weight: 97.69 kg; Body Mass Index: 35.9 kg/m2; Systolic Blood Pressure: 158.0 mmHg; Diastolic Blood Pressure: 97.0 mmHg; Total Cholesterol: 172.0 mg/dL; Triglycerides: 125.0 mg/dL; Low Density Lipoprotein Cholesterol: 71.0 mg/dL; High Density Lipoprotein Cholesterol: 76.0 mg/dL; Body Weight: 95.71 kg; Body Mass Index: 35.17 kg/m2; Systolic Blood Pressure: 181.0 mmHg; Diastolic Blood Pressure: 110.0 mmHg; Systolic Blood Pressure: 192.0 mmHg; Body Weight: 93.82 kg; Body Mass Index: 34.48 kg/m2; Diastolic Blood Pressure: 94.0 mmHg; Hemoglobin.gastrointestinal [Presence] in Stool by Immunologic method: 5.0 ng/mL. Immunizations: Influenza seasonal injectable preservative free; zoster; Td (adult) preservative free; Pneumococcal conjugate PCV 13.",1
ef644ce9-a81e-43c8-9659-6ff62f3d5336,"Demographics: born 1956-04-26, gender F, race black, ethnicity african. Encounters: Outpatient Encounter; Encounter for 'check-up'; Encounter for symptom. Procedures: Colonoscopy; Documentation of current medications. Observations: Body Height: 169.18 cm; Body Weight: 104.15 kg; Body Mass Index: 36.39 kg/m2; Systolic Blood Pressure: 106.0 mmHg; Diastolic Blood Pressure: 87.0 mmHg; Oral temperature: 37.0 Cel; Systolic Blood Pressure: 116.0 mmHg; Diastolic Blood Pressure: 88.0 mmHg; Total Cholesterol: 199.0 mg/dL; Triglycerides: 149.0 mg/dL; Low Density Lipoprotein Cholesterol: 96.0 mg/dL; High Density Lipoprotein Cholesterol: 73.0 mg/dL; Systolic Blood Pressure: 137.0 mmHg; Diastolic Blood Pressure: 86.0 mmHg; Systolic Blood Pressure: 109.0 mmHg; Diastolic Blood Pressure: 85.0 mmHg; Systolic Blood Pressure: 132.0 mmHg; Diastolic Blood Pressure: 75.0 mmHg; Total Cholesterol: 187.0 mg/dL; Triglycerides: 105.0 mg/dL; Low Density Lipoprotein Cholesterol: 86.0 mg/dL; High Density Lipoprotein Cholesterol: 80.0 mg/dL; Body Weight: 102.52 kg; Body Mass Index: 35.82 kg/m2; Systolic Blood Pressure: 103.0 mmHg; Diastolic Blood Pressure: 73.0 mmHg. Immunizations: Influenza seasonal injectable preservative free; zoster.",0
7740cf7b-b13d-476d-ba14-e806a01753e1,"Demographics: born 1990-08-22, gender F, race white, ethnicity french. Encounters: Encounter for symptom; Outpatient Encounter; Prenatal initial visit; Prenatal visit; Emergency room admission; Obstetric emergency hospital admission; Consultation for treatment; Encounter for 'check-up'; Admission to surgical department. Medications: Acetaminophen 160 MG; Acetaminophen 325 MG Oral Tablet; Errin 28 Day Pack; Naproxen sodium 220 MG Oral Tablet. Procedures: Documentation of current medications; Standard pregnancy test; Bone immobilization; Augmentation of labor; Premature birth of newborn; Epidural anesthesia; Cesarean section; Bilateral tubal ligation. Observations: Body Height: 159.21 cm; Body Weight: 52.18 kg; Body Mass Index: 20.58 kg/m2; Systolic Blood Pressure: 148.0 mmHg; Diastolic Blood Pressure: 96.0 mmHg; Estimated Glomerular Filtration Rate: 60.0 mL/min/{1.73_m2}; Body Weight: 57.58 kg; Body Mass Index: 22.72 kg/m2; Systolic Blood Pressure: 180.0 mmHg; Diastolic Blood Pressure: 114.0 mmHg. Immunizations: Influenza seasonal injectable preservative free; Td (adult) preservative free.",1
5be5ef9a-6818-4ed8-98ea-7c46d32d86f1,"Demographics: born 1993-07-01, gender F, race hispanic, ethnicity puerto_rican. Encounters: Outpatient Encounter; Encounter for symptom; Encounter for problem; Allergic disorder initial assessment; Outpatient procedure; Allergic disorder follow-up assessment; Prenatal initial visit; Patient-initiated encounter; Prenatal visit; Obstetric emergency hospital admission. Medications: Penicillin V Potassium 250 MG; Amoxicillin 250 MG / Clavulanate 125 MG [Augmentin]; Hydrocortisone 10 MG/ML Topical Cream; cetirizine hydrochloride 10 MG Oral Tablet; 0.3 ML EPINEPHrine 0.5 MG/ML Auto-Injector. Procedures: Documentation of current medications; Allergy screening test; Subcutaneous immunotherapy; Standard pregnancy test; Induced termination of pregnancy; Medical induction of labor; Childbirth. Observations: Body Height: 160.81 cm; Body Weight: 50.8 kg; Body Mass Index: 19.64 kg/m2; Systolic Blood Pressure: 100.0 mmHg; Diastolic Blood Pressure: 84.0 mmHg; Percentage area affected by eczema Head and Neck: 0.0 %; Percentage area affected by eczema Trunk: 0.0 %; Percentage area affected by eczema Upper extremitiy - bilateral: 10.0 %; Percentage area affected by eczema Lower extremitiy - bilateral: 3.0 %; Peanut IgE Ab in Serum: 0.28 kU/L; Walnut IgE Ab in Serum: 0.02 kU/L; Codfish IgE Ab in Serum: 0.18 kU/L; Shrimp IgE Ab in Serum: 0.31 kU/L; Wheat IgE Ab in Serum: 0.08 kU/L; Egg white IgE Ab in Serum: 0.04 kU/L; Soybean IgE Ab in Serum: 0.22 kU/L; Cow milk IgE Ab in Serum: 0.27 kU/L; White oak IgE Ab in Serum: 0.22 kU/L; Common Ragweed IgE Ab in Serum: 0.32 kU/L; Cat dander IgE Ab in Serum: 0.27 kU/L; American house dust mite IgE Ab in Serum: 0.05 kU/L; Cladosporium herbarum IgE Ab in Serum: 0.17 kU/L; Honey bee IgE Ab in Serum: 0.29 kU/L; Latex IgE Ab in Serum: 0.32 kU/L; Peanut IgE Ab in Serum: 0.15 kU/L; Walnut IgE Ab in Serum: 0.08 kU/L; Codfish IgE Ab in Serum: 0.16 kU/L; Wheat IgE Ab in Serum: 0.05 kU/L; Egg white IgE Ab in Serum: 0.24 kU/L; Soybean IgE Ab in Serum: 0.21 kU/L; Cow milk IgE Ab in Serum: 0.08 kU/L; White oak IgE Ab in Serum: 0.04 kU/L; Common Ragweed IgE Ab in Serum: 0.13 kU/L; Cat dander IgE Ab in Serum: 0.1 kU/L; American house dust mite IgE Ab in Serum: 0.15 kU/L; Cladosporium herbarum IgE Ab in Serum: 0.26 kU/L; Honey bee IgE Ab in Serum: 0.18 kU/L; Latex IgE Ab in Serum: 0.25 kU/L; Body Height: 160.99 cm; Body Weight: 51.88 kg. Immunizations: Influenza seasonal injectable preservative free; Td (adult) preservative free.",0
d4d8f20d-82b9-43dc-bc8b-7edd5d6532fe,"Demographics: born 1992-01-22, gender F, race white, ethnicity german. Encounters: Outpatient Encounter; Encounter for symptom; Prenatal initial visit; Prenatal visit. Procedures: Documentation of current medications; Standard pregnancy test. Observations: Body Height: 171.76 cm; Body Weight: 57.74 kg; Body Mass Index: 19.57 kg/m2; Systolic Blood Pressure: 170.0 mmHg; Diastolic Blood Pressure: 114.0 mmHg; Estimated Glomerular Filtration Rate: 60.0 mL/min/{1.73_m2}; Body Height: 171.84 cm; Body Weight: 58.7 kg; Body Mass Index: 19.88 kg/m2; Systolic Blood Pressure: 173.0 mmHg; Diastolic Blood Pressure: 100.0 mmHg; Body Weight: 60.44 kg; Body Mass Index: 20.47 kg/m2; Systolic Blood Pressure: 195.0 mmHg; Diastolic Blood Pressure: 120.0 mmHg; Body Weight: 65.94 kg; Body Mass Index: 22.33 kg/m2; Systolic Blood Pressure: 186.0 mmHg; Diastolic Blood Pressure: 103.0 mmHg. Immunizations: Influenza seasonal injectable preservative free; Td (adult) preservative free.",1
bfd94a32-e3ac-41c0-af69-a6db02a64517,"Demographics: born 1989-02-16, gender M, race white, ethnicity american. Encounters: Encounter for symptom; Outpatient Encounter; Emergency room admission. Medications: Acetaminophen 160 MG; Ibuprofen 200 MG Oral Tablet. Procedures: Documentation of current medications. Observations: Body Height: 182.05 cm; Body Weight: 74.65 kg; Body Mass Index: 22.52 kg/m2; Systolic Blood Pressure: 139.0 mmHg; Diastolic Blood Pressure: 88.0 mmHg; Body Weight: 75.89 kg; Body Mass Index: 22.9 kg/m2; Systolic Blood Pressure: 113.0 mmHg; Diastolic Blood Pressure: 87.0 mmHg; Body Weight: 79.19 kg; Body Mass Index: 23.89 kg/m2; Diastolic Blood Pressure: 73.0 mmHg. Immunizations: Influenza seasonal injectable preservative free; Td (adult) preservative free.",0
7772d6ca-031e-48f1-af5c-1ef54efde7db,"Demographics: born 1992-10-17, gender F, race hispanic, ethnicity puerto_rican. Encounters: Outpatient Encounter; Encounter for symptom; Prenatal initial visit; Patient-initiated encounter; Consultation for treatment; Prenatal visit; Obstetric emergency hospital admission. Medications: Loratadine 5 MG Chewable Tablet; 0.3 ML EPINEPHrine 0.5 MG/ML Auto-Injector; Penicillin V Potassium 250 MG; Yaz 28 Day Pack; Penicillin V Potassium 500 MG; Camila 28 Day Pack; Naproxen sodium 220 MG Oral Tablet. Procedures: Documentation of current medications; Standard pregnancy test; Induced termination of pregnancy; Augmentation of labor; Childbirth. Observations: Body Height: 158.8 cm; Body Weight: 65.72 kg; Body Mass Index: 26.06 kg/m2; Systolic Blood Pressure: 196.0 mmHg; Diastolic Blood Pressure: 105.0 mmHg; Estimated Glomerular Filtration Rate: 60.0 mL/min/{1.73_m2}; Body Height: 158.91 cm; Body Weight: 67.09 kg; Body Mass Index: 26.57 kg/m2; Systolic Blood Pressure: 197.0 mmHg; Diastolic Blood Pressure: 116.0 mmHg; Body Height: 158.94 cm; Body Weight: 68.77 kg; Body Mass Index: 27.23 kg/m2; Systolic Blood Pressure: 170.0 mmHg; Oral temperature: 38.1 Cel; Body Weight: 73.54 kg; Body Mass Index: 29.11 kg/m2; Systolic Blood Pressure: 185.0 mmHg; Diastolic Blood Pressure: 111.0 mmHg; Oral temperature: 37.0 Cel. Immunizations: Influenza seasonal injectable preservative free; Td (adult) preservative free.",1
83665b9b-cac9-4c91-a748-ce40e8f6f59a,"Demographics: born 1929-10-28, gender M, race white, ethnicity french_canadian. Encounters: Outpatient Encounter; Emergency room admission; Encounter for 'check-up'. Medications: Penicillin V Potassium 250 MG; Acetaminophen 325 MG / oxyCODONE Hydrochloride 5 MG Oral Tablet; Acetaminophen 325 MG Oral Tablet. Procedures: Documentation of current medications; Admission to orthopedic department; Bone density scan (procedure). Observations: Body Height: 187.16 cm; Body Weight: 74.95 kg; Body Mass Index: 21.4 kg/m2; Systolic Blood Pressure: 183.0 mmHg; Diastolic Blood Pressure: 99.0 mmHg; Estimated Glomerular Filtration Rate: 60.0 mL/min/{1.73_m2}; Body Weight: 73.6 kg; Body Mass Index: 21.01 kg/m2; Systolic Blood Pressure: 158.0 mmHg; Diastolic Blood Pressure: 104.0 mmHg; Total Cholesterol: 196.0 mg/dL; Triglycerides: 142.0 mg/dL; Low Density Lipoprotein Cholesterol: 104.0 mg/dL; High Density Lipoprotein Cholesterol: 63.0 mg/dL; Body Weight: 71.78 kg; Body Mass Index: 20.49 kg/m2; Systolic Blood Pressure: 194.0 mmHg; Diastolic Blood Pressure: 101.0 mmHg; Body Weight: 70.15 kg; Body Mass Index: 20.03 kg/m2; Systolic Blood Pressure: 198.0 mmHg; Diastolic Blood Pressure: 90.0 mmHg; Body Weight: 68.68 kg; Body Mass Index: 19.61 kg/m2; Systolic Blood Pressure: 159.0 mmHg; Diastolic Blood Pressure: 110.0 mmHg; Total Cholesterol: 200.0 mg/dL; Triglycerides: 150.0 mg/dL; Low Density Lipoprotein Cholesterol: 105.0 mg/dL; High Density Lipoprotein Cholesterol: 65.0 mg/dL; DXA [T-score] Bone density: -0.45 {T-score}; Body Weight: 67.36 kg; Body Mass Index: 19.23 kg/m2. Immunizations: Influenza seasonal injectable preservative free; Td (adult) preservative free.",1
94066c80-5a1d-4a63-99d2-29442af493ac,"Demographics: born 1979-07-25, gender F, race white, ethnicity italian. Encounters: Prenatal initial visit; Patient-initiated encounter; Consultation for treatment; Outpatient Encounter; Encounter for symptom; Emergency room admission; Encounter for 'check-up'; Admission to surgical department. Medications: Penicillin V Potassium 250 MG; NuvaRing 0.12/0.015 MG per 24HR 21 Day Vaginal Ring; Amoxicillin 500 MG Oral Tablet; Naproxen sodium 220 MG Oral Tablet. Procedures: Standard pregnancy test; Induced termination of pregnancy; Documentation of current medications; Bilateral tubal ligation. Observations: Body Height: 163.47 cm; Body Weight: 75.27 kg; Body Mass Index: 28.17 kg/m2; Systolic Blood Pressure: 113.0 mmHg; Diastolic Blood Pressure: 72.0 mmHg; Total Cholesterol: 161.0 mg/dL; Triglycerides: 139.0 mg/dL; Low Density Lipoprotein Cholesterol: 61.0 mg/dL; High Density Lipoprotein Cholesterol: 72.0 mg/dL; Body Weight: 80.99 kg; Body Mass Index: 30.31 kg/m2; Systolic Blood Pressure: 139.0 mmHg; Diastolic Blood Pressure: 81.0 mmHg; Total Cholesterol: 166.0 mg/dL; Triglycerides: 138.0 mg/dL; Low Density Lipoprotein Cholesterol: 66.0 mg/dL. Immunizations: Influenza seasonal injectable preservative free; Td (adult) preservative free.",0
8eef5f3f-5100-4a1f-b1be-26d0c9918fb9,"Demographics: born 1968-03-12, gender F, race white, ethnicity portuguese. Encounters: Outpatient Encounter; Patient encounter procedure; Encounter for symptom. Medications: Penicillin V Potassium 250 MG; Acetaminophen 160 MG. Procedures: Replacement of contraceptive intrauterine device; Documentation of current medications; Measurement of respiratory function (procedure). Observations: Body Height: 161.06 cm; Body Weight: 95.23 kg; Body Mass Index: 36.71 kg/m2; Systolic Blood Pressure: 148.0 mmHg; Diastolic Blood Pressure: 91.0 mmHg; Total Cholesterol: 198.0 mg/dL; Triglycerides: 137.0 mg/dL; Low Density Lipoprotein Cholesterol: 90.0 mg/dL; High Density Lipoprotein Cholesterol: 80.0 mg/dL; Estimated Glomerular Filtration Rate: 60.0 mL/min/{1.73_m2}; Body Weight: 97.65 kg; Body Mass Index: 37.64 kg/m2; Systolic Blood Pressure: 143.0 mmHg; Diastolic Blood Pressure: 93.0 mmHg; Body Weight: 100.25 kg; Body Mass Index: 38.64 kg/m2; Systolic Blood Pressure: 151.0 mmHg; Total Cholesterol: 187.0 mg/dL; Triglycerides: 145.0 mg/dL; Low Density Lipoprotein Cholesterol: 92.0 mg/dL; High Density Lipoprotein Cholesterol: 66.0 mg/dL; Body Weight: 102.68 kg; Body Mass Index: 39.58 kg/m2; Systolic Blood Pressure: 181.0 mmHg. Immunizations: Influenza seasonal injectable preservative free; Td (adult) preservative free.",1
20658123-899a-477f-a0a9-311dc40e305f,"Demographics: born 1957-07-03, gender M, race white, ethnicity french_canadian. Encounters: Emergency room admission; Encounter for 'check-up'; Outpatient Encounter. Procedures: Documentation of current medications; Colonoscopy; Fecal occult blood test; Rectal polypectomy. Observations: Body Height: 174.58 cm; Body Weight: 120.85 kg; Body Mass Index: 39.65 kg/m2; Systolic Blood Pressure: 131.0 mmHg; Diastolic Blood Pressure: 80.0 mmHg; Total Cholesterol: 181.0 mg/dL; Triglycerides: 105.0 mg/dL; Low Density Lipoprotein Cholesterol: 94.0 mg/dL; High Density Lipoprotein Cholesterol: 66.0 mg/dL; Systolic Blood Pressure: 138.0 mmHg; Diastolic Blood Pressure: 86.0 mmHg; Polyp size greatest dimension by CAP cancer protocols: 2.0 mm; Hemoglobin.gastrointestinal [Presence] in Stool by Immunologic method: 2.0 ng/mL; Systolic Blood Pressure: 118.0 mmHg; Diastolic Blood Pressure: 87.0 mmHg; Systolic Blood Pressure: 137.0 mmHg; Systolic Blood Pressure: 133.0 mmHg; Diastolic Blood Pressure: 89.0 mmHg; Total Cholesterol: 174.0 mg/dL; Triglycerides: 107.0 mg/dL; Low Density Lipoprotein Cholesterol: 73.0 mg/dL; High Density Lipoprotein Cholesterol: 79.0 mg/dL; Systolic Blood Pressure: 127.0 mmHg; Diastolic Blood Pressure: 88.0 mmHg; Systolic Blood Pressure: 135.0 mmHg; Diastolic Blood Pressure: 84.0 mmHg; Systolic Blood Pressure: 124.0 mmHg; Diastolic Blood Pressure: 82.0 mmHg. Immunizations: Influenza seasonal injectable preservative free.",0
32ac7c1e-dd4f-46f4-b99b-7ff6322cd562,"Demographics: born 1953-04-12, gender M, race white, ethnicity italian. Encounters: Outpatient Encounter; Emergency Room Admission. Medications: Penicillin V Potassium 250 MG; Acetaminophen 325 MG Oral Tablet. Procedures: Documentation of current medications; Suture open wound. Observations: Hemoglobin A1c/Hemoglobin.total in Blood: 6.3 %; Body Height: 177.15 cm; Body Weight: 110.68 kg; Body Mass Index: 35.27 kg/m2; Systolic Blood Pressure: 120.0 mmHg; Diastolic Blood Pressure: 84.0 mmHg; Glucose: 99.0 mg/dL; Urea Nitrogen: 14.0 mg/dL; Creatinine: 1.0 mg/dL; Calcium: 8.9 mg/dL; Sodium: 141.0 mmol/L; Potassium: 4.68 mmol/L; Chloride: 107.0 mmol/L; Carbon Dioxide: 23.0 mmol/L; Total Cholesterol: 189.0 mg/dL; Triglycerides: 102.0 mg/dL; Low Density Lipoprotein Cholesterol: 103.0 mg/dL; High Density Lipoprotein Cholesterol: 65.0 mg/dL; Hemoglobin A1c/Hemoglobin.total in Blood: 6.2 %; Systolic Blood Pressure: 134.0 mmHg; Glucose: 95.0 mg/dL; Calcium: 10.11 mg/dL; Sodium: 136.0 mmol/L; Potassium: 4.64 mmol/L; Carbon Dioxide: 27.0 mmol/L; Hemoglobin A1c/Hemoglobin.total in Blood: 6.1 %; Body Weight: 109.3 kg; Body Mass Index: 34.83 kg/m2; Systolic Blood Pressure: 118.0 mmHg; Diastolic Blood Pressure: 82.0 mmHg; Glucose: 86.0 mg/dL; Urea Nitrogen: 13.0 mg/dL; Calcium: 8.65 mg/dL; Sodium: 142.0 mmol/L; Potassium: 5.17 mmol/L; Chloride: 105.0 mmol/L; Carbon Dioxide: 29.0 mmol/L; Hemoglobin A1c/Hemoglobin.total in Blood: 5.9 %; Body Weight: 107.9 kg; Body Mass Index: 34.38 kg/m2. Immunizations: Influenza seasonal injectable preservative free; zoster; Td (adult) preservative free.",0
b3f27a43-1e90-4571-af62-5c6d477a8808,"Demographics: born 1980-05-21, gender F, race white, ethnicity german. Encounters: Encounter for symptom; Outpatient Encounter; Consultation for treatment; Patient encounter procedure. Medications: Camila 28 Day Pack; Liletta 52 MG Intrauterine System. Procedures: Insertion of intrauterine contraceptive device. Observations: Oral temperature: 37.0 Cel; Body Height: 167.31 cm; Body Weight: 75.72 kg; Body Mass Index: 27.05 kg/m2; Systolic Blood Pressure: 181.0 mmHg; Diastolic Blood Pressure: 98.0 mmHg; Total Cholesterol: 162.0 mg/dL; Triglycerides: 131.0 mg/dL; Low Density Lipoprotein Cholesterol: 74.0 mg/dL; High Density Lipoprotein Cholesterol: 61.0 mg/dL; Estimated Glomerular Filtration Rate: 60.0 mL/min/{1.73_m2}; Body Weight: 79.98 kg; Body Mass Index: 28.57 kg/m2; Systolic Blood Pressure: 171.0 mmHg; Diastolic Blood Pressure: 95.0 mmHg. Immunizations: Influenza seasonal injectable preservative free; Td (adult) preservative free.",1
984a3239-9be7-4cee-8387-30271bbd6fe7,"Demographics: born 1999-06-01, gender F, race white, ethnicity american. Encounters: Outpatient Encounter; Emergency hospital admission for asthma; Asthma follow-up; Emergency Room Admission; Encounter for symptom; Prenatal initial visit; Prenatal visit; Obstetric emergency hospital admission. Medications: 120 ACTUAT Fluticasone propionate 0.044 MG/ACTUAT Metered Dose Inhaler; 200 ACTUAT Albuterol 0.09 MG/ACTUAT Metered Dose Inhaler; Acetaminophen 325 MG Oral Tablet; Amoxicillin 250 MG / Clavulanate 125 MG [Augmentin]. Procedures: Documentation of current medications; Standard pregnancy test; Epidural anesthesia; Childbirth. Observations: Body Height: 146.58 cm; Body Weight: 36.04 kg; Body Mass Index: 16.77 kg/m2; Systolic Blood Pressure: 102.0 mmHg; Diastolic Blood Pressure: 83.0 mmHg; Body Height: 153.62 cm; Body Weight: 40.09 kg; Body Mass Index: 16.99 kg/m2; Systolic Blood Pressure: 120.0 mmHg; Diastolic Blood Pressure: 79.0 mmHg; Body Height: 158.06 cm; Body Weight: 43.54 kg; Body Mass Index: 17.43 kg/m2; Systolic Blood Pressure: 129.0 mmHg; Body Height: 160.22 cm; Body Weight: 46.26 kg; Body Mass Index: 18.02 kg/m2; Systolic Blood Pressure: 105.0 mmHg; Diastolic Blood Pressure: 71.0 mmHg; Body Height: 161.32 cm; Body Weight: 48.44 kg; Body Mass Index: 18.61 kg/m2; Systolic Blood Pressure: 127.0 mmHg; Diastolic Blood Pressure: 88.0 mmHg; Body Height: 161.96 cm; Body Weight: 50.21 kg; Body Mass Index: 19.14 kg/m2; Systolic Blood Pressure: 132.0 mmHg; Body Height: 162.31 cm; Body Weight: 51.46 kg; Body Mass Index: 19.53 kg/m2; Systolic Blood Pressure: 112.0 mmHg; Diastolic Blood Pressure: 70.0 mmHg; Body Height: 162.52 cm; Body Weight: 52.41 kg; Body Mass Index: 19.85 kg/m2; Systolic Blood Pressure: 108.0 mmHg; Diastolic Blood Pressure: 80.0 mmHg. Immunizations: meningococcal MCV4P; Tdap; HPV quadrivalent; Influenza seasonal injectable preservative free.",0
9e57f391-f550-4d39-af70-69b2c40da721,"Demographics: born 1990-08-25, gender M, race white, ethnicity italian. Encounters: Encounter for symptom; Outpatient Encounter. Medications: Penicillin V Potassium 500 MG; Dextromethorphan Hydrobromide 1 MG/ML. Procedures: Throat culture (procedure); Measurement of respiratory function (procedure); Documentation of current medications. Observations: Body Height: 179.44 cm; Body Weight: 70.16 kg; Body Mass Index: 21.79 kg/m2; Systolic Blood Pressure: 116.0 mmHg; Diastolic Blood Pressure: 75.0 mmHg; Oral temperature: 37.31 Cel; Body Weight: 74.7 kg; Body Mass Index: 23.2 kg/m2; Systolic Blood Pressure: 119.0 mmHg; Diastolic Blood Pressure: 74.0 mmHg; Body Weight: 78.26 kg; Body Mass Index: 24.3 kg/m2; Systolic Blood Pressure: 112.0 mmHg. Immunizations: Influenza seasonal injectable preservative free; Td (adult) preservative free.",0
13f20c2e-4dcc-4386-af30-d84acb6eb0f7,"Demographics: born 1956-04-16, gender M, race white, ethnicity irish. Encounters: Outpatient Encounter; Encounter for 'check-up'; Encounter for symptom. Medications: diphenhydrAMINE Hydrochloride 25 MG Oral Tablet; Penicillin V Potassium 250 MG; Penicillin V Potassium 500 MG. Procedures: Colonoscopy; Documentation of current medications; Throat culture (procedure). Observations: Body Height: 187.35 cm; Body Weight: 108.49 kg; Body Mass Index: 30.91 kg/m2; Systolic Blood Pressure: 190.0 mmHg; Diastolic Blood Pressure: 120.0 mmHg; Estimated Glomerular Filtration Rate: 60.0 mL/min/{1.73_m2}; Systolic Blood Pressure: 155.0 mmHg; Diastolic Blood Pressure: 101.0 mmHg; Total Cholesterol: 185.0 mg/dL; Triglycerides: 104.0 mg/dL; Low Density Lipoprotein Cholesterol: 89.0 mg/dL; High Density Lipoprotein Cholesterol: 75.0 mg/dL; Oral temperature: 39.14 Cel; Systolic Blood Pressure: 187.0 mmHg; Diastolic Blood Pressure: 114.0 mmHg; Oral temperature: 39.13 Cel; Systolic Blood Pressure: 180.0 mmHg; Diastolic Blood Pressure: 103.0 mmHg; Systolic Blood Pressure: 156.0 mmHg; Diastolic Blood Pressure: 108.0 mmHg; Total Cholesterol: 171.0 mg/dL; Triglycerides: 103.0 mg/dL; Low Density Lipoprotein Cholesterol: 77.0 mg/dL; High Density Lipoprotein Cholesterol: 73.0 mg/dL; Body Weight: 107.04 kg; Body Mass Index: 30.5 kg/m2; Diastolic Blood Pressure: 107.0 mmHg. Allergies: Allergy to mould. Immunizations: Influenza seasonal injectable preservative free; zoster.",1
7d08320d-d60d-4a89-b109-6a370f331fe4,"Demographics: born 1953-05-18, gender F, race white, ethnicity swedish. Encounters: Outpatient Encounter; Encounter for 'check-up'. Medications: Naproxen sodium 220 MG [Aleve]; 24 HR Metformin hydrochloride 500 MG Extended Release Oral Tablet; 3 ML liraglutide 6 MG/ML Pen Injector; canagliflozin 100 MG Oral Tablet; insulin human isophane 70 UNT/ML / Regular Insulin Human 30 UNT/ML Injectable Suspension [Humulin]; Insulin Lispro 100 UNT/ML Injectable Solution [Humalog]. Procedures: Colonoscopy; Documentation of current medications. Observations: Hemoglobin A1c/Hemoglobin.total in Blood: 9.3 %; Body Height: 162.42 cm; Body Weight: 124.52 kg; Body Mass Index: 47.2 kg/m2; Systolic Blood Pressure: 142.0 mmHg; Diastolic Blood Pressure: 104.0 mmHg; Glucose: 145.0 mg/dL; Urea Nitrogen: 11.0 mg/dL; Creatinine: 1.0 mg/dL; Calcium: 9.41 mg/dL; Sodium: 142.0 mmol/L; Potassium: 4.24 mmol/L; Chloride: 111.0 mmol/L; Carbon Dioxide: 21.0 mmol/L; Total Cholesterol: 280.0 mg/dL; Triglycerides: 563.0 mg/dL; Low Density Lipoprotein Cholesterol: 159.0 mg/dL; High Density Lipoprotein Cholesterol: 8.0 mg/dL; Microalbumin Creatine Ratio: 10.0 mg/g; Estimated Glomerular Filtration Rate: 60.0 mL/min/{1.73_m2}; Hemoglobin A1c/Hemoglobin.total in Blood: 9.8 %; Systolic Blood Pressure: 189.0 mmHg; Diastolic Blood Pressure: 90.0 mmHg; Glucose: 196.0 mg/dL; Urea Nitrogen: 18.0 mg/dL; Calcium: 9.01 mg/dL; Sodium: 144.0 mmol/L; Potassium: 4.94 mmol/L; Chloride: 104.0 mmol/L; Carbon Dioxide: 29.0 mmol/L; Total Cholesterol: 261.0 mg/dL; Triglycerides: 540.0 mg/dL; Low Density Lipoprotein Cholesterol: 137.0 mg/dL; High Density Lipoprotein Cholesterol: 16.0 mg/dL; Microalbumin Creatine Ratio: 14.0 mg/g; Hemoglobin A1c/Hemoglobin.total in Blood: 9.6 %; Body Weight: 122.9 kg; Body Mass Index: 46.59 kg/m2; Systolic Blood Pressure: 187.0 mmHg; Diastolic Blood Pressure: 118.0 mmHg. Immunizations: Influenza seasonal injectable preservative free; zoster; Td (adult) preservative free.",1
a0c8d7da-f97b-4ded-b848-55ada87010f4,"Demographics: born 2016-06-24, gender F, race white, ethnicity irish. Encounters: Outpatient Encounter. Procedures: Documentation of current medications. Observations: Body Height: 53.57 cm; Body Weight: 4.61 kg; Systolic Blood Pressure: 111.0 mmHg; Diastolic Blood Pressure: 78.0 mmHg; Body Height: 56.34 cm; Body Weight: 5.3 kg; Systolic Blood Pressure: 118.0 mmHg; Diastolic Blood Pressure: 84.0 mmHg; Body Height: 60.71 cm; Body Weight: 6.52 kg; Systolic Blood Pressure: 132.0 mmHg; Diastolic Blood Pressure: 73.0 mmHg; Body Height: 62.54 cm; Body Weight: 7.05 kg; Systolic Blood Pressure: 116.0 mmHg; Diastolic Blood Pressure: 80.0 mmHg; Body Height: 67.2 cm; Body Weight: 8.41 kg; Systolic Blood Pressure: 128.0 mmHg; Diastolic Blood Pressure: 74.0 mmHg. Immunizations: Hep B adolescent or pediatric; rotavirus monovalent; DTaP; Hib (PRP-OMP); Pneumococcal conjugate PCV 13; IPV; Influenza seasonal injectable preservative free.",0
e9f18656-9674-43ba-b6be-9831a4080195,"Demographics: born 1972-02-22, gender F, race white, ethnicity italian. Encounters: Patient encounter procedure; Outpatient Encounter; Encounter for symptom; Prenatal initial visit; Prenatal visit; Obstetric emergency hospital admission; Consultation for treatment. Medications: 1 ML Depo-Provera 150 MG/ML Injection; Penicillin V Potassium 500 MG; Amoxicillin 250 MG / Clavulanate 125 MG [Augmentin]. Procedures: Intramuscular injection; Documentation of current medications; Standard pregnancy test; Instrumental delivery; Childbirth. Observations: Body Height: 151.11 cm; Body Weight: 85.27 kg; Body Mass Index: 37.34 kg/m2; Systolic Blood Pressure: 137.0 mmHg; Diastolic Blood Pressure: 85.0 mmHg; Body Weight: 90.31 kg; Body Mass Index: 39.55 kg/m2; Systolic Blood Pressure: 114.0 mmHg; Diastolic Blood Pressure: 76.0 mmHg; Total Cholesterol: 172.0 mg/dL; Triglycerides: 133.0 mg/dL; Low Density Lipoprotein Cholesterol: 80.0 mg/dL; High Density Lipoprotein Cholesterol: 65.0 mg/dL; Body Weight: 93.92 kg; Body Mass Index: 41.13 kg/m2; Systolic Blood Pressure: 130.0 mmHg; Diastolic Blood Pressure: 77.0 mmHg; Oral temperature: 38.33 Cel. Immunizations: Influenza seasonal injectable preservative free; Td (adult) preservative free.",0
944c1ec2-18a4-4f54-863e-b6d5b3f826a4,"Demographics: born 2002-05-24, gender F, race white, ethnicity french. Encounters: Outpatient Encounter; Emergency Room Admission; Encounter for symptom. Medications: Acetaminophen 160 MG Oral Tablet; Penicillin V Potassium 250 MG; Acetaminophen 325 MG Oral Tablet. Procedures: Documentation of current medications. Observations: Body Height: 131.81 cm; Body Weight: 29.45 kg; Body Mass Index: 16.95 kg/m2; Systolic Blood Pressure: 131.0 mmHg; Diastolic Blood Pressure: 71.0 mmHg; Oral temperature: 39.27 Cel; Body Height: 135.11 cm; Body Weight: 32.06 kg; Body Mass Index: 17.56 kg/m2; Systolic Blood Pressure: 119.0 mmHg; Diastolic Blood Pressure: 79.0 mmHg; Body Height: 140.52 cm; Body Weight: 36.37 kg; Body Mass Index: 18.42 kg/m2; Systolic Blood Pressure: 127.0 mmHg; Diastolic Blood Pressure: 85.0 mmHg; Body Height: 146.15 cm; Body Weight: 40.16 kg; Body Mass Index: 18.8 kg/m2; Systolic Blood Pressure: 118.0 mmHg; Body Height: 152.68 cm; Body Weight: 44.26 kg; Body Mass Index: 18.99 kg/m2; Systolic Blood Pressure: 130.0 mmHg; Diastolic Blood Pressure: 87.0 mmHg; Body Height: 157.37 cm; Body Weight: 47.99 kg; Body Mass Index: 19.38 kg/m2; Systolic Blood Pressure: 136.0 mmHg; Body Height: 159.99 cm; Body Weight: 51.31 kg; Body Mass Index: 20.04 kg/m2; Systolic Blood Pressure: 115.0 mmHg. Immunizations: Influenza seasonal injectable preservative free; meningococcal MCV4P; Tdap; HPV quadrivalent.",0
5ffa4cd2-02c1-4f38-8d67-6b8d8781aef8,"Demographics: born 1991-03-10, gender F, race white, ethnicity russian. Encounters: Emergency room admission; Outpatient Encounter; Encounter for symptom; Prenatal initial visit; Prenatal visit; Obstetric emergency hospital admission. Medications: Penicillin V Potassium 250 MG; Acetaminophen 325 MG Oral Tablet; Amoxicillin 250 MG / Clavulanate 125 MG [Augmentin]; Acetaminophen 160 MG. Procedures: Suture open wound; Documentation of current medications; Standard pregnancy test; Episiotomy; Childbirth; Measurement of respiratory function (procedure). Observations: Body Height: 163.28 cm; Body Weight: 45.04 kg; Body Mass Index: 16.89 kg/m2; Systolic Blood Pressure: 158.0 mmHg; Diastolic Blood Pressure: 116.0 mmHg; Estimated Glomerular Filtration Rate: 60.0 mL/min/{1.73_m2}; Body Weight: 48.62 kg; Body Mass Index: 18.24 kg/m2; Systolic Blood Pressure: 184.0 mmHg; Diastolic Blood Pressure: 105.0 mmHg; Body Weight: 53.67 kg; Body Mass Index: 20.13 kg/m2; Systolic Blood Pressure: 180.0 mmHg; Diastolic Blood Pressure: 95.0 mmHg. Immunizations: Influenza seasonal injectable preservative free; Td (adult) preservative free.",1
ea4ae936-ae0a-4657-a5d1-6a5dc89c31e5,"Demographics: born 1929-04-29, gender M, race white, ethnicity irish. Encounters: Emergency room admission; Encounter for 'check-up'; Outpatient Encounter; Emergency Encounter; Encounter for symptom. Medications: Penicillin V Potassium 250 MG; Penicillin V Potassium 500 MG; 24 HR Metformin hydrochloride 500 MG Extended Release Oral Tablet; Clopidogrel 75 MG Oral Tablet; Simvastatin 20 MG Oral Tablet; Amlodipine 5 MG Oral Tablet; Nitroglycerin 0.4 MG/ACTUAT [Nitrolingual]; Ibuprofen 200 MG Oral Tablet; Atorvastatin 80 MG Oral Tablet; Captopril 25 MG Oral Tablet; Amoxicillin 250 MG / Clavulanate 125 MG [Augmentin]. Procedures: Documentation of current medications; Percutaneous coronary intervention; Coronary artery bypass grafting. Observations: Hemoglobin A1c/Hemoglobin.total in Blood: 5.1 %; Body Height: 177.12 cm; Body Weight: 79.98 kg; Body Mass Index: 25.49 kg/m2; Systolic Blood Pressure: 164.0 mmHg; Diastolic Blood Pressure: 110.0 mmHg; Glucose: 87.0 mg/dL; Urea Nitrogen: 7.0 mg/dL; Creatinine: 1.0 mg/dL; Calcium: 9.47 mg/dL; Sodium: 141.0 mmol/L; Potassium: 4.31 mmol/L; Chloride: 108.0 mmol/L; Carbon Dioxide: 28.0 mmol/L; Total Cholesterol: 183.0 mg/dL; Triglycerides: 100.0 mg/dL; Low Density Lipoprotein Cholesterol: 88.0 mg/dL; High Density Lipoprotein Cholesterol: 75.0 mg/dL; Microalbumin Creatine Ratio: 4.0 mg/g; Estimated Glomerular Filtration Rate: 60.0 mL/min/{1.73_m2}; Body Weight: 78.41 kg; Body Mass Index: 25.0 kg/m2; Systolic Blood Pressure: 199.0 mmHg; Diastolic Blood Pressure: 97.0 mmHg; Glucose: 72.0 mg/dL; Urea Nitrogen: 14.0 mg/dL; Calcium: 9.2 mg/dL; Sodium: 137.0 mmol/L; Potassium: 3.92 mmol/L; Chloride: 103.0 mmol/L; Carbon Dioxide: 23.0 mmol/L; Total Cholesterol: 171.0 mg/dL; Triglycerides: 114.0 mg/dL; Low Density Lipoprotein Cholesterol: 89.0 mg/dL; High Density Lipoprotein Cholesterol: 59.0 mg/dL; Microalbumin Creatine Ratio: 0.0 mg/g; Body Weight: 77.4 kg; Body Mass Index: 24.67 kg/m2; Systolic Blood Pressure: 166.0 mmHg; Diastolic Blood Pressure: 116.0 mmHg. Immunizations: Influenza seasonal injectable preservative free; Td (adult) preservative free.",1
5b91c71f-3170-4985-b1c7-167313857fd7,"Demographics: born 1952-02-21, gender M, race white, ethnicity italian. Encounters: Outpatient Encounter; Encounter for symptom; Encounter for 'check-up'; Encounter for problem. Medications: Penicillin V Potassium 250 MG; Penicillin V Potassium 500 MG; Acetaminophen 160 MG; Leucovorin 100 MG Injection; oxaliplatin 5 MG/ML [Eloxatin]. Procedures: Documentation of current medications; Colonoscopy; Fecal occult blood test; Rectal polypectomy; Biopsy of colon; Partial resection of colon; Combined chemotherapy and radiation therapy (procedure). Observations: Body Height: 190.18 cm; Body Weight: 110.13 kg; Body Mass Index: 30.45 kg/m2; Systolic Blood Pressure: 115.0 mmHg; Diastolic Blood Pressure: 82.0 mmHg; Diastolic Blood Pressure: 76.0 mmHg; Total Cholesterol: 191.0 mg/dL; Triglycerides: 121.0 mg/dL; Low Density Lipoprotein Cholesterol: 87.0 mg/dL; High Density Lipoprotein Cholesterol: 79.0 mg/dL; Body Weight: 108.66 kg; Body Mass Index: 30.04 kg/m2; Systolic Blood Pressure: 137.0 mmHg; Diastolic Blood Pressure: 72.0 mmHg; Polyp size greatest dimension by CAP cancer protocols: 3.0 mm; Hemoglobin.gastrointestinal [Presence] in Stool by Immunologic method: 491.0 ng/mL; Body Weight: 107.47 kg; Body Mass Index: 29.71 kg/m2; Systolic Blood Pressure: 117.0 mmHg; Diastolic Blood Pressure: 77.0 mmHg; Oral temperature: 38.0 Cel; Body Weight: 105.93 kg; Body Mass Index: 29.29 kg/m2; Systolic Blood Pressure: 124.0 mmHg; Diastolic Blood Pressure: 73.0 mmHg; Total Cholesterol: 173.0 mg/dL; Triglycerides: 114.0 mg/dL; Low Density Lipoprotein Cholesterol: 76.0 mg/dL; High Density Lipoprotein Cholesterol: 74.0 mg/dL; Body Weight: 104.5 kg; Body Mass Index: 28.89 kg/m2; Systolic Blood Pressure: 129.0 mmHg; Diastolic Blood Pressure: 86.0 mmHg; Body Weight: 102.68 kg; Body Mass Index: 28.39 kg/m2; Systolic Blood Pressure: 118.0 mmHg. Immunizations: Influenza seasonal injectable preservative free; zoster; Td (adult) preservative free.",0
eff324e2-780b-428d-8dae-3c15c961d0a8,"Demographics: born 1970-10-19, gender M, race white, ethnicity french_canadian. Encounters: Outpatient Encounter; Death Certification. Medications: Fluticasone propionate 0.25 MG/ACTUAT / salmeterol 0.05 MG/ACTUAT [Advair]. Procedures: Spirometry (procedure); Documentation of current medications. Observations: FEV1/​FVC: 78.0 %; Pulmonary emphysema (disorder); Body Height: 175.15 cm; Body Weight: 97.3 kg; Body Mass Index: 31.72 kg/m2; Systolic Blood Pressure: 100.0 mmHg; Diastolic Blood Pressure: 78.0 mmHg. Immunizations: Influenza seasonal injectable preservative free.",0
0e1fed85-07cb-4a2d-9581-8288d86b5e81,"Demographics: born 1997-06-24, gender M, race white, ethnicity french. Encounters: Allergic disorder initial assessment; Outpatient Encounter; Outpatient procedure; Emergency room admission; Encounter for problem; Encounter for 'check-up'; Allergic disorder follow-up assessment. Medications: Fexofenadine hydrochloride 30 MG Oral Tablet; 0.3 ML EPINEPHrine 0.5 MG/ML Auto-Injector; predniSONE 5 MG Oral Tablet; Acetaminophen 325 MG / oxyCODONE Hydrochloride 5 MG Oral Tablet; Ibuprofen 200 MG Oral Tablet. Procedures: Allergy screening test; Documentation of current medications; Subcutaneous immunotherapy; Injection of adrenaline; Bone immobilization. Observations: Peanut IgE Ab in Serum: 0.11 kU/L; Walnut IgE Ab in Serum: 0.11 kU/L; Codfish IgE Ab in Serum: 0.1 kU/L; Shrimp IgE Ab in Serum: 0.32 kU/L; Wheat IgE Ab in Serum: 1.85 kU/L; Egg white IgE Ab in Serum: 0.34 kU/L; Soybean IgE Ab in Serum: 0.19 kU/L; Cow milk IgE Ab in Serum: 0.15 kU/L; White oak IgE Ab in Serum: 79.35 kU/L; Common Ragweed IgE Ab in Serum: 0.09 kU/L; Cat dander IgE Ab in Serum: 70.28 kU/L; American house dust mite IgE Ab in Serum: 80.1 kU/L; Cladosporium herbarum IgE Ab in Serum: 23.72 kU/L; Honey bee IgE Ab in Serum: 69.52 kU/L; Latex IgE Ab in Serum: 0.2 kU/L; Body Height: 158.54 cm; Body Weight: 32.97 kg; Body Mass Index: 13.12 kg/m2; Systolic Blood Pressure: 135.0 mmHg; Diastolic Blood Pressure: 75.0 mmHg; Body Height: 166.3 cm; Body Weight: 37.07 kg; Body Mass Index: 13.41 kg/m2; Systolic Blood Pressure: 115.0 mmHg; Diastolic Blood Pressure: 86.0 mmHg; Body Height: 171.84 cm; Body Weight: 41.15 kg; Body Mass Index: 13.94 kg/m2; Systolic Blood Pressure: 121.0 mmHg; Diastolic Blood Pressure: 85.0 mmHg; Body Height: 175.2 cm; Body Weight: 45.12 kg; Body Mass Index: 14.7 kg/m2; Systolic Blood Pressure: 130.0 mmHg; Diastolic Blood Pressure: 79.0 mmHg; Body Height: 177.09 cm; Body Weight: 48.78 kg; Body Mass Index: 15.55 kg/m2; Systolic Blood Pressure: 131.0 mmHg; Diastolic Blood Pressure: 89.0 mmHg. Allergies: Allergy to wheat; Allergy to tree pollen; Dander (animal) allergy; House dust mite allergy; Allergy to mould; Allergy to bee venom. Immunizations: Influenza seasonal injectable preservative free; HPV quadrivalent; meningococcal MCV4P.",1
11a196a1-90ce-4940-a63c-410b02976ddc,"Demographics: born 1923-12-26, gender F, race hispanic, ethnicity central_american.",0
33fd7787-1df6-4afd-b4ba-2525863c0766,"Demographics: born 1993-08-01, gender M, race white, ethnicity irish. Encounters: Outpatient Encounter; Encounter for symptom; Emergency room admission; Non-urgent orthopedic admission; Drug rehabilitation and detoxification; Drug addiction therapy. Medications: Amoxicillin 250 MG / Clavulanate 125 MG [Augmentin]; Meperidine Hydrochloride 50 MG Oral Tablet; Ibuprofen 200 MG Oral Tablet. Procedures: Documentation of current medications; Surgical manipulation of joint of knee. Observations: Body Height: 176.68 cm; Body Weight: 75.14 kg; Body Mass Index: 24.07 kg/m2; Systolic Blood Pressure: 119.0 mmHg; Diastolic Blood Pressure: 87.0 mmHg; Body Height: 177.66 cm; Body Weight: 78.43 kg; Body Mass Index: 24.85 kg/m2; Systolic Blood Pressure: 152.0 mmHg; Diastolic Blood Pressure: 96.0 mmHg; Estimated Glomerular Filtration Rate: 60.0 mL/min/{1.73_m2}; Oral temperature: 38.0 Cel; Body Height: 178.09 cm; Body Weight: 80.56 kg; Body Mass Index: 25.4 kg/m2; Systolic Blood Pressure: 190.0 mmHg; Diastolic Blood Pressure: 107.0 mmHg; Body Height: 178.26 cm; Body Weight: 83.82 kg; Body Mass Index: 26.38 kg/m2; Systolic Blood Pressure: 142.0 mmHg; Diastolic Blood Pressure: 119.0 mmHg; Body Weight: 87.97 kg; Body Mass Index: 27.68 kg/m2; Diastolic Blood Pressure: 110.0 mmHg. Immunizations: Influenza seasonal injectable preservative free; meningococcal MCV4P; Td (adult) preservative free.",1
a13c3573-2c6f-49aa-b08a-e40de65ca9b1,"Demographics: born 1929-08-17, gender M, race white, ethnicity irish. Encounters: Outpatient Encounter; Encounter for symptom; Emergency room admission; Emergency Encounter; Encounter for problem. Medications: Penicillin V Potassium 250 MG; Naproxen sodium 220 MG Oral Tablet; Clopidogrel 75 MG Oral Tablet; Alteplase 1 MG/ML Injectable Solution; Naproxen sodium 550 MG [Anaprox]; Allopurinol 100 MG [Zyloprim]. Procedures: Documentation of current medications; Suture open wound; Percutaneous mechanical thrombectomy of portal vein using fluoroscopic guidance. Observations: Body Height: 184.41 cm; Body Weight: 86.43 kg; Body Mass Index: 25.42 kg/m2; Systolic Blood Pressure: 184.0 mmHg; Diastolic Blood Pressure: 99.0 mmHg; Estimated Glomerular Filtration Rate: 60.0 mL/min/{1.73_m2}; Body Weight: 84.87 kg; Body Mass Index: 24.96 kg/m2; Systolic Blood Pressure: 193.0 mmHg; Diastolic Blood Pressure: 92.0 mmHg; Total Cholesterol: 172.0 mg/dL; Triglycerides: 109.0 mg/dL; Low Density Lipoprotein Cholesterol: 80.0 mg/dL; High Density Lipoprotein Cholesterol: 70.0 mg/dL; Body Weight: 83.23 kg; Body Mass Index: 24.48 kg/m2; Systolic Blood Pressure: 141.0 mmHg; Diastolic Blood Pressure: 120.0 mmHg; Body Weight: 81.55 kg; Body Mass Index: 23.98 kg/m2; Systolic Blood Pressure: 186.0 mmHg; Diastolic Blood Pressure: 94.0 mmHg; Body Weight: 79.75 kg; Body Mass Index: 23.45 kg/m2; Systolic Blood Pressure: 149.0 mmHg; Diastolic Blood Pressure: 105.0 mmHg; Total Cholesterol: 195.0 mg/dL; Triglycerides: 144.0 mg/dL; Low Density Lipoprotein Cholesterol: 103.0 mg/dL; High Density Lipoprotein Cholesterol: 63.0 mg/dL; Body Weight: 78.48 kg; Body Mass Index: 23.08 kg/m2; Systolic Blood Pressure: 150.0 mmHg; Diastolic Blood Pressure: 117.0 mmHg. Immunizations: Influenza seasonal injectable preservative free; Td (adult) preservative free.",1
d80b57fc-6f34-4239-a1b2-bed4c9d4b9a5,"Demographics: born 1951-07-20, gender M, race white, ethnicity german. Encounters: Death Certification; Encounter for problem; Outpatient Encounter. Medications: Penicillin V Potassium 250 MG; Penicillin V Potassium 500 MG; Cisplatin 50 MG Injection; PACLitaxel 100 MG Injection; Naproxen sodium 220 MG [Aleve]. Procedures: Combined chemotherapy and radiation therapy (procedure); Documentation of current medications. Observations: Non-small cell lung cancer (disorder); Body Height: 183.7 cm; Body Weight: 113.22 kg; Body Mass Index: 33.55 kg/m2; Systolic Blood Pressure: 185.0 mmHg; Diastolic Blood Pressure: 102.0 mmHg; Estimated Glomerular Filtration Rate: 60.0 mL/min/{1.73_m2}; Body Weight: 111.38 kg; Body Mass Index: 33.01 kg/m2; Systolic Blood Pressure: 156.0 mmHg; Diastolic Blood Pressure: 117.0 mmHg; Body Weight: 109.98 kg; Body Mass Index: 32.59 kg/m2; Systolic Blood Pressure: 187.0 mmHg; Diastolic Blood Pressure: 91.0 mmHg; Total Cholesterol: 169.0 mg/dL; Triglycerides: 131.0 mg/dL; Low Density Lipoprotein Cholesterol: 76.0 mg/dL; High Density Lipoprotein Cholesterol: 66.0 mg/dL. Immunizations: Influenza seasonal injectable preservative free; zoster; Td (adult) preservative free.",1
243ef8a5-33e2-4c4c-bc7f-4ade35da9934,"Demographics: born 1960-04-05, gender M, race white, ethnicity german. Encounters: Outpatient Encounter; Emergency room admission; Encounter for 'check-up'. Medications: Ibuprofen 200 MG Oral Tablet. Procedures: Documentation of current medications; Suture open wound; Injection of tetanus antitoxin; Colonoscopy. Observations: Body Height: 182.43 cm; Body Weight: 99.48 kg; Body Mass Index: 29.89 kg/m2; Systolic Blood Pressure: 181.0 mmHg; Diastolic Blood Pressure: 106.0 mmHg; Estimated Glomerular Filtration Rate: 60.0 mL/min/{1.73_m2}; Systolic Blood Pressure: 185.0 mmHg; Diastolic Blood Pressure: 90.0 mmHg; Total Cholesterol: 181.0 mg/dL; Triglycerides: 148.0 mg/dL; Low Density Lipoprotein Cholesterol: 81.0 mg/dL; High Density Lipoprotein Cholesterol: 70.0 mg/dL; Systolic Blood Pressure: 148.0 mmHg; Diastolic Blood Pressure: 112.0 mmHg; Systolic Blood Pressure: 140.0 mmHg; Diastolic Blood Pressure: 98.0 mmHg; Systolic Blood Pressure: 183.0 mmHg; Total Cholesterol: 189.0 mg/dL; Triglycerides: 138.0 mg/dL; Low Density Lipoprotein Cholesterol: 99.0 mg/dL; High Density Lipoprotein Cholesterol: 62.0 mg/dL; Systolic Blood Pressure: 174.0 mmHg; Diastolic Blood Pressure: 94.0 mmHg. Immunizations: Influenza seasonal injectable preservative free; Td (adult) preservative free.",1
dc7d5c02-8e4c-4eb7-a998-fa551f12f90d,"Demographics: born 1982-12-14, gender M, race hispanic, ethnicity puerto_rican. Encounters: Outpatient Encounter; Encounter for symptom; Encounter for problem. Medications: Penicillin V Potassium 250 MG; Naproxen sodium 220 MG [Aleve]. Procedures: Documentation of current medications. Observations: Body Height: 177.86 cm; Body Weight: 71.84 kg; Body Mass Index: 22.71 kg/m2; Systolic Blood Pressure: 171.0 mmHg; Diastolic Blood Pressure: 117.0 mmHg; Estimated Glomerular Filtration Rate: 60.0 mL/min/{1.73_m2}; Body Weight: 74.96 kg; Body Mass Index: 23.7 kg/m2; Systolic Blood Pressure: 151.0 mmHg; Diastolic Blood Pressure: 120.0 mmHg; Total Cholesterol: 175.0 mg/dL; Triglycerides: 112.0 mg/dL; Low Density Lipoprotein Cholesterol: 73.0 mg/dL; High Density Lipoprotein Cholesterol: 79.0 mg/dL; Body Weight: 79.96 kg; Body Mass Index: 25.28 kg/m2; Systolic Blood Pressure: 149.0 mmHg; Diastolic Blood Pressure: 91.0 mmHg. Immunizations: Influenza seasonal injectable preservative free; Td (adult) preservative free.",1
81acafa3-60ca-41f2-b4a8-f0625e06e3b7,"Demographics: born 1976-08-18, gender F, race asian, ethnicity chinese.",0
fc5cfa6a-21e2-4a4e-aa96-5634d7b135bc,"Demographics: born 2001-07-11, gender M, race black, ethnicity african. Encounters: Outpatient Encounter; Encounter for symptom; Emergency room admission; Encounter for 'check-up'. Medications: Dextromethorphan Hydrobromide 1 MG/ML; Ibuprofen 200 MG Oral Tablet. Procedures: Documentation of current medications; Bone immobilization. Observations: Body Height: 145.66 cm; Body Weight: 31.83 kg; Body Mass Index: 15.0 kg/m2; Systolic Blood Pressure: 139.0 mmHg; Diastolic Blood Pressure: 78.0 mmHg; Body Height: 152.0 cm; Body Weight: 36.24 kg; Body Mass Index: 15.69 kg/m2; Systolic Blood Pressure: 134.0 mmHg; Diastolic Blood Pressure: 71.0 mmHg; Oral temperature: 37.0 Cel; Body Height: 158.27 cm; Body Weight: 41.42 kg; Body Mass Index: 16.54 kg/m2; Systolic Blood Pressure: 138.0 mmHg; Diastolic Blood Pressure: 83.0 mmHg; Body Height: 164.92 cm; Body Weight: 46.82 kg; Body Mass Index: 17.22 kg/m2; Systolic Blood Pressure: 123.0 mmHg; Diastolic Blood Pressure: 73.0 mmHg; Body Height: 173.32 cm; Body Weight: 53.1 kg; Body Mass Index: 17.68 kg/m2; Systolic Blood Pressure: 121.0 mmHg; Diastolic Blood Pressure: 74.0 mmHg; Body Height: 180.88 cm; Body Weight: 59.41 kg; Body Mass Index: 18.16 kg/m2; Systolic Blood Pressure: 133.0 mmHg; Diastolic Blood Pressure: 89.0 mmHg; Body Height: 185.6 cm; Body Weight: 65.17 kg; Body Mass Index: 18.92 kg/m2; Diastolic Blood Pressure: 75.0 mmHg. Immunizations: Influenza seasonal injectable preservative free; meningococcal MCV4P; Tdap; HPV quadrivalent.",0
d794910a-4243-4172-8f67-3edebc2692a9,"Demographics: born 1957-01-25, gender F, race white, ethnicity italian. Encounters: Outpatient Encounter; Encounter for problem; Encounter for 'check-up'; Emergency room admission; Encounter for symptom. Medications: Hydrocortisone 10 MG/ML Topical Cream; Chlorpheniramine 8 MG Oral Tablet; Naproxen sodium 220 MG [Aleve]. Procedures: Colonoscopy; Documentation of current medications. Observations: Hemoglobin A1c/Hemoglobin.total in Blood: 6.3 %; Body Height: 172.98 cm; Body Weight: 98.73 kg; Body Mass Index: 33.0 kg/m2; Systolic Blood Pressure: 120.0 mmHg; Diastolic Blood Pressure: 71.0 mmHg; Glucose: 74.0 mg/dL; Urea Nitrogen: 13.0 mg/dL; Creatinine: 1.0 mg/dL; Calcium: 9.06 mg/dL; Sodium: 142.0 mmol/L; Potassium: 4.01 mmol/L; Chloride: 107.0 mmol/L; Carbon Dioxide: 23.0 mmol/L; Hemoglobin A1c/Hemoglobin.total in Blood: 6.2 %; Systolic Blood Pressure: 130.0 mmHg; Diastolic Blood Pressure: 73.0 mmHg; Glucose: 76.0 mg/dL; Urea Nitrogen: 7.0 mg/dL; Calcium: 8.74 mg/dL; Sodium: 137.0 mmol/L; Potassium: 5.17 mmol/L; Chloride: 102.0 mmol/L; Total Cholesterol: 164.0 mg/dL; Triglycerides: 140.0 mg/dL; Low Density Lipoprotein Cholesterol: 59.0 mg/dL; High Density Lipoprotein Cholesterol: 77.0 mg/dL; Hemoglobin A1c/Hemoglobin.total in Blood: 6.0 %; Systolic Blood Pressure: 119.0 mmHg; Diastolic Blood Pressure: 74.0 mmHg; Glucose: 91.0 mg/dL; Urea Nitrogen: 10.0 mg/dL; Calcium: 8.96 mg/dL; Potassium: 4.69 mmol/L; Carbon Dioxide: 22.0 mmol/L; Hemoglobin A1c/Hemoglobin.total in Blood: 6.1 %; Systolic Blood Pressure: 128.0 mmHg; Diastolic Blood Pressure: 80.0 mmHg; Glucose: 84.0 mg/dL; Urea Nitrogen: 19.0 mg/dL. Immunizations: Influenza seasonal injectable preservative free.",0
878cf05b-94ca-400b-b9fb-7ea5eb38ca34,"Demographics: born 1996-04-06, gender F, race white, ethnicity american. Encounters: Outpatient Encounter; Prenatal initial visit; Prenatal visit; Encounter for symptom; Obstetric emergency hospital admission; Consultation for treatment; Patient-initiated encounter. Medications: Trinessa 28 Day Pack. Procedures: Standard pregnancy test; Medical induction of labor; Childbirth; Induced termination of pregnancy; Episiotomy; Documentation of current medications. Observations: Body Height: 149.37 cm; Body Weight: 39.85 kg; Body Mass Index: 17.86 kg/m2; Systolic Blood Pressure: 110.0 mmHg; Diastolic Blood Pressure: 77.0 mmHg; Body Height: 150.62 cm; Body Weight: 42.66 kg; Body Mass Index: 18.8 kg/m2; Systolic Blood Pressure: 108.0 mmHg; Diastolic Blood Pressure: 71.0 mmHg; Body Height: 151.15 cm; Body Weight: 44.63 kg; Body Mass Index: 19.54 kg/m2; Systolic Blood Pressure: 121.0 mmHg; Diastolic Blood Pressure: 82.0 mmHg; Body Height: 151.42 cm; Body Weight: 45.95 kg; Body Mass Index: 20.04 kg/m2; Systolic Blood Pressure: 136.0 mmHg; Body Height: 151.56 cm; Body Weight: 46.73 kg; Body Mass Index: 20.34 kg/m2; Systolic Blood Pressure: 126.0 mmHg; Body Height: 151.64 cm; Body Weight: 47.22 kg; Body Mass Index: 20.54 kg/m2; Systolic Blood Pressure: 106.0 mmHg; Diastolic Blood Pressure: 86.0 mmHg; Body Height: 151.65 cm; Body Weight: 49.98 kg; Body Mass Index: 21.73 kg/m2; Systolic Blood Pressure: 109.0 mmHg; Diastolic Blood Pressure: 79.0 mmHg. Immunizations: Influenza seasonal injectable preservative free; HPV quadrivalent; meningococcal MCV4P; Td (adult) preservative free.",0
4093dc2b-5d19-4a48-a3cc-b8b8d8e4d028,"Demographics: born 1972-06-13, gender M, race white, ethnicity english. Encounters: Encounter for symptom; Outpatient Encounter. Medications: Penicillin V Potassium 500 MG. Procedures: Documentation of current medications. Observations: Body Height: 181.35 cm; Body Weight: 120.02 kg; Body Mass Index: 36.49 kg/m2; Systolic Blood Pressure: 105.0 mmHg; Diastolic Blood Pressure: 80.0 mmHg; Total Cholesterol: 168.0 mg/dL; Triglycerides: 112.0 mg/dL; Low Density Lipoprotein Cholesterol: 83.0 mg/dL; High Density Lipoprotein Cholesterol: 62.0 mg/dL; Body Weight: 123.65 kg; Body Mass Index: 37.6 kg/m2; Systolic Blood Pressure: 133.0 mmHg; Diastolic Blood Pressure: 86.0 mmHg; Body Weight: 127.06 kg; Body Mass Index: 38.63 kg/m2; Systolic Blood Pressure: 124.0 mmHg; Total Cholesterol: 178.0 mg/dL; Triglycerides: 104.0 mg/dL; Low Density Lipoprotein Cholesterol: 93.0 mg/dL; High Density Lipoprotein Cholesterol: 64.0 mg/dL. Immunizations: Influenza seasonal injectable preservative free; Td (adult) preservative free.",0
01d6f4ec-5613-4390-bbf1-5746955a9792,"Demographics: born 1970-03-16, gender F, race white, ethnicity english. Encounters: Patient encounter procedure; Outpatient Encounter; Emergency room admission; Encounter for symptom. Medications: Penicillin V Potassium 250 MG; Levonorgestrel 0.00354 MG/HR [Norplant]; 24 HR Metformin hydrochloride 500 MG Extended Release Oral Tablet; Fluticasone propionate 0.25 MG/ACTUAT / salmeterol 0.05 MG/ACTUAT [Advair]; Acetaminophen 325 MG Oral Tablet. Procedures: Intramuscular injection; Spirometry (procedure). Observations: FEV1/​FVC: 63.0 %; Hemoglobin A1c/Hemoglobin.total in Blood: 6.5 %; Body Height: 175.46 cm; Body Weight: 98.04 kg; Body Mass Index: 31.84 kg/m2; Systolic Blood Pressure: 119.0 mmHg; Diastolic Blood Pressure: 86.0 mmHg; Glucose: 98.0 mg/dL; Urea Nitrogen: 15.0 mg/dL; Creatinine: 1.0 mg/dL; Calcium: 9.75 mg/dL; Sodium: 142.0 mmol/L; Potassium: 3.79 mmol/L; Chloride: 106.0 mmol/L; Carbon Dioxide: 24.0 mmol/L; Total Cholesterol: 171.0 mg/dL; Triglycerides: 121.0 mg/dL; Low Density Lipoprotein Cholesterol: 87.0 mg/dL; High Density Lipoprotein Cholesterol: 59.0 mg/dL; Microalbumin Creatine Ratio: 3.0 mg/g; Estimated Glomerular Filtration Rate: 60.0 mL/min/{1.73_m2}; FEV1/​FVC: 61.0 %; Hemoglobin A1c/Hemoglobin.total in Blood: 6.6 %; Body Weight: 100.3 kg; Body Mass Index: 32.58 kg/m2; Systolic Blood Pressure: 117.0 mmHg; Diastolic Blood Pressure: 77.0 mmHg; Calcium: 9.14 mg/dL; Sodium: 137.0 mmol/L; Potassium: 4.55 mmol/L; Chloride: 111.0 mmol/L; Carbon Dioxide: 22.0 mmol/L; Total Cholesterol: 175.0 mg/dL; Triglycerides: 135.0 mg/dL; Low Density Lipoprotein Cholesterol: 68.0 mg/dL; High Density Lipoprotein Cholesterol: 80.0 mg/dL; Microalbumin Creatine Ratio: 2.0 mg/g; FEV1/​FVC: 59.0 %; Hemoglobin A1c/Hemoglobin.total in Blood: 6.9 %; Body Weight: 103.31 kg. Immunizations: Influenza seasonal injectable preservative free; Td (adult) preservative free.",0
95b27b55-4f0c-4302-bbf4-0d820a973119,"Demographics: born 1915-07-06, gender M, race hispanic, ethnicity mexican.",0
0aa781c2-3b27-4c99-8fa8-296d7ef43f5b,"Demographics: born 1938-01-04, gender M, race white, ethnicity english. Encounters: Outpatient Encounter; Encounter for symptom. Medications: Hydrocortisone 10 MG/ML Topical Cream; Amoxicillin 250 MG / Clavulanate 125 MG [Augmentin]. Procedures: Documentation of current medications. Observations: Hemoglobin A1c/Hemoglobin.total in Blood: 6.1 %; Body Height: 178.91 cm; Body Weight: 122.15 kg; Body Mass Index: 38.16 kg/m2; Systolic Blood Pressure: 114.0 mmHg; Diastolic Blood Pressure: 81.0 mmHg; Glucose: 80.0 mg/dL; Urea Nitrogen: 11.0 mg/dL; Creatinine: 1.0 mg/dL; Calcium: 9.88 mg/dL; Sodium: 139.0 mmol/L; Potassium: 4.41 mmol/L; Chloride: 108.0 mmol/L; Carbon Dioxide: 28.0 mmol/L; Hemoglobin A1c/Hemoglobin.total in Blood: 6.2 %; Body Weight: 120.96 kg; Body Mass Index: 37.79 kg/m2; Systolic Blood Pressure: 138.0 mmHg; Diastolic Blood Pressure: 78.0 mmHg; Glucose: 94.0 mg/dL; Calcium: 9.01 mg/dL; Sodium: 137.0 mmol/L; Potassium: 5.02 mmol/L; Chloride: 109.0 mmol/L; Carbon Dioxide: 24.0 mmol/L; Hemoglobin A1c/Hemoglobin.total in Blood: 5.9 %; Body Weight: 119.2 kg; Body Mass Index: 37.24 kg/m2; Systolic Blood Pressure: 132.0 mmHg; Diastolic Blood Pressure: 83.0 mmHg; Glucose: 65.0 mg/dL; Urea Nitrogen: 18.0 mg/dL; Calcium: 9.23 mg/dL; Potassium: 4.63 mmol/L; Carbon Dioxide: 23.0 mmol/L; Total Cholesterol: 179.0 mg/dL; Triglycerides: 134.0 mg/dL; Low Density Lipoprotein Cholesterol: 78.0 mg/dL; High Density Lipoprotein Cholesterol: 74.0 mg/dL; Hemoglobin A1c/Hemoglobin.total in Blood: 5.8 %. Allergies: Dander (animal) allergy; Allergy to mould. Immunizations: Influenza seasonal injectable preservative free.",0
7a6825c7-1818-4967-8c38-3ed61109c7c8,"Demographics: born 1953-04-22, gender M, race white, ethnicity italian. Encounters: Outpatient Encounter; Encounter for symptom; Encounter for 'check-up'; Emergency room admission. Medications: Penicillin V Potassium 250 MG; Acetaminophen 160 MG; Ibuprofen 200 MG Oral Tablet. Procedures: Colonoscopy; Documentation of current medications; Suture open wound. Observations: Hemoglobin A1c/Hemoglobin.total in Blood: 6.3 %; Body Height: 184.37 cm; Body Weight: 113.75 kg; Body Mass Index: 33.46 kg/m2; Systolic Blood Pressure: 133.0 mmHg; Diastolic Blood Pressure: 88.0 mmHg; Glucose: 68.0 mg/dL; Urea Nitrogen: 16.0 mg/dL; Creatinine: 1.0 mg/dL; Calcium: 9.71 mg/dL; Sodium: 139.0 mmol/L; Potassium: 4.26 mmol/L; Chloride: 104.0 mmol/L; Carbon Dioxide: 29.0 mmol/L; Oral temperature: 37.0 Cel; Systolic Blood Pressure: 104.0 mmHg; Diastolic Blood Pressure: 75.0 mmHg; Glucose: 92.0 mg/dL; Urea Nitrogen: 13.0 mg/dL; Calcium: 9.55 mg/dL; Sodium: 144.0 mmol/L; Potassium: 4.92 mmol/L; Chloride: 105.0 mmol/L; Carbon Dioxide: 23.0 mmol/L; Total Cholesterol: 184.0 mg/dL; Triglycerides: 150.0 mg/dL; Low Density Lipoprotein Cholesterol: 76.0 mg/dL; High Density Lipoprotein Cholesterol: 78.0 mg/dL; Oral temperature: 38.0 Cel; Hemoglobin A1c/Hemoglobin.total in Blood: 6.2 %; Diastolic Blood Pressure: 81.0 mmHg; Glucose: 91.0 mg/dL; Urea Nitrogen: 11.0 mg/dL; Calcium: 8.73 mg/dL; Sodium: 138.0 mmol/L; Potassium: 4.87 mmol/L; Carbon Dioxide: 20.0 mmol/L; Body Weight: 111.89 kg; Body Mass Index: 32.92 kg/m2; Systolic Blood Pressure: 127.0 mmHg. Immunizations: Influenza seasonal injectable preservative free; zoster; Td (adult) preservative free.",0
7dee0bac-7b92-40ff-af3c-23301430ba85,"Demographics: born 1932-09-02, gender F, race white, ethnicity portuguese. Encounters: Outpatient Encounter; Encounter for symptom; Emergency room admission. Medications: Penicillin V Potassium 250 MG; Dextromethorphan Hydrobromide 1 MG/ML; Alendronic acid 10 MG [Fosamax]; Amoxicillin 250 MG / Clavulanate 125 MG [Augmentin]; Naproxen sodium 220 MG Oral Tablet. Procedures: Documentation of current medications; Measurement of respiratory function (procedure); Bone density scan (procedure); Suture open wound. Observations: Body Height: 164.59 cm; Body Weight: 79.97 kg; Body Mass Index: 29.52 kg/m2; Systolic Blood Pressure: 125.0 mmHg; Diastolic Blood Pressure: 74.0 mmHg; Total Cholesterol: 167.0 mg/dL; Triglycerides: 110.0 mg/dL; Low Density Lipoprotein Cholesterol: 66.0 mg/dL; High Density Lipoprotein Cholesterol: 79.0 mg/dL; Body Weight: 78.81 kg; Body Mass Index: 29.09 kg/m2; Systolic Blood Pressure: 134.0 mmHg; Diastolic Blood Pressure: 82.0 mmHg; Body Weight: 77.66 kg; Body Mass Index: 28.67 kg/m2; Systolic Blood Pressure: 135.0 mmHg; Diastolic Blood Pressure: 71.0 mmHg; DXA [T-score] Bone density: -3.33 {T-score}; Body Weight: 75.85 kg; Body Mass Index: 28.0 kg/m2; Systolic Blood Pressure: 103.0 mmHg; Diastolic Blood Pressure: 72.0 mmHg; Total Cholesterol: 160.0 mg/dL; Triglycerides: 112.0 mg/dL; Low Density Lipoprotein Cholesterol: 71.0 mg/dL; High Density Lipoprotein Cholesterol: 66.0 mg/dL; Body Weight: 74.24 kg; Body Mass Index: 27.4 kg/m2; Systolic Blood Pressure: 119.0 mmHg; Diastolic Blood Pressure: 86.0 mmHg; Oral temperature: 38.0 Cel; Body Weight: 72.98 kg; Body Mass Index: 26.94 kg/m2; Systolic Blood Pressure: 139.0 mmHg; Diastolic Blood Pressure: 70.0 mmHg; Body Weight: 70.98 kg; Body Mass Index: 26.2 kg/m2; Systolic Blood Pressure: 136.0 mmHg; Diastolic Blood Pressure: 89.0 mmHg; Total Cholesterol: 183.0 mg/dL. Immunizations: Influenza seasonal injectable preservative free; Td (adult) preservative free.",0
f75772be-0e78-4f6c-811b-6b4bc2a3d034,"Demographics: born 1936-03-16, gender M, race white, ethnicity french.",0
e01faaad-c48d-486e-912a-f1b8e55626fb,"Demographics: born 1967-06-25, gender F, race asian, ethnicity asian_indian. Encounters: Outpatient Encounter; Emergency room admission. Medications: Penicillin V Potassium 250 MG; Camila 28 Day Pack; Penicillin V Potassium 500 MG; Naproxen sodium 220 MG Oral Tablet. Procedures: Documentation of current medications. Observations: Hemoglobin A1c/Hemoglobin.total in Blood: 6.2 %; Body Height: 167.85 cm; Body Weight: 97.68 kg; Body Mass Index: 34.67 kg/m2; Systolic Blood Pressure: 188.0 mmHg; Diastolic Blood Pressure: 112.0 mmHg; Glucose: 73.0 mg/dL; Urea Nitrogen: 12.0 mg/dL; Creatinine: 1.0 mg/dL; Calcium: 9.02 mg/dL; Sodium: 140.0 mmol/L; Potassium: 4.87 mmol/L; Chloride: 103.0 mmol/L; Carbon Dioxide: 29.0 mmol/L; Total Cholesterol: 200.0 mg/dL; Triglycerides: 112.0 mg/dL; Low Density Lipoprotein Cholesterol: 111.0 mg/dL; High Density Lipoprotein Cholesterol: 66.0 mg/dL; Estimated Glomerular Filtration Rate: 60.0 mL/min/{1.73_m2}; Hemoglobin A1c/Hemoglobin.total in Blood: 5.8 %; Body Weight: 100.37 kg; Body Mass Index: 35.62 kg/m2; Systolic Blood Pressure: 161.0 mmHg; Diastolic Blood Pressure: 115.0 mmHg; Glucose: 76.0 mg/dL; Urea Nitrogen: 11.0 mg/dL; Calcium: 10.1 mg/dL; Sodium: 136.0 mmol/L; Potassium: 4.07 mmol/L; Chloride: 102.0 mmol/L; Carbon Dioxide: 23.0 mmol/L; Hemoglobin A1c/Hemoglobin.total in Blood: 6.3 %; Body Weight: 102.8 kg; Body Mass Index: 36.49 kg/m2; Systolic Blood Pressure: 152.0 mmHg; Diastolic Blood Pressure: 116.0 mmHg; Glucose: 96.0 mg/dL; Urea Nitrogen: 8.0 mg/dL; Calcium: 10.13 mg/dL; Sodium: 141.0 mmol/L. Immunizations: Influenza seasonal injectable preservative free; Td (adult) preservative free.",1
31f4a294-0ce6-4f8b-9bb3-d969f849395b,"Demographics: born 1964-03-12, gender F, race white, ethnicity polish. Encounters: Outpatient Encounter; Encounter for 'check-up'; Encounter for symptom. Medications: Penicillin V Potassium 250 MG. Procedures: Documentation of current medications; Colonoscopy; Fecal occult blood test; Rectal polypectomy. Observations: Body Height: 158.0 cm; Body Weight: 92.41 kg; Body Mass Index: 37.02 kg/m2; Systolic Blood Pressure: 195.0 mmHg; Diastolic Blood Pressure: 118.0 mmHg; Total Cholesterol: 199.0 mg/dL; Triglycerides: 114.0 mg/dL; Low Density Lipoprotein Cholesterol: 110.0 mg/dL; High Density Lipoprotein Cholesterol: 66.0 mg/dL; Estimated Glomerular Filtration Rate: 60.0 mL/min/{1.73_m2}; Body Weight: 94.95 kg; Body Mass Index: 38.04 kg/m2; Systolic Blood Pressure: 176.0 mmHg; Diastolic Blood Pressure: 92.0 mmHg; Polyp size greatest dimension by CAP cancer protocols: 6.0 mm; Hemoglobin.gastrointestinal [Presence] in Stool by Immunologic method: 21.0 ng/mL; Body Weight: 96.93 kg; Body Mass Index: 38.83 kg/m2; Systolic Blood Pressure: 186.0 mmHg; Diastolic Blood Pressure: 107.0 mmHg; Total Cholesterol: 174.0 mg/dL; Triglycerides: 118.0 mg/dL; Low Density Lipoprotein Cholesterol: 83.0 mg/dL; High Density Lipoprotein Cholesterol: 67.0 mg/dL; Oral temperature: 38.0 Cel; Systolic Blood Pressure: 161.0 mmHg; Diastolic Blood Pressure: 93.0 mmHg; Systolic Blood Pressure: 146.0 mmHg; Diastolic Blood Pressure: 102.0 mmHg. Immunizations: Influenza seasonal injectable preservative free; Td (adult) preservative free.",1
2d996651-6f9c-4f36-8395-80990367cdf6,"Demographics: born 1999-12-04, gender M, race asian, ethnicity asian_indian. Encounters: Encounter for symptom; Outpatient Encounter; Emergency room admission. Medications: Amoxicillin 250 MG / Clavulanate 125 MG [Augmentin]; Naproxen sodium 220 MG Oral Tablet; Dextromethorphan Hydrobromide 1 MG/ML. Procedures: Documentation of current medications; Throat culture (procedure); Measurement of respiratory function (procedure). Observations: Body Height: 157.27 cm; Body Weight: 28.23 kg; Body Mass Index: 11.41 kg/m2; Systolic Blood Pressure: 114.0 mmHg; Diastolic Blood Pressure: 71.0 mmHg; Body Height: 163.13 cm; Body Weight: 31.13 kg; Body Mass Index: 11.7 kg/m2; Systolic Blood Pressure: 110.0 mmHg; Diastolic Blood Pressure: 77.0 mmHg; Body Height: 170.68 cm; Body Weight: 34.89 kg; Body Mass Index: 11.98 kg/m2; Systolic Blood Pressure: 126.0 mmHg; Diastolic Blood Pressure: 73.0 mmHg; Body Height: 179.36 cm; Body Weight: 39.98 kg; Body Mass Index: 12.43 kg/m2; Systolic Blood Pressure: 100.0 mmHg; Diastolic Blood Pressure: 70.0 mmHg; Oral temperature: 38.0 Cel; Body Height: 184.76 cm; Body Weight: 44.97 kg; Body Mass Index: 13.17 kg/m2; Systolic Blood Pressure: 138.0 mmHg; Diastolic Blood Pressure: 74.0 mmHg; Body Height: 187.72 cm; Body Weight: 49.81 kg; Body Mass Index: 14.14 kg/m2; Systolic Blood Pressure: 106.0 mmHg; Diastolic Blood Pressure: 76.0 mmHg; Body Height: 188.89 cm; Body Weight: 52.74 kg; Body Mass Index: 14.78 kg/m2; Systolic Blood Pressure: 116.0 mmHg; Diastolic Blood Pressure: 75.0 mmHg. Immunizations: Influenza seasonal injectable preservative free; meningococcal MCV4P; Tdap; HPV quadrivalent.",0
590a7ac3-472e-48c1-9f59-f67372909e47,"Demographics: born 1964-03-07, gender M, race white, ethnicity french. Encounters: Encounter for symptom; Outpatient Encounter; Encounter for 'check-up'. Medications: Penicillin V Potassium 250 MG; Amoxicillin 250 MG / Clavulanate 125 MG [Augmentin]. Procedures: Colonoscopy. Observations: Body Height: 176.22 cm; Body Weight: 143.19 kg; Body Mass Index: 46.11 kg/m2; Systolic Blood Pressure: 189.0 mmHg; Diastolic Blood Pressure: 120.0 mmHg; Estimated Glomerular Filtration Rate: 60.0 mL/min/{1.73_m2}; Body Weight: 144.25 kg; Body Mass Index: 46.45 kg/m2; Systolic Blood Pressure: 146.0 mmHg; Diastolic Blood Pressure: 98.0 mmHg; Total Cholesterol: 164.0 mg/dL; Triglycerides: 149.0 mg/dL; Low Density Lipoprotein Cholesterol: 75.0 mg/dL; High Density Lipoprotein Cholesterol: 59.0 mg/dL; Body Weight: 145.79 kg; Body Mass Index: 46.95 kg/m2; Systolic Blood Pressure: 175.0 mmHg; Diastolic Blood Pressure: 110.0 mmHg; Systolic Blood Pressure: 168.0 mmHg; Diastolic Blood Pressure: 104.0 mmHg; Total Cholesterol: 165.0 mg/dL; Triglycerides: 112.0 mg/dL; Low Density Lipoprotein Cholesterol: 79.0 mg/dL; High Density Lipoprotein Cholesterol: 63.0 mg/dL; Systolic Blood Pressure: 157.0 mmHg; Diastolic Blood Pressure: 116.0 mmHg. Immunizations: Influenza seasonal injectable preservative free; Td (adult) preservative free.",1
94f7d982-c265-4467-a548-e1e47f59ecff,"Demographics: born 1952-07-05, gender F, race white, ethnicity scottish. Encounters: Outpatient Encounter; Encounter for 'check-up'; Encounter for problem. Medications: Leucovorin 100 MG Injection; oxaliplatin 5 MG/ML [Eloxatin]. Procedures: Documentation of current medications; Colonoscopy; Fecal occult blood test; Rectal polypectomy; Partial resection of colon; Combined chemotherapy and radiation therapy (procedure). Observations: Body Height: 158.76 cm; Body Weight: 99.03 kg; Body Mass Index: 39.29 kg/m2; Systolic Blood Pressure: 126.0 mmHg; Diastolic Blood Pressure: 86.0 mmHg; Total Cholesterol: 196.0 mg/dL; Triglycerides: 127.0 mg/dL; Low Density Lipoprotein Cholesterol: 95.0 mg/dL; High Density Lipoprotein Cholesterol: 75.0 mg/dL; Systolic Blood Pressure: 107.0 mmHg; Diastolic Blood Pressure: 88.0 mmHg; Polyp size greatest dimension by CAP cancer protocols: 7.0 mm; Hemoglobin.gastrointestinal [Presence] in Stool by Immunologic method: 14.0 ng/mL; Body Weight: 97.17 kg; Body Mass Index: 38.55 kg/m2; Systolic Blood Pressure: 103.0 mmHg; Diastolic Blood Pressure: 89.0 mmHg; Body Weight: 95.47 kg; Body Mass Index: 37.88 kg/m2; Systolic Blood Pressure: 128.0 mmHg; Diastolic Blood Pressure: 76.0 mmHg; Body Weight: 93.79 kg; Body Mass Index: 37.21 kg/m2; Diastolic Blood Pressure: 82.0 mmHg; Total Cholesterol: 175.0 mg/dL; Triglycerides: 119.0 mg/dL; Low Density Lipoprotein Cholesterol: 81.0 mg/dL; High Density Lipoprotein Cholesterol: 70.0 mg/dL; Body Weight: 92.05 kg; Body Mass Index: 36.52 kg/m2; Systolic Blood Pressure: 111.0 mmHg; Diastolic Blood Pressure: 79.0 mmHg; Body Weight: 90.63 kg; Body Mass Index: 35.96 kg/m2; Systolic Blood Pressure: 125.0 mmHg; Diastolic Blood Pressure: 81.0 mmHg. Immunizations: Influenza seasonal injectable preservative free; zoster; Td (adult) preservative free.",0
6103789b-9099-4a6a-b5d8-4b896f8c33d7,"Demographics: born 1988-08-04, gender M, race hispanic, ethnicity puerto_rican. Encounters: Encounter for symptom; Outpatient Encounter. Medications: Penicillin V Potassium 500 MG; Acetaminophen 160 MG. Procedures: Documentation of current medications. Observations: Body Height: 166.43 cm; Body Weight: 75.51 kg; Body Mass Index: 27.26 kg/m2; Systolic Blood Pressure: 195.0 mmHg; Diastolic Blood Pressure: 107.0 mmHg; Estimated Glomerular Filtration Rate: 60.0 mL/min/{1.73_m2}; Body Weight: 79.55 kg; Body Mass Index: 28.72 kg/m2; Systolic Blood Pressure: 199.0 mmHg; Diastolic Blood Pressure: 102.0 mmHg. Immunizations: Influenza seasonal injectable preservative free; Td (adult) preservative free.",1
c70a780b-94fa-43b7-88f3-3c69d7ad1d7b,"Demographics: born 1965-06-24, gender M, race white, ethnicity english. Encounters: Outpatient Encounter; Encounter for symptom; Emergency room admission; Encounter for 'check-up'. Medications: Amoxicillin 500 MG Oral Tablet; Acetaminophen 325 MG / HYDROcodone Bitartrate 7.5 MG Oral Tablet; Naproxen sodium 220 MG Oral Tablet; Penicillin V Potassium 500 MG. Procedures: Documentation of current medications; Throat culture (procedure); Colonoscopy. Observations: Body Height: 180.77 cm; Body Weight: 88.86 kg; Body Mass Index: 27.19 kg/m2; Systolic Blood Pressure: 131.0 mmHg; Diastolic Blood Pressure: 82.0 mmHg; Total Cholesterol: 195.0 mg/dL; Triglycerides: 139.0 mg/dL; Low Density Lipoprotein Cholesterol: 89.0 mg/dL; High Density Lipoprotein Cholesterol: 78.0 mg/dL; Body Weight: 91.96 kg; Body Mass Index: 28.14 kg/m2; Systolic Blood Pressure: 134.0 mmHg; Diastolic Blood Pressure: 87.0 mmHg; Oral temperature: 38.0 Cel; Body Weight: 96.58 kg; Body Mass Index: 29.55 kg/m2; Systolic Blood Pressure: 107.0 mmHg; Diastolic Blood Pressure: 88.0 mmHg; Total Cholesterol: 193.0 mg/dL; Triglycerides: 135.0 mg/dL; Low Density Lipoprotein Cholesterol: 96.0 mg/dL; High Density Lipoprotein Cholesterol: 70.0 mg/dL; Oral temperature: 38.59 Cel; Systolic Blood Pressure: 104.0 mmHg; Diastolic Blood Pressure: 70.0 mmHg. Immunizations: Influenza seasonal injectable preservative free; Td (adult) preservative free.",0
055f31b8-fe8f-4f38-a3e8-f6b02bebb0ce,"Demographics: born 1954-04-18, gender F, race white, ethnicity italian. Encounters: Outpatient Encounter; Encounter for symptom; Encounter for 'check-up'; Patient encounter procedure. Medications: Penicillin V Potassium 500 MG; Amoxicillin 250 MG / Clavulanate 125 MG [Augmentin]. Procedures: Documentation of current medications; Colonoscopy; Replacement of contraceptive intrauterine device. Observations: Body Height: 161.41 cm; Body Weight: 100.87 kg; Body Mass Index: 38.72 kg/m2; Systolic Blood Pressure: 144.0 mmHg; Diastolic Blood Pressure: 117.0 mmHg; Estimated Glomerular Filtration Rate: 60.0 mL/min/{1.73_m2}; Systolic Blood Pressure: 188.0 mmHg; Diastolic Blood Pressure: 114.0 mmHg; Systolic Blood Pressure: 173.0 mmHg; Diastolic Blood Pressure: 94.0 mmHg; Total Cholesterol: 191.0 mg/dL; Triglycerides: 143.0 mg/dL; Low Density Lipoprotein Cholesterol: 82.0 mg/dL; High Density Lipoprotein Cholesterol: 80.0 mg/dL; Estimated Glomerular Filtration Rate: 58.0 mL/min/{1.73_m2}; Body Weight: 99.0 kg; Body Mass Index: 38.0 kg/m2; Systolic Blood Pressure: 180.0 mmHg; Diastolic Blood Pressure: 92.0 mmHg; Body Weight: 97.8 kg; Body Mass Index: 37.54 kg/m2; Systolic Blood Pressure: 182.0 mmHg; Diastolic Blood Pressure: 113.0 mmHg; Body Weight: 96.34 kg; Body Mass Index: 36.98 kg/m2; Systolic Blood Pressure: 192.0 mmHg; Diastolic Blood Pressure: 91.0 mmHg; Total Cholesterol: 166.0 mg/dL; Triglycerides: 127.0 mg/dL; Low Density Lipoprotein Cholesterol: 69.0 mg/dL; High Density Lipoprotein Cholesterol: 71.0 mg/dL; Oral temperature: 38.0 Cel. Immunizations: Influenza seasonal injectable preservative free; zoster; Td (adult) preservative free.",1
3fa9e267-b148-4d32-bab8-3dd2dc2e339d,"Demographics: born 1956-07-07, gender M, race white, ethnicity portuguese. Encounters: Outpatient Encounter; Encounter for 'check-up'; Encounter for symptom; Emergency room admission. Medications: Penicillin V Potassium 250 MG; Acetaminophen 160 MG; Acetaminophen 325 MG Oral Tablet. Procedures: Colonoscopy; Measurement of respiratory function (procedure); Documentation of current medications. Observations: Body Height: 183.21 cm; Body Weight: 120.18 kg; Body Mass Index: 35.8 kg/m2; Systolic Blood Pressure: 116.0 mmHg; Diastolic Blood Pressure: 79.0 mmHg; Total Cholesterol: 175.0 mg/dL; Triglycerides: 108.0 mg/dL; Low Density Lipoprotein Cholesterol: 77.0 mg/dL; High Density Lipoprotein Cholesterol: 76.0 mg/dL; Systolic Blood Pressure: 119.0 mmHg; Diastolic Blood Pressure: 88.0 mmHg; Systolic Blood Pressure: 113.0 mmHg; Diastolic Blood Pressure: 83.0 mmHg; Systolic Blood Pressure: 106.0 mmHg; Diastolic Blood Pressure: 73.0 mmHg; Systolic Blood Pressure: 122.0 mmHg; Diastolic Blood Pressure: 70.0 mmHg; Total Cholesterol: 199.0 mg/dL; Triglycerides: 116.0 mg/dL; Low Density Lipoprotein Cholesterol: 106.0 mg/dL; High Density Lipoprotein Cholesterol: 69.0 mg/dL; Systolic Blood Pressure: 108.0 mmHg; Diastolic Blood Pressure: 76.0 mmHg; Body Weight: 118.54 kg; Body Mass Index: 35.31 kg/m2; Systolic Blood Pressure: 104.0 mmHg; Diastolic Blood Pressure: 86.0 mmHg. Immunizations: Influenza seasonal injectable preservative free; zoster.",0
a46774c7-5e09-42f9-8588-0f3e21c799f0,"Demographics: born 1968-02-19, gender M, race white, ethnicity american. Encounters: Encounter for symptom; Outpatient Encounter. Medications: Penicillin V Potassium 250 MG; Penicillin V Potassium 500 MG; Acetaminophen 160 MG. Observations: Body Height: 184.67 cm; Body Weight: 117.73 kg; Body Mass Index: 34.52 kg/m2; Systolic Blood Pressure: 144.0 mmHg; Diastolic Blood Pressure: 119.0 mmHg; Estimated Glomerular Filtration Rate: 60.0 mL/min/{1.73_m2}; Body Weight: 120.44 kg; Body Mass Index: 35.31 kg/m2; Systolic Blood Pressure: 145.0 mmHg; Diastolic Blood Pressure: 99.0 mmHg; Total Cholesterol: 175.0 mg/dL; Triglycerides: 115.0 mg/dL; Low Density Lipoprotein Cholesterol: 93.0 mg/dL; High Density Lipoprotein Cholesterol: 59.0 mg/dL; Body Weight: 123.49 kg; Body Mass Index: 36.21 kg/m2; Systolic Blood Pressure: 199.0 mmHg; Diastolic Blood Pressure: 96.0 mmHg. Immunizations: Influenza seasonal injectable preservative free.",1
5f2f0996-76d4-457d-8938-3adaf9ad7693,"Demographics: born 1998-05-17, gender F, race white, ethnicity french. Encounters: Encounter for symptom; Outpatient Encounter; Allergic disorder initial assessment; Outpatient procedure; Allergic disorder follow-up assessment. Medications: Fexofenadine hydrochloride 30 MG Oral Tablet; 0.3 ML EPINEPHrine 0.5 MG/ML Auto-Injector; Penicillin V Potassium 250 MG; Amoxicillin 250 MG / Clavulanate 125 MG [Augmentin]. Procedures: Throat culture (procedure); Allergy screening test; Subcutaneous immunotherapy; Documentation of current medications. Observations: Body Height: 154.08 cm; Body Weight: 44.03 kg; Body Mass Index: 18.55 kg/m2; Systolic Blood Pressure: 100.0 mmHg; Diastolic Blood Pressure: 76.0 mmHg; Oral temperature: 38.0 Cel; Peanut IgE Ab in Serum: 0.23 kU/L; Walnut IgE Ab in Serum: 0.08 kU/L; Codfish IgE Ab in Serum: 69.24 kU/L; Shrimp IgE Ab in Serum: 0 kU/L; Wheat IgE Ab in Serum: 0.25 kU/L; Egg white IgE Ab in Serum: 0 kU/L; Soybean IgE Ab in Serum: 0.03 kU/L; Cow milk IgE Ab in Serum: 0.3 kU/L; White oak IgE Ab in Serum: 0.21 kU/L; Common Ragweed IgE Ab in Serum: 0.16 kU/L; Cat dander IgE Ab in Serum: 0.2 kU/L; American house dust mite IgE Ab in Serum: 0.08 kU/L; Cladosporium herbarum IgE Ab in Serum: 0.22 kU/L; Honey bee IgE Ab in Serum: 0.22 kU/L; Latex IgE Ab in Serum: 0.07 kU/L; Oral temperature: 38.92 Cel; Body Height: 157.76 cm; Body Weight: 47.62 kg; Body Mass Index: 19.13 kg/m2; Diastolic Blood Pressure: 85.0 mmHg; Body Height: 159.23 cm; Body Weight: 50.01 kg; Body Mass Index: 19.73 kg/m2; Systolic Blood Pressure: 109.0 mmHg; Diastolic Blood Pressure: 70.0 mmHg; Body Height: 160.09 cm; Body Weight: 52.11 kg; Body Mass Index: 20.33 kg/m2; Systolic Blood Pressure: 103.0 mmHg; Diastolic Blood Pressure: 75.0 mmHg; Body Height: 160.5 cm; Body Weight: 53.43 kg; Body Mass Index: 20.74 kg/m2; Systolic Blood Pressure: 139.0 mmHg. Allergies: Allergy to fish. Immunizations: Influenza seasonal injectable preservative free; HPV quadrivalent; meningococcal MCV4P.",1
03197bdb-6f88-45ea-b4cb-3aba3ef9bdff,"Demographics: born 1969-11-08, gender F, race white, ethnicity american. Encounters: Outpatient Encounter; Patient encounter procedure; Emergency room admission; Encounter for 'check-up'; Encounter for problem; Death Certification. Medications: Penicillin V Potassium 250 MG; Fluticasone propionate 0.25 MG/ACTUAT / salmeterol 0.05 MG/ACTUAT [Advair]; Penicillin V Potassium 500 MG; Levonorgestrel 0.00354 MG/HR [Norplant]; Naproxen sodium 220 MG Oral Tablet; Cisplatin 50 MG Injection; PACLitaxel 100 MG Injection. Procedures: Spirometry (procedure); Documentation of current medications; Replacement of subcutaneous contraceptive; Bone immobilization; Plain chest X-ray (procedure); Computed tomography of chest and abdomen; Diagnostic fiberoptic bronchoscopy (procedure); Magnetic resonance imaging for measurement of brain volume (procedure); Combined chemotherapy and radiation therapy (procedure). Observations: FEV1/​FVC: 49.0 %; Body Height: 159.8 cm; Body Weight: 120.78 kg; Body Mass Index: 47.3 kg/m2; Systolic Blood Pressure: 164.0 mmHg; Diastolic Blood Pressure: 118.0 mmHg; Estimated Glomerular Filtration Rate: 60.0 mL/min/{1.73_m2}; FEV1/​FVC: 30.0 %; Body Weight: 124.3 kg; Body Mass Index: 48.67 kg/m2; Systolic Blood Pressure: 182.0 mmHg; Diastolic Blood Pressure: 106.0 mmHg; Total Cholesterol: 177.0 mg/dL; Triglycerides: 145.0 mg/dL; Low Density Lipoprotein Cholesterol: 78.0 mg/dL; High Density Lipoprotein Cholesterol: 70.0 mg/dL; Non-small cell lung cancer (disorder); FEV1/​FVC: 39.0 %; Body Weight: 125.63 kg; Body Mass Index: 49.2 kg/m2; Systolic Blood Pressure: 181.0 mmHg; Diastolic Blood Pressure: 115.0 mmHg. Immunizations: Influenza seasonal injectable preservative free; Td (adult) preservative free.",1
cbe739c6-971f-4075-b8f1-41ef50a65394,"Demographics: born 1936-01-02, gender M, race white, ethnicity irish. Encounters: Death Certification. Medications: Penicillin V Potassium 250 MG. Observations: Non-small cell lung cancer (disorder).",1
b1ae6785-e8dd-4487-94e6-6af4368e35e8,"Demographics: born 1960-02-04, gender F, race white, ethnicity irish. Encounters: Outpatient Encounter; Encounter for 'check-up'; Encounter for symptom. Medications: Penicillin V Potassium 250 MG. Procedures: Documentation of current medications; Colonoscopy. Observations: Hemoglobin A1c/Hemoglobin.total in Blood: 6.4 %; Body Height: 170.86 cm; Body Weight: 100.11 kg; Body Mass Index: 34.29 kg/m2; Systolic Blood Pressure: 108.0 mmHg; Diastolic Blood Pressure: 83.0 mmHg; Glucose: 87.0 mg/dL; Urea Nitrogen: 20.0 mg/dL; Creatinine: 1.0 mg/dL; Calcium: 9.76 mg/dL; Sodium: 142.0 mmol/L; Potassium: 4.81 mmol/L; Chloride: 110.0 mmol/L; Carbon Dioxide: 28.0 mmol/L; Total Cholesterol: 180.0 mg/dL; Triglycerides: 100.0 mg/dL; Low Density Lipoprotein Cholesterol: 88.0 mg/dL; High Density Lipoprotein Cholesterol: 72.0 mg/dL; Hemoglobin A1c/Hemoglobin.total in Blood: 5.8 %; Systolic Blood Pressure: 136.0 mmHg; Diastolic Blood Pressure: 87.0 mmHg; Glucose: 92.0 mg/dL; Urea Nitrogen: 18.0 mg/dL; Calcium: 9.38 mg/dL; Sodium: 138.0 mmol/L; Potassium: 4.5 mmol/L; Chloride: 103.0 mmol/L; Carbon Dioxide: 29.0 mmol/L; Hemoglobin A1c/Hemoglobin.total in Blood: 5.9 %; Systolic Blood Pressure: 138.0 mmHg; Glucose: 73.0 mg/dL; Urea Nitrogen: 8.0 mg/dL; Calcium: 9.94 mg/dL; Sodium: 136.0 mmol/L; Potassium: 3.74 mmol/L; Chloride: 109.0 mmol/L; Hemoglobin A1c/Hemoglobin.total in Blood: 6.2 %; Systolic Blood Pressure: 113.0 mmHg; Diastolic Blood Pressure: 72.0 mmHg; Glucose: 96.0 mg/dL. Immunizations: Influenza seasonal injectable preservative free; Td (adult) preservative free.",0
2952704c-da51-45fb-95c0-8afb46c5a04b,"Demographics: born 1949-12-20, gender F, race white, ethnicity irish. Encounters: Outpatient Encounter; Encounter for symptom; Encounter for 'check-up'. Medications: Penicillin V Potassium 250 MG; Penicillin V Potassium 500 MG; Amoxicillin 250 MG / Clavulanate 125 MG [Augmentin]; Dextromethorphan Hydrobromide 1 MG/ML. Procedures: Documentation of current medications; Colonoscopy; Fecal occult blood test; Rectal polypectomy; Measurement of respiratory function (procedure). Observations: Body Height: 151.11 cm; Body Weight: 112.09 kg; Body Mass Index: 49.09 kg/m2; Systolic Blood Pressure: 136.0 mmHg; Diastolic Blood Pressure: 89.0 mmHg; Total Cholesterol: 165.0 mg/dL; Triglycerides: 113.0 mg/dL; Low Density Lipoprotein Cholesterol: 64.0 mg/dL; High Density Lipoprotein Cholesterol: 78.0 mg/dL; Body Weight: 110.96 kg; Body Mass Index: 48.6 kg/m2; Systolic Blood Pressure: 122.0 mmHg; Diastolic Blood Pressure: 81.0 mmHg; Body Weight: 109.44 kg; Body Mass Index: 47.93 kg/m2; Systolic Blood Pressure: 128.0 mmHg; Diastolic Blood Pressure: 82.0 mmHg; Body Weight: 107.5 kg; Body Mass Index: 47.08 kg/m2; Systolic Blood Pressure: 137.0 mmHg; Diastolic Blood Pressure: 80.0 mmHg; Total Cholesterol: 196.0 mg/dL; Triglycerides: 121.0 mg/dL; Low Density Lipoprotein Cholesterol: 107.0 mg/dL; High Density Lipoprotein Cholesterol: 64.0 mg/dL; Body Weight: 105.95 kg; Body Mass Index: 46.4 kg/m2; Systolic Blood Pressure: 126.0 mmHg; Diastolic Blood Pressure: 77.0 mmHg; Polyp size greatest dimension by CAP cancer protocols: 4.0 mm; Hemoglobin.gastrointestinal [Presence] in Stool by Immunologic method: 2.0 ng/mL; Body Weight: 104.37 kg; Body Mass Index: 45.71 kg/m2; Systolic Blood Pressure: 134.0 mmHg; Body Weight: 102.12 kg; Body Mass Index: 44.72 kg/m2; Systolic Blood Pressure: 104.0 mmHg; Diastolic Blood Pressure: 70.0 mmHg; Total Cholesterol: 198.0 mg/dL; Triglycerides: 119.0 mg/dL. Immunizations: Influenza seasonal injectable preservative free; zoster; Td (adult) preservative free; Pneumococcal conjugate PCV 13; pneumococcal polysaccharide vaccine 23 valent.",0
8e28f0ef-3b22-4531-8aa6-a83da56b9608,"Demographics: born 1981-09-23, gender F, race black, ethnicity west_indian. Encounters: Prenatal visit; Obstetric emergency hospital admission; Consultation for treatment; Outpatient Encounter; Encounter for symptom; Patient encounter procedure. Medications: Chlorpheniramine 2 MG Chewable Tablet; Jolivette 28 Day Pack; Dextromethorphan Hydrobromide 1 MG/ML; Mirena 52 MG Intrauterine System. Procedures: Medical induction of labor; Premature birth of newborn; Documentation of current medications; Sputum examination (procedure); Insertion of intrauterine contraceptive device. Observations: Body Height: 166.57 cm; Body Weight: 72.42 kg; Body Mass Index: 26.1 kg/m2; Systolic Blood Pressure: 154.0 mmHg; Diastolic Blood Pressure: 92.0 mmHg; Estimated Glomerular Filtration Rate: 60.0 mL/min/{1.73_m2}; Body Weight: 75.79 kg; Body Mass Index: 27.32 kg/m2; Systolic Blood Pressure: 161.0 mmHg; Diastolic Blood Pressure: 90.0 mmHg; Total Cholesterol: 174.0 mg/dL; Triglycerides: 116.0 mg/dL; Low Density Lipoprotein Cholesterol: 81.0 mg/dL; High Density Lipoprotein Cholesterol: 69.0 mg/dL; Body Weight: 80.75 kg; Body Mass Index: 29.11 kg/m2; Systolic Blood Pressure: 197.0 mmHg; Diastolic Blood Pressure: 108.0 mmHg. Allergies: Allergy to peanuts; Allergy to mould. Immunizations: Influenza seasonal injectable preservative free; Td (adult) preservative free.",1
e79b1241-9777-4949-b56a-4fca5967a2e9,"Demographics: born 1934-05-18, gender F, race white, ethnicity irish.",0
f8ad607b-0775-4d96-8cb8-4de7e1f4c096,"Demographics: born 1985-03-23, gender F, race black, ethnicity west_indian. Encounters: Encounter for symptom; Outpatient Encounter; Encounter for problem. Medications: Penicillin V Potassium 250 MG; Errin 28 Day Pack; Naproxen sodium 220 MG [Aleve]. Procedures: Documentation of current medications. Observations: Body Height: 168.46 cm; Body Weight: 74.74 kg; Body Mass Index: 26.34 kg/m2; Systolic Blood Pressure: 184.0 mmHg; Diastolic Blood Pressure: 94.0 mmHg; Estimated Glomerular Filtration Rate: 60.0 mL/min/{1.73_m2}; Body Weight: 78.46 kg; Body Mass Index: 27.65 kg/m2; Systolic Blood Pressure: 146.0 mmHg; Diastolic Blood Pressure: 110.0 mmHg; Total Cholesterol: 161.0 mg/dL; Triglycerides: 104.0 mg/dL; Low Density Lipoprotein Cholesterol: 60.0 mg/dL; High Density Lipoprotein Cholesterol: 80.0 mg/dL. Immunizations: Influenza seasonal injectable preservative free.",1
8d20ece9-cd5a-417e-929c-84303f4c1f1f,"Demographics: born 1961-07-21, gender M, race white, ethnicity american.",0
38af3105-b08f-438b-8ae5-64635b954452,"Demographics: born 1947-08-14, gender F, race hispanic, ethnicity puerto_rican. Encounters: Death Certification. Medications: Penicillin V Potassium 500 MG.",1
7ae1c027-f2a6-4719-af8f-5375b2c83092,"Demographics: born 1969-09-05, gender F, race white, ethnicity german. Encounters: Outpatient Encounter; Emergency room admission; Encounter for symptom; Prenatal initial visit; Prenatal visit; Consultation for treatment; Admission to surgical department. Medications: Naproxen sodium 220 MG Oral Tablet; Acetaminophen 325 MG Oral Tablet. Procedures: Documentation of current medications; Standard pregnancy test; Bilateral tubal ligation. Observations: Hemoglobin A1c/Hemoglobin.total in Blood: 5.9 %; Body Height: 152.11 cm; Body Weight: 89.17 kg; Body Mass Index: 38.54 kg/m2; Systolic Blood Pressure: 111.0 mmHg; Diastolic Blood Pressure: 85.0 mmHg; Glucose: 85.0 mg/dL; Urea Nitrogen: 12.0 mg/dL; Creatinine: 1.0 mg/dL; Calcium: 8.63 mg/dL; Sodium: 140.0 mmol/L; Potassium: 4.13 mmol/L; Chloride: 103.0 mmol/L; Carbon Dioxide: 20.0 mmol/L; Total Cholesterol: 195.0 mg/dL; Triglycerides: 141.0 mg/dL; Low Density Lipoprotein Cholesterol: 86.0 mg/dL; High Density Lipoprotein Cholesterol: 80.0 mg/dL; Hemoglobin A1c/Hemoglobin.total in Blood: 6.0 %; Body Weight: 93.36 kg; Body Mass Index: 40.35 kg/m2; Systolic Blood Pressure: 100.0 mmHg; Diastolic Blood Pressure: 84.0 mmHg; Glucose: 94.0 mg/dL; Urea Nitrogen: 13.0 mg/dL; Calcium: 8.69 mg/dL; Sodium: 142.0 mmol/L; Potassium: 4.15 mmol/L; Chloride: 111.0 mmol/L; Carbon Dioxide: 25.0 mmol/L; Body Weight: 95.96 kg; Body Mass Index: 41.48 kg/m2; Systolic Blood Pressure: 106.0 mmHg; Diastolic Blood Pressure: 87.0 mmHg; Glucose: 82.0 mg/dL; Urea Nitrogen: 18.0 mg/dL; Calcium: 8.79 mg/dL; Sodium: 137.0 mmol/L; Potassium: 5.06 mmol/L; Carbon Dioxide: 26.0 mmol/L. Immunizations: Influenza seasonal injectable preservative free; Td (adult) preservative free.",0
dd60a13c-2738-494c-9bb3-8bf2ec7d47cf,"Demographics: born 1939-08-17, gender F, race white, ethnicity italian. Encounters: Outpatient Encounter; Encounter for symptom; Emergency room admission; Encounter for 'check-up'; Drug addiction therapy; Drug rehabilitation and detoxification. Medications: Penicillin V Potassium 250 MG; Penicillin V Potassium 500 MG; Amoxicillin 500 MG Oral Tablet; Meperidine Hydrochloride 50 MG Oral Tablet; Ibuprofen 200 MG Oral Tablet. Procedures: Documentation of current medications; Throat culture (procedure); Admission to burn unit; Admission to long stay hospital; Suture open wound. Observations: Hemoglobin A1c/Hemoglobin.total in Blood: 6.1 %; Body Height: 160.36 cm; Body Weight: 90.03 kg; Body Mass Index: 35.01 kg/m2; Systolic Blood Pressure: 100.0 mmHg; Diastolic Blood Pressure: 76.0 mmHg; Glucose: 99.0 mg/dL; Urea Nitrogen: 9.0 mg/dL; Creatinine: 1.0 mg/dL; Calcium: 9.72 mg/dL; Sodium: 141.0 mmol/L; Potassium: 4.67 mmol/L; Chloride: 109.0 mmol/L; Carbon Dioxide: 25.0 mmol/L; Total Cholesterol: 181.0 mg/dL; Triglycerides: 119.0 mg/dL; Low Density Lipoprotein Cholesterol: 81.0 mg/dL; High Density Lipoprotein Cholesterol: 76.0 mg/dL; Body Weight: 88.91 kg; Body Mass Index: 34.58 kg/m2; Systolic Blood Pressure: 123.0 mmHg; Diastolic Blood Pressure: 80.0 mmHg; Glucose: 73.0 mg/dL; Urea Nitrogen: 14.0 mg/dL; Calcium: 8.8 mg/dL; Sodium: 139.0 mmol/L; Potassium: 4.91 mmol/L; Chloride: 107.0 mmol/L; Carbon Dioxide: 27.0 mmol/L; Oral temperature: 38.03 Cel; Body Weight: 86.94 kg; Body Mass Index: 33.81 kg/m2; Systolic Blood Pressure: 127.0 mmHg; Diastolic Blood Pressure: 83.0 mmHg; Glucose: 71.0 mg/dL; Calcium: 9.61 mg/dL; Potassium: 4.1 mmol/L; Chloride: 106.0 mmol/L; Carbon Dioxide: 20.0 mmol/L; Hemoglobin A1c/Hemoglobin.total in Blood: 6.3 %. Immunizations: Influenza seasonal injectable preservative free; Td (adult) preservative free.",0
cf3f9cf1-045d-433a-858b-1f7dd0f092ef,"Demographics: born 1997-07-16, gender F, race hispanic, ethnicity central_american. Encounters: Outpatient Encounter; Encounter for symptom; Emergency room admission; Prenatal initial visit; Prenatal visit. Medications: Penicillin V Potassium 250 MG; Ibuprofen 200 MG Oral Tablet; Amoxicillin 500 MG Oral Tablet; Acetaminophen 325 MG Oral Tablet; Acetaminophen 160 MG. Procedures: Documentation of current medications; Suture open wound; Standard pregnancy test; Sputum examination (procedure). Observations: Body Height: 148.98 cm; Body Weight: 59.23 kg; Body Mass Index: 26.69 kg/m2; Systolic Blood Pressure: 132.0 mmHg; Diastolic Blood Pressure: 73.0 mmHg; Oral temperature: 38.13 Cel; Body Height: 152.12 cm; Body Weight: 63.23 kg; Body Mass Index: 27.33 kg/m2; Systolic Blood Pressure: 115.0 mmHg; Diastolic Blood Pressure: 76.0 mmHg; Body Height: 153.35 cm; Body Weight: 65.82 kg; Body Mass Index: 27.99 kg/m2; Systolic Blood Pressure: 120.0 mmHg; Body Height: 153.85 cm; Body Weight: 67.27 kg; Body Mass Index: 28.42 kg/m2; Systolic Blood Pressure: 131.0 mmHg; Diastolic Blood Pressure: 81.0 mmHg; Oral temperature: 37.0 Cel; Body Height: 154.12 cm; Body Weight: 68.38 kg; Body Mass Index: 28.79 kg/m2; Systolic Blood Pressure: 128.0 mmHg; Diastolic Blood Pressure: 84.0 mmHg; Body Height: 154.28 cm; Body Weight: 69.77 kg; Body Mass Index: 29.31 kg/m2; Systolic Blood Pressure: 118.0 mmHg; Diastolic Blood Pressure: 88.0 mmHg; Body Height: 154.38 cm; Body Weight: 71.18 kg; Body Mass Index: 29.87 kg/m2; Systolic Blood Pressure: 111.0 mmHg; Diastolic Blood Pressure: 70.0 mmHg. Immunizations: Influenza seasonal injectable preservative free; HPV quadrivalent; meningococcal MCV4P.",0
11762c3a-89dc-4b94-9690-9889a52c0e84,"Demographics: born 1966-09-16, gender M, race white, ethnicity polish. Encounters: Outpatient Encounter; Encounter for 'check-up'. Medications: Penicillin V Potassium 250 MG. Procedures: Documentation of current medications; Colonoscopy. Observations: Hemoglobin A1c/Hemoglobin.total in Blood: 6.1 %; Body Height: 185.15 cm; Body Weight: 112.69 kg; Body Mass Index: 32.87 kg/m2; Systolic Blood Pressure: 169.0 mmHg; Diastolic Blood Pressure: 99.0 mmHg; Glucose: 68.0 mg/dL; Urea Nitrogen: 16.0 mg/dL; Creatinine: 1.0 mg/dL; Calcium: 9.98 mg/dL; Sodium: 136.0 mmol/L; Potassium: 4.07 mmol/L; Chloride: 110.0 mmol/L; Carbon Dioxide: 26.0 mmol/L; Estimated Glomerular Filtration Rate: 60.0 mL/min/{1.73_m2}; Hemoglobin A1c/Hemoglobin.total in Blood: 6.3 %; Body Weight: 115.5 kg; Body Mass Index: 33.69 kg/m2; Systolic Blood Pressure: 143.0 mmHg; Diastolic Blood Pressure: 110.0 mmHg; Glucose: 88.0 mg/dL; Urea Nitrogen: 10.0 mg/dL; Calcium: 9.22 mg/dL; Sodium: 143.0 mmol/L; Potassium: 5.14 mmol/L; Chloride: 107.0 mmol/L; Carbon Dioxide: 28.0 mmol/L; Total Cholesterol: 188.0 mg/dL; Triglycerides: 114.0 mg/dL; Low Density Lipoprotein Cholesterol: 96.0 mg/dL; High Density Lipoprotein Cholesterol: 69.0 mg/dL; Hemoglobin A1c/Hemoglobin.total in Blood: 5.9 %; Body Weight: 118.03 kg; Body Mass Index: 34.43 kg/m2; Systolic Blood Pressure: 170.0 mmHg; Glucose: 98.0 mg/dL; Calcium: 8.88 mg/dL; Sodium: 140.0 mmol/L; Potassium: 5.04 mmol/L; Chloride: 109.0 mmol/L. Immunizations: Influenza seasonal injectable preservative free.",1
194ff535-19ee-4ea9-9d5d-498cbf315daa,"Demographics: born 1974-10-04, gender F, race white, ethnicity polish. Encounters: Outpatient Encounter. Medications: 24 HR Metformin hydrochloride 500 MG Extended Release Oral Tablet; 3 ML liraglutide 6 MG/ML Pen Injector. Procedures: Documentation of current medications. Observations: Hemoglobin A1c/Hemoglobin.total in Blood: 8.7 %; Body Height: 167.06 cm; Body Weight: 113.7 kg; Body Mass Index: 40.74 kg/m2; Systolic Blood Pressure: 162.0 mmHg; Diastolic Blood Pressure: 92.0 mmHg; Glucose: 193.0 mg/dL; Urea Nitrogen: 16.0 mg/dL; Creatinine: 1.0 mg/dL; Calcium: 10.07 mg/dL; Sodium: 140.0 mmol/L; Potassium: 4.83 mmol/L; Chloride: 101.0 mmol/L; Carbon Dioxide: 26.0 mmol/L; Total Cholesterol: 257.0 mg/dL; Triglycerides: 281.0 mg/dL; Low Density Lipoprotein Cholesterol: 176.0 mg/dL; High Density Lipoprotein Cholesterol: 24.0 mg/dL; Microalbumin Creatine Ratio: 6.0 mg/g; Estimated Glomerular Filtration Rate: 60.0 mL/min/{1.73_m2}; Hemoglobin A1c/Hemoglobin.total in Blood: 9.3 %; Body Weight: 120.03 kg; Body Mass Index: 43.01 kg/m2; Systolic Blood Pressure: 186.0 mmHg; Diastolic Blood Pressure: 102.0 mmHg; Glucose: 138.0 mg/dL; Urea Nitrogen: 11.0 mg/dL; Calcium: 9.61 mg/dL; Sodium: 141.0 mmol/L; Potassium: 4.3 mmol/L; Chloride: 105.0 mmol/L; Carbon Dioxide: 27.0 mmol/L; Total Cholesterol: 253.0 mg/dL; Triglycerides: 340.0 mg/dL; Low Density Lipoprotein Cholesterol: 162.0 mg/dL; High Density Lipoprotein Cholesterol: 23.0 mg/dL; Microalbumin Creatine Ratio: 16.0 mg/g; Hemoglobin A1c/Hemoglobin.total in Blood: 9.1 %; Body Weight: 124.46 kg; Body Mass Index: 44.6 kg/m2. Immunizations: Influenza seasonal injectable preservative free; Td (adult) preservative free.",1
8bed5adc-5d8e-4295-8a70-4660b4b62901,"Demographics: born 1988-07-04, gender M, race hispanic, ethnicity mexican. Encounters: Encounter for symptom; Outpatient Encounter; Asthma follow-up. Medications: 120 ACTUAT Fluticasone propionate 0.044 MG/ACTUAT Metered Dose Inhaler; 200 ACTUAT Albuterol 0.09 MG/ACTUAT Metered Dose Inhaler; Penicillin V Potassium 250 MG; Amoxicillin 250 MG / Clavulanate 125 MG [Augmentin]; Acetaminophen 160 MG. Procedures: Nasal sinus endoscopy (procedure); Documentation of current medications; Measurement of respiratory function (procedure). Observations: Body Height: 178.79 cm; Body Weight: 72.18 kg; Body Mass Index: 22.58 kg/m2; Systolic Blood Pressure: 120.0 mmHg; Diastolic Blood Pressure: 87.0 mmHg; Body Weight: 76.62 kg; Body Mass Index: 23.97 kg/m2; Systolic Blood Pressure: 106.0 mmHg; Diastolic Blood Pressure: 79.0 mmHg. Immunizations: Influenza seasonal injectable preservative free; Td (adult) preservative free.",0
9e2a0c5b-1605-45a6-ba81-d29c253c9d4f,"Demographics: born 1952-06-27, gender M, race black, ethnicity dominican. Encounters: Outpatient Encounter; Encounter for 'check-up'; Encounter for symptom; Emergency Encounter. Medications: Acetaminophen 160 MG; Clopidogrel 75 MG Oral Tablet; Alteplase 1 MG/ML Injectable Solution. Procedures: Documentation of current medications; Colonoscopy; Fecal occult blood test; Rectal polypectomy; Measurement of respiratory function (procedure); Percutaneous mechanical thrombectomy of portal vein using fluoroscopic guidance. Observations: Body Height: 181.69 cm; Body Weight: 121.8 kg; Body Mass Index: 36.9 kg/m2; Systolic Blood Pressure: 196.0 mmHg; Diastolic Blood Pressure: 119.0 mmHg; Total Cholesterol: 182.0 mg/dL; Triglycerides: 111.0 mg/dL; Low Density Lipoprotein Cholesterol: 87.0 mg/dL; High Density Lipoprotein Cholesterol: 72.0 mg/dL; Estimated Glomerular Filtration Rate: 60.0 mL/min/{1.73_m2}; Systolic Blood Pressure: 145.0 mmHg; Diastolic Blood Pressure: 91.0 mmHg; Polyp size greatest dimension by CAP cancer protocols: 7.0 mm; Hemoglobin.gastrointestinal [Presence] in Stool by Immunologic method: 18.0 ng/mL; Body Weight: 120.3 kg; Body Mass Index: 36.44 kg/m2; Systolic Blood Pressure: 176.0 mmHg; Diastolic Blood Pressure: 96.0 mmHg; Body Weight: 118.92 kg; Body Mass Index: 36.02 kg/m2; Systolic Blood Pressure: 186.0 mmHg; Diastolic Blood Pressure: 93.0 mmHg; Total Cholesterol: 169.0 mg/dL; Triglycerides: 133.0 mg/dL; Low Density Lipoprotein Cholesterol: 79.0 mg/dL; High Density Lipoprotein Cholesterol: 63.0 mg/dL; Oral temperature: 38.0 Cel; Body Weight: 117.53 kg; Body Mass Index: 35.6 kg/m2; Systolic Blood Pressure: 155.0 mmHg; Diastolic Blood Pressure: 109.0 mmHg; Body Weight: 115.72 kg; Body Mass Index: 35.06 kg/m2; Systolic Blood Pressure: 156.0 mmHg; Body Weight: 114.66 kg; Body Mass Index: 34.73 kg/m2; Diastolic Blood Pressure: 113.0 mmHg; Total Cholesterol: 200.0 mg/dL; Triglycerides: 106.0 mg/dL; Low Density Lipoprotein Cholesterol: 110.0 mg/dL. Immunizations: Influenza seasonal injectable preservative free; zoster; Td (adult) preservative free.",1
fb6090e8-3538-4153-83fd-491ede75ba4a,"Demographics: born 1994-07-15, gender F, race white, ethnicity french. Encounters: Outpatient Encounter; Encounter for symptom; Prenatal initial visit; Prenatal visit; Obstetric emergency hospital admission. Procedures: Documentation of current medications; Standard pregnancy test; Augmentation of labor; Childbirth. Observations: Body Height: 166.11 cm; Body Weight: 54.18 kg; Body Mass Index: 19.64 kg/m2; Systolic Blood Pressure: 127.0 mmHg; Diastolic Blood Pressure: 87.0 mmHg; Body Height: 166.48 cm; Body Weight: 55.45 kg; Body Mass Index: 20.01 kg/m2; Systolic Blood Pressure: 118.0 mmHg; Body Height: 166.68 cm; Body Weight: 56.41 kg; Body Mass Index: 20.31 kg/m2; Systolic Blood Pressure: 121.0 mmHg; Diastolic Blood Pressure: 76.0 mmHg; Body Height: 166.81 cm; Body Weight: 57.43 kg; Body Mass Index: 20.64 kg/m2; Systolic Blood Pressure: 122.0 mmHg; Diastolic Blood Pressure: 70.0 mmHg; Body Height: 166.89 cm; Body Weight: 58.41 kg; Body Mass Index: 20.97 kg/m2; Diastolic Blood Pressure: 85.0 mmHg; Body Height: 166.91 cm; Body Weight: 59.74 kg; Body Mass Index: 21.44 kg/m2; Systolic Blood Pressure: 134.0 mmHg. Immunizations: Influenza seasonal injectable preservative free; meningococcal MCV4P.",0
1e1fc5bb-28ec-43ec-bb04-6eb3e240aaf4,"Demographics: born 1957-12-08, gender M, race white, ethnicity french. Encounters: Outpatient Encounter; Asthma follow-up; Encounter for symptom; Encounter for 'check-up'. Medications: 120 ACTUAT Fluticasone propionate 0.044 MG/ACTUAT Metered Dose Inhaler; 200 ACTUAT Albuterol 0.09 MG/ACTUAT Metered Dose Inhaler; Chlorpheniramine 2 MG Chewable Tablet; Penicillin V Potassium 250 MG; 24 HR Metformin hydrochloride 500 MG Extended Release Oral Tablet; Penicillin V Potassium 500 MG; Acetaminophen 160 MG. Procedures: Documentation of current medications; Colonoscopy; Sputum examination (procedure). Observations: Hemoglobin A1c/Hemoglobin.total in Blood: 8.3 %; Body Height: 170.96 cm; Body Weight: 114.78 kg; Body Mass Index: 39.27 kg/m2; Systolic Blood Pressure: 180.0 mmHg; Diastolic Blood Pressure: 113.0 mmHg; Glucose: 132.0 mg/dL; Urea Nitrogen: 13.0 mg/dL; Creatinine: 1.0 mg/dL; Calcium: 8.93 mg/dL; Sodium: 142.0 mmol/L; Potassium: 4.92 mmol/L; Chloride: 106.0 mmol/L; Carbon Dioxide: 28.0 mmol/L; Total Cholesterol: 245.0 mg/dL; Triglycerides: 487.0 mg/dL; Low Density Lipoprotein Cholesterol: 110.0 mg/dL; High Density Lipoprotein Cholesterol: 37.0 mg/dL; Microalbumin Creatine Ratio: 17.0 mg/g; Estimated Glomerular Filtration Rate: 60.0 mL/min/{1.73_m2}; Systolic Blood Pressure: 164.0 mmHg; Diastolic Blood Pressure: 91.0 mmHg; Glucose: 174.0 mg/dL; Urea Nitrogen: 10.0 mg/dL; Calcium: 9.83 mg/dL; Sodium: 143.0 mmol/L; Potassium: 4.68 mmol/L; Chloride: 108.0 mmol/L; Carbon Dioxide: 29.0 mmol/L; Total Cholesterol: 247.0 mg/dL; Triglycerides: 353.0 mg/dL; Low Density Lipoprotein Cholesterol: 156.0 mg/dL; High Density Lipoprotein Cholesterol: 20.0 mg/dL; Microalbumin Creatine Ratio: 1.0 mg/g; Systolic Blood Pressure: 148.0 mmHg; Glucose: 176.0 mg/dL; Urea Nitrogen: 20.0 mg/dL; Calcium: 9.74 mg/dL; Sodium: 137.0 mmol/L; Potassium: 5.1 mmol/L. Allergies: Allergy to peanuts; Allergy to nut; Allergy to grass pollen; Dander (animal) allergy; Allergy to mould; Allergy to bee venom. Immunizations: Influenza seasonal injectable preservative free.",1
5172bca6-f87a-4a27-9122-7f684227105f,"Demographics: born 1985-07-23, gender F, race white, ethnicity irish. Encounters: Prenatal initial visit; Prenatal visit; Outpatient Encounter; Obstetric emergency hospital admission; Encounter for symptom. Medications: Acetaminophen 160 MG. Procedures: Standard pregnancy test; Documentation of current medications; Childbirth; Episiotomy; Cesarean section; Measurement of respiratory function (procedure). Observations: Body Height: 170.97 cm; Body Weight: 72.41 kg; Body Mass Index: 24.77 kg/m2; Systolic Blood Pressure: 104.0 mmHg; Diastolic Blood Pressure: 73.0 mmHg; Body Weight: 76.65 kg; Body Mass Index: 26.22 kg/m2. Immunizations: Influenza seasonal injectable preservative free.",0
a1a2061c-e016-47eb-b155-e1868477da7b,"Demographics: born 1942-11-22, gender F, race black, ethnicity west_indian.",0
1eb94b38-f9fc-40f3-af4e-1962847f7927,"Demographics: born 1971-06-30, gender M, race white, ethnicity italian. Encounters: Emergency room admission; Outpatient Encounter; Encounter for symptom. Medications: Ibuprofen 200 MG Oral Tablet. Procedures: Suture open wound; Documentation of current medications. Observations: Hemoglobin A1c/Hemoglobin.total in Blood: 5.9 %; Body Height: 169.91 cm; Body Weight: 101.71 kg; Body Mass Index: 35.23 kg/m2; Systolic Blood Pressure: 191.0 mmHg; Diastolic Blood Pressure: 94.0 mmHg; Glucose: 66.0 mg/dL; Urea Nitrogen: 19.0 mg/dL; Creatinine: 1.0 mg/dL; Calcium: 9.78 mg/dL; Sodium: 141.0 mmol/L; Potassium: 4.67 mmol/L; Chloride: 102.0 mmol/L; Carbon Dioxide: 20.0 mmol/L; Total Cholesterol: 168.0 mg/dL; Triglycerides: 104.0 mg/dL; Low Density Lipoprotein Cholesterol: 84.0 mg/dL; High Density Lipoprotein Cholesterol: 63.0 mg/dL; Estimated Glomerular Filtration Rate: 60.0 mL/min/{1.73_m2}; Hemoglobin A1c/Hemoglobin.total in Blood: 6.3 %; Body Weight: 104.32 kg; Body Mass Index: 36.13 kg/m2; Systolic Blood Pressure: 149.0 mmHg; Diastolic Blood Pressure: 91.0 mmHg; Glucose: 75.0 mg/dL; Urea Nitrogen: 8.0 mg/dL; Calcium: 8.97 mg/dL; Sodium: 143.0 mmol/L; Potassium: 4.32 mmol/L; Chloride: 106.0 mmol/L; Carbon Dioxide: 21.0 mmol/L; Hemoglobin A1c/Hemoglobin.total in Blood: 6.0 %; Body Weight: 107.41 kg; Body Mass Index: 37.21 kg/m2; Systolic Blood Pressure: 192.0 mmHg; Diastolic Blood Pressure: 104.0 mmHg; Glucose: 87.0 mg/dL; Urea Nitrogen: 11.0 mg/dL; Calcium: 8.79 mg/dL; Sodium: 140.0 mmol/L. Immunizations: Influenza seasonal injectable preservative free; Td (adult) preservative free.",1
aedf189b-f56d-438f-98ca-e86eef5b431e,"Demographics: born 1948-04-07, gender M, race white, ethnicity english. Encounters: Outpatient Encounter; Encounter for 'check-up'; Encounter for symptom. Medications: Penicillin V Potassium 250 MG; Penicillin V Potassium 500 MG; Amoxicillin 250 MG / Clavulanate 125 MG [Augmentin]; Clopidogrel 75 MG Oral Tablet; Simvastatin 20 MG Oral Tablet; Amlodipine 5 MG Oral Tablet; Nitroglycerin 0.4 MG/ACTUAT [Nitrolingual]. Procedures: Documentation of current medications; Colonoscopy. Observations: Hemoglobin A1c/Hemoglobin.total in Blood: 5.8 %; Body Height: 174.5 cm; Body Weight: 116.39 kg; Body Mass Index: 38.22 kg/m2; Systolic Blood Pressure: 124.0 mmHg; Diastolic Blood Pressure: 72.0 mmHg; Glucose: 71.0 mg/dL; Urea Nitrogen: 15.0 mg/dL; Creatinine: 1.0 mg/dL; Calcium: 10.17 mg/dL; Sodium: 137.0 mmol/L; Potassium: 4.79 mmol/L; Chloride: 108.0 mmol/L; Carbon Dioxide: 28.0 mmol/L; Total Cholesterol: 181.0 mg/dL; Triglycerides: 128.0 mg/dL; Low Density Lipoprotein Cholesterol: 86.0 mg/dL; High Density Lipoprotein Cholesterol: 69.0 mg/dL; Hemoglobin A1c/Hemoglobin.total in Blood: 6.1 %; Body Weight: 114.99 kg; Body Mass Index: 37.76 kg/m2; Systolic Blood Pressure: 121.0 mmHg; Diastolic Blood Pressure: 79.0 mmHg; Glucose: 69.0 mg/dL; Urea Nitrogen: 18.0 mg/dL; Calcium: 9.16 mg/dL; Potassium: 4.12 mmol/L; Carbon Dioxide: 29.0 mmol/L; Hemoglobin A1c/Hemoglobin.total in Blood: 6.2 %; Body Weight: 113.96 kg; Body Mass Index: 37.42 kg/m2; Systolic Blood Pressure: 105.0 mmHg; Diastolic Blood Pressure: 87.0 mmHg; Glucose: 78.0 mg/dL; Urea Nitrogen: 11.0 mg/dL; Calcium: 9.35 mg/dL; Sodium: 142.0 mmol/L; Potassium: 5.12 mmol/L; Carbon Dioxide: 20.0 mmol/L; Hemoglobin A1c/Hemoglobin.total in Blood: 6.0 %. Immunizations: Influenza seasonal injectable preservative free; Pneumococcal conjugate PCV 13; pneumococcal polysaccharide vaccine 23 valent.",0
ef880fae-a483-44df-aa7d-1977902e06c1,"Demographics: born 1961-07-11, gender M, race white, ethnicity french. Encounters: Encounter for 'check-up'; Outpatient Encounter; Encounter for symptom. Medications: Acetaminophen 160 MG. Procedures: Colonoscopy; Documentation of current medications. Observations: Hemoglobin A1c/Hemoglobin.total in Blood: 6.3 %; Body Height: 165.88 cm; Body Weight: 148.67 kg; Body Mass Index: 54.03 kg/m2; Systolic Blood Pressure: 144.0 mmHg; Diastolic Blood Pressure: 115.0 mmHg; Glucose: 94.0 mg/dL; Urea Nitrogen: 7.0 mg/dL; Creatinine: 1.0 mg/dL; Calcium: 9.72 mg/dL; Sodium: 141.0 mmol/L; Potassium: 5.09 mmol/L; Chloride: 102.0 mmol/L; Carbon Dioxide: 24.0 mmol/L; Total Cholesterol: 166.0 mg/dL; Triglycerides: 145.0 mg/dL; Low Density Lipoprotein Cholesterol: 78.0 mg/dL; High Density Lipoprotein Cholesterol: 59.0 mg/dL; Estimated Glomerular Filtration Rate: 60.0 mL/min/{1.73_m2}; Hemoglobin A1c/Hemoglobin.total in Blood: 5.8 %; Systolic Blood Pressure: 193.0 mmHg; Diastolic Blood Pressure: 114.0 mmHg; Glucose: 65.0 mg/dL; Urea Nitrogen: 16.0 mg/dL; Calcium: 9.5 mg/dL; Sodium: 144.0 mmol/L; Potassium: 4.49 mmol/L; Chloride: 107.0 mmol/L; Carbon Dioxide: 28.0 mmol/L; Hemoglobin A1c/Hemoglobin.total in Blood: 6.0 %; Systolic Blood Pressure: 167.0 mmHg; Diastolic Blood Pressure: 102.0 mmHg; Glucose: 93.0 mg/dL; Urea Nitrogen: 12.0 mg/dL; Calcium: 9.15 mg/dL; Potassium: 4.13 mmol/L; Chloride: 110.0 mmol/L; Carbon Dioxide: 29.0 mmol/L; Hemoglobin A1c/Hemoglobin.total in Blood: 6.1 %; Systolic Blood Pressure: 140.0 mmHg. Immunizations: Influenza seasonal injectable preservative free; Td (adult) preservative free.",1
70fdcdb0-4d01-4bba-92d0-4fc04269211d,"Demographics: born 1978-11-11, gender M, race white, ethnicity german. Encounters: Outpatient Encounter; Encounter for symptom; Emergency room admission; Encounter for 'check-up'; Drug rehabilitation and detoxification; Drug addiction therapy. Medications: Acetaminophen 325 MG / oxyCODONE Hydrochloride 5 MG Oral Tablet; Naproxen sodium 220 MG Oral Tablet. Procedures: Documentation of current medications; Bone immobilization. Observations: Body Height: 190.18 cm; Body Weight: 115.12 kg; Body Mass Index: 31.83 kg/m2; Systolic Blood Pressure: 114.0 mmHg; Diastolic Blood Pressure: 73.0 mmHg; Total Cholesterol: 199.0 mg/dL; Triglycerides: 123.0 mg/dL; Low Density Lipoprotein Cholesterol: 104.0 mg/dL; High Density Lipoprotein Cholesterol: 70.0 mg/dL; Oral temperature: 37.0 Cel; Body Weight: 118.11 kg; Body Mass Index: 32.65 kg/m2; Systolic Blood Pressure: 113.0 mmHg; Diastolic Blood Pressure: 87.0 mmHg; Body Weight: 122.19 kg; Body Mass Index: 33.78 kg/m2; Systolic Blood Pressure: 104.0 mmHg; Diastolic Blood Pressure: 82.0 mmHg; Total Cholesterol: 197.0 mg/dL; Triglycerides: 109.0 mg/dL; Low Density Lipoprotein Cholesterol: 114.0 mg/dL; High Density Lipoprotein Cholesterol: 61.0 mg/dL. Immunizations: Influenza seasonal injectable preservative free; Td (adult) preservative free.",0
7f20fc37-13d2-461a-b339-8197cdb46166,"Demographics: born 1931-06-01, gender F, race white, ethnicity american.",0
7208b20e-d187-4920-bc9c-b725daeeb028,"Demographics: born 1956-07-06, gender M, race white, ethnicity english. Encounters: Outpatient Encounter; Encounter for symptom. Medications: Acetaminophen 160 MG; Amoxicillin 250 MG / Clavulanate 125 MG [Augmentin]; Penicillin V Potassium 500 MG; Amoxicillin 500 MG Oral Tablet; Ibuprofen 200 MG Oral Tablet. Procedures: Documentation of current medications; Throat culture (procedure). Observations: Hemoglobin A1c/Hemoglobin.total in Blood: 6.0 %; Body Height: 181.19 cm; Body Weight: 115.09 kg; Body Mass Index: 35.06 kg/m2; Systolic Blood Pressure: 109.0 mmHg; Diastolic Blood Pressure: 73.0 mmHg; Glucose: 98.0 mg/dL; Urea Nitrogen: 9.0 mg/dL; Creatinine: 1.0 mg/dL; Calcium: 10.04 mg/dL; Sodium: 140.0 mmol/L; Potassium: 3.77 mmol/L; Chloride: 107.0 mmol/L; Carbon Dioxide: 26.0 mmol/L; Total Cholesterol: 197.0 mg/dL; Triglycerides: 106.0 mg/dL; Low Density Lipoprotein Cholesterol: 103.0 mg/dL; High Density Lipoprotein Cholesterol: 72.0 mg/dL; Hemoglobin A1c/Hemoglobin.total in Blood: 6.2 %; Systolic Blood Pressure: 137.0 mmHg; Diastolic Blood Pressure: 75.0 mmHg; Glucose: 88.0 mg/dL; Urea Nitrogen: 18.0 mg/dL; Calcium: 8.73 mg/dL; Sodium: 142.0 mmol/L; Potassium: 3.95 mmol/L; Chloride: 102.0 mmol/L; Carbon Dioxide: 21.0 mmol/L; Hemoglobin A1c/Hemoglobin.total in Blood: 6.1 %; Systolic Blood Pressure: 127.0 mmHg; Diastolic Blood Pressure: 84.0 mmHg; Urea Nitrogen: 16.0 mg/dL; Calcium: 9.96 mg/dL; Potassium: 3.98 mmol/L; Carbon Dioxide: 20.0 mmol/L; Hemoglobin A1c/Hemoglobin.total in Blood: 6.4 %; Systolic Blood Pressure: 107.0 mmHg; Diastolic Blood Pressure: 81.0 mmHg; Glucose: 95.0 mg/dL; Urea Nitrogen: 20.0 mg/dL. Immunizations: Influenza seasonal injectable preservative free; zoster.",0
4959639c-c2ab-493a-9e39-d7783c319dcd,"Demographics: born 1956-10-03, gender M, race white, ethnicity italian. Encounters: Encounter for symptom; Outpatient Encounter; Encounter for 'check-up'; Emergency room admission. Medications: Ibuprofen 200 MG Oral Tablet; Acetaminophen 160 MG. Procedures: Colonoscopy; Suture open wound; Documentation of current medications. Observations: Body Height: 180.46 cm; Body Weight: 125.35 kg; Body Mass Index: 38.49 kg/m2; Systolic Blood Pressure: 195.0 mmHg; Diastolic Blood Pressure: 119.0 mmHg; Estimated Glomerular Filtration Rate: 60.0 mL/min/{1.73_m2}; Oral temperature: 37.0 Cel; Systolic Blood Pressure: 177.0 mmHg; Diastolic Blood Pressure: 118.0 mmHg; Total Cholesterol: 167.0 mg/dL; Triglycerides: 134.0 mg/dL; Low Density Lipoprotein Cholesterol: 81.0 mg/dL; High Density Lipoprotein Cholesterol: 59.0 mg/dL; Systolic Blood Pressure: 145.0 mmHg; Diastolic Blood Pressure: 97.0 mmHg; Systolic Blood Pressure: 160.0 mmHg; Diastolic Blood Pressure: 103.0 mmHg; Systolic Blood Pressure: 141.0 mmHg; Diastolic Blood Pressure: 105.0 mmHg; Systolic Blood Pressure: 164.0 mmHg; Diastolic Blood Pressure: 98.0 mmHg; Total Cholesterol: 183.0 mg/dL; Triglycerides: 116.0 mg/dL; High Density Lipoprotein Cholesterol: 78.0 mg/dL; Systolic Blood Pressure: 172.0 mmHg; Diastolic Blood Pressure: 94.0 mmHg. Immunizations: Influenza seasonal injectable preservative free.",1
c802bd67-d3c8-44ea-8661-54828767aa95,"Demographics: born 1923-11-28, gender M, race white, ethnicity italian.",0
3a67d90e-f322-41e5-989f-213683971ee7,"Demographics: born 1986-05-11, gender M, race white, ethnicity french. Encounters: Encounter for symptom; Outpatient Encounter; Emergency room admission. Medications: Penicillin V Potassium 250 MG; Ibuprofen 200 MG Oral Tablet. Procedures: Documentation of current medications. Observations: Body Height: 175.48 cm; Body Weight: 71.19 kg; Body Mass Index: 23.12 kg/m2; Systolic Blood Pressure: 105.0 mmHg; Diastolic Blood Pressure: 78.0 mmHg; Body Weight: 76.09 kg; Body Mass Index: 24.71 kg/m2; Systolic Blood Pressure: 117.0 mmHg. Immunizations: Influenza seasonal injectable preservative free.",0
53b87f90-3007-47ca-8189-84313f22ad23,"Demographics: born 1994-03-26, gender F, race white, ethnicity irish. Encounters: Outpatient Encounter; Encounter for symptom; Emergency room admission; Encounter for 'check-up'. Medications: Penicillin V Potassium 250 MG; Seasonique 91 Day Pack; Amoxicillin 500 MG Oral Tablet; Acetaminophen 325 MG Oral Tablet; Naproxen sodium 220 MG Oral Tablet. Procedures: Documentation of current medications; Suture open wound. Observations: Body Height: 167.34 cm; Body Weight: 56.06 kg; Body Mass Index: 20.02 kg/m2; Systolic Blood Pressure: 137.0 mmHg; Diastolic Blood Pressure: 83.0 mmHg; Body Height: 167.55 cm; Body Weight: 57.03 kg; Body Mass Index: 20.32 kg/m2; Systolic Blood Pressure: 105.0 mmHg; Diastolic Blood Pressure: 75.0 mmHg; Body Height: 167.7 cm; Body Weight: 58.26 kg; Body Mass Index: 20.72 kg/m2; Systolic Blood Pressure: 112.0 mmHg; Diastolic Blood Pressure: 80.0 mmHg; Body Height: 167.78 cm; Body Weight: 59.24 kg; Body Mass Index: 21.04 kg/m2; Systolic Blood Pressure: 129.0 mmHg; Diastolic Blood Pressure: 77.0 mmHg; Body Height: 167.79 cm; Body Weight: 60.76 kg; Body Mass Index: 21.58 kg/m2; Systolic Blood Pressure: 115.0 mmHg; Oral temperature: 38.0 Cel. Immunizations: Influenza seasonal injectable preservative free; meningococcal MCV4P.",0
9451ed81-0dc0-458a-9fb4-40065065c9b7,"Demographics: born 1959-05-17, gender F, race asian, ethnicity chinese. Encounters: Encounter for symptom; Outpatient Encounter; Emergency room admission; Encounter for 'check-up'. Medications: Amoxicillin 250 MG / Clavulanate 125 MG [Augmentin]; Acetaminophen 160 MG; Nitrofurantoin 5 MG/ML [Furadantin]; Phenazopyridine hydrochloride 100 MG [Pyridium]; Ibuprofen 200 MG Oral Tablet. Procedures: Measurement of respiratory function (procedure); Documentation of current medications; Suture open wound; Injection of tetanus antitoxin; Colonoscopy. Observations: Hemoglobin A1c/Hemoglobin.total in Blood: 6.3 %; Body Height: 160.93 cm; Body Weight: 112.43 kg; Body Mass Index: 43.41 kg/m2; Systolic Blood Pressure: 148.0 mmHg; Diastolic Blood Pressure: 110.0 mmHg; Glucose: 97.0 mg/dL; Urea Nitrogen: 13.0 mg/dL; Creatinine: 1.0 mg/dL; Calcium: 9.52 mg/dL; Sodium: 142.0 mmol/L; Potassium: 4.55 mmol/L; Chloride: 101.0 mmol/L; Carbon Dioxide: 28.0 mmol/L; Estimated Glomerular Filtration Rate: 60.0 mL/min/{1.73_m2}; Hemoglobin A1c/Hemoglobin.total in Blood: 6.0 %; Systolic Blood Pressure: 198.0 mmHg; Diastolic Blood Pressure: 109.0 mmHg; Glucose: 65.0 mg/dL; Urea Nitrogen: 9.0 mg/dL; Calcium: 9.89 mg/dL; Sodium: 144.0 mmol/L; Potassium: 4.15 mmol/L; Chloride: 104.0 mmol/L; Carbon Dioxide: 26.0 mmol/L; Hemoglobin A1c/Hemoglobin.total in Blood: 6.2 %; Systolic Blood Pressure: 150.0 mmHg; Diastolic Blood Pressure: 98.0 mmHg; Glucose: 67.0 mg/dL; Urea Nitrogen: 14.0 mg/dL; Calcium: 9.81 mg/dL; Sodium: 143.0 mmol/L; Potassium: 3.77 mmol/L; Chloride: 108.0 mmol/L; Carbon Dioxide: 22.0 mmol/L; Total Cholesterol: 186.0 mg/dL; Triglycerides: 108.0 mg/dL; Low Density Lipoprotein Cholesterol: 87.0 mg/dL; High Density Lipoprotein Cholesterol: 77.0 mg/dL; Estimated Glomerular Filtration Rate: 59.0 mL/min/{1.73_m2}. Immunizations: Influenza seasonal injectable preservative free.",1
20eebebe-978d-4bbc-a209-7c54a601ecaf,"Demographics: born 2013-01-10, gender M, race white, ethnicity irish. Encounters: Outpatient Encounter; Encounter for symptom. Medications: Ibuprofen 100 MG Oral Tablet. Procedures: Documentation of current medications. Observations: Body Height: 58.68 cm; Body Weight: 3.61 kg; Systolic Blood Pressure: 102.0 mmHg; Diastolic Blood Pressure: 73.0 mmHg; Body Height: 61.67 cm; Body Weight: 4.34 kg; Systolic Blood Pressure: 112.0 mmHg; Body Height: 66.33 cm; Body Weight: 5.58 kg; Systolic Blood Pressure: 100.0 mmHg; Diastolic Blood Pressure: 84.0 mmHg; Body Height: 70.05 cm; Body Weight: 6.56 kg; Systolic Blood Pressure: 132.0 mmHg; Body Height: 74.65 cm; Body Weight: 7.7 kg; Systolic Blood Pressure: 104.0 mmHg; Diastolic Blood Pressure: 80.0 mmHg; Body Height: 77.31 cm; Body Weight: 8.28 kg; Systolic Blood Pressure: 115.0 mmHg; Diastolic Blood Pressure: 83.0 mmHg; Body Height: 81.96 cm; Body Weight: 9.16 kg; Systolic Blood Pressure: 110.0 mmHg; Diastolic Blood Pressure: 77.0 mmHg; Body Height: 85.04 cm; Body Weight: 9.66 kg; Systolic Blood Pressure: 109.0 mmHg; Diastolic Blood Pressure: 85.0 mmHg; Body Height: 90.5 cm; Body Weight: 10.56 kg; Body Mass Index: 12.89 kg/m2; Systolic Blood Pressure: 131.0 mmHg; Body Height: 95.08 cm; Body Weight: 11.24 kg; Body Mass Index: 12.43 kg/m2; Diastolic Blood Pressure: 81.0 mmHg; Body Height: 99.74 cm; Body Weight: 12.06 kg. Immunizations: Hep B adolescent or pediatric; rotavirus monovalent; DTaP; Hib (PRP-OMP); Pneumococcal conjugate PCV 13; IPV; Influenza seasonal injectable preservative free; MMR; varicella; Hep A ped/adol 2 dose.",0
fdbf8c1c-32b7-43d9-898d-33a4dbdb7d70,"Demographics: born 1959-03-30, gender F, race hispanic, ethnicity puerto_rican. Encounters: Encounter for symptom; Outpatient Encounter. Medications: Acetaminophen 160 MG. Procedures: Documentation of current medications; Measurement of respiratory function (procedure). Observations: Hemoglobin A1c/Hemoglobin.total in Blood: 6.1 %; Body Height: 160.86 cm; Body Weight: 91.5 kg; Body Mass Index: 35.36 kg/m2; Systolic Blood Pressure: 169.0 mmHg; Diastolic Blood Pressure: 91.0 mmHg; Glucose: 66.0 mg/dL; Urea Nitrogen: 9.0 mg/dL; Creatinine: 1.0 mg/dL; Calcium: 9.64 mg/dL; Sodium: 138.0 mmol/L; Potassium: 4.42 mmol/L; Chloride: 106.0 mmol/L; Carbon Dioxide: 22.0 mmol/L; Estimated Glomerular Filtration Rate: 60.0 mL/min/{1.73_m2}; Hemoglobin A1c/Hemoglobin.total in Blood: 5.9 %; Systolic Blood Pressure: 154.0 mmHg; Diastolic Blood Pressure: 97.0 mmHg; Glucose: 93.0 mg/dL; Urea Nitrogen: 16.0 mg/dL; Calcium: 10.11 mg/dL; Sodium: 143.0 mmol/L; Potassium: 3.74 mmol/L; Chloride: 103.0 mmol/L; Carbon Dioxide: 29.0 mmol/L; Hemoglobin A1c/Hemoglobin.total in Blood: 5.8 %; Systolic Blood Pressure: 179.0 mmHg; Diastolic Blood Pressure: 100.0 mmHg; Glucose: 71.0 mg/dL; Urea Nitrogen: 7.0 mg/dL; Calcium: 8.96 mg/dL; Sodium: 142.0 mmol/L; Potassium: 4.08 mmol/L; Chloride: 107.0 mmol/L; Carbon Dioxide: 24.0 mmol/L; Total Cholesterol: 165.0 mg/dL; Triglycerides: 143.0 mg/dL; Low Density Lipoprotein Cholesterol: 57.0 mg/dL; High Density Lipoprotein Cholesterol: 79.0 mg/dL; Hemoglobin A1c/Hemoglobin.total in Blood: 6.2 %. Immunizations: Influenza seasonal injectable preservative free; Td (adult) preservative free.",1
3973cfee-ae30-442c-bf26-f7a52f7fa07d,"Demographics: born 1955-12-06, gender F, race white, ethnicity german. Encounters: Outpatient Encounter; Encounter for 'check-up'; Encounter for symptom. Medications: Penicillin V Potassium 250 MG; Alendronic acid 10 MG [Fosamax]. Procedures: Colonoscopy; Documentation of current medications; Bone density scan (procedure). Observations: Hemoglobin A1c/Hemoglobin.total in Blood: 6.3 %; Body Height: 158.66 cm; Body Weight: 106.41 kg; Body Mass Index: 42.27 kg/m2; Systolic Blood Pressure: 173.0 mmHg; Diastolic Blood Pressure: 111.0 mmHg; Glucose: 64.0 mg/dL; Urea Nitrogen: 8.0 mg/dL; Creatinine: 1.0 mg/dL; Calcium: 9.63 mg/dL; Sodium: 142.0 mmol/L; Potassium: 4.67 mmol/L; Chloride: 111.0 mmol/L; Carbon Dioxide: 28.0 mmol/L; Total Cholesterol: 168.0 mg/dL; Triglycerides: 114.0 mg/dL; Low Density Lipoprotein Cholesterol: 69.0 mg/dL; High Density Lipoprotein Cholesterol: 76.0 mg/dL; Estimated Glomerular Filtration Rate: 60.0 mL/min/{1.73_m2}; Hemoglobin A1c/Hemoglobin.total in Blood: 5.9 %; Systolic Blood Pressure: 176.0 mmHg; Diastolic Blood Pressure: 90.0 mmHg; Glucose: 99.0 mg/dL; Urea Nitrogen: 14.0 mg/dL; Calcium: 10.13 mg/dL; Sodium: 141.0 mmol/L; Potassium: 5.12 mmol/L; Chloride: 106.0 mmol/L; Carbon Dioxide: 23.0 mmol/L; Systolic Blood Pressure: 164.0 mmHg; Diastolic Blood Pressure: 96.0 mmHg; Glucose: 67.0 mg/dL; Urea Nitrogen: 19.0 mg/dL; Calcium: 8.68 mg/dL; Sodium: 143.0 mmol/L; Potassium: 4.68 mmol/L; Chloride: 101.0 mmol/L; Carbon Dioxide: 26.0 mmol/L; Systolic Blood Pressure: 141.0 mmHg; Diastolic Blood Pressure: 99.0 mmHg. Immunizations: Influenza seasonal injectable preservative free; zoster; Td (adult) preservative free.",1
ef4de127-b799-49ad-8010-06b7b60ec272,"Demographics: born 1955-09-04, gender F, race white, ethnicity irish. Encounters: Outpatient Encounter; Encounter for 'check-up'; Emergency room admission. Medications: Penicillin V Potassium 250 MG; Penicillin V Potassium 500 MG; Ibuprofen 200 MG Oral Tablet. Procedures: Colonoscopy; Suture open wound; Documentation of current medications. Observations: Body Height: 158.63 cm; Body Weight: 95.31 kg; Body Mass Index: 37.88 kg/m2; Systolic Blood Pressure: 100.0 mmHg; Diastolic Blood Pressure: 70.0 mmHg; Systolic Blood Pressure: 124.0 mmHg; Diastolic Blood Pressure: 71.0 mmHg; Systolic Blood Pressure: 127.0 mmHg; Diastolic Blood Pressure: 88.0 mmHg; Systolic Blood Pressure: 116.0 mmHg; Diastolic Blood Pressure: 77.0 mmHg; Total Cholesterol: 176.0 mg/dL; Triglycerides: 112.0 mg/dL; Low Density Lipoprotein Cholesterol: 93.0 mg/dL; High Density Lipoprotein Cholesterol: 60.0 mg/dL; Diastolic Blood Pressure: 80.0 mmHg; Systolic Blood Pressure: 105.0 mmHg; Diastolic Blood Pressure: 72.0 mmHg; Body Weight: 93.73 kg; Body Mass Index: 37.25 kg/m2; Systolic Blood Pressure: 112.0 mmHg; Diastolic Blood Pressure: 83.0 mmHg; Total Cholesterol: 164.0 mg/dL; Triglycerides: 123.0 mg/dL; Low Density Lipoprotein Cholesterol: 74.0 mg/dL; High Density Lipoprotein Cholesterol: 65.0 mg/dL. Immunizations: Influenza seasonal injectable preservative free; zoster.",0
c2bbca7e-e978-48e2-8ca6-5b4a0f023b80,"Demographics: born 1928-03-27, gender M, race white, ethnicity italian. Encounters: Outpatient Encounter; Death Certification. Medications: Fluticasone propionate 0.25 MG/ACTUAT / salmeterol 0.05 MG/ACTUAT [Advair]. Procedures: Spirometry (procedure); Pulmonary rehabilitation (regime/therapy); Documentation of current medications. Observations: FEV1/​FVC: 20.0 %; Body Height: 173.47 cm; Body Weight: 73.23 kg; Body Mass Index: 24.34 kg/m2; Systolic Blood Pressure: 106.0 mmHg; Diastolic Blood Pressure: 82.0 mmHg; FEV1/​FVC: 29.0 %; Body Weight: 71.7 kg; Body Mass Index: 23.83 kg/m2; Systolic Blood Pressure: 103.0 mmHg; Diastolic Blood Pressure: 78.0 mmHg; Total Cholesterol: 167.0 mg/dL; Triglycerides: 129.0 mg/dL; Low Density Lipoprotein Cholesterol: 66.0 mg/dL; High Density Lipoprotein Cholesterol: 75.0 mg/dL; FEV1/​FVC: 11.0 %; Chronic obstructive bronchitis (disorder); Body Weight: 70.09 kg; Body Mass Index: 23.29 kg/m2; Systolic Blood Pressure: 129.0 mmHg; Diastolic Blood Pressure: 73.0 mmHg. Immunizations: Influenza seasonal injectable preservative free.",0
9bc76bb0-c53f-411b-8d19-e7141282f71a,"Demographics: born 1948-04-02, gender M, race white, ethnicity portuguese. Encounters: Outpatient Encounter; Encounter for 'check-up'; Encounter for symptom. Medications: Hydrocortisone 10 MG/ML Topical Cream; diphenhydrAMINE Hydrochloride 25 MG Oral Tablet; Fluticasone propionate 0.25 MG/ACTUAT / salmeterol 0.05 MG/ACTUAT [Advair]; Acetaminophen 160 MG. Procedures: Spirometry (procedure); Colonoscopy; Pulmonary rehabilitation (regime/therapy); Documentation of current medications; Measurement of respiratory function (procedure). Observations: FEV1/​FVC: 44.0 %; Body Height: 179.76 cm; Body Weight: 113.06 kg; Body Mass Index: 34.99 kg/m2; Systolic Blood Pressure: 181.0 mmHg; Diastolic Blood Pressure: 90.0 mmHg; Estimated Glomerular Filtration Rate: 60.0 mL/min/{1.73_m2}; FEV1/​FVC: 49.0 %; Body Weight: 111.95 kg; Body Mass Index: 34.64 kg/m2; Systolic Blood Pressure: 159.0 mmHg; Diastolic Blood Pressure: 107.0 mmHg; FEV1/​FVC: 29.0 %; Body Weight: 110.37 kg; Body Mass Index: 34.15 kg/m2; Systolic Blood Pressure: 148.0 mmHg; Diastolic Blood Pressure: 101.0 mmHg; Total Cholesterol: 176.0 mg/dL; Triglycerides: 105.0 mg/dL; Low Density Lipoprotein Cholesterol: 91.0 mg/dL; High Density Lipoprotein Cholesterol: 64.0 mg/dL; Oral temperature: 38.0 Cel; FEV1/​FVC: 20.0 %; Body Weight: 108.62 kg; Body Mass Index: 33.61 kg/m2; Systolic Blood Pressure: 149.0 mmHg; Diastolic Blood Pressure: 98.0 mmHg; FEV1/​FVC: 12.0 %; Body Weight: 106.67 kg; Body Mass Index: 33.01 kg/m2; FEV1/​FVC: 23.0 %; Body Weight: 104.72 kg; Body Mass Index: 32.41 kg/m2; Systolic Blood Pressure: 188.0 mmHg; Diastolic Blood Pressure: 97.0 mmHg; Total Cholesterol: 185.0 mg/dL; Triglycerides: 132.0 mg/dL; Low Density Lipoprotein Cholesterol: 86.0 mg/dL; High Density Lipoprotein Cholesterol: 72.0 mg/dL; Body Weight: 102.86 kg. Immunizations: Influenza seasonal injectable preservative free; Pneumococcal conjugate PCV 13; pneumococcal polysaccharide vaccine 23 valent.",1
e191ff10-d562-4d2d-80e6-5ebe56840ecc,"Demographics: born 1943-01-02, gender M, race white, ethnicity french_canadian. Encounters: Death Certification. Medications: Penicillin V Potassium 250 MG; Penicillin V Potassium 500 MG. Observations: Non-small cell lung cancer (disorder).",1
5ca997b7-cab5-46a3-9f8b-a7319022e2d2,"Demographics: born 1955-08-21, gender M, race hispanic, ethnicity puerto_rican. Encounters: Encounter for 'check-up'; Outpatient Encounter. Medications: Penicillin V Potassium 250 MG; Clopidogrel 75 MG Oral Tablet; Simvastatin 20 MG Oral Tablet; Amlodipine 5 MG Oral Tablet; Nitroglycerin 0.4 MG/ACTUAT [Nitrolingual]; Alendronic acid 10 MG [Fosamax]. Procedures: Colonoscopy; Documentation of current medications; Bone density scan (procedure). Observations: Hemoglobin A1c/Hemoglobin.total in Blood: 6.0 %; Body Height: 169.61 cm; Body Weight: 114.35 kg; Body Mass Index: 39.75 kg/m2; Systolic Blood Pressure: 176.0 mmHg; Diastolic Blood Pressure: 93.0 mmHg; Glucose: 85.0 mg/dL; Urea Nitrogen: 14.0 mg/dL; Creatinine: 1.0 mg/dL; Calcium: 9.27 mg/dL; Sodium: 144.0 mmol/L; Potassium: 4.07 mmol/L; Chloride: 108.0 mmol/L; Carbon Dioxide: 23.0 mmol/L; Estimated Glomerular Filtration Rate: 60.0 mL/min/{1.73_m2}; Hemoglobin A1c/Hemoglobin.total in Blood: 6.3 %; Systolic Blood Pressure: 165.0 mmHg; Diastolic Blood Pressure: 98.0 mmHg; Glucose: 95.0 mg/dL; Urea Nitrogen: 15.0 mg/dL; Calcium: 9.23 mg/dL; Potassium: 3.72 mmol/L; Chloride: 110.0 mmol/L; Carbon Dioxide: 20.0 mmol/L; Total Cholesterol: 173.0 mg/dL; Triglycerides: 117.0 mg/dL; Low Density Lipoprotein Cholesterol: 75.0 mg/dL; High Density Lipoprotein Cholesterol: 74.0 mg/dL; Systolic Blood Pressure: 182.0 mmHg; Diastolic Blood Pressure: 95.0 mmHg; Urea Nitrogen: 8.0 mg/dL; Calcium: 8.76 mg/dL; Sodium: 137.0 mmol/L; Potassium: 5.06 mmol/L; Chloride: 106.0 mmol/L; Carbon Dioxide: 25.0 mmol/L; Hemoglobin A1c/Hemoglobin.total in Blood: 6.1 %; Systolic Blood Pressure: 175.0 mmHg; Diastolic Blood Pressure: 115.0 mmHg; Glucose: 87.0 mg/dL. Immunizations: Influenza seasonal injectable preservative free; zoster; Td (adult) preservative free.",1
cbf1dbc2-a54d-4e90-975c-7a3a659444d0,"Demographics: born 1945-11-06, gender F, race white, ethnicity german. Encounters: Death Certification. Medications: Hydrocortisone 10 MG/ML Topical Cream; diphenhydrAMINE Hydrochloride 25 MG Oral Tablet; Penicillin V Potassium 500 MG; Fluticasone propionate 0.25 MG/ACTUAT / salmeterol 0.05 MG/ACTUAT [Advair].",1
5f9a05ba-7c8f-408e-8f14-7f0276da6007,"Demographics: born 1925-07-11, gender F, race white, ethnicity italian. Encounters: Death Certification. Observations: Stroke.",1
7e2a7ac2-29f0-4041-9135-bf863ffeabe5,"Demographics: born 1938-07-29, gender M, race white, ethnicity english.",0
a008f79b-72bd-49f5-bee6-5f70e05fdff2,"Demographics: born 1961-03-06, gender M, race hispanic, ethnicity puerto_rican. Encounters: Outpatient Encounter. Medications: Clopidogrel 75 MG Oral Tablet; Simvastatin 20 MG Oral Tablet; Amlodipine 5 MG Oral Tablet; Nitroglycerin 0.4 MG/ACTUAT [Nitrolingual]. Procedures: Documentation of current medications. Observations: Hemoglobin A1c/Hemoglobin.total in Blood: 6.3 %; Body Height: 169.93 cm; Body Weight: 117.48 kg; Body Mass Index: 40.68 kg/m2; Systolic Blood Pressure: 162.0 mmHg; Diastolic Blood Pressure: 112.0 mmHg; Glucose: 99.0 mg/dL; Urea Nitrogen: 18.0 mg/dL; Creatinine: 1.0 mg/dL; Calcium: 9.23 mg/dL; Sodium: 142.0 mmol/L; Potassium: 3.95 mmol/L; Chloride: 107.0 mmol/L; Carbon Dioxide: 27.0 mmol/L; Total Cholesterol: 169.0 mg/dL; Triglycerides: 102.0 mg/dL; Low Density Lipoprotein Cholesterol: 81.0 mg/dL; High Density Lipoprotein Cholesterol: 67.0 mg/dL; Estimated Glomerular Filtration Rate: 60.0 mL/min/{1.73_m2}; Hemoglobin A1c/Hemoglobin.total in Blood: 6.0 %; Systolic Blood Pressure: 172.0 mmHg; Diastolic Blood Pressure: 105.0 mmHg; Glucose: 87.0 mg/dL; Urea Nitrogen: 9.0 mg/dL; Calcium: 10.17 mg/dL; Sodium: 141.0 mmol/L; Potassium: 5.03 mmol/L; Chloride: 105.0 mmol/L; Carbon Dioxide: 21.0 mmol/L; Systolic Blood Pressure: 186.0 mmHg; Diastolic Blood Pressure: 119.0 mmHg; Glucose: 93.0 mg/dL; Urea Nitrogen: 10.0 mg/dL; Calcium: 9.95 mg/dL; Potassium: 4.59 mmol/L; Chloride: 111.0 mmol/L; Carbon Dioxide: 20.0 mmol/L; Total Cholesterol: 187.0 mg/dL; Triglycerides: 125.0 mg/dL; Low Density Lipoprotein Cholesterol: 89.0 mg/dL. Immunizations: Influenza seasonal injectable preservative free; Td (adult) preservative free.",1
591b53cf-78dc-4daa-b1da-35f7ce446784,"Demographics: born 1995-10-27, gender M, race hispanic, ethnicity mexican. Encounters: Outpatient Encounter; Emergency room admission; Encounter for symptom. Medications: Penicillin V Potassium 250 MG; Acetaminophen 325 MG Oral Tablet; Acetaminophen 160 MG. Procedures: Documentation of current medications; Sputum examination (procedure). Observations: Body Height: 177.59 cm; Body Weight: 45.95 kg; Body Mass Index: 14.57 kg/m2; Systolic Blood Pressure: 102.0 mmHg; Diastolic Blood Pressure: 79.0 mmHg; Body Height: 180.16 cm; Body Weight: 50.28 kg; Body Mass Index: 15.49 kg/m2; Systolic Blood Pressure: 112.0 mmHg; Diastolic Blood Pressure: 78.0 mmHg; Body Height: 181.28 cm; Body Weight: 53.24 kg; Body Mass Index: 16.2 kg/m2; Systolic Blood Pressure: 131.0 mmHg; Diastolic Blood Pressure: 86.0 mmHg; Body Height: 181.89 cm; Body Weight: 55.33 kg; Body Mass Index: 16.72 kg/m2; Systolic Blood Pressure: 121.0 mmHg; Diastolic Blood Pressure: 82.0 mmHg; Body Height: 182.2 cm; Body Weight: 56.6 kg; Body Mass Index: 17.05 kg/m2; Systolic Blood Pressure: 107.0 mmHg; Diastolic Blood Pressure: 70.0 mmHg; Body Height: 182.27 cm; Body Weight: 57.91 kg; Body Mass Index: 17.43 kg/m2; Systolic Blood Pressure: 129.0 mmHg; Diastolic Blood Pressure: 88.0 mmHg. Immunizations: Influenza seasonal injectable preservative free; meningococcal MCV4P.",0
1f43f578-e59f-4a57-819d-35a47be7e37a,"Demographics: born 1919-08-25, gender M, race white, ethnicity irish. Encounters: Death Certification. Medications: Hydrocortisone 10 MG/ML Topical Cream; 24 HR Metformin hydrochloride 500 MG Extended Release Oral Tablet; Nitroglycerin 0.4 MG/ACTUAT [Nitrolingual]; Simvastatin 20 MG Oral Tablet; Amlodipine 5 MG Oral Tablet; Clopidogrel 75 MG Oral Tablet; Galantamine 4 MG [Razadyne]. Observations: Cardiac Arrest.",1
5c2bd261-8d3e-43e6-9f0a-dd7d121a7dc7,"Demographics: born 1999-12-17, gender F, race white, ethnicity english. Encounters: Encounter for symptom; Outpatient Encounter; Consultation for treatment. Medications: Penicillin V Potassium 250 MG; Amoxicillin 250 MG / Clavulanate 125 MG [Augmentin]; Yaz 28 Day Pack. Procedures: Documentation of current medications. Observations: Body Height: 143.77 cm; Body Weight: 42.33 kg; Body Mass Index: 20.48 kg/m2; Systolic Blood Pressure: 115.0 mmHg; Diastolic Blood Pressure: 81.0 mmHg; Body Height: 150.97 cm; Body Weight: 47.16 kg; Body Mass Index: 20.69 kg/m2; Systolic Blood Pressure: 108.0 mmHg; Diastolic Blood Pressure: 71.0 mmHg; Body Height: 156.28 cm; Body Weight: 51.46 kg; Body Mass Index: 21.07 kg/m2; Systolic Blood Pressure: 117.0 mmHg; Diastolic Blood Pressure: 87.0 mmHg; Body Height: 158.64 cm; Body Weight: 54.37 kg; Body Mass Index: 21.61 kg/m2; Systolic Blood Pressure: 132.0 mmHg; Diastolic Blood Pressure: 86.0 mmHg; Body Height: 159.99 cm; Body Weight: 56.94 kg; Body Mass Index: 22.24 kg/m2; Systolic Blood Pressure: 118.0 mmHg; Body Height: 160.63 cm; Body Weight: 58.61 kg; Body Mass Index: 22.71 kg/m2; Systolic Blood Pressure: 135.0 mmHg; Body Height: 160.97 cm; Body Weight: 59.76 kg; Body Mass Index: 23.06 kg/m2; Systolic Blood Pressure: 122.0 mmHg; Diastolic Blood Pressure: 84.0 mmHg. Immunizations: Influenza seasonal injectable preservative free; meningococcal MCV4P; Tdap; HPV quadrivalent.",0
3d02c5b4-8094-461d-93e1-4f4d8ae523f0,"Demographics: born 1945-04-21, gender M, race black, ethnicity dominican. Encounters: Death Certification. Medications: Penicillin V Potassium 250 MG; Penicillin V Potassium 500 MG; Clopidogrel 75 MG Oral Tablet; Simvastatin 20 MG Oral Tablet; Amlodipine 5 MG Oral Tablet; Nitroglycerin 0.4 MG/ACTUAT [Nitrolingual]. Observations: Non-small cell lung cancer (disorder).",1
d045cafb-ccc9-4fa9-a2df-7904dce51a3c,"Demographics: born 1926-04-26, gender M, race white, ethnicity french. Encounters: Death Certification. Medications: Penicillin V Potassium 250 MG; Penicillin V Potassium 500 MG; Nitroglycerin 0.4 MG/ACTUAT [Nitrolingual]; Simvastatin 20 MG Oral Tablet; Amlodipine 5 MG Oral Tablet; Clopidogrel 75 MG Oral Tablet; Alendronic acid 10 MG [Fosamax]. Observations: Cardiac Arrest.",1
6c908e8c-7e4d-42f3-a236-7cb922cf1038,"Demographics: born 1943-11-27, gender M, race hispanic, ethnicity puerto_rican. Encounters: Death Certification. Medications: Penicillin V Potassium 250 MG. Observations: Chronic obstructive bronchitis (disorder).",0
f650651e-d405-4cab-a967-4d9df3c4dde0,"Demographics: born 1944-05-15, gender M, race white, ethnicity french. Encounters: Outpatient Encounter; Emergency room admission; Encounter for 'check-up'; Encounter for symptom. Medications: Penicillin V Potassium 250 MG; Alendronic acid 10 MG [Fosamax]; Meperidine Hydrochloride 50 MG Oral Tablet; Acetaminophen 325 MG Oral Tablet; Naproxen sodium 220 MG Oral Tablet; Penicillin V Potassium 500 MG; Acetaminophen 160 MG. Procedures: Bone immobilization; Documentation of current medications; Colonoscopy; Fecal occult blood test; Rectal polypectomy; Throat culture (procedure); Plain chest X-ray (procedure). Observations: Body Height: 190.18 cm; Body Weight: 112.89 kg; Body Mass Index: 31.21 kg/m2; Systolic Blood Pressure: 146.0 mmHg; Diastolic Blood Pressure: 91.0 mmHg; Estimated Glomerular Filtration Rate: 60.0 mL/min/{1.73_m2}; Body Weight: 110.99 kg; Body Mass Index: 30.69 kg/m2; Systolic Blood Pressure: 179.0 mmHg; Diastolic Blood Pressure: 100.0 mmHg; Body Weight: 109.16 kg; Body Mass Index: 30.18 kg/m2; Systolic Blood Pressure: 153.0 mmHg; Diastolic Blood Pressure: 117.0 mmHg; Body Weight: 107.99 kg; Body Mass Index: 29.86 kg/m2; Systolic Blood Pressure: 196.0 mmHg; Diastolic Blood Pressure: 120.0 mmHg; Total Cholesterol: 183.0 mg/dL; Triglycerides: 123.0 mg/dL; Low Density Lipoprotein Cholesterol: 80.0 mg/dL; High Density Lipoprotein Cholesterol: 78.0 mg/dL; Polyp size greatest dimension by CAP cancer protocols: 2.0 mm; Hemoglobin.gastrointestinal [Presence] in Stool by Immunologic method: 14.0 ng/mL; Oral temperature: 38.77 Cel; Body Weight: 106.12 kg; Body Mass Index: 29.34 kg/m2; Systolic Blood Pressure: 143.0 mmHg; Diastolic Blood Pressure: 114.0 mmHg; Body Weight: 104.25 kg; Body Mass Index: 28.82 kg/m2; Systolic Blood Pressure: 198.0 mmHg; Diastolic Blood Pressure: 92.0 mmHg; Body Weight: 102.6 kg; Body Mass Index: 28.37 kg/m2; Systolic Blood Pressure: 158.0 mmHg; Diastolic Blood Pressure: 95.0 mmHg. Immunizations: Influenza seasonal injectable preservative free; pneumococcal polysaccharide vaccine 23 valent; Td (adult) preservative free.",1
a26a2c7a-5891-4d7c-aa00-92c51fe8f323,"Demographics: born 1987-01-21, gender F, race white, ethnicity american. Encounters: Outpatient Encounter; Consultation for treatment; Encounter for symptom. Medications: NuvaRing 0.12/0.015 MG per 24HR 21 Day Vaginal Ring; Penicillin V Potassium 500 MG; Jolivette 28 Day Pack. Procedures: Documentation of current medications. Observations: Body Height: 156.41 cm; Body Weight: 59.54 kg; Body Mass Index: 24.34 kg/m2; Systolic Blood Pressure: 167.0 mmHg; Diastolic Blood Pressure: 92.0 mmHg; Estimated Glomerular Filtration Rate: 60.0 mL/min/{1.73_m2}; Body Weight: 64.7 kg; Body Mass Index: 26.45 kg/m2; Systolic Blood Pressure: 152.0 mmHg; Diastolic Blood Pressure: 94.0 mmHg; Body Weight: 68.41 kg; Body Mass Index: 27.96 kg/m2; Systolic Blood Pressure: 196.0 mmHg; Diastolic Blood Pressure: 115.0 mmHg. Immunizations: Influenza seasonal injectable preservative free; Td (adult) preservative free.",1
675f9294-86e4-4a58-ab0a-aea09d1b6f79,"Demographics: born 1998-06-13, gender F, race white, ethnicity italian. Encounters: Outpatient Encounter; Encounter for symptom; Prenatal initial visit. Medications: Dextromethorphan Hydrobromide 1 MG/ML; Amoxicillin 250 MG / Clavulanate 125 MG [Augmentin]. Procedures: Documentation of current medications; Measurement of respiratory function (procedure); Standard pregnancy test. Observations: Body Height: 139.9 cm; Body Weight: 44.03 kg; Body Mass Index: 22.49 kg/m2; Systolic Blood Pressure: 137.0 mmHg; Diastolic Blood Pressure: 78.0 mmHg; Body Height: 145.1 cm; Body Weight: 47.42 kg; Body Mass Index: 22.52 kg/m2; Systolic Blood Pressure: 111.0 mmHg; Diastolic Blood Pressure: 82.0 mmHg; Body Height: 148.32 cm; Body Weight: 50.56 kg; Body Mass Index: 22.99 kg/m2; Systolic Blood Pressure: 115.0 mmHg; Body Height: 149.66 cm; Body Weight: 52.76 kg; Body Mass Index: 23.56 kg/m2; Systolic Blood Pressure: 126.0 mmHg; Diastolic Blood Pressure: 85.0 mmHg; Body Height: 150.34 cm; Body Weight: 54.49 kg; Body Mass Index: 24.11 kg/m2; Systolic Blood Pressure: 135.0 mmHg; Diastolic Blood Pressure: 70.0 mmHg; Body Height: 150.71 cm; Body Weight: 55.78 kg; Body Mass Index: 24.56 kg/m2; Systolic Blood Pressure: 132.0 mmHg; Diastolic Blood Pressure: 77.0 mmHg; Oral temperature: 37.0 Cel; Body Height: 150.91 cm; Body Weight: 56.84 kg; Body Mass Index: 24.96 kg/m2; Systolic Blood Pressure: 108.0 mmHg; Diastolic Blood Pressure: 83.0 mmHg; Body Height: 151.03 cm; Body Weight: 57.98 kg; Body Mass Index: 25.42 kg/m2; Diastolic Blood Pressure: 71.0 mmHg. Immunizations: Influenza seasonal injectable preservative free; HPV quadrivalent; meningococcal MCV4P.",0
4d048d94-655d-4d5c-a888-48a58ab70bc0,"Demographics: born 1966-03-16, gender M, race white, ethnicity french. Encounters: Encounter for symptom; Outpatient Encounter; Encounter for 'check-up'. Medications: Penicillin V Potassium 250 MG; Fluticasone propionate 0.25 MG/ACTUAT / salmeterol 0.05 MG/ACTUAT [Advair]. Procedures: Spirometry (procedure); Documentation of current medications; Colonoscopy. Observations: Oral temperature: 37.0 Cel; FEV1/​FVC: 61.0 %; Body Height: 190.18 cm; Body Weight: 103.6 kg; Body Mass Index: 28.64 kg/m2; Systolic Blood Pressure: 168.0 mmHg; Diastolic Blood Pressure: 117.0 mmHg; Total Cholesterol: 189.0 mg/dL; Triglycerides: 137.0 mg/dL; Low Density Lipoprotein Cholesterol: 81.0 mg/dL; High Density Lipoprotein Cholesterol: 80.0 mg/dL; Estimated Glomerular Filtration Rate: 60.0 mL/min/{1.73_m2}; FEV1/​FVC: 48.0 %; Body Weight: 107.86 kg; Body Mass Index: 29.82 kg/m2; Systolic Blood Pressure: 142.0 mmHg; Diastolic Blood Pressure: 92.0 mmHg; FEV1/​FVC: 34.0 %; Body Weight: 111.61 kg; Body Mass Index: 30.86 kg/m2; Systolic Blood Pressure: 170.0 mmHg; Diastolic Blood Pressure: 116.0 mmHg; Total Cholesterol: 178.0 mg/dL; Triglycerides: 102.0 mg/dL; Low Density Lipoprotein Cholesterol: 78.0 mg/dL; High Density Lipoprotein Cholesterol: 79.0 mg/dL. Immunizations: Influenza seasonal injectable preservative free.",1
136f2cac-d21f-4675-afdd-507114518436,"Demographics: born 1928-05-20, gender F, race black, ethnicity west_indian.",0
da1ec166-b44d-4474-8f28-4f36e4594def,"Demographics: born 1993-08-27, gender F, race white, ethnicity english. Encounters: Outpatient procedure; Encounter for symptom; Allergic disorder follow-up assessment; Outpatient Encounter; Prenatal initial visit; Prenatal visit; Patient-initiated encounter. Medications: Loratadine 5 MG Chewable Tablet; 0.3 ML EPINEPHrine 0.5 MG/ML Auto-Injector; Penicillin V Potassium 250 MG; Errin 28 Day Pack; Acetaminophen 160 MG. Procedures: Subcutaneous immunotherapy; Sputum examination (procedure); Allergy screening test; Documentation of current medications; Standard pregnancy test; Induced termination of pregnancy. Observations: Peanut IgE Ab in Serum: 0.05 kU/L; Walnut IgE Ab in Serum: 0.11 kU/L; Codfish IgE Ab in Serum: 0.11 kU/L; Shrimp IgE Ab in Serum: 0.17 kU/L; Wheat IgE Ab in Serum: 0.06 kU/L; Egg white IgE Ab in Serum: 0.26 kU/L; Soybean IgE Ab in Serum: 0.24 kU/L; Cow milk IgE Ab in Serum: 0.17 kU/L; White oak IgE Ab in Serum: 0.33 kU/L; Common Ragweed IgE Ab in Serum: 0.26 kU/L; Cat dander IgE Ab in Serum: 0.04 kU/L; American house dust mite IgE Ab in Serum: 0.28 kU/L; Cladosporium herbarum IgE Ab in Serum: 0.33 kU/L; Honey bee IgE Ab in Serum: 0.01 kU/L; Latex IgE Ab in Serum: 0.03 kU/L; Body Height: 160.71 cm; Body Weight: 52.46 kg; Body Mass Index: 20.31 kg/m2; Systolic Blood Pressure: 139.0 mmHg; Diastolic Blood Pressure: 74.0 mmHg; Oral temperature: 38.0 Cel; Body Height: 160.85 cm; Body Weight: 53.28 kg; Body Mass Index: 20.59 kg/m2; Systolic Blood Pressure: 197.0 mmHg; Diastolic Blood Pressure: 102.0 mmHg; Estimated Glomerular Filtration Rate: 60.0 mL/min/{1.73_m2}; Body Height: 160.96 cm; Body Weight: 54.19 kg; Body Mass Index: 20.91 kg/m2; Systolic Blood Pressure: 187.0 mmHg; Diastolic Blood Pressure: 90.0 mmHg; Estimated Glomerular Filtration Rate: 57.0 mL/min/{1.73_m2}; Body Height: 161.02 cm; Body Weight: 56.49 kg; Body Mass Index: 21.79 kg/m2; Systolic Blood Pressure: 171.0 mmHg; Diastolic Blood Pressure: 109.0 mmHg; Body Weight: 61.34 kg; Body Mass Index: 23.66 kg/m2. Immunizations: Influenza seasonal injectable preservative free; Td (adult) preservative free.",1
cab68868-92d8-43b2-982a-94970392cc6a,"Demographics: born 1990-05-25, gender M, race white, ethnicity american. Encounters: Death Certification. Medications: Clopidogrel 75 MG Oral Tablet; Simvastatin 20 MG Oral Tablet; Amlodipine 5 MG Oral Tablet; Nitroglycerin 0.4 MG/ACTUAT [Nitrolingual]; Penicillin V Potassium 250 MG. Observations: Myocardial Infarction.",0
90b3964a-5a51-49e6-af49-396b5ceecb7b,"Demographics: born 1930-06-23, gender F, race white, ethnicity irish. Encounters: Death Certification. Observations: Non-small cell lung cancer (disorder).",1
0a05cc92-a54c-4de3-9105-2cb33408eed8,"Demographics: born 1978-01-03, gender M, race asian, ethnicity chinese. Encounters: Outpatient Encounter; Encounter for symptom. Medications: Penicillin V Potassium 250 MG; Penicillin V Potassium 500 MG; Dextromethorphan Hydrobromide 1 MG/ML. Procedures: Documentation of current medications. Observations: Hemoglobin A1c/Hemoglobin.total in Blood: 6.1 %; Body Height: 190.18 cm; Body Weight: 78.04 kg; Body Mass Index: 21.57 kg/m2; Systolic Blood Pressure: 171.0 mmHg; Diastolic Blood Pressure: 116.0 mmHg; Glucose: 98.0 mg/dL; Urea Nitrogen: 19.0 mg/dL; Creatinine: 1.0 mg/dL; Calcium: 9.27 mg/dL; Sodium: 143.0 mmol/L; Potassium: 4.01 mmol/L; Chloride: 110.0 mmol/L; Carbon Dioxide: 26.0 mmol/L; Total Cholesterol: 177.0 mg/dL; Triglycerides: 102.0 mg/dL; Low Density Lipoprotein Cholesterol: 94.0 mg/dL; High Density Lipoprotein Cholesterol: 62.0 mg/dL; Estimated Glomerular Filtration Rate: 60.0 mL/min/{1.73_m2}; Hemoglobin A1c/Hemoglobin.total in Blood: 6.6 %; Body Weight: 83.26 kg; Body Mass Index: 23.02 kg/m2; Systolic Blood Pressure: 193.0 mmHg; Diastolic Blood Pressure: 115.0 mmHg; Glucose: 67.0 mg/dL; Urea Nitrogen: 13.0 mg/dL; Calcium: 9.31 mg/dL; Sodium: 144.0 mmol/L; Potassium: 5.01 mmol/L; Chloride: 107.0 mmol/L; Carbon Dioxide: 23.0 mmol/L; Total Cholesterol: 197.0 mg/dL; Triglycerides: 108.0 mg/dL; Low Density Lipoprotein Cholesterol: 110.0 mg/dL; High Density Lipoprotein Cholesterol: 65.0 mg/dL; Microalbumin Creatine Ratio: 7.0 mg/g; Body Weight: 87.31 kg; Body Mass Index: 24.14 kg/m2; Systolic Blood Pressure: 160.0 mmHg; Diastolic Blood Pressure: 94.0 mmHg. Immunizations: Influenza seasonal injectable preservative free; Td (adult) preservative free.",1
a097f6b1-dabb-4076-b11d-adb2145808f4,"Demographics: born 1917-03-12, gender M, race white, ethnicity italian. Encounters: Death Certification. Medications: 24 HR Metformin hydrochloride 500 MG Extended Release Oral Tablet; Nitroglycerin 0.4 MG/ACTUAT [Nitrolingual]; Naproxen sodium 220 MG [Aleve]; Simvastatin 20 MG Oral Tablet; Amlodipine 5 MG Oral Tablet; Penicillin V Potassium 500 MG; Clopidogrel 75 MG Oral Tablet. Observations: Cardiac Arrest.",1
d941cf04-da45-450e-9bf7-67f2ff0b9a19,"Demographics: born 1924-04-14, gender M, race white, ethnicity french. Encounters: Death Certification. Medications: Penicillin V Potassium 250 MG; Nitroglycerin 0.4 MG/ACTUAT [Nitrolingual]; Simvastatin 20 MG Oral Tablet. Observations: Myocardial Infarction.",1
ad4aac66-320e-46ab-84c7-ff7bc5c8eb90,"Demographics: born 1971-01-26, gender F, race white, ethnicity american. Encounters: Outpatient Encounter. Medications: Penicillin V Potassium 250 MG; Xulane 150/35 MCG/Day Weekly Transdermal System; Naproxen sodium 220 MG [Aleve]. Procedures: Documentation of current medications. Observations: Hemoglobin A1c/Hemoglobin.total in Blood: 6.2 %; Body Height: 166.0 cm; Body Weight: 91.22 kg; Body Mass Index: 33.1 kg/m2; Systolic Blood Pressure: 169.0 mmHg; Diastolic Blood Pressure: 111.0 mmHg; Glucose: 98.0 mg/dL; Urea Nitrogen: 11.0 mg/dL; Creatinine: 1.0 mg/dL; Calcium: 9.29 mg/dL; Sodium: 136.0 mmol/L; Potassium: 3.93 mmol/L; Chloride: 110.0 mmol/L; Carbon Dioxide: 29.0 mmol/L; Total Cholesterol: 182.0 mg/dL; Triglycerides: 134.0 mg/dL; Low Density Lipoprotein Cholesterol: 95.0 mg/dL; High Density Lipoprotein Cholesterol: 60.0 mg/dL; Estimated Glomerular Filtration Rate: 60.0 mL/min/{1.73_m2}; Hemoglobin A1c/Hemoglobin.total in Blood: 6.1 %; Body Weight: 94.85 kg; Body Mass Index: 34.42 kg/m2; Systolic Blood Pressure: 159.0 mmHg; Diastolic Blood Pressure: 117.0 mmHg; Glucose: 97.0 mg/dL; Urea Nitrogen: 14.0 mg/dL; Calcium: 8.62 mg/dL; Sodium: 140.0 mmol/L; Potassium: 4.82 mmol/L; Chloride: 103.0 mmol/L; Carbon Dioxide: 24.0 mmol/L. Immunizations: Influenza seasonal injectable preservative free; Td (adult) preservative free.",1
b673392e-3efc-4df5-a4df-904a5eda6a26,"Demographics: born 1970-04-27, gender M, race white, ethnicity russian. Encounters: Outpatient Encounter; Emergency room admission; Consultation for treatment; Patient encounter procedure; Encounter for symptom. Medications: Penicillin V Potassium 250 MG; Ibuprofen 200 MG Oral Tablet. Procedures: Documentation of current medications; Suture open wound; Vasectomy. Observations: Hemoglobin A1c/Hemoglobin.total in Blood: 5.8 %; Body Height: 178.27 cm; Body Weight: 97.78 kg; Body Mass Index: 30.77 kg/m2; Systolic Blood Pressure: 150.0 mmHg; Diastolic Blood Pressure: 94.0 mmHg; Glucose: 78.0 mg/dL; Urea Nitrogen: 14.0 mg/dL; Creatinine: 1.0 mg/dL; Calcium: 10.12 mg/dL; Sodium: 136.0 mmol/L; Potassium: 4.61 mmol/L; Chloride: 109.0 mmol/L; Carbon Dioxide: 24.0 mmol/L; Total Cholesterol: 187.0 mg/dL; Triglycerides: 126.0 mg/dL; Low Density Lipoprotein Cholesterol: 94.0 mg/dL; High Density Lipoprotein Cholesterol: 67.0 mg/dL; Estimated Glomerular Filtration Rate: 60.0 mL/min/{1.73_m2}; Hemoglobin A1c/Hemoglobin.total in Blood: 6.3 %; Body Weight: 100.63 kg; Body Mass Index: 31.66 kg/m2; Systolic Blood Pressure: 154.0 mmHg; Diastolic Blood Pressure: 117.0 mmHg; Glucose: 95.0 mg/dL; Urea Nitrogen: 15.0 mg/dL; Calcium: 9.99 mg/dL; Sodium: 140.0 mmol/L; Potassium: 4.41 mmol/L; Chloride: 105.0 mmol/L; Carbon Dioxide: 28.0 mmol/L; Hemoglobin A1c/Hemoglobin.total in Blood: 6.2 %; Body Weight: 103.74 kg; Body Mass Index: 32.64 kg/m2; Systolic Blood Pressure: 184.0 mmHg; Diastolic Blood Pressure: 106.0 mmHg; Glucose: 94.0 mg/dL; Urea Nitrogen: 12.0 mg/dL; Calcium: 8.93 mg/dL; Sodium: 144.0 mmol/L. Immunizations: Influenza seasonal injectable preservative free; Td (adult) preservative free.",1
5345d78f-d276-410a-9e69-7b919b71d83a,"Demographics: born 1949-04-23, gender F, race white, ethnicity german. Encounters: Outpatient Encounter; Encounter for symptom. Medications: Penicillin V Potassium 250 MG; Acetaminophen 160 MG. Procedures: Sputum examination (procedure); Documentation of current medications. Observations: Body Height: 170.85 cm; Body Weight: 106.19 kg; Body Mass Index: 36.38 kg/m2; Systolic Blood Pressure: 169.0 mmHg; Diastolic Blood Pressure: 112.0 mmHg; Estimated Glomerular Filtration Rate: 60.0 mL/min/{1.73_m2}; Body Weight: 104.42 kg; Body Mass Index: 35.77 kg/m2; Systolic Blood Pressure: 149.0 mmHg; Diastolic Blood Pressure: 116.0 mmHg; Total Cholesterol: 167.0 mg/dL; Triglycerides: 132.0 mg/dL; Low Density Lipoprotein Cholesterol: 62.0 mg/dL; High Density Lipoprotein Cholesterol: 78.0 mg/dL; Body Weight: 102.53 kg; Body Mass Index: 35.13 kg/m2; Systolic Blood Pressure: 178.0 mmHg; Diastolic Blood Pressure: 99.0 mmHg; Body Weight: 100.61 kg; Body Mass Index: 34.47 kg/m2; Systolic Blood Pressure: 185.0 mmHg; Diastolic Blood Pressure: 117.0 mmHg; Body Weight: 98.68 kg; Body Mass Index: 33.81 kg/m2; Systolic Blood Pressure: 179.0 mmHg; Diastolic Blood Pressure: 114.0 mmHg; Triglycerides: 116.0 mg/dL; Low Density Lipoprotein Cholesterol: 64.0 mg/dL; High Density Lipoprotein Cholesterol: 79.0 mg/dL; Body Weight: 95.78 kg; Body Mass Index: 32.81 kg/m2; Systolic Blood Pressure: 171.0 mmHg; Diastolic Blood Pressure: 101.0 mmHg. Immunizations: Influenza seasonal injectable preservative free; Td (adult) preservative free; Pneumococcal conjugate PCV 13; pneumococcal polysaccharide vaccine 23 valent.",1
8226bac5-3383-4c63-af6a-27a50709e31d,"Demographics: born 1974-07-11, gender F, race white, ethnicity italian. Encounters: Emergency hospital admission for asthma; Asthma follow-up; Outpatient Encounter; Patient encounter procedure; Encounter for symptom. Medications: diphenhydrAMINE Hydrochloride 25 MG Oral Tablet; 120 ACTUAT Fluticasone propionate 0.044 MG/ACTUAT Metered Dose Inhaler; 200 ACTUAT Albuterol 0.09 MG/ACTUAT Metered Dose Inhaler; Camila 28 Day Pack; Acetaminophen 160 MG; Nitrofurantoin 5 MG/ML [Furadantin]; Phenazopyridine hydrochloride 100 MG [Pyridium]. Procedures: Replacement of subcutaneous contraceptive; Measurement of respiratory function (procedure). Observations: Body Height: 168.68 cm; Body Weight: 84.09 kg; Body Mass Index: 29.55 kg/m2; Systolic Blood Pressure: 153.0 mmHg; Diastolic Blood Pressure: 93.0 mmHg; Total Cholesterol: 178.0 mg/dL; Triglycerides: 133.0 mg/dL; Low Density Lipoprotein Cholesterol: 81.0 mg/dL; High Density Lipoprotein Cholesterol: 70.0 mg/dL; Estimated Glomerular Filtration Rate: 60.0 mL/min/{1.73_m2}; Body Weight: 87.74 kg; Body Mass Index: 30.84 kg/m2; Systolic Blood Pressure: 175.0 mmHg; Diastolic Blood Pressure: 99.0 mmHg; Total Cholesterol: 173.0 mg/dL; Triglycerides: 123.0 mg/dL; Low Density Lipoprotein Cholesterol: 68.0 mg/dL; High Density Lipoprotein Cholesterol: 80.0 mg/dL; Body Weight: 92.28 kg; Body Mass Index: 32.43 kg/m2; Systolic Blood Pressure: 190.0 mmHg; Diastolic Blood Pressure: 100.0 mmHg; Total Cholesterol: 188.0 mg/dL; Triglycerides: 128.0 mg/dL; Low Density Lipoprotein Cholesterol: 103.0 mg/dL; High Density Lipoprotein Cholesterol: 59.0 mg/dL. Allergies: Allergy to fish; Allergy to mould. Immunizations: Influenza seasonal injectable preservative free; Td (adult) preservative free.",1
95524674-d5e9-4057-bd03-8461a9413f1a,"Demographics: born 1966-01-16, gender M, race white, ethnicity polish. Encounters: Outpatient Encounter; Encounter for symptom; Emergency room admission. Medications: Penicillin V Potassium 500 MG; 24 HR Metformin hydrochloride 500 MG Extended Release Oral Tablet; Acetaminophen 325 MG Oral Tablet. Procedures: Documentation of current medications. Observations: Hemoglobin A1c/Hemoglobin.total in Blood: 7.2 %; Body Height: 190.1 cm; Body Weight: 104.79 kg; Body Mass Index: 29.0 kg/m2; Systolic Blood Pressure: 170.0 mmHg; Diastolic Blood Pressure: 116.0 mmHg; Glucose: 105.0 mg/dL; Urea Nitrogen: 12.0 mg/dL; Creatinine: 1.0 mg/dL; Calcium: 10.08 mg/dL; Sodium: 138.0 mmol/L; Potassium: 3.99 mmol/L; Chloride: 106.0 mmol/L; Carbon Dioxide: 26.0 mmol/L; Total Cholesterol: 233.0 mg/dL; Triglycerides: 199.0 mg/dL; Low Density Lipoprotein Cholesterol: 152.0 mg/dL; High Density Lipoprotein Cholesterol: 41.0 mg/dL; Microalbumin Creatine Ratio: 4.0 mg/g; Estimated Glomerular Filtration Rate: 60.0 mL/min/{1.73_m2}; Systolic Blood Pressure: 189.0 mmHg; Diastolic Blood Pressure: 118.0 mmHg; Glucose: 111.0 mg/dL; Urea Nitrogen: 18.0 mg/dL; Calcium: 9.65 mg/dL; Sodium: 139.0 mmol/L; Potassium: 5.06 mmol/L; Chloride: 107.0 mmol/L; Carbon Dioxide: 25.0 mmol/L; Total Cholesterol: 224.0 mg/dL; Triglycerides: 177.0 mg/dL; Low Density Lipoprotein Cholesterol: 135.0 mg/dL; High Density Lipoprotein Cholesterol: 53.0 mg/dL; Microalbumin Creatine Ratio: 2.0 mg/g; Oral temperature: 38.0 Cel; Hemoglobin A1c/Hemoglobin.total in Blood: 7.4 %; Body Weight: 107.62 kg; Body Mass Index: 29.78 kg/m2; Systolic Blood Pressure: 157.0 mmHg; Diastolic Blood Pressure: 99.0 mmHg. Immunizations: Influenza seasonal injectable preservative free.",1
8c0d6bfe-ea44-40ed-ad99-90c8be408b2f,"Demographics: born 1976-08-04, gender F, race white, ethnicity english. Encounters: Consultation for treatment; Patient encounter procedure; Outpatient Encounter; Emergency room admission; Encounter for symptom. Medications: Penicillin V Potassium 250 MG; Mirena 52 MG Intrauterine System; Jolivette 28 Day Pack; Ibuprofen 200 MG Oral Tablet; Acetaminophen 160 MG. Procedures: Replacement of contraceptive intrauterine device; Documentation of current medications; Suture open wound; Measurement of respiratory function (procedure). Observations: Body Height: 165.38 cm; Body Weight: 83.36 kg; Body Mass Index: 30.48 kg/m2; Systolic Blood Pressure: 163.0 mmHg; Diastolic Blood Pressure: 117.0 mmHg; Total Cholesterol: 189.0 mg/dL; Triglycerides: 119.0 mg/dL; Low Density Lipoprotein Cholesterol: 100.0 mg/dL; High Density Lipoprotein Cholesterol: 65.0 mg/dL; Estimated Glomerular Filtration Rate: 60.0 mL/min/{1.73_m2}; Body Weight: 88.28 kg; Body Mass Index: 32.28 kg/m2; Systolic Blood Pressure: 198.0 mmHg; Diastolic Blood Pressure: 99.0 mmHg; Total Cholesterol: 177.0 mg/dL; Triglycerides: 146.0 mg/dL; Low Density Lipoprotein Cholesterol: 73.0 mg/dL; High Density Lipoprotein Cholesterol: 74.0 mg/dL. Immunizations: Influenza seasonal injectable preservative free.",1
a3ec320c-9481-4b67-8955-e99d26648f6e,"Demographics: born 1990-04-08, gender F, race asian, ethnicity chinese. Encounters: Encounter for symptom; Outpatient Encounter; Prenatal initial visit; Prenatal visit; Obstetric emergency hospital admission; Consultation for treatment; Patient encounter procedure; Emergency room admission; Admission to surgical department. Medications: Penicillin V Potassium 250 MG; Yaz 28 Day Pack; Acetaminophen 160 MG; Mirena 52 MG Intrauterine System; Dextromethorphan Hydrobromide 1 MG/ML; Acetaminophen 325 MG Oral Tablet. Procedures: Standard pregnancy test; Episiotomy; Childbirth; Insertion of intrauterine contraceptive device; Measurement of respiratory function (procedure); Bilateral tubal ligation. Observations: Body Height: 159.22 cm; Body Weight: 67.81 kg; Body Mass Index: 26.75 kg/m2; Systolic Blood Pressure: 198.0 mmHg; Diastolic Blood Pressure: 104.0 mmHg; Estimated Glomerular Filtration Rate: 60.0 mL/min/{1.73_m2}; Oral temperature: 37.0 Cel; Body Weight: 72.07 kg; Body Mass Index: 28.43 kg/m2; Systolic Blood Pressure: 185.0 mmHg; Diastolic Blood Pressure: 93.0 mmHg; Body Weight: 76.97 kg; Body Mass Index: 30.36 kg/m2; Systolic Blood Pressure: 156.0 mmHg; Diastolic Blood Pressure: 101.0 mmHg. Immunizations: Influenza seasonal injectable preservative free; Td (adult) preservative free.",1
25ea49eb-2728-4e61-b168-19644d40b868,"Demographics: born 1968-11-28, gender M, race white, ethnicity french_canadian. Encounters: Outpatient Encounter; Encounter for symptom. Medications: Penicillin V Potassium 250 MG. Procedures: Documentation of current medications. Observations: Body Height: 173.42 cm; Body Weight: 99.02 kg; Body Mass Index: 32.93 kg/m2; Systolic Blood Pressure: 145.0 mmHg; Diastolic Blood Pressure: 101.0 mmHg; Total Cholesterol: 177.0 mg/dL; Triglycerides: 113.0 mg/dL; Low Density Lipoprotein Cholesterol: 75.0 mg/dL; High Density Lipoprotein Cholesterol: 79.0 mg/dL; Estimated Glomerular Filtration Rate: 60.0 mL/min/{1.73_m2}; Body Weight: 101.98 kg; Body Mass Index: 33.91 kg/m2; Systolic Blood Pressure: 185.0 mmHg; Diastolic Blood Pressure: 96.0 mmHg; Body Weight: 104.72 kg; Body Mass Index: 34.82 kg/m2; Systolic Blood Pressure: 141.0 mmHg; Diastolic Blood Pressure: 95.0 mmHg; Total Cholesterol: 166.0 mg/dL; Triglycerides: 127.0 mg/dL; Low Density Lipoprotein Cholesterol: 80.0 mg/dL; High Density Lipoprotein Cholesterol: 60.0 mg/dL. Immunizations: Influenza seasonal injectable preservative free; Td (adult) preservative free.",1
407549f9-a578-4bdf-8620-5e21046bbdf5,"Demographics: born 1938-02-21, gender M, race white, ethnicity italian. Encounters: Outpatient Encounter; Emergency room admission; Encounter for 'check-up'; Encounter for symptom. Medications: Penicillin V Potassium 250 MG; Penicillin V Potassium 500 MG; Acetaminophen 325 MG Oral Tablet. Procedures: Documentation of current medications; Colonoscopy. Observations: Body Height: 178.56 cm; Body Weight: 125.22 kg; Body Mass Index: 39.27 kg/m2; Systolic Blood Pressure: 131.0 mmHg; Diastolic Blood Pressure: 76.0 mmHg; Total Cholesterol: 167.0 mg/dL; Triglycerides: 135.0 mg/dL; Low Density Lipoprotein Cholesterol: 77.0 mg/dL; High Density Lipoprotein Cholesterol: 63.0 mg/dL; Body Weight: 123.6 kg; Body Mass Index: 38.76 kg/m2; Systolic Blood Pressure: 110.0 mmHg; Diastolic Blood Pressure: 77.0 mmHg; Body Weight: 122.29 kg; Body Mass Index: 38.36 kg/m2; Systolic Blood Pressure: 109.0 mmHg; Diastolic Blood Pressure: 81.0 mmHg; Systolic Blood Pressure: 128.0 mmHg; Body Weight: 121.2 kg; Body Mass Index: 38.01 kg/m2; Systolic Blood Pressure: 118.0 mmHg; Diastolic Blood Pressure: 84.0 mmHg; Total Cholesterol: 175.0 mg/dL; Triglycerides: 109.0 mg/dL; Low Density Lipoprotein Cholesterol: 85.0 mg/dL; High Density Lipoprotein Cholesterol: 68.0 mg/dL; Body Weight: 119.88 kg; Body Mass Index: 37.6 kg/m2; Diastolic Blood Pressure: 70.0 mmHg; Body Weight: 116.92 kg; Body Mass Index: 36.67 kg/m2; Systolic Blood Pressure: 123.0 mmHg; Diastolic Blood Pressure: 86.0 mmHg; Body Weight: 115.66 kg; Body Mass Index: 36.28 kg/m2; Systolic Blood Pressure: 103.0 mmHg; Diastolic Blood Pressure: 80.0 mmHg; Total Cholesterol: 176.0 mg/dL; Triglycerides: 123.0 mg/dL; High Density Lipoprotein Cholesterol: 66.0 mg/dL. Immunizations: Influenza seasonal injectable preservative free.",0
251748ca-2197-4d74-9d00-a9307391c8da,"Demographics: born 1996-08-22, gender F, race white, ethnicity polish. Encounters: Outpatient Encounter; Prenatal initial visit; Encounter for symptom; Prenatal visit; Obstetric emergency hospital admission; Consultation for treatment. Medications: Seasonique 91 Day Pack; Acetaminophen 160 MG. Procedures: Standard pregnancy test; Episiotomy; Premature birth of newborn; Sputum examination (procedure). Observations: Body Height: 160.98 cm; Body Weight: 49.58 kg; Body Mass Index: 19.13 kg/m2; Systolic Blood Pressure: 122.0 mmHg; Diastolic Blood Pressure: 80.0 mmHg; Body Height: 161.99 cm; Body Weight: 52.03 kg; Body Mass Index: 19.83 kg/m2; Systolic Blood Pressure: 131.0 mmHg; Diastolic Blood Pressure: 73.0 mmHg; Body Height: 162.4 cm; Body Weight: 53.41 kg; Body Mass Index: 20.25 kg/m2; Systolic Blood Pressure: 119.0 mmHg; Diastolic Blood Pressure: 72.0 mmHg; Body Height: 162.65 cm; Body Weight: 54.55 kg; Body Mass Index: 20.62 kg/m2; Systolic Blood Pressure: 130.0 mmHg; Diastolic Blood Pressure: 85.0 mmHg; Body Height: 162.79 cm; Body Weight: 55.61 kg; Body Mass Index: 20.98 kg/m2; Systolic Blood Pressure: 196.0 mmHg; Diastolic Blood Pressure: 115.0 mmHg; Estimated Glomerular Filtration Rate: 60.0 mL/min/{1.73_m2}; Body Height: 162.88 cm; Body Weight: 56.53 kg; Body Mass Index: 21.31 kg/m2; Systolic Blood Pressure: 164.0 mmHg; Diastolic Blood Pressure: 110.0 mmHg. Immunizations: Influenza seasonal injectable preservative free; meningococcal MCV4P.",1
39d3ab11-aea3-4280-adcf-515cde5e37d8,"Demographics: born 2002-07-01, gender F, race white, ethnicity irish. Encounters: Encounter for symptom; Emergency room admission; Encounter for 'check-up'; Outpatient Encounter; Consultation for treatment; Patient encounter procedure. Medications: Ibuprofen 100 MG Oral Tablet; Penicillin V Potassium 250 MG; 0.65 ML depo-subQ provera 160 MG/ML Prefilled Syringe. Procedures: Admission to orthopedic department; Documentation of current medications; Throat culture (procedure); Intramuscular injection. Observations: Oral temperature: 38.0 Cel; Body Height: 130.32 cm; Body Weight: 20.7 kg; Body Mass Index: 12.19 kg/m2; Systolic Blood Pressure: 132.0 mmHg; Diastolic Blood Pressure: 82.0 mmHg; Body Height: 134.91 cm; Body Weight: 22.74 kg; Body Mass Index: 12.49 kg/m2; Diastolic Blood Pressure: 70.0 mmHg; Body Height: 138.82 cm; Body Weight: 24.66 kg; Body Mass Index: 12.8 kg/m2; Systolic Blood Pressure: 120.0 mmHg; Diastolic Blood Pressure: 73.0 mmHg; Body Height: 145.2 cm; Body Weight: 27.59 kg; Body Mass Index: 13.09 kg/m2; Systolic Blood Pressure: 105.0 mmHg; Diastolic Blood Pressure: 88.0 mmHg; Body Height: 151.82 cm; Body Weight: 30.58 kg; Body Mass Index: 13.26 kg/m2; Systolic Blood Pressure: 128.0 mmHg; Oral temperature: 37.78 Cel; Body Height: 156.94 cm; Body Weight: 33.69 kg; Body Mass Index: 13.68 kg/m2; Systolic Blood Pressure: 107.0 mmHg; Diastolic Blood Pressure: 86.0 mmHg; Body Height: 159.91 cm; Body Weight: 36.96 kg; Body Mass Index: 14.45 kg/m2; Systolic Blood Pressure: 117.0 mmHg. Immunizations: Influenza seasonal injectable preservative free; meningococcal MCV4P; Tdap; HPV quadrivalent.",0
af93d2f5-b30a-4133-bd1c-672539c5bb21,"Demographics: born 1965-04-30, gender F, race white, ethnicity english. Encounters: Outpatient Encounter; Encounter for symptom. Medications: Chlorpheniramine 2 MG Chewable Tablet; Penicillin V Potassium 250 MG; Penicillin V Potassium 500 MG; Estrostep Fe 28 Day Pack. Procedures: Documentation of current medications. Observations: Body Height: 163.93 cm; Body Weight: 119.74 kg; Body Mass Index: 44.56 kg/m2; Systolic Blood Pressure: 100.0 mmHg; Diastolic Blood Pressure: 86.0 mmHg; Total Cholesterol: 178.0 mg/dL; Triglycerides: 128.0 mg/dL; Low Density Lipoprotein Cholesterol: 75.0 mg/dL; High Density Lipoprotein Cholesterol: 77.0 mg/dL; Body Weight: 122.77 kg; Body Mass Index: 45.69 kg/m2; Systolic Blood Pressure: 102.0 mmHg; Diastolic Blood Pressure: 78.0 mmHg; Body Weight: 124.73 kg; Body Mass Index: 46.42 kg/m2; Systolic Blood Pressure: 127.0 mmHg; Diastolic Blood Pressure: 73.0 mmHg; Total Cholesterol: 162.0 mg/dL; Triglycerides: 137.0 mg/dL; Low Density Lipoprotein Cholesterol: 56.0 mg/dL; High Density Lipoprotein Cholesterol: 78.0 mg/dL. Immunizations: Influenza seasonal injectable preservative free; Td (adult) preservative free.",0
5d7fa288-79c8-4b3a-8beb-b6a8d96b5bab,"Demographics: born 1948-07-01, gender F, race black, ethnicity dominican. Encounters: Outpatient Encounter. Medications: Leucovorin 100 MG Injection; oxaliplatin 5 MG/ML [Eloxatin]. Procedures: Documentation of current medications. Observations: Hemoglobin A1c/Hemoglobin.total in Blood: 5.9 %; Body Height: 160.71 cm; Body Weight: 128.93 kg; Body Mass Index: 49.92 kg/m2; Systolic Blood Pressure: 105.0 mmHg; Diastolic Blood Pressure: 78.0 mmHg; Glucose: 69.0 mg/dL; Urea Nitrogen: 15.0 mg/dL; Creatinine: 1.0 mg/dL; Calcium: 9.59 mg/dL; Sodium: 143.0 mmol/L; Potassium: 4.45 mmol/L; Chloride: 103.0 mmol/L; Carbon Dioxide: 29.0 mmol/L; Total Cholesterol: 186.0 mg/dL; Triglycerides: 107.0 mg/dL; Low Density Lipoprotein Cholesterol: 90.0 mg/dL; High Density Lipoprotein Cholesterol: 74.0 mg/dL; Body Weight: 126.95 kg; Body Mass Index: 49.15 kg/m2; Systolic Blood Pressure: 139.0 mmHg; Diastolic Blood Pressure: 84.0 mmHg; Glucose: 89.0 mg/dL; Urea Nitrogen: 19.0 mg/dL; Calcium: 9.42 mg/dL; Sodium: 140.0 mmol/L; Potassium: 4.27 mmol/L; Chloride: 110.0 mmol/L; Carbon Dioxide: 21.0 mmol/L; Hemoglobin A1c/Hemoglobin.total in Blood: 6.1 %; Body Weight: 125.13 kg; Body Mass Index: 48.44 kg/m2; Systolic Blood Pressure: 115.0 mmHg; Diastolic Blood Pressure: 83.0 mmHg; Glucose: 79.0 mg/dL; Urea Nitrogen: 14.0 mg/dL; Calcium: 9.58 mg/dL; Potassium: 3.91 mmol/L; Chloride: 107.0 mmol/L; Carbon Dioxide: 28.0 mmol/L. Immunizations: Influenza seasonal injectable preservative free; Pneumococcal conjugate PCV 13; pneumococcal polysaccharide vaccine 23 valent.",0
73d9ec1f-3c2a-442f-a26d-4f72fe2ba5e3,"Demographics: born 1993-02-06, gender F, race white, ethnicity irish. Encounters: Outpatient Encounter; Emergency room admission; Encounter for 'check-up'. Medications: Acetaminophen 325 MG Oral Tablet. Procedures: Documentation of current medications; Bone immobilization. Observations: Body Height: 175.29 cm; Body Weight: 51.56 kg; Body Mass Index: 16.78 kg/m2; Systolic Blood Pressure: 175.0 mmHg; Diastolic Blood Pressure: 101.0 mmHg; Estimated Glomerular Filtration Rate: 60.0 mL/min/{1.73_m2}; Body Height: 175.41 cm; Body Weight: 52.56 kg; Body Mass Index: 17.08 kg/m2; Systolic Blood Pressure: 193.0 mmHg; Diastolic Blood Pressure: 114.0 mmHg; Estimated Glomerular Filtration Rate: 57.0 mL/min/{1.73_m2}; Body Height: 175.46 cm; Body Weight: 54.97 kg; Body Mass Index: 17.85 kg/m2; Systolic Blood Pressure: 162.0 mmHg; Diastolic Blood Pressure: 109.0 mmHg; Body Weight: 57.62 kg; Body Mass Index: 18.71 kg/m2; Systolic Blood Pressure: 164.0 mmHg; Diastolic Blood Pressure: 94.0 mmHg. Immunizations: Influenza seasonal injectable preservative free; Td (adult) preservative free.",1
7a01a94d-7f65-4108-a712-1bdcb2c7fb62,"Demographics: born 2003-02-10, gender M, race asian, ethnicity chinese. Encounters: Outpatient Encounter; Encounter for symptom; Emergency room admission; Encounter for 'check-up'. Medications: Acetaminophen 160 MG Oral Tablet. Procedures: Documentation of current medications; Throat culture (procedure); Bone immobilization. Observations: Body Height: 124.06 cm; Body Weight: 22.77 kg; Body Mass Index: 14.79 kg/m2; Systolic Blood Pressure: 119.0 mmHg; Diastolic Blood Pressure: 83.0 mmHg; Body Height: 130.77 cm; Body Weight: 25.65 kg; Body Mass Index: 15.0 kg/m2; Systolic Blood Pressure: 117.0 mmHg; Diastolic Blood Pressure: 88.0 mmHg; Oral temperature: 37.0 Cel; Body Height: 136.35 cm; Body Weight: 28.75 kg; Body Mass Index: 15.46 kg/m2; Diastolic Blood Pressure: 79.0 mmHg; Body Height: 141.56 cm; Body Weight: 32.4 kg; Body Mass Index: 16.17 kg/m2; Systolic Blood Pressure: 114.0 mmHg; Body Height: 145.91 cm; Body Weight: 35.67 kg; Body Mass Index: 16.75 kg/m2; Systolic Blood Pressure: 107.0 mmHg; Diastolic Blood Pressure: 70.0 mmHg; Body Height: 151.79 cm; Body Weight: 39.75 kg; Body Mass Index: 17.25 kg/m2; Systolic Blood Pressure: 139.0 mmHg; Diastolic Blood Pressure: 82.0 mmHg; Body Height: 159.46 cm; Body Weight: 44.68 kg; Body Mass Index: 17.57 kg/m2; Systolic Blood Pressure: 120.0 mmHg; Diastolic Blood Pressure: 86.0 mmHg. Immunizations: Influenza seasonal injectable preservative free; meningococcal MCV4P; Tdap; HPV quadrivalent.",0
4502cadb-ad7f-4fe7-908a-8a19fff1ec6f,"Demographics: born 1932-10-19, gender M, race hispanic, ethnicity mexican. Encounters: Death Certification. Medications: Donepezil hydrochloride 10 MG [Aricept]; Donepezil hydrochloride 23 MG [Aricept]; insulin human isophane 70 UNT/ML / Regular Insulin Human 30 UNT/ML Injectable Suspension [Humulin]; Alendronic acid 10 MG [Fosamax]. Observations: Familial Alzheimer's disease of early onset (disorder).",1
12cdf01f-8256-4f09-9f0c-eda3532df7ec,"Demographics: born 1931-12-26, gender F, race white, ethnicity italian. Encounters: Outpatient Encounter; Office Visit; Death Certification. Medications: Galantamine 4 MG [Razadyne]; Memantine hydrochloride 2 MG/ML [Namenda]. Procedures: Documentation of current medications. Observations: Hemoglobin A1c/Hemoglobin.total in Blood: 5.8 %; Body Height: 170.63 cm; Body Weight: 85.97 kg; Body Mass Index: 29.53 kg/m2; Systolic Blood Pressure: 128.0 mmHg; Diastolic Blood Pressure: 87.0 mmHg; Glucose: 83.0 mg/dL; Urea Nitrogen: 19.0 mg/dL; Creatinine: 1.0 mg/dL; Calcium: 9.5 mg/dL; Sodium: 137.0 mmol/L; Potassium: 5.02 mmol/L; Chloride: 110.0 mmol/L; Carbon Dioxide: 21.0 mmol/L; Hemoglobin A1c/Hemoglobin.total in Blood: 6.2 %; Body Weight: 84.76 kg; Body Mass Index: 29.11 kg/m2; Systolic Blood Pressure: 109.0 mmHg; Diastolic Blood Pressure: 73.0 mmHg; Glucose: 90.0 mg/dL; Urea Nitrogen: 18.0 mg/dL; Calcium: 9.97 mg/dL; Sodium: 141.0 mmol/L; Potassium: 4.47 mmol/L; Chloride: 109.0 mmol/L; Total score [MMSE]: 4.0 (score); Hemoglobin A1c/Hemoglobin.total in Blood: 6.1 %; Body Weight: 83.22 kg; Body Mass Index: 28.58 kg/m2; Systolic Blood Pressure: 125.0 mmHg; Diastolic Blood Pressure: 81.0 mmHg; Glucose: 81.0 mg/dL; Urea Nitrogen: 9.0 mg/dL; Calcium: 8.5 mg/dL; Potassium: 3.96 mmol/L; Chloride: 105.0 mmol/L; Carbon Dioxide: 26.0 mmol/L; Total Cholesterol: 167.0 mg/dL; Triglycerides: 118.0 mg/dL; Low Density Lipoprotein Cholesterol: 64.0 mg/dL. Immunizations: Influenza seasonal injectable preservative free; Td (adult) preservative free.",0
9a6092dd-8b19-456a-ad5e-8385c9aa15b3,"Demographics: born 1940-09-11, gender F, race white, ethnicity portuguese.",0
eee7a447-e209-4bde-a31e-cfe936d94aab,"Demographics: born 1948-09-16, gender M, race white, ethnicity irish. Encounters: Outpatient Encounter; Encounter for symptom; Encounter for 'check-up'. Medications: Penicillin V Potassium 250 MG; Nitrofurantoin 5 MG/ML [Furadantin]; Phenazopyridine hydrochloride 100 MG [Pyridium]. Procedures: Documentation of current medications; Colonoscopy. Observations: Body Height: 178.02 cm; Body Weight: 111.23 kg; Body Mass Index: 35.1 kg/m2; Systolic Blood Pressure: 144.0 mmHg; Diastolic Blood Pressure: 119.0 mmHg; Estimated Glomerular Filtration Rate: 60.0 mL/min/{1.73_m2}; Body Weight: 110.23 kg; Body Mass Index: 34.78 kg/m2; Systolic Blood Pressure: 166.0 mmHg; Diastolic Blood Pressure: 117.0 mmHg; Body Weight: 108.68 kg; Body Mass Index: 34.29 kg/m2; Systolic Blood Pressure: 176.0 mmHg; Diastolic Blood Pressure: 113.0 mmHg; Total Cholesterol: 184.0 mg/dL; Triglycerides: 122.0 mg/dL; Low Density Lipoprotein Cholesterol: 99.0 mg/dL; High Density Lipoprotein Cholesterol: 60.0 mg/dL; Body Weight: 107.31 kg; Body Mass Index: 33.86 kg/m2; Systolic Blood Pressure: 181.0 mmHg; Diastolic Blood Pressure: 102.0 mmHg; Body Weight: 105.35 kg; Body Mass Index: 33.24 kg/m2; Systolic Blood Pressure: 198.0 mmHg; Diastolic Blood Pressure: 98.0 mmHg; Body Weight: 104.15 kg; Body Mass Index: 32.86 kg/m2; Systolic Blood Pressure: 173.0 mmHg; Oral temperature: 37.0 Cel; Systolic Blood Pressure: 196.0 mmHg; Diastolic Blood Pressure: 97.0 mmHg; Total Cholesterol: 183.0 mg/dL; Triglycerides: 130.0 mg/dL; Low Density Lipoprotein Cholesterol: 87.0 mg/dL; High Density Lipoprotein Cholesterol: 70.0 mg/dL. Immunizations: Influenza seasonal injectable preservative free; Pneumococcal conjugate PCV 13; pneumococcal polysaccharide vaccine 23 valent.",1
a7b70690-4cd4-4289-a4ee-43590e0a0c8d,"Demographics: born 2001-03-29, gender F, race black, ethnicity african. Encounters: Outpatient Encounter; Encounter for problem; Emergency room admission; Consultation for treatment. Medications: Penicillin V Potassium 250 MG; Ibuprofen 100 MG Oral Tablet; Seasonique 91 Day Pack. Procedures: Documentation of current medications; Cognitive and behavioral therapy. Observations: Body Height: 123.92 cm; Body Weight: 40.93 kg; Body Mass Index: 26.65 kg/m2; Systolic Blood Pressure: 128.0 mmHg; Diastolic Blood Pressure: 74.0 mmHg; Body Height: 129.38 cm; Body Weight: 48.4 kg; Body Mass Index: 28.91 kg/m2; Systolic Blood Pressure: 105.0 mmHg; Diastolic Blood Pressure: 85.0 mmHg; Body Height: 136.82 cm; Body Weight: 55.46 kg; Body Mass Index: 29.63 kg/m2; Systolic Blood Pressure: 106.0 mmHg; Diastolic Blood Pressure: 81.0 mmHg; Body Height: 144.23 cm; Body Weight: 61.3 kg; Body Mass Index: 29.47 kg/m2; Systolic Blood Pressure: 137.0 mmHg; Body Height: 148.5 cm; Body Weight: 66.15 kg; Body Mass Index: 30.0 kg/m2; Systolic Blood Pressure: 139.0 mmHg; Diastolic Blood Pressure: 83.0 mmHg; Body Height: 150.09 cm; Body Weight: 69.42 kg; Body Mass Index: 30.82 kg/m2; Systolic Blood Pressure: 116.0 mmHg. Immunizations: Influenza seasonal injectable preservative free; meningococcal MCV4P; Tdap; HPV quadrivalent.",0
3f95669a-a8f6-4769-a77e-94fa62b64f53,"Demographics: born 1978-04-11, gender M, race hispanic, ethnicity puerto_rican. Encounters: Outpatient Encounter; Encounter for symptom. Medications: Penicillin V Potassium 250 MG; Amoxicillin 250 MG / Clavulanate 125 MG [Augmentin]. Observations: Body Height: 183.61 cm; Body Weight: 90.99 kg; Body Mass Index: 26.99 kg/m2; Systolic Blood Pressure: 142.0 mmHg; Diastolic Blood Pressure: 111.0 mmHg; Total Cholesterol: 162.0 mg/dL; Triglycerides: 133.0 mg/dL; Low Density Lipoprotein Cholesterol: 62.0 mg/dL; High Density Lipoprotein Cholesterol: 73.0 mg/dL; Estimated Glomerular Filtration Rate: 60.0 mL/min/{1.73_m2}; Body Weight: 95.69 kg; Body Mass Index: 28.38 kg/m2; Systolic Blood Pressure: 169.0 mmHg; Diastolic Blood Pressure: 93.0 mmHg; Total Cholesterol: 170.0 mg/dL; Triglycerides: 122.0 mg/dL; Low Density Lipoprotein Cholesterol: 80.0 mg/dL; High Density Lipoprotein Cholesterol: 65.0 mg/dL; Body Weight: 99.99 kg; Body Mass Index: 29.66 kg/m2; Systolic Blood Pressure: 159.0 mmHg; Diastolic Blood Pressure: 97.0 mmHg; Total Cholesterol: 191.0 mg/dL; Low Density Lipoprotein Cholesterol: 102.0 mg/dL; High Density Lipoprotein Cholesterol: 64.0 mg/dL. Immunizations: Influenza seasonal injectable preservative free; Td (adult) preservative free.",1
8889fec1-1949-4acd-b48e-c634bd73cbea,"Demographics: born 1991-07-22, gender F, race black, ethnicity dominican. Encounters: Outpatient Encounter; Encounter for symptom; Consultation for treatment; Patient encounter procedure. Medications: Penicillin V Potassium 250 MG; Ortho Tri-Cyclen 28 Day Pack; Kyleena 19.5 MG Intrauterine System. Procedures: Documentation of current medications; Insertion of intrauterine contraceptive device. Observations: Body Height: 151.04 cm; Body Weight: 59.29 kg; Body Mass Index: 25.99 kg/m2; Systolic Blood Pressure: 103.0 mmHg; Diastolic Blood Pressure: 79.0 mmHg; Body Height: 151.11 cm; Body Weight: 61.47 kg; Body Mass Index: 26.92 kg/m2; Systolic Blood Pressure: 127.0 mmHg; Diastolic Blood Pressure: 78.0 mmHg; Oral temperature: 37.0 Cel; Body Weight: 64.31 kg; Body Mass Index: 28.17 kg/m2; Systolic Blood Pressure: 139.0 mmHg; Body Weight: 68.23 kg; Body Mass Index: 29.88 kg/m2; Systolic Blood Pressure: 104.0 mmHg; Diastolic Blood Pressure: 70.0 mmHg. Immunizations: Influenza seasonal injectable preservative free; Td (adult) preservative free.",0
9b2be2fd-b22c-4070-83ab-81c4705c8712,"Demographics: born 1997-03-05, gender M, race white, ethnicity french. Encounters: Encounter for symptom; Outpatient Encounter. Medications: Penicillin V Potassium 250 MG; Acetaminophen 160 MG. Procedures: Sputum examination (procedure); Documentation of current medications; Throat culture (procedure). Observations: Body Height: 159.51 cm; Body Weight: 53.63 kg; Body Mass Index: 21.08 kg/m2; Systolic Blood Pressure: 110.0 mmHg; Diastolic Blood Pressure: 79.0 mmHg; Body Height: 166.24 cm; Body Weight: 58.93 kg; Body Mass Index: 21.32 kg/m2; Systolic Blood Pressure: 104.0 mmHg; Diastolic Blood Pressure: 76.0 mmHg; Body Height: 171.05 cm; Body Weight: 63.85 kg; Body Mass Index: 21.82 kg/m2; Systolic Blood Pressure: 117.0 mmHg; Diastolic Blood Pressure: 77.0 mmHg; Body Height: 173.83 cm; Body Weight: 68.05 kg; Body Mass Index: 22.52 kg/m2; Systolic Blood Pressure: 101.0 mmHg; Diastolic Blood Pressure: 83.0 mmHg; Oral temperature: 38.0 Cel; Body Height: 175.18 cm; Body Weight: 71.09 kg; Body Mass Index: 23.17 kg/m2; Systolic Blood Pressure: 139.0 mmHg; Diastolic Blood Pressure: 81.0 mmHg; Body Height: 175.97 cm; Body Weight: 73.61 kg; Body Mass Index: 23.77 kg/m2; Systolic Blood Pressure: 105.0 mmHg; Diastolic Blood Pressure: 86.0 mmHg; Body Height: 176.43 cm; Body Weight: 75.65 kg; Body Mass Index: 24.3 kg/m2; Systolic Blood Pressure: 142.0 mmHg; Diastolic Blood Pressure: 113.0 mmHg; Estimated Glomerular Filtration Rate: 60.0 mL/min/{1.73_m2}; Body Height: 176.68 cm; Body Weight: 77.3 kg; Body Mass Index: 24.76 kg/m2. Immunizations: Influenza seasonal injectable preservative free; HPV quadrivalent; meningococcal MCV4P.",1
b20c1b38-117f-4361-a02d-dcd6bf910040,"Demographics: born 1982-11-09, gender M, race black, ethnicity dominican. Encounters: Encounter for problem; Asthma follow-up; Outpatient Encounter. Medications: Astemizole 10 MG Oral Tablet; Penicillin V Potassium 250 MG; 120 ACTUAT Fluticasone propionate 0.044 MG/ACTUAT Metered Dose Inhaler; 200 ACTUAT Albuterol 0.09 MG/ACTUAT Metered Dose Inhaler. Procedures: Documentation of current medications. Observations: Body Height: 185.87 cm; Body Weight: 115.83 kg; Body Mass Index: 33.53 kg/m2; Systolic Blood Pressure: 184.0 mmHg; Diastolic Blood Pressure: 98.0 mmHg; Total Cholesterol: 183.0 mg/dL; Triglycerides: 107.0 mg/dL; Low Density Lipoprotein Cholesterol: 98.0 mg/dL; High Density Lipoprotein Cholesterol: 63.0 mg/dL; Estimated Glomerular Filtration Rate: 60.0 mL/min/{1.73_m2}; Body Weight: 120.72 kg; Body Mass Index: 34.94 kg/m2; Diastolic Blood Pressure: 108.0 mmHg; Total Cholesterol: 167.0 mg/dL; Triglycerides: 116.0 mg/dL; Low Density Lipoprotein Cholesterol: 71.0 mg/dL; High Density Lipoprotein Cholesterol: 72.0 mg/dL. Allergies: Allergy to fish; Allergy to tree pollen; Allergy to grass pollen; Dander (animal) allergy; Allergy to mould; Allergy to bee venom. Immunizations: Influenza seasonal injectable preservative free; Td (adult) preservative free.",1
c728ebc8-e1e2-46de-96d2-16be50d58f9b,"Demographics: born 2000-02-03, gender F, race white, ethnicity italian. Encounters: Outpatient Encounter; Encounter for symptom; Domiciliary or rest home patient evaluation and management. Medications: Penicillin V Potassium 250 MG. Procedures: Throat culture (procedure); Documentation of current medications; Information gathering (procedure). Observations: Body Height: 153.03 cm; Body Weight: 60.55 kg; Body Mass Index: 25.85 kg/m2; Systolic Blood Pressure: 133.0 mmHg; Diastolic Blood Pressure: 81.0 mmHg; Oral temperature: 38.0 Cel; Body Height: 160.54 cm; Body Weight: 68.16 kg; Body Mass Index: 26.45 kg/m2; Diastolic Blood Pressure: 84.0 mmHg; Sexual orientation: heterosexual {nominal}; HIV status: HIV positive {nominal}; Abuse Status [OMAHA]: No signs/symptoms {nominal}; Housing status: Patient is homeless {nominal}; Are you covered by health insurance or some other kind of health care plan [PhenX]: No {nominal}; History of Hospitalizations+​Outpatient visits: 8.0 {count}; History of Hospitalizations+​Outpatient visits: 3.0 {count}; Abuse Status [OMAHA]: Severe signs/symptoms {nominal}; History of Hospitalizations+​Outpatient visits: 2.0 {count}; History of Hospitalizations+​Outpatient visits: 6.0 {count}; History of Hospitalizations+​Outpatient visits: 1.0 {count}; Body Height: 164.49 cm; Body Weight: 73.35 kg; Body Mass Index: 27.11 kg/m2; Systolic Blood Pressure: 115.0 mmHg; Body Height: 166.88 cm; Body Weight: 78.07 kg; Body Mass Index: 28.03 kg/m2; Systolic Blood Pressure: 100.0 mmHg; Diastolic Blood Pressure: 76.0 mmHg; Oral temperature: 38.22 Cel; Body Height: 168.14 cm; Body Weight: 81.92 kg; Body Mass Index: 28.98 kg/m2; Systolic Blood Pressure: 139.0 mmHg; Body Height: 168.79 cm; Body Weight: 84.72 kg; Body Mass Index: 29.74 kg/m2; Systolic Blood Pressure: 131.0 mmHg; Diastolic Blood Pressure: 83.0 mmHg. Immunizations: Influenza seasonal injectable preservative free; meningococcal MCV4P; Tdap; HPV quadrivalent.",0
dce9a507-4b9a-45e2-a2a2-04e1c4146ccb,"Demographics: born 1981-04-13, gender M, race hispanic, ethnicity puerto_rican. Encounters: Outpatient Encounter; Encounter for symptom. Medications: Penicillin V Potassium 250 MG. Observations: Hemoglobin A1c/Hemoglobin.total in Blood: 6.3 %; Body Height: 180.21 cm; Body Weight: 84.66 kg; Body Mass Index: 26.07 kg/m2; Systolic Blood Pressure: 120.0 mmHg; Diastolic Blood Pressure: 79.0 mmHg; Glucose: 99.0 mg/dL; Urea Nitrogen: 18.0 mg/dL; Creatinine: 1.0 mg/dL; Calcium: 9.28 mg/dL; Sodium: 144.0 mmol/L; Potassium: 4.98 mmol/L; Chloride: 101.0 mmol/L; Carbon Dioxide: 27.0 mmol/L; Total Cholesterol: 176.0 mg/dL; Triglycerides: 115.0 mg/dL; Low Density Lipoprotein Cholesterol: 77.0 mg/dL; High Density Lipoprotein Cholesterol: 76.0 mg/dL; Hemoglobin A1c/Hemoglobin.total in Blood: 6.0 %; Body Weight: 89.32 kg; Body Mass Index: 27.5 kg/m2; Systolic Blood Pressure: 117.0 mmHg; Diastolic Blood Pressure: 84.0 mmHg; Glucose: 73.0 mg/dL; Urea Nitrogen: 15.0 mg/dL; Calcium: 8.5 mg/dL; Sodium: 142.0 mmol/L; Potassium: 4.15 mmol/L; Chloride: 103.0 mmol/L; Carbon Dioxide: 23.0 mmol/L; Total Cholesterol: 188.0 mg/dL; Triglycerides: 117.0 mg/dL; Low Density Lipoprotein Cholesterol: 99.0 mg/dL; High Density Lipoprotein Cholesterol: 65.0 mg/dL. Immunizations: Influenza seasonal injectable preservative free; Td (adult) preservative free.",0
c339f593-cf58-4fd7-a592-5c22997bb043,"Demographics: born 1941-12-24, gender M, race white, ethnicity irish. Encounters: Encounter for symptom; Outpatient Encounter. Medications: Penicillin V Potassium 250 MG; Penicillin V Potassium 500 MG; Naproxen sodium 220 MG [Aleve]; Acetaminophen 160 MG. Procedures: Documentation of current medications. Observations: Body Height: 178.81 cm; Body Weight: 103.44 kg; Body Mass Index: 32.35 kg/m2; Systolic Blood Pressure: 199.0 mmHg; Diastolic Blood Pressure: 96.0 mmHg; Estimated Glomerular Filtration Rate: 60.0 mL/min/{1.73_m2}; Body Weight: 101.81 kg; Body Mass Index: 31.84 kg/m2; Systolic Blood Pressure: 181.0 mmHg; Diastolic Blood Pressure: 107.0 mmHg; Total Cholesterol: 195.0 mg/dL; Triglycerides: 145.0 mg/dL; Low Density Lipoprotein Cholesterol: 90.0 mg/dL; High Density Lipoprotein Cholesterol: 76.0 mg/dL; Body Weight: 100.76 kg; Body Mass Index: 31.51 kg/m2; Systolic Blood Pressure: 144.0 mmHg; Diastolic Blood Pressure: 110.0 mmHg; Body Weight: 99.68 kg; Body Mass Index: 31.17 kg/m2; Systolic Blood Pressure: 152.0 mmHg; Diastolic Blood Pressure: 120.0 mmHg; Body Weight: 98.14 kg; Body Mass Index: 30.69 kg/m2; Systolic Blood Pressure: 149.0 mmHg; Diastolic Blood Pressure: 104.0 mmHg; Total Cholesterol: 167.0 mg/dL; Triglycerides: 135.0 mg/dL; Low Density Lipoprotein Cholesterol: 73.0 mg/dL; High Density Lipoprotein Cholesterol: 67.0 mg/dL; Body Weight: 96.29 kg; Body Mass Index: 30.11 kg/m2; Systolic Blood Pressure: 184.0 mmHg; Diastolic Blood Pressure: 91.0 mmHg. Immunizations: Influenza seasonal injectable preservative free; Td (adult) preservative free.",1
35b65ce4-fb86-4248-994f-4825e3ffa499,"Demographics: born 1944-03-31, gender M, race white, ethnicity german. Encounters: Outpatient Encounter; Encounter for symptom; Encounter for 'check-up'. Medications: Penicillin V Potassium 500 MG; Acetaminophen 160 MG. Procedures: Documentation of current medications; Measurement of respiratory function (procedure); Colonoscopy; Fecal occult blood test; Rectal polypectomy. Observations: Body Height: 179.11 cm; Body Weight: 108.94 kg; Body Mass Index: 33.96 kg/m2; Systolic Blood Pressure: 114.0 mmHg; Diastolic Blood Pressure: 79.0 mmHg; Body Weight: 107.74 kg; Body Mass Index: 33.59 kg/m2; Systolic Blood Pressure: 102.0 mmHg; Diastolic Blood Pressure: 78.0 mmHg; Body Weight: 106.14 kg; Body Mass Index: 33.09 kg/m2; Systolic Blood Pressure: 132.0 mmHg; Diastolic Blood Pressure: 83.0 mmHg; Total Cholesterol: 165.0 mg/dL; Triglycerides: 111.0 mg/dL; Low Density Lipoprotein Cholesterol: 78.0 mg/dL; High Density Lipoprotein Cholesterol: 64.0 mg/dL; Body Weight: 104.99 kg; Body Mass Index: 32.73 kg/m2; Systolic Blood Pressure: 137.0 mmHg; Diastolic Blood Pressure: 89.0 mmHg; Body Weight: 103.14 kg; Body Mass Index: 32.15 kg/m2; Systolic Blood Pressure: 116.0 mmHg; Diastolic Blood Pressure: 85.0 mmHg; Polyp size greatest dimension by CAP cancer protocols: 6.0 mm; Hemoglobin.gastrointestinal [Presence] in Stool by Immunologic method: 19.0 ng/mL; Body Weight: 101.47 kg; Body Mass Index: 31.63 kg/m2; Systolic Blood Pressure: 125.0 mmHg; Diastolic Blood Pressure: 77.0 mmHg; Total Cholesterol: 193.0 mg/dL; Triglycerides: 107.0 mg/dL; Low Density Lipoprotein Cholesterol: 91.0 mg/dL; High Density Lipoprotein Cholesterol: 80.0 mg/dL; Body Weight: 99.48 kg; Body Mass Index: 31.01 kg/m2; Systolic Blood Pressure: 108.0 mmHg; Diastolic Blood Pressure: 72.0 mmHg. Immunizations: Pneumococcal conjugate PCV 13; Influenza seasonal injectable preservative free; pneumococcal polysaccharide vaccine 23 valent; Td (adult) preservative free.",0
cf246bb0-867c-4ff5-a1b0-615ed520ba75,"Demographics: born 1950-06-15, gender M, race white, ethnicity swedish. Encounters: Outpatient Encounter; Encounter for 'check-up'; Encounter for symptom. Medications: Penicillin V Potassium 500 MG; Amoxicillin 250 MG / Clavulanate 125 MG [Augmentin]. Procedures: Documentation of current medications; Colonoscopy; Fecal occult blood test; Rectal polypectomy. Observations: Hemoglobin A1c/Hemoglobin.total in Blood: 6.1 %; Body Height: 168.17 cm; Body Weight: 113.34 kg; Body Mass Index: 40.08 kg/m2; Systolic Blood Pressure: 130.0 mmHg; Diastolic Blood Pressure: 87.0 mmHg; Glucose: 100.0 mg/dL; Urea Nitrogen: 14.0 mg/dL; Creatinine: 1.0 mg/dL; Calcium: 9.77 mg/dL; Sodium: 137.0 mmol/L; Potassium: 5.11 mmol/L; Chloride: 106.0 mmol/L; Carbon Dioxide: 26.0 mmol/L; Total Cholesterol: 190.0 mg/dL; Triglycerides: 121.0 mg/dL; Low Density Lipoprotein Cholesterol: 106.0 mg/dL; High Density Lipoprotein Cholesterol: 59.0 mg/dL; Hemoglobin A1c/Hemoglobin.total in Blood: 6.4 %; Body Weight: 112.03 kg; Body Mass Index: 39.61 kg/m2; Systolic Blood Pressure: 121.0 mmHg; Diastolic Blood Pressure: 75.0 mmHg; Glucose: 89.0 mg/dL; Urea Nitrogen: 12.0 mg/dL; Calcium: 8.65 mg/dL; Potassium: 4.7 mmol/L; Chloride: 107.0 mmol/L; Carbon Dioxide: 24.0 mmol/L; Hemoglobin A1c/Hemoglobin.total in Blood: 6.3 %; Body Weight: 111.0 kg; Body Mass Index: 39.25 kg/m2; Systolic Blood Pressure: 104.0 mmHg; Diastolic Blood Pressure: 86.0 mmHg; Glucose: 66.0 mg/dL; Urea Nitrogen: 11.0 mg/dL; Calcium: 10.15 mg/dL; Sodium: 143.0 mmol/L; Potassium: 3.73 mmol/L; Chloride: 105.0 mmol/L. Immunizations: Influenza seasonal injectable preservative free; zoster; Td (adult) preservative free; Pneumococcal conjugate PCV 13; pneumococcal polysaccharide vaccine 23 valent.",0
1bdc7e7f-d7a3-436e-ab07-432e893d6619,"Demographics: born 1910-03-30, gender M, race white, ethnicity italian. Encounters: Death Certification. Medications: Insulin Lispro 100 UNT/ML Injectable Solution [Humalog]. Observations: End stage renal disease.",1
068e73dd-d8cb-4336-85fe-21842ae85afb,"Demographics: born 1981-01-02, gender M, race white, ethnicity english. Encounters: Emergency room admission; Encounter for symptom; Outpatient Encounter. Medications: Ibuprofen 200 MG Oral Tablet; Amoxicillin 250 MG / Clavulanate 125 MG [Augmentin]. Procedures: Suture open wound; Documentation of current medications. Observations: Body Height: 177.04 cm; Body Weight: 80.58 kg; Body Mass Index: 25.71 kg/m2; Systolic Blood Pressure: 140.0 mmHg; Diastolic Blood Pressure: 110.0 mmHg; Total Cholesterol: 170.0 mg/dL; Triglycerides: 148.0 mg/dL; Low Density Lipoprotein Cholesterol: 77.0 mg/dL; High Density Lipoprotein Cholesterol: 63.0 mg/dL; Estimated Glomerular Filtration Rate: 60.0 mL/min/{1.73_m2}; Body Weight: 85.67 kg; Body Mass Index: 27.33 kg/m2; Systolic Blood Pressure: 161.0 mmHg; Diastolic Blood Pressure: 108.0 mmHg; Oral temperature: 38.0 Cel. Immunizations: Influenza seasonal injectable preservative free; Td (adult) preservative free.",1
7fd706f5-8827-49c3-8471-68d7e0fe6cfb,"Demographics: born 1981-03-09, gender F, race white, ethnicity irish. Encounters: Outpatient Encounter; Patient encounter procedure; Consultation for treatment; Admission to surgical department. Medications: Trinessa 28 Day Pack. Procedures: Replacement of contraceptive intrauterine device; Bilateral tubal ligation. Observations: Hemoglobin A1c/Hemoglobin.total in Blood: 6.3 %; Body Height: 158.73 cm; Body Weight: 81.75 kg; Body Mass Index: 32.45 kg/m2; Systolic Blood Pressure: 138.0 mmHg; Diastolic Blood Pressure: 88.0 mmHg; Glucose: 76.0 mg/dL; Urea Nitrogen: 19.0 mg/dL; Creatinine: 1.0 mg/dL; Calcium: 8.57 mg/dL; Sodium: 136.0 mmol/L; Potassium: 4.4 mmol/L; Chloride: 103.0 mmol/L; Carbon Dioxide: 28.0 mmol/L; Body Weight: 86.74 kg; Body Mass Index: 34.43 kg/m2; Systolic Blood Pressure: 126.0 mmHg; Diastolic Blood Pressure: 70.0 mmHg; Glucose: 79.0 mg/dL; Urea Nitrogen: 18.0 mg/dL; Calcium: 9.8 mg/dL; Sodium: 137.0 mmol/L; Potassium: 4.82 mmol/L; Chloride: 106.0 mmol/L; Carbon Dioxide: 29.0 mmol/L; Total Cholesterol: 196.0 mg/dL; Triglycerides: 125.0 mg/dL; Low Density Lipoprotein Cholesterol: 94.0 mg/dL; High Density Lipoprotein Cholesterol: 77.0 mg/dL; Hemoglobin A1c/Hemoglobin.total in Blood: 5.8 %; Body Weight: 92.17 kg; Body Mass Index: 36.58 kg/m2; Systolic Blood Pressure: 104.0 mmHg; Diastolic Blood Pressure: 76.0 mmHg; Glucose: 84.0 mg/dL; Urea Nitrogen: 7.0 mg/dL; Calcium: 9.55 mg/dL; Sodium: 139.0 mmol/L; Potassium: 5.17 mmol/L; Chloride: 109.0 mmol/L. Immunizations: Influenza seasonal injectable preservative free; Td (adult) preservative free.",0
52f79fbe-efdf-4e47-a956-daa7e416027f,"Demographics: born 1979-03-28, gender M, race black, ethnicity dominican. Encounters: Encounter for symptom; Outpatient Encounter. Medications: Penicillin V Potassium 500 MG. Procedures: Documentation of current medications. Observations: Hemoglobin A1c/Hemoglobin.total in Blood: 6.0 %; Body Height: 178.96 cm; Body Weight: 104.86 kg; Body Mass Index: 32.74 kg/m2; Systolic Blood Pressure: 158.0 mmHg; Diastolic Blood Pressure: 101.0 mmHg; Glucose: 100.0 mg/dL; Urea Nitrogen: 18.0 mg/dL; Creatinine: 1.0 mg/dL; Calcium: 9.11 mg/dL; Sodium: 137.0 mmol/L; Potassium: 4.31 mmol/L; Chloride: 107.0 mmol/L; Carbon Dioxide: 21.0 mmol/L; Estimated Glomerular Filtration Rate: 60.0 mL/min/{1.73_m2}; Hemoglobin A1c/Hemoglobin.total in Blood: 6.2 %; Body Weight: 109.92 kg; Body Mass Index: 34.32 kg/m2; Systolic Blood Pressure: 162.0 mmHg; Diastolic Blood Pressure: 115.0 mmHg; Glucose: 83.0 mg/dL; Urea Nitrogen: 13.0 mg/dL; Calcium: 9.99 mg/dL; Sodium: 144.0 mmol/L; Potassium: 3.8 mmol/L; Chloride: 109.0 mmol/L; Carbon Dioxide: 22.0 mmol/L; Total Cholesterol: 185.0 mg/dL; Triglycerides: 115.0 mg/dL; Low Density Lipoprotein Cholesterol: 84.0 mg/dL; High Density Lipoprotein Cholesterol: 78.0 mg/dL; Oral temperature: 39.12 Cel. Immunizations: Influenza seasonal injectable preservative free; Td (adult) preservative free.",1
5b122be2-0483-4743-bea1-0b830485ad59,"Demographics: born 1975-06-21, gender M, race white, ethnicity irish. Encounters: Outpatient Encounter; Encounter for symptom. Medications: Penicillin V Potassium 250 MG; 24 HR Metformin hydrochloride 500 MG Extended Release Oral Tablet; Acetaminophen 160 MG. Procedures: Documentation of current medications. Observations: Hemoglobin A1c/Hemoglobin.total in Blood: 7.9 %; Body Height: 170.5 cm; Body Weight: 92.43 kg; Body Mass Index: 31.8 kg/m2; Systolic Blood Pressure: 126.0 mmHg; Diastolic Blood Pressure: 88.0 mmHg; Glucose: 114.0 mg/dL; Urea Nitrogen: 9.0 mg/dL; Creatinine: 1.0 mg/dL; Calcium: 9.12 mg/dL; Sodium: 138.0 mmol/L; Potassium: 4.1 mmol/L; Chloride: 105.0 mmol/L; Carbon Dioxide: 24.0 mmol/L; Total Cholesterol: 207.0 mg/dL; Triglycerides: 163.0 mg/dL; Low Density Lipoprotein Cholesterol: 125.0 mg/dL; High Density Lipoprotein Cholesterol: 49.0 mg/dL; Microalbumin Creatine Ratio: 11.0 mg/g; Estimated Glomerular Filtration Rate: 60.0 mL/min/{1.73_m2}; Hemoglobin A1c/Hemoglobin.total in Blood: 6.8 %; Body Weight: 96.69 kg; Body Mass Index: 33.26 kg/m2; Systolic Blood Pressure: 139.0 mmHg; Diastolic Blood Pressure: 73.0 mmHg; Glucose: 150.0 mg/dL; Urea Nitrogen: 12.0 mg/dL; Calcium: 9.23 mg/dL; Sodium: 142.0 mmol/L; Potassium: 4.49 mmol/L; Chloride: 104.0 mmol/L; Carbon Dioxide: 20.0 mmol/L; Total Cholesterol: 244.0 mg/dL; Triglycerides: 338.0 mg/dL; Low Density Lipoprotein Cholesterol: 143.0 mg/dL; High Density Lipoprotein Cholesterol: 33.0 mg/dL; Microalbumin Creatine Ratio: 2.0 mg/g; Hemoglobin A1c/Hemoglobin.total in Blood: 6.9 %; Body Weight: 97.7 kg; Body Mass Index: 33.61 kg/m2. Immunizations: Influenza seasonal injectable preservative free; Td (adult) preservative free.",0
8d43d09a-837d-4a12-9a0a-b73b08c98671,"Demographics: born 2002-08-25, gender F, race white, ethnicity italian. Encounters: Encounter for symptom; Outpatient Encounter; Consultation for treatment. Medications: NuvaRing 0.12/0.015 MG per 24HR 21 Day Vaginal Ring. Procedures: Documentation of current medications. Observations: Body Height: 124.66 cm; Body Weight: 29.57 kg; Body Mass Index: 19.03 kg/m2; Systolic Blood Pressure: 111.0 mmHg; Diastolic Blood Pressure: 77.0 mmHg; Body Height: 129.69 cm; Body Weight: 34.06 kg; Body Mass Index: 20.25 kg/m2; Systolic Blood Pressure: 129.0 mmHg; Diastolic Blood Pressure: 80.0 mmHg; Body Height: 134.58 cm; Body Weight: 38.73 kg; Body Mass Index: 21.38 kg/m2; Systolic Blood Pressure: 107.0 mmHg; Diastolic Blood Pressure: 85.0 mmHg; Body Height: 141.03 cm; Body Weight: 43.61 kg; Body Mass Index: 21.93 kg/m2; Diastolic Blood Pressure: 89.0 mmHg; Body Height: 147.56 cm; Body Weight: 47.91 kg; Body Mass Index: 22.0 kg/m2; Systolic Blood Pressure: 136.0 mmHg; Diastolic Blood Pressure: 81.0 mmHg; Body Height: 152.51 cm; Body Weight: 51.99 kg; Body Mass Index: 22.35 kg/m2; Systolic Blood Pressure: 108.0 mmHg; Diastolic Blood Pressure: 82.0 mmHg; Body Height: 154.43 cm; Body Weight: 54.45 kg; Body Mass Index: 22.83 kg/m2; Systolic Blood Pressure: 103.0 mmHg; Diastolic Blood Pressure: 84.0 mmHg. Immunizations: Influenza seasonal injectable preservative free; meningococcal MCV4P; Tdap; HPV quadrivalent.",0
781658a9-76d9-460d-80f2-9532a742c7e2,"Demographics: born 1991-05-19, gender F, race white, ethnicity scottish. Encounters: Outpatient Encounter; Encounter for symptom; Prenatal initial visit; Patient-initiated encounter; Consultation for treatment; Patient encounter procedure. Medications: Penicillin V Potassium 250 MG; Estrostep Fe 28 Day Pack; 0.65 ML depo-subQ provera 160 MG/ML Prefilled Syringe. Procedures: Documentation of current medications; Standard pregnancy test; Induced termination of pregnancy; Intramuscular injection. Observations: Body Height: 162.31 cm; Body Weight: 49.65 kg; Body Mass Index: 18.85 kg/m2; Systolic Blood Pressure: 168.0 mmHg; Diastolic Blood Pressure: 97.0 mmHg; Estimated Glomerular Filtration Rate: 60.0 mL/min/{1.73_m2}; Oral temperature: 37.0 Cel; Body Height: 162.33 cm; Body Weight: 51.31 kg; Body Mass Index: 19.47 kg/m2; Systolic Blood Pressure: 187.0 mmHg; Diastolic Blood Pressure: 106.0 mmHg; Body Weight: 55.87 kg; Body Mass Index: 21.2 kg/m2; Systolic Blood Pressure: 166.0 mmHg; Diastolic Blood Pressure: 98.0 mmHg. Immunizations: Influenza seasonal injectable preservative free; Td (adult) preservative free.",1
6bcd5657-9b1b-4033-901e-81f22d8b266f,"Demographics: born 1962-12-10, gender M, race white, ethnicity french. Encounters: Outpatient Encounter; Asthma follow-up; Encounter for 'check-up'. Medications: diphenhydrAMINE Hydrochloride 25 MG Oral Tablet; Penicillin V Potassium 250 MG; 120 ACTUAT Fluticasone propionate 0.044 MG/ACTUAT Metered Dose Inhaler; 200 ACTUAT Albuterol 0.09 MG/ACTUAT Metered Dose Inhaler. Procedures: Documentation of current medications; Colonoscopy. Observations: Body Height: 174.33 cm; Body Weight: 106.69 kg; Body Mass Index: 35.11 kg/m2; Systolic Blood Pressure: 157.0 mmHg; Diastolic Blood Pressure: 104.0 mmHg; Estimated Glomerular Filtration Rate: 60.0 mL/min/{1.73_m2}; Body Weight: 109.41 kg; Body Mass Index: 36.0 kg/m2; Systolic Blood Pressure: 151.0 mmHg; Diastolic Blood Pressure: 93.0 mmHg; Total Cholesterol: 164.0 mg/dL; Triglycerides: 133.0 mg/dL; Low Density Lipoprotein Cholesterol: 67.0 mg/dL; High Density Lipoprotein Cholesterol: 70.0 mg/dL; Systolic Blood Pressure: 143.0 mmHg; Diastolic Blood Pressure: 101.0 mmHg; Systolic Blood Pressure: 168.0 mmHg; Diastolic Blood Pressure: 90.0 mmHg; Systolic Blood Pressure: 144.0 mmHg; Diastolic Blood Pressure: 97.0 mmHg; Total Cholesterol: 179.0 mg/dL; Triglycerides: 130.0 mg/dL; Low Density Lipoprotein Cholesterol: 84.0 mg/dL; High Density Lipoprotein Cholesterol: 69.0 mg/dL; Hemoglobin A1c/Hemoglobin.total in Blood: 6.2 %; Systolic Blood Pressure: 150.0 mmHg; Diastolic Blood Pressure: 119.0 mmHg; Glucose: 99.0 mg/dL; Urea Nitrogen: 10.0 mg/dL; Creatinine: 1.0 mg/dL; Calcium: 8.57 mg/dL; Sodium: 139.0 mmol/L; Potassium: 4.78 mmol/L; Chloride: 111.0 mmol/L; Carbon Dioxide: 26.0 mmol/L. Allergies: Allergy to nut; Allergy to dairy product; Allergy to tree pollen; Allergy to grass pollen; Dander (animal) allergy; House dust mite allergy; Allergy to mould; Allergy to bee venom. Immunizations: Influenza seasonal injectable preservative free; Td (adult) preservative free.",1
c627b91d-a2b6-4f53-a01a-c501e65b378e,"Demographics: born 1981-12-05, gender F, race asian, ethnicity chinese. Encounters: Prenatal visit; Obstetric emergency hospital admission; Prenatal initial visit; Encounter for symptom; Outpatient Encounter; Consultation for treatment; Patient encounter procedure. Medications: Chlorpheniramine 2 MG Chewable Tablet; 1 ML Depo-Provera 150 MG/ML Injection. Procedures: Cesarean section; Standard pregnancy test; Childbirth; Documentation of current medications; Medical induction of labor; Epidural anesthesia; Premature birth of newborn; Intramuscular injection. Observations: Body Height: 168.23 cm; Body Weight: 73.17 kg; Body Mass Index: 25.85 kg/m2; Systolic Blood Pressure: 131.0 mmHg; Diastolic Blood Pressure: 79.0 mmHg; Total Cholesterol: 198.0 mg/dL; Triglycerides: 130.0 mg/dL; Low Density Lipoprotein Cholesterol: 109.0 mg/dL; High Density Lipoprotein Cholesterol: 63.0 mg/dL; Body Weight: 76.95 kg; Body Mass Index: 27.19 kg/m2; Systolic Blood Pressure: 123.0 mmHg; Diastolic Blood Pressure: 75.0 mmHg. Immunizations: Influenza seasonal injectable preservative free; Td (adult) preservative free.",0
914021ef-b611-4fe3-92d7-1737395d91c9,"Demographics: born 1919-09-09, gender M, race white, ethnicity irish. Encounters: Death Certification. Medications: Acetaminophen 325 MG / oxyCODONE Hydrochloride 5 MG Oral Tablet; Penicillin V Potassium 500 MG; Naproxen sodium 550 MG [Anaprox]; Nitroglycerin 0.4 MG/ACTUAT [Nitrolingual]. Observations: Myocardial Infarction.",1
37b528b8-a5aa-4aa2-81e1-44d317a3a0ef,"Demographics: born 1939-03-28, gender M, race white, ethnicity italian. Encounters: Death Certification. Medications: Penicillin V Potassium 250 MG; Fluticasone propionate 0.25 MG/ACTUAT / salmeterol 0.05 MG/ACTUAT [Advair]. Observations: Chronic obstructive bronchitis (disorder).",0
67c4d548-e573-4850-8787-ea61a0d76cd6,"Demographics: born 1971-04-21, gender M, race asian, ethnicity chinese. Encounters: Outpatient Encounter; Encounter for symptom. Medications: Fluticasone propionate 0.25 MG/ACTUAT / salmeterol 0.05 MG/ACTUAT [Advair]; Acetaminophen 160 MG. Procedures: Documentation of current medications; Spirometry (procedure); Sputum examination (procedure). Observations: Body Height: 173.86 cm; Body Weight: 110.02 kg; Body Mass Index: 36.4 kg/m2; Systolic Blood Pressure: 162.0 mmHg; Diastolic Blood Pressure: 117.0 mmHg; Estimated Glomerular Filtration Rate: 60.0 mL/min/{1.73_m2}; Oral temperature: 37.0 Cel; Body Weight: 113.02 kg; Body Mass Index: 37.39 kg/m2; Systolic Blood Pressure: 181.0 mmHg; Diastolic Blood Pressure: 100.0 mmHg; Total Cholesterol: 188.0 mg/dL; Triglycerides: 110.0 mg/dL; Low Density Lipoprotein Cholesterol: 87.0 mg/dL; High Density Lipoprotein Cholesterol: 79.0 mg/dL; FEV1/​FVC: 70.0 %; Body Weight: 116.08 kg; Body Mass Index: 38.4 kg/m2; Systolic Blood Pressure: 158.0 mmHg; Diastolic Blood Pressure: 108.0 mmHg; FEV1/​FVC: 58.0 %; Body Weight: 117.29 kg; Body Mass Index: 38.8 kg/m2; Systolic Blood Pressure: 160.0 mmHg; Diastolic Blood Pressure: 93.0 mmHg; Total Cholesterol: 198.0 mg/dL; Triglycerides: 139.0 mg/dL; Low Density Lipoprotein Cholesterol: 111.0 mg/dL; High Density Lipoprotein Cholesterol: 59.0 mg/dL. Allergies: Shellfish allergy. Immunizations: Influenza seasonal injectable preservative free; Td (adult) preservative free.",1
1eb61d4f-6384-424f-a1fe-8780327c368f,"Demographics: born 1953-07-14, gender F, race white, ethnicity irish. Encounters: Outpatient Encounter; Encounter for symptom; Encounter for 'check-up'; Emergency room admission. Medications: Naproxen sodium 220 MG Oral Tablet. Procedures: Documentation of current medications; Colonoscopy; Suture open wound. Observations: Body Height: 158.88 cm; Body Weight: 108.33 kg; Body Mass Index: 42.91 kg/m2; Systolic Blood Pressure: 172.0 mmHg; Diastolic Blood Pressure: 93.0 mmHg; Total Cholesterol: 174.0 mg/dL; Triglycerides: 136.0 mg/dL; Low Density Lipoprotein Cholesterol: 78.0 mg/dL; High Density Lipoprotein Cholesterol: 68.0 mg/dL; Estimated Glomerular Filtration Rate: 60.0 mL/min/{1.73_m2}; Systolic Blood Pressure: 157.0 mmHg; Diastolic Blood Pressure: 103.0 mmHg; Systolic Blood Pressure: 146.0 mmHg; Body Weight: 106.85 kg; Body Mass Index: 42.33 kg/m2; Systolic Blood Pressure: 170.0 mmHg; Diastolic Blood Pressure: 115.0 mmHg; Systolic Blood Pressure: 162.0 mmHg; Diastolic Blood Pressure: 95.0 mmHg; Total Cholesterol: 184.0 mg/dL; Triglycerides: 119.0 mg/dL; Low Density Lipoprotein Cholesterol: 94.0 mg/dL; High Density Lipoprotein Cholesterol: 66.0 mg/dL; Body Weight: 105.4 kg; Body Mass Index: 41.75 kg/m2; Systolic Blood Pressure: 186.0 mmHg; Diastolic Blood Pressure: 94.0 mmHg; Body Weight: 104.36 kg; Body Mass Index: 41.34 kg/m2; Systolic Blood Pressure: 164.0 mmHg; Diastolic Blood Pressure: 104.0 mmHg; Body Weight: 103.1 kg; Body Mass Index: 40.84 kg/m2; Systolic Blood Pressure: 200.0 mmHg. Immunizations: Influenza seasonal injectable preservative free; zoster; Td (adult) preservative free.",1
a829e12a-fd1c-41f6-964a-c795239aff89,"Demographics: born 1977-10-03, gender M, race white, ethnicity italian. Encounters: Encounter for symptom; Outpatient Encounter; Encounter for problem; Encounter for 'check-up'. Medications: Penicillin V Potassium 500 MG. Procedures: Nasal sinus endoscopy (procedure); Documentation of current medications. Observations: Body Height: 176.57 cm; Body Weight: 105.67 kg; Body Mass Index: 33.89 kg/m2; Systolic Blood Pressure: 172.0 mmHg; Diastolic Blood Pressure: 107.0 mmHg; Estimated Glomerular Filtration Rate: 60.0 mL/min/{1.73_m2}; Body Weight: 109.85 kg; Body Mass Index: 35.24 kg/m2; Systolic Blood Pressure: 167.0 mmHg; Diastolic Blood Pressure: 108.0 mmHg; Total Cholesterol: 185.0 mg/dL; Triglycerides: 118.0 mg/dL; Low Density Lipoprotein Cholesterol: 87.0 mg/dL; High Density Lipoprotein Cholesterol: 74.0 mg/dL; Oral temperature: 38.0 Cel; Body Weight: 114.32 kg; Body Mass Index: 36.67 kg/m2; Systolic Blood Pressure: 196.0 mmHg; Diastolic Blood Pressure: 111.0 mmHg. Immunizations: Influenza seasonal injectable preservative free; Td (adult) preservative free.",1
5641343b-9f6a-4b96-8cf6-803e7652c612,"Demographics: born 1971-10-16, gender M, race white, ethnicity polish. Encounters: Outpatient Encounter. Procedures: Documentation of current medications. Observations: Body Height: 175.93 cm; Body Weight: 92.33 kg; Body Mass Index: 29.83 kg/m2; Systolic Blood Pressure: 186.0 mmHg; Diastolic Blood Pressure: 107.0 mmHg; Estimated Glomerular Filtration Rate: 60.0 mL/min/{1.73_m2}; Body Weight: 96.69 kg; Body Mass Index: 31.24 kg/m2; Systolic Blood Pressure: 166.0 mmHg; Diastolic Blood Pressure: 108.0 mmHg; Total Cholesterol: 192.0 mg/dL; Triglycerides: 113.0 mg/dL; Low Density Lipoprotein Cholesterol: 93.0 mg/dL; High Density Lipoprotein Cholesterol: 76.0 mg/dL; Body Weight: 99.85 kg; Body Mass Index: 32.26 kg/m2; Systolic Blood Pressure: 146.0 mmHg; Diastolic Blood Pressure: 100.0 mmHg. Immunizations: Influenza seasonal injectable preservative free; Td (adult) preservative free.",1
8dbbc5d9-f9e5-4d12-ab07-a72404451985,"Demographics: born 1962-10-16, gender M, race white, ethnicity american. Encounters: Outpatient Encounter; Encounter for 'check-up'; Encounter for symptom. Medications: Penicillin V Potassium 250 MG; Penicillin V Potassium 500 MG; Acetaminophen 160 MG. Procedures: Colonoscopy; Documentation of current medications. Observations: Body Height: 171.52 cm; Body Weight: 112.43 kg; Body Mass Index: 38.22 kg/m2; Systolic Blood Pressure: 101.0 mmHg; Diastolic Blood Pressure: 89.0 mmHg; Total Cholesterol: 160.0 mg/dL; Triglycerides: 143.0 mg/dL; Low Density Lipoprotein Cholesterol: 71.0 mg/dL; High Density Lipoprotein Cholesterol: 60.0 mg/dL; Body Weight: 113.49 kg; Body Mass Index: 38.58 kg/m2; Systolic Blood Pressure: 115.0 mmHg; Diastolic Blood Pressure: 81.0 mmHg; Oral temperature: 37.0 Cel; Systolic Blood Pressure: 135.0 mmHg; Diastolic Blood Pressure: 80.0 mmHg; Total Cholesterol: 162.0 mg/dL; Triglycerides: 121.0 mg/dL; Low Density Lipoprotein Cholesterol: 77.0 mg/dL; Systolic Blood Pressure: 119.0 mmHg; Diastolic Blood Pressure: 78.0 mmHg; Systolic Blood Pressure: 137.0 mmHg; Diastolic Blood Pressure: 82.0 mmHg. Immunizations: Influenza seasonal injectable preservative free; Td (adult) preservative free.",0
ab697549-92a2-403b-a71e-6bf10c86bccf,"Demographics: born 1990-05-19, gender M, race white, ethnicity german. Encounters: Encounter for symptom; Outpatient Encounter. Medications: Dextromethorphan Hydrobromide 1 MG/ML. Procedures: Documentation of current medications; Sputum examination (procedure). Observations: Body Height: 174.24 cm; Body Weight: 69.84 kg; Body Mass Index: 23.01 kg/m2; Systolic Blood Pressure: 141.0 mmHg; Diastolic Blood Pressure: 111.0 mmHg; Estimated Glomerular Filtration Rate: 60.0 mL/min/{1.73_m2}; Body Weight: 74.58 kg; Body Mass Index: 24.57 kg/m2; Systolic Blood Pressure: 186.0 mmHg; Diastolic Blood Pressure: 100.0 mmHg. Immunizations: Influenza seasonal injectable preservative free; Td (adult) preservative free.",1
dd9ac627-23f6-4bae-b857-9016a90d9c02,"Demographics: born 1948-04-29, gender F, race white, ethnicity irish. Encounters: Outpatient Encounter; Encounter for symptom; Encounter for 'check-up'. Medications: Fluticasone propionate 0.25 MG/ACTUAT / salmeterol 0.05 MG/ACTUAT [Advair]; 24 HR Metformin hydrochloride 500 MG Extended Release Oral Tablet; insulin human isophane 70 UNT/ML / Regular Insulin Human 30 UNT/ML Injectable Suspension [Humulin]. Procedures: Spirometry (procedure); Documentation of current medications; Colonoscopy; Pulmonary rehabilitation (regime/therapy). Observations: FEV1/​FVC: 30.0 %; Hemoglobin A1c/Hemoglobin.total in Blood: 8.1 %; Body Height: 157.69 cm; Body Weight: 95.02 kg; Body Mass Index: 38.21 kg/m2; Systolic Blood Pressure: 142.0 mmHg; Diastolic Blood Pressure: 102.0 mmHg; Glucose: 141.0 mg/dL; Urea Nitrogen: 16.0 mg/dL; Creatinine: 1.0 mg/dL; Calcium: 9.59 mg/dL; Sodium: 140.0 mmol/L; Potassium: 4.94 mmol/L; Chloride: 106.0 mmol/L; Carbon Dioxide: 29.0 mmol/L; Total Cholesterol: 254.0 mg/dL; Triglycerides: 457.0 mg/dL; Low Density Lipoprotein Cholesterol: 125.0 mg/dL; High Density Lipoprotein Cholesterol: 37.0 mg/dL; Microalbumin Creatine Ratio: 1.0 mg/g; Estimated Glomerular Filtration Rate: 60.0 mL/min/{1.73_m2}; FEV1/​FVC: 33.0 %; Hemoglobin A1c/Hemoglobin.total in Blood: 4.9 %; Body Weight: 93.6 kg; Body Mass Index: 37.64 kg/m2; Systolic Blood Pressure: 173.0 mmHg; Diastolic Blood Pressure: 95.0 mmHg; Glucose: 127.0 mg/dL; Urea Nitrogen: 15.0 mg/dL; Calcium: 8.56 mg/dL; Potassium: 4.0 mmol/L; Chloride: 103.0 mmol/L; Carbon Dioxide: 22.0 mmol/L; Total Cholesterol: 257.0 mg/dL; Triglycerides: 485.0 mg/dL; Low Density Lipoprotein Cholesterol: 127.0 mg/dL; High Density Lipoprotein Cholesterol: 33.0 mg/dL; Microalbumin Creatine Ratio: 16.0 mg/g; Oral temperature: 37.0 Cel; FEV1/​FVC: 44.0 %. Allergies: Shellfish allergy. Immunizations: Influenza seasonal injectable preservative free; Pneumococcal conjugate PCV 13; pneumococcal polysaccharide vaccine 23 valent.",1
cfff5b94-cf83-43be-b5f2-32f75fcd1824,"Demographics: born 1958-06-22, gender M, race white, ethnicity italian. Encounters: Outpatient Encounter; Encounter for symptom; Encounter for 'check-up'. Medications: Naproxen sodium 220 MG [Aleve]. Procedures: Documentation of current medications; Colonoscopy. Observations: Body Height: 180.94 cm; Body Weight: 112.2 kg; Body Mass Index: 34.27 kg/m2; Systolic Blood Pressure: 100.0 mmHg; Diastolic Blood Pressure: 84.0 mmHg; Total Cholesterol: 183.0 mg/dL; Triglycerides: 127.0 mg/dL; Low Density Lipoprotein Cholesterol: 97.0 mg/dL; High Density Lipoprotein Cholesterol: 60.0 mg/dL; Oral temperature: 37.77 Cel; Systolic Blood Pressure: 122.0 mmHg; Diastolic Blood Pressure: 82.0 mmHg; Systolic Blood Pressure: 138.0 mmHg; Diastolic Blood Pressure: 85.0 mmHg; Systolic Blood Pressure: 127.0 mmHg; Diastolic Blood Pressure: 73.0 mmHg; Triglycerides: 149.0 mg/dL; Low Density Lipoprotein Cholesterol: 85.0 mg/dL; High Density Lipoprotein Cholesterol: 68.0 mg/dL; Systolic Blood Pressure: 106.0 mmHg; Systolic Blood Pressure: 114.0 mmHg; Diastolic Blood Pressure: 80.0 mmHg. Immunizations: Influenza seasonal injectable preservative free.",0
c22289bf-d0a2-48fb-824d-4263b1e6358e,"Demographics: born 1993-02-10, gender F, race asian, ethnicity chinese. Encounters: Encounter for problem; Outpatient Encounter; Emergency room admission; Encounter for 'check-up'; Encounter for symptom. Medications: diphenhydrAMINE Hydrochloride 25 MG Oral Tablet; 0.3 ML EPINEPHrine 0.5 MG/ML Auto-Injector; Seasonique 91 Day Pack; Amoxicillin 500 MG Oral Tablet; Acetaminophen 325 MG / oxyCODONE Hydrochloride 5 MG Oral Tablet; Ibuprofen 200 MG Oral Tablet; Nitrofurantoin 5 MG/ML [Furadantin]; Phenazopyridine hydrochloride 100 MG [Pyridium]. Procedures: Documentation of current medications. Observations: Body Height: 162.91 cm; Body Weight: 51.68 kg; Body Mass Index: 19.47 kg/m2; Systolic Blood Pressure: 114.0 mmHg; Diastolic Blood Pressure: 88.0 mmHg; Body Height: 163.05 cm; Body Weight: 52.73 kg; Body Mass Index: 19.83 kg/m2; Systolic Blood Pressure: 116.0 mmHg; Diastolic Blood Pressure: 87.0 mmHg; Body Height: 163.09 cm; Body Weight: 54.49 kg; Body Mass Index: 20.49 kg/m2; Systolic Blood Pressure: 121.0 mmHg; Diastolic Blood Pressure: 89.0 mmHg; Body Weight: 59.28 kg; Body Mass Index: 22.29 kg/m2; Diastolic Blood Pressure: 76.0 mmHg; Oral temperature: 38.0 Cel. Allergies: Allergy to peanuts; Allergy to tree pollen; Allergy to grass pollen; Dander (animal) allergy; House dust mite allergy; Allergy to mould; Latex allergy. Immunizations: Influenza seasonal injectable preservative free; Td (adult) preservative free.",0
61ac04d1-83f0-4c56-b614-bb0741bd40f5,"Demographics: born 1985-10-06, gender M, race white, ethnicity irish. Encounters: Outpatient Encounter; Emergency hospital admission for asthma; Asthma follow-up. Medications: Astemizole 10 MG Oral Tablet; 120 ACTUAT Fluticasone propionate 0.044 MG/ACTUAT Metered Dose Inhaler; 200 ACTUAT Albuterol 0.09 MG/ACTUAT Metered Dose Inhaler; Penicillin V Potassium 250 MG. Procedures: Documentation of current medications. Observations: Body Height: 185.99 cm; Body Weight: 112.03 kg; Body Mass Index: 32.39 kg/m2; Systolic Blood Pressure: 142.0 mmHg; Diastolic Blood Pressure: 97.0 mmHg; Estimated Glomerular Filtration Rate: 60.0 mL/min/{1.73_m2}; Body Weight: 116.71 kg; Body Mass Index: 33.74 kg/m2; Systolic Blood Pressure: 190.0 mmHg; Diastolic Blood Pressure: 110.0 mmHg. Allergies: Allergy to nut; Allergy to fish; Allergy to grass pollen; Allergy to bee venom. Immunizations: Influenza seasonal injectable preservative free.",1
05fa31d1-f60d-4905-8104-23dcb0534ab9,"Demographics: born 1961-04-23, gender M, race white, ethnicity scottish. Encounters: Encounter for 'check-up'; Outpatient Encounter; Encounter for symptom. Medications: Penicillin V Potassium 250 MG; Amoxicillin 250 MG / Clavulanate 125 MG [Augmentin]. Procedures: Colonoscopy; Documentation of current medications. Observations: Body Height: 169.54 cm; Body Weight: 117.1 kg; Body Mass Index: 40.74 kg/m2; Systolic Blood Pressure: 157.0 mmHg; Diastolic Blood Pressure: 113.0 mmHg; Total Cholesterol: 177.0 mg/dL; Triglycerides: 146.0 mg/dL; Low Density Lipoprotein Cholesterol: 76.0 mg/dL; High Density Lipoprotein Cholesterol: 71.0 mg/dL; Estimated Glomerular Filtration Rate: 60.0 mL/min/{1.73_m2}; Systolic Blood Pressure: 142.0 mmHg; Diastolic Blood Pressure: 101.0 mmHg; Systolic Blood Pressure: 159.0 mmHg; Diastolic Blood Pressure: 94.0 mmHg; Systolic Blood Pressure: 188.0 mmHg; Diastolic Blood Pressure: 102.0 mmHg; Total Cholesterol: 167.0 mg/dL; Triglycerides: 115.0 mg/dL; High Density Lipoprotein Cholesterol: 68.0 mg/dL; Systolic Blood Pressure: 155.0 mmHg; Diastolic Blood Pressure: 93.0 mmHg; Systolic Blood Pressure: 164.0 mmHg; Diastolic Blood Pressure: 111.0 mmHg; Oral temperature: 38.0 Cel. Immunizations: Influenza seasonal injectable preservative free; Td (adult) preservative free.",1
ad0ffcc1-a607-41ae-9de7-6e7b5cd8f76f,"Demographics: born 1979-12-12, gender M, race white, ethnicity irish. Encounters: Outpatient Encounter. Procedures: Documentation of current medications. Observations: Body Height: 177.86 cm; Body Weight: 78.31 kg; Body Mass Index: 24.75 kg/m2; Systolic Blood Pressure: 173.0 mmHg; Diastolic Blood Pressure: 103.0 mmHg; Total Cholesterol: 176.0 mg/dL; Triglycerides: 115.0 mg/dL; Low Density Lipoprotein Cholesterol: 86.0 mg/dL; High Density Lipoprotein Cholesterol: 67.0 mg/dL; Estimated Glomerular Filtration Rate: 60.0 mL/min/{1.73_m2}; Body Weight: 83.24 kg; Body Mass Index: 26.31 kg/m2; Systolic Blood Pressure: 195.0 mmHg; Total Cholesterol: 181.0 mg/dL; Triglycerides: 140.0 mg/dL; Low Density Lipoprotein Cholesterol: 93.0 mg/dL; High Density Lipoprotein Cholesterol: 60.0 mg/dL; Body Weight: 88.49 kg; Body Mass Index: 27.97 kg/m2; Systolic Blood Pressure: 182.0 mmHg; Total Cholesterol: 168.0 mg/dL; Triglycerides: 146.0 mg/dL; Low Density Lipoprotein Cholesterol: 58.0 mg/dL; High Density Lipoprotein Cholesterol: 80.0 mg/dL. Immunizations: Influenza seasonal injectable preservative free; Td (adult) preservative free.",1
1593468e-3bff-4838-9129-9e55cb0344c1,"Demographics: born 1953-12-15, gender M, race white, ethnicity portuguese. Encounters: Outpatient Encounter; Encounter for 'check-up'; Emergency room admission; Encounter for problem. Medications: Penicillin V Potassium 500 MG; Clopidogrel 75 MG Oral Tablet; Simvastatin 20 MG Oral Tablet; Amlodipine 5 MG Oral Tablet; Nitroglycerin 0.4 MG/ACTUAT [Nitrolingual]; Cisplatin 50 MG Injection; PACLitaxel 100 MG Injection. Procedures: Colonoscopy; Documentation of current medications; Plain chest X-ray (procedure); Computed tomography of chest and abdomen; Sputum microscopy (procedure); Magnetic resonance imaging for measurement of brain volume (procedure); Combined chemotherapy and radiation therapy (procedure). Observations: Hemoglobin A1c/Hemoglobin.total in Blood: 6.4 %; Body Height: 179.16 cm; Body Weight: 105.99 kg; Body Mass Index: 33.02 kg/m2; Systolic Blood Pressure: 143.0 mmHg; Diastolic Blood Pressure: 103.0 mmHg; Glucose: 76.0 mg/dL; Urea Nitrogen: 11.0 mg/dL; Creatinine: 1.0 mg/dL; Calcium: 8.73 mg/dL; Sodium: 144.0 mmol/L; Potassium: 4.62 mmol/L; Chloride: 103.0 mmol/L; Carbon Dioxide: 23.0 mmol/L; Estimated Glomerular Filtration Rate: 60.0 mL/min/{1.73_m2}; Hemoglobin A1c/Hemoglobin.total in Blood: 5.9 %; Systolic Blood Pressure: 150.0 mmHg; Diastolic Blood Pressure: 111.0 mmHg; Glucose: 97.0 mg/dL; Urea Nitrogen: 12.0 mg/dL; Calcium: 9.69 mg/dL; Sodium: 136.0 mmol/L; Potassium: 3.71 mmol/L; Chloride: 102.0 mmol/L; Carbon Dioxide: 25.0 mmol/L; Systolic Blood Pressure: 180.0 mmHg; Diastolic Blood Pressure: 106.0 mmHg; Glucose: 86.0 mg/dL; Urea Nitrogen: 8.0 mg/dL; Calcium: 10.11 mg/dL; Potassium: 4.59 mmol/L; Chloride: 109.0 mmol/L; Total Cholesterol: 199.0 mg/dL; Triglycerides: 132.0 mg/dL; Low Density Lipoprotein Cholesterol: 98.0 mg/dL; High Density Lipoprotein Cholesterol: 74.0 mg/dL; Body Weight: 104.51 kg; Body Mass Index: 32.56 kg/m2; Systolic Blood Pressure: 148.0 mmHg; Diastolic Blood Pressure: 91.0 mmHg. Immunizations: Influenza seasonal injectable preservative free; zoster; Td (adult) preservative free.",1
5e80355b-32de-4ad2-a335-ddacb4003d10,"Demographics: born 1935-04-29, gender F, race white, ethnicity english. Encounters: Outpatient Encounter; Encounter for 'check-up'; Encounter for symptom. Medications: Penicillin V Potassium 250 MG; Alendronic acid 10 MG [Fosamax]. Procedures: Colonoscopy; Documentation of current medications; Bone density scan (procedure). Observations: Body Height: 168.04 cm; Body Weight: 74.37 kg; Body Mass Index: 26.34 kg/m2; Systolic Blood Pressure: 109.0 mmHg; Diastolic Blood Pressure: 81.0 mmHg; Body Weight: 72.93 kg; Body Mass Index: 25.83 kg/m2; Systolic Blood Pressure: 130.0 mmHg; Diastolic Blood Pressure: 80.0 mmHg; Body Weight: 70.97 kg; Body Mass Index: 25.13 kg/m2; Systolic Blood Pressure: 125.0 mmHg; Diastolic Blood Pressure: 87.0 mmHg; Body Weight: 69.55 kg; Body Mass Index: 24.63 kg/m2; Systolic Blood Pressure: 106.0 mmHg; Diastolic Blood Pressure: 72.0 mmHg; Total Cholesterol: 170.0 mg/dL; Triglycerides: 144.0 mg/dL; Low Density Lipoprotein Cholesterol: 72.0 mg/dL; High Density Lipoprotein Cholesterol: 69.0 mg/dL; Body Weight: 68.16 kg; Body Mass Index: 24.14 kg/m2; Systolic Blood Pressure: 133.0 mmHg; Diastolic Blood Pressure: 85.0 mmHg; Oral temperature: 37.0 Cel; Systolic Blood Pressure: 110.0 mmHg; DXA [T-score] Bone density: -2.72 {T-score}; Body Weight: 66.73 kg; Body Mass Index: 23.63 kg/m2; Systolic Blood Pressure: 138.0 mmHg; Body Weight: 65.24 kg; Body Mass Index: 23.1 kg/m2. Immunizations: Influenza seasonal injectable preservative free; Td (adult) preservative free.",0
92b34f64-cc0e-4993-bff5-6decd3acbef2,"Demographics: born 1951-02-28, gender F, race hispanic, ethnicity puerto_rican. Encounters: Outpatient Encounter; Encounter for problem; Encounter for 'check-up'; Death Certification. Medications: Fluticasone propionate 0.25 MG/ACTUAT / salmeterol 0.05 MG/ACTUAT [Advair]; 24 HR Metformin hydrochloride 500 MG Extended Release Oral Tablet; Alendronic acid 10 MG [Fosamax]. Procedures: Spirometry (procedure); Pulmonary rehabilitation (regime/therapy); Documentation of current medications; Bone density scan (procedure). Observations: FEV1/​FVC: 18.0 %; Hemoglobin A1c/Hemoglobin.total in Blood: 8.0 %; Body Height: 162.86 cm; Body Weight: 101.11 kg; Body Mass Index: 38.12 kg/m2; Systolic Blood Pressure: 176.0 mmHg; Diastolic Blood Pressure: 116.0 mmHg; Glucose: 190.0 mg/dL; Urea Nitrogen: 17.0 mg/dL; Creatinine: 1.0 mg/dL; Calcium: 9.01 mg/dL; Sodium: 141.0 mmol/L; Potassium: 4.31 mmol/L; Chloride: 110.0 mmol/L; Carbon Dioxide: 28.0 mmol/L; Total Cholesterol: 251.0 mg/dL; Triglycerides: 475.0 mg/dL; Low Density Lipoprotein Cholesterol: 120.0 mg/dL; High Density Lipoprotein Cholesterol: 36.0 mg/dL; Microalbumin Creatine Ratio: 5.0 mg/g; Estimated Glomerular Filtration Rate: 60.0 mL/min/{1.73_m2}; FEV1/​FVC: 12.0 %; Hemoglobin A1c/Hemoglobin.total in Blood: 7.9 %; DXA [T-score] Bone density: -3.44 {T-score}; Body Weight: 99.72 kg; Body Mass Index: 37.6 kg/m2; Systolic Blood Pressure: 151.0 mmHg; Diastolic Blood Pressure: 107.0 mmHg; Glucose: 170.0 mg/dL; Urea Nitrogen: 19.0 mg/dL; Calcium: 8.78 mg/dL; Sodium: 144.0 mmol/L; Potassium: 5.11 mmol/L; Chloride: 103.0 mmol/L; Carbon Dioxide: 29.0 mmol/L; Total Cholesterol: 241.0 mg/dL; Triglycerides: 290.0 mg/dL; Low Density Lipoprotein Cholesterol: 150.0 mg/dL; High Density Lipoprotein Cholesterol: 33.0 mg/dL; Microalbumin Creatine Ratio: 7.0 mg/g. Immunizations: Influenza seasonal injectable preservative free; zoster; Td (adult) preservative free; Pneumococcal conjugate PCV 13.",1
bc2a8081-1c52-44ce-9660-6a563b6599b2,"Demographics: born 1964-06-16, gender M, race white, ethnicity french. Encounters: Outpatient Encounter; Encounter for 'check-up'; Encounter for problem. Medications: Penicillin V Potassium 250 MG. Procedures: Colonoscopy; Fecal occult blood test; Rectal polypectomy; Biopsy of colon. Observations: Body Height: 171.05 cm; Body Weight: 110.3 kg; Body Mass Index: 37.7 kg/m2; Systolic Blood Pressure: 196.0 mmHg; Diastolic Blood Pressure: 110.0 mmHg; Total Cholesterol: 190.0 mg/dL; Triglycerides: 133.0 mg/dL; Low Density Lipoprotein Cholesterol: 91.0 mg/dL; High Density Lipoprotein Cholesterol: 72.0 mg/dL; Estimated Glomerular Filtration Rate: 60.0 mL/min/{1.73_m2}; Body Weight: 114.12 kg; Body Mass Index: 39.01 kg/m2; Systolic Blood Pressure: 194.0 mmHg; Diastolic Blood Pressure: 109.0 mmHg; Body Weight: 117.95 kg; Body Mass Index: 40.32 kg/m2; Systolic Blood Pressure: 145.0 mmHg; Diastolic Blood Pressure: 92.0 mmHg; Total Cholesterol: 187.0 mg/dL; Triglycerides: 124.0 mg/dL; Low Density Lipoprotein Cholesterol: 92.0 mg/dL; High Density Lipoprotein Cholesterol: 70.0 mg/dL; Polyp size greatest dimension by CAP cancer protocols: 24.0 mm; Hemoglobin.gastrointestinal [Presence] in Stool by Immunologic method: 255.0 ng/mL; Systolic Blood Pressure: 181.0 mmHg; Diastolic Blood Pressure: 115.0 mmHg; Systolic Blood Pressure: 173.0 mmHg; Diastolic Blood Pressure: 119.0 mmHg. Allergies: Allergy to nut. Immunizations: Influenza seasonal injectable preservative free; Td (adult) preservative free.",1
0a1d975f-1207-4b10-aecc-f5c46298aaac,"Demographics: born 1995-06-20, gender F, race white, ethnicity irish. Encounters: Outpatient Encounter; Encounter for symptom. Medications: Penicillin V Potassium 250 MG. Procedures: Documentation of current medications. Observations: Body Height: 174.22 cm; Body Weight: 48.44 kg; Body Mass Index: 15.96 kg/m2; Systolic Blood Pressure: 116.0 mmHg; Diastolic Blood Pressure: 84.0 mmHg; Body Height: 174.84 cm; Body Weight: 50.42 kg; Body Mass Index: 16.49 kg/m2; Systolic Blood Pressure: 119.0 mmHg; Diastolic Blood Pressure: 79.0 mmHg; Oral temperature: 38.65 Cel; Body Height: 175.14 cm; Body Weight: 51.65 kg; Body Mass Index: 16.84 kg/m2; Systolic Blood Pressure: 129.0 mmHg; Diastolic Blood Pressure: 89.0 mmHg; Body Height: 175.33 cm; Body Weight: 52.8 kg; Body Mass Index: 17.18 kg/m2; Systolic Blood Pressure: 111.0 mmHg; Body Height: 175.44 cm; Body Weight: 53.95 kg; Body Mass Index: 17.53 kg/m2; Systolic Blood Pressure: 105.0 mmHg; Diastolic Blood Pressure: 70.0 mmHg; Body Height: 175.46 cm; Body Weight: 55.51 kg; Body Mass Index: 18.03 kg/m2; Systolic Blood Pressure: 118.0 mmHg; Diastolic Blood Pressure: 85.0 mmHg; Oral temperature: 37.0 Cel. Immunizations: Influenza seasonal injectable preservative free; meningococcal MCV4P.",0
6e00db1d-4bf5-4505-99f4-c6f7dca183c3,"Demographics: born 1935-06-15, gender F, race white, ethnicity english.",0
db04ab6a-83d4-4b7a-a492-050133c04662,Encounters: Emergency room admission; Outpatient Encounter; Encounter for symptom. Medications: Ibuprofen 200 MG Oral Tablet; Acetaminophen 160 MG. Procedures: Documentation of current medications; Suture open wound; Injection of tetanus antitoxin; Measurement of respiratory function (procedure). Observations: Hemoglobin A1c/Hemoglobin.total in Blood: 6.3 %; Body Height: 179.39 cm; Body Weight: 78.08 kg; Body Mass Index: 24.26 kg/m2; Systolic Blood Pressure: 171.0 mmHg; Diastolic Blood Pressure: 101.0 mmHg; Glucose: 79.0 mg/dL; Urea Nitrogen: 15.0 mg/dL; Creatinine: 1.0 mg/dL; Calcium: 10.0 mg/dL; Sodium: 141.0 mmol/L; Potassium: 4.47 mmol/L; Chloride: 104.0 mmol/L; Carbon Dioxide: 29.0 mmol/L; Total Cholesterol: 188.0 mg/dL; Triglycerides: 118.0 mg/dL; Low Density Lipoprotein Cholesterol: 92.0 mg/dL; High Density Lipoprotein Cholesterol: 72.0 mg/dL; Estimated Glomerular Filtration Rate: 60.0 mL/min/{1.73_m2}; Hemoglobin A1c/Hemoglobin.total in Blood: 5.9 %; Body Weight: 82.03 kg; Body Mass Index: 25.49 kg/m2; Systolic Blood Pressure: 143.0 mmHg; Diastolic Blood Pressure: 94.0 mmHg; Glucose: 66.0 mg/dL; Urea Nitrogen: 18.0 mg/dL; Calcium: 9.88 mg/dL; Sodium: 142.0 mmol/L; Potassium: 4.56 mmol/L; Chloride: 102.0 mmol/L; Carbon Dioxide: 24.0 mmol/L; Hemoglobin A1c/Hemoglobin.total in Blood: 6.2 %; Body Weight: 85.79 kg; Body Mass Index: 26.66 kg/m2; Systolic Blood Pressure: 194.0 mmHg; Diastolic Blood Pressure: 112.0 mmHg; Glucose: 83.0 mg/dL; Urea Nitrogen: 17.0 mg/dL; Calcium: 10.16 mg/dL; Sodium: 136.0 mmol/L. Immunizations: Influenza seasonal injectable preservative free; Td (adult) preservative free.,1
16ebf1e5-037e-47e4-ab77-001d38f235bc,"Demographics: born 2016-04-14, gender M, race white, ethnicity irish. Encounters: Outpatient Encounter; Encounter for symptom; Domiciliary or rest home patient evaluation and management. Medications: Amoxicillin 200 MG Oral Tablet; Acetaminophen 160 MG Oral Tablet. Procedures: Documentation of current medications; Information gathering (procedure). Observations: Body Height: 56.95 cm; Body Weight: 5.39 kg; Systolic Blood Pressure: 105.0 mmHg; Diastolic Blood Pressure: 70.0 mmHg; Body Height: 59.93 cm; Body Weight: 6.25 kg; Systolic Blood Pressure: 116.0 mmHg; Diastolic Blood Pressure: 74.0 mmHg; Body Height: 64.54 cm; Body Weight: 7.72 kg; Systolic Blood Pressure: 132.0 mmHg; Diastolic Blood Pressure: 73.0 mmHg; Body Height: 69.8 cm; Body Weight: 9.45 kg; Systolic Blood Pressure: 128.0 mmHg; Diastolic Blood Pressure: 81.0 mmHg; Body Height: 74.03 cm; Body Weight: 10.72 kg; Systolic Blood Pressure: 131.0 mmHg; Diastolic Blood Pressure: 83.0 mmHg; Sexual orientation: heterosexual {nominal}; HIV status: not HIV positive {nominal}; Abuse Status [OMAHA]: Severe signs/symptoms {nominal}; Housing status: Patient is homeless {nominal}; Are you covered by health insurance or some other kind of health care plan [PhenX]: No {nominal}; History of Hospitalizations+​Outpatient visits: 0.0 {count}. Immunizations: Hep B adolescent or pediatric; rotavirus monovalent; DTaP; Hib (PRP-OMP); Pneumococcal conjugate PCV 13; IPV; Influenza seasonal injectable preservative free.",0
389ebb15-206d-490b-8080-43f99f827e59,"Demographics: born 1986-11-07, gender F, race white, ethnicity italian.",0
f0efc133-440f-44c5-9893-1a7d5018414e,"Demographics: born 1950-04-06, gender F, race white, ethnicity irish. Encounters: Death Certification. Observations: Drug overdose.",1
26d5705d-b1a4-4aa9-abb8-5df4c67af0c8,"Demographics: born 1957-02-27, gender F, race hispanic, ethnicity puerto_rican. Encounters: Outpatient Encounter; Encounter for symptom. Medications: Penicillin V Potassium 250 MG. Procedures: Documentation of current medications. Observations: Body Height: 164.02 cm; Body Weight: 101.38 kg; Body Mass Index: 37.69 kg/m2; Systolic Blood Pressure: 183.0 mmHg; Diastolic Blood Pressure: 110.0 mmHg; Total Cholesterol: 195.0 mg/dL; Triglycerides: 120.0 mg/dL; Low Density Lipoprotein Cholesterol: 101.0 mg/dL; High Density Lipoprotein Cholesterol: 70.0 mg/dL; Estimated Glomerular Filtration Rate: 59.0 mL/min/{1.73_m2}; Hemoglobin A1c/Hemoglobin.total in Blood: 6.3 %; Systolic Blood Pressure: 146.0 mmHg; Diastolic Blood Pressure: 96.0 mmHg; Glucose: 87.0 mg/dL; Urea Nitrogen: 9.0 mg/dL; Creatinine: 1.0 mg/dL; Calcium: 9.15 mg/dL; Sodium: 143.0 mmol/L; Potassium: 5.08 mmol/L; Chloride: 101.0 mmol/L; Carbon Dioxide: 26.0 mmol/L; Estimated Glomerular Filtration Rate: 60.0 mL/min/{1.73_m2}; Hemoglobin A1c/Hemoglobin.total in Blood: 6.1 %; Systolic Blood Pressure: 153.0 mmHg; Diastolic Blood Pressure: 94.0 mmHg; Glucose: 99.0 mg/dL; Urea Nitrogen: 17.0 mg/dL; Calcium: 8.89 mg/dL; Sodium: 141.0 mmol/L; Chloride: 106.0 mmol/L; Carbon Dioxide: 22.0 mmol/L; Hemoglobin A1c/Hemoglobin.total in Blood: 6.4 %; Systolic Blood Pressure: 141.0 mmHg; Diastolic Blood Pressure: 106.0 mmHg; Glucose: 93.0 mg/dL; Urea Nitrogen: 12.0 mg/dL; Calcium: 8.92 mg/dL; Sodium: 136.0 mmol/L; Potassium: 4.43 mmol/L; Chloride: 107.0 mmol/L. Immunizations: Influenza seasonal injectable preservative free.",1
fd5ce780-f48e-4239-af31-59f1613f6a93,"Demographics: born 1937-07-27, gender M, race asian, ethnicity asian_indian. Encounters: Encounter for symptom; Outpatient Encounter; Emergency Encounter; Encounter for 'check-up'; Emergency room admission. Medications: Penicillin V Potassium 500 MG; Clopidogrel 75 MG Oral Tablet; Alteplase 1 MG/ML Injectable Solution; Simvastatin 20 MG Oral Tablet; Amlodipine 5 MG Oral Tablet; Nitroglycerin 0.4 MG/ACTUAT [Nitrolingual]; Acetaminophen 325 MG / HYDROcodone Bitartrate 7.5 MG Oral Tablet; Ibuprofen 200 MG Oral Tablet; Meperidine Hydrochloride 50 MG Oral Tablet; Naproxen sodium 220 MG Oral Tablet. Procedures: Documentation of current medications; Percutaneous mechanical thrombectomy of portal vein using fluoroscopic guidance; Colonoscopy; Bone immobilization; Bone density scan (procedure). Observations: Hemoglobin A1c/Hemoglobin.total in Blood: 6.2 %; Body Height: 177.33 cm; Body Weight: 103.17 kg; Body Mass Index: 32.81 kg/m2; Systolic Blood Pressure: 132.0 mmHg; Diastolic Blood Pressure: 82.0 mmHg; Glucose: 97.0 mg/dL; Urea Nitrogen: 10.0 mg/dL; Creatinine: 1.0 mg/dL; Calcium: 9.17 mg/dL; Sodium: 143.0 mmol/L; Potassium: 3.98 mmol/L; Chloride: 105.0 mmol/L; Carbon Dioxide: 25.0 mmol/L; Hemoglobin A1c/Hemoglobin.total in Blood: 6.1 %; Body Weight: 101.59 kg; Body Mass Index: 32.31 kg/m2; Systolic Blood Pressure: 118.0 mmHg; Diastolic Blood Pressure: 79.0 mmHg; Glucose: 71.0 mg/dL; Urea Nitrogen: 15.0 mg/dL; Calcium: 9.63 mg/dL; Sodium: 140.0 mmol/L; Potassium: 4.96 mmol/L; Chloride: 109.0 mmol/L; Carbon Dioxide: 23.0 mmol/L; Total Cholesterol: 176.0 mg/dL; Triglycerides: 144.0 mg/dL; Low Density Lipoprotein Cholesterol: 77.0 mg/dL; High Density Lipoprotein Cholesterol: 70.0 mg/dL; Hemoglobin A1c/Hemoglobin.total in Blood: 6.0 %; Body Weight: 100.23 kg; Body Mass Index: 31.88 kg/m2; Systolic Blood Pressure: 135.0 mmHg; Diastolic Blood Pressure: 83.0 mmHg; Glucose: 80.0 mg/dL; Urea Nitrogen: 18.0 mg/dL; Calcium: 8.65 mg/dL; Sodium: 138.0 mmol/L; Potassium: 4.48 mmol/L. Immunizations: Influenza seasonal injectable preservative free.",0
c9418752-bb3d-4eab-af75-9e54159b256e,"Demographics: born 1998-11-13, gender M, race white, ethnicity irish. Encounters: Encounter for symptom; Outpatient Encounter. Medications: Penicillin V Potassium 250 MG; Dextromethorphan Hydrobromide 1 MG/ML. Procedures: Documentation of current medications; Measurement of respiratory function (procedure). Observations: Oral temperature: 37.0 Cel; Body Height: 153.8 cm; Body Weight: 43.46 kg; Body Mass Index: 18.37 kg/m2; Systolic Blood Pressure: 108.0 mmHg; Diastolic Blood Pressure: 85.0 mmHg; Body Height: 162.1 cm; Body Weight: 49.31 kg; Body Mass Index: 18.77 kg/m2; Systolic Blood Pressure: 125.0 mmHg; Diastolic Blood Pressure: 71.0 mmHg; Body Height: 168.82 cm; Body Weight: 54.36 kg; Body Mass Index: 19.07 kg/m2; Systolic Blood Pressure: 118.0 mmHg; Diastolic Blood Pressure: 78.0 mmHg; Body Height: 173.2 cm; Body Weight: 58.7 kg; Body Mass Index: 19.57 kg/m2; Systolic Blood Pressure: 103.0 mmHg; Diastolic Blood Pressure: 70.0 mmHg; Body Height: 176.04 cm; Body Weight: 62.85 kg; Body Mass Index: 20.28 kg/m2; Systolic Blood Pressure: 121.0 mmHg; Diastolic Blood Pressure: 72.0 mmHg; Body Height: 177.62 cm; Body Weight: 66.39 kg; Body Mass Index: 21.04 kg/m2; Systolic Blood Pressure: 130.0 mmHg; Diastolic Blood Pressure: 76.0 mmHg; Body Height: 178.29 cm; Body Weight: 68.56 kg; Body Mass Index: 21.57 kg/m2; Systolic Blood Pressure: 134.0 mmHg; Diastolic Blood Pressure: 81.0 mmHg. Immunizations: Influenza seasonal injectable preservative free; HPV quadrivalent; meningococcal MCV4P.",0
848a2784-9a95-453b-ba05-bd7398683165,"Demographics: born 2011-03-21, gender F, race white, ethnicity swedish. Encounters: Outpatient Encounter; Encounter for symptom. Medications: Amoxicillin 200 MG Oral Tablet; Ibuprofen 100 MG Oral Tablet. Procedures: Documentation of current medications. Observations: Body Height: 52.61 cm; Body Weight: 3.45 kg; Systolic Blood Pressure: 117.0 mmHg; Diastolic Blood Pressure: 75.0 mmHg; Body Height: 55.36 cm; Body Weight: 4.05 kg; Diastolic Blood Pressure: 87.0 mmHg; Body Height: 57.66 cm; Body Weight: 4.6 kg; Systolic Blood Pressure: 118.0 mmHg; Diastolic Blood Pressure: 77.0 mmHg; Body Height: 61.47 cm; Body Weight: 5.58 kg; Systolic Blood Pressure: 129.0 mmHg; Diastolic Blood Pressure: 89.0 mmHg; Body Height: 64.63 cm; Body Weight: 6.41 kg; Systolic Blood Pressure: 100.0 mmHg; Diastolic Blood Pressure: 73.0 mmHg; Body Height: 67.39 cm; Body Weight: 7.12 kg; Systolic Blood Pressure: 128.0 mmHg; Diastolic Blood Pressure: 78.0 mmHg; Body Height: 71.01 cm; Body Weight: 8.0 kg; Systolic Blood Pressure: 133.0 mmHg; Diastolic Blood Pressure: 72.0 mmHg; Body Height: 74.19 cm; Body Weight: 8.69 kg; Systolic Blood Pressure: 103.0 mmHg; Diastolic Blood Pressure: 88.0 mmHg; Body Height: 77.07 cm; Body Weight: 9.25 kg; Systolic Blood Pressure: 102.0 mmHg; Body Height: 81.4 cm; Body Weight: 10.12 kg; Body Mass Index: 15.28 kg/m2; Systolic Blood Pressure: 111.0 mmHg; Diastolic Blood Pressure: 76.0 mmHg; Body Height: 85.33 cm. Immunizations: Hep B adolescent or pediatric; rotavirus monovalent; DTaP; Hib (PRP-OMP); Pneumococcal conjugate PCV 13; IPV; Influenza seasonal injectable preservative free; MMR; varicella; Hep A ped/adol 2 dose.",0
46a0bfef-af3a-4731-8bb0-7446f0e9ad9d,"Demographics: born 1945-05-15, gender F, race white, ethnicity portuguese. Encounters: Outpatient Encounter; Encounter for 'check-up'; Encounter for symptom. Medications: Penicillin V Potassium 500 MG; Acetaminophen 160 MG; Alendronic acid 10 MG [Fosamax]; Naproxen sodium 220 MG Oral Tablet. Procedures: Documentation of current medications; Colonoscopy; Measurement of respiratory function (procedure); Bone density scan (procedure). Observations: Body Height: 165.07 cm; Body Weight: 86.59 kg; Body Mass Index: 31.78 kg/m2; Systolic Blood Pressure: 135.0 mmHg; Diastolic Blood Pressure: 70.0 mmHg; Total Cholesterol: 173.0 mg/dL; Triglycerides: 113.0 mg/dL; Low Density Lipoprotein Cholesterol: 81.0 mg/dL; High Density Lipoprotein Cholesterol: 69.0 mg/dL; Body Weight: 84.81 kg; Body Mass Index: 31.12 kg/m2; Systolic Blood Pressure: 120.0 mmHg; Diastolic Blood Pressure: 73.0 mmHg; Body Weight: 83.74 kg; Body Mass Index: 30.73 kg/m2; Systolic Blood Pressure: 110.0 mmHg; Body Weight: 81.93 kg; Body Mass Index: 30.07 kg/m2; Systolic Blood Pressure: 122.0 mmHg; Diastolic Blood Pressure: 76.0 mmHg; Total Cholesterol: 178.0 mg/dL; Triglycerides: 127.0 mg/dL; Low Density Lipoprotein Cholesterol: 74.0 mg/dL; High Density Lipoprotein Cholesterol: 78.0 mg/dL; Body Weight: 80.18 kg; Body Mass Index: 29.42 kg/m2; Systolic Blood Pressure: 107.0 mmHg; DXA [T-score] Bone density: -3.03 {T-score}; Body Weight: 78.71 kg; Body Mass Index: 28.88 kg/m2; Systolic Blood Pressure: 108.0 mmHg; Diastolic Blood Pressure: 71.0 mmHg; Body Weight: 76.78 kg; Body Mass Index: 28.18 kg/m2; Total Cholesterol: 166.0 mg/dL; Triglycerides: 108.0 mg/dL; Low Density Lipoprotein Cholesterol: 84.0 mg/dL; High Density Lipoprotein Cholesterol: 60.0 mg/dL. Immunizations: Pneumococcal conjugate PCV 13; Influenza seasonal injectable preservative free; pneumococcal polysaccharide vaccine 23 valent; Td (adult) preservative free.",0
796c207c-0376-4ae3-802f-58a03349cc4c,"Demographics: born 1985-03-19, gender F, race white, ethnicity scottish. Encounters: Outpatient Encounter; Encounter for symptom; Patient encounter procedure; Encounter for problem. Medications: Naproxen sodium 220 MG [Aleve]. Procedures: Documentation of current medications; Replacement of contraceptive intrauterine device. Observations: Body Height: 160.66 cm; Body Weight: 91.0 kg; Body Mass Index: 35.26 kg/m2; Systolic Blood Pressure: 143.0 mmHg; Diastolic Blood Pressure: 100.0 mmHg; Estimated Glomerular Filtration Rate: 57.0 mL/min/{1.73_m2}; Body Weight: 96.06 kg; Body Mass Index: 37.22 kg/m2; Systolic Blood Pressure: 145.0 mmHg; Diastolic Blood Pressure: 99.0 mmHg; Total Cholesterol: 184.0 mg/dL; Triglycerides: 138.0 mg/dL; Low Density Lipoprotein Cholesterol: 87.0 mg/dL; High Density Lipoprotein Cholesterol: 69.0 mg/dL; Estimated Glomerular Filtration Rate: 60.0 mL/min/{1.73_m2}. Immunizations: Influenza seasonal injectable preservative free.",1
5b954c4f-8d15-4dd3-b00b-2bacc8b2207b,"Demographics: born 2013-02-02, gender M, race white, ethnicity portuguese. Encounters: Outpatient Encounter; Encounter for symptom; Emergency room admission. Medications: Ibuprofen 100 MG Oral Tablet; Acetaminophen 160 MG Oral Tablet. Procedures: Documentation of current medications. Observations: Body Height: 57.82 cm; Body Weight: 6.12 kg; Systolic Blood Pressure: 139.0 mmHg; Diastolic Blood Pressure: 86.0 mmHg; Body Height: 60.81 cm; Body Weight: 7.11 kg; Systolic Blood Pressure: 135.0 mmHg; Diastolic Blood Pressure: 89.0 mmHg; Body Height: 65.44 cm; Body Weight: 8.79 kg; Body Height: 69.13 cm; Body Weight: 10.16 kg; Systolic Blood Pressure: 129.0 mmHg; Diastolic Blood Pressure: 72.0 mmHg; Body Height: 73.69 cm; Body Weight: 11.75 kg; Systolic Blood Pressure: 105.0 mmHg; Diastolic Blood Pressure: 82.0 mmHg; Body Height: 78.7 cm; Body Weight: 13.24 kg; Systolic Blood Pressure: 130.0 mmHg; Body Height: 81.95 cm; Body Weight: 14.06 kg; Systolic Blood Pressure: 106.0 mmHg; Diastolic Blood Pressure: 78.0 mmHg; Body Height: 84.91 cm; Body Weight: 14.73 kg; Systolic Blood Pressure: 127.0 mmHg; Diastolic Blood Pressure: 85.0 mmHg; Body Height: 89.33 cm; Body Weight: 15.87 kg; Body Mass Index: 19.89 kg/m2; Systolic Blood Pressure: 132.0 mmHg; Diastolic Blood Pressure: 84.0 mmHg; Body Height: 93.11 cm; Body Weight: 16.81 kg; Body Mass Index: 19.39 kg/m2; Systolic Blood Pressure: 107.0 mmHg; Body Height: 97.12 cm; Body Weight: 18.05 kg. Immunizations: Hep B adolescent or pediatric; rotavirus monovalent; DTaP; Hib (PRP-OMP); Pneumococcal conjugate PCV 13; IPV; Influenza seasonal injectable preservative free; MMR; varicella; Hep A ped/adol 2 dose.",0
b7ef0405-8864-4e98-aa8e-c299a2c5af04,"Demographics: born 1970-07-20, gender F, race white, ethnicity scottish. Encounters: Encounter for symptom; Outpatient Encounter; Patient encounter procedure. Medications: Penicillin V Potassium 250 MG; Penicillin V Potassium 500 MG. Procedures: Documentation of current medications; Replacement of contraceptive intrauterine device. Observations: Oral temperature: 39.25 Cel; Body Height: 175.46 cm; Body Weight: 85.73 kg; Body Mass Index: 27.84 kg/m2; Systolic Blood Pressure: 177.0 mmHg; Diastolic Blood Pressure: 111.0 mmHg; Total Cholesterol: 187.0 mg/dL; Triglycerides: 132.0 mg/dL; Low Density Lipoprotein Cholesterol: 89.0 mg/dL; High Density Lipoprotein Cholesterol: 71.0 mg/dL; Estimated Glomerular Filtration Rate: 60.0 mL/min/{1.73_m2}; Hemoglobin A1c/Hemoglobin.total in Blood: 6.2 %; Body Weight: 89.59 kg; Body Mass Index: 29.1 kg/m2; Systolic Blood Pressure: 164.0 mmHg; Diastolic Blood Pressure: 97.0 mmHg; Glucose: 91.0 mg/dL; Urea Nitrogen: 20.0 mg/dL; Creatinine: 1.0 mg/dL; Calcium: 9.11 mg/dL; Sodium: 137.0 mmol/L; Potassium: 5.1 mmol/L; Chloride: 101.0 mmol/L; Carbon Dioxide: 26.0 mmol/L; Hemoglobin A1c/Hemoglobin.total in Blood: 6.1 %; Body Weight: 90.96 kg; Body Mass Index: 29.54 kg/m2; Systolic Blood Pressure: 165.0 mmHg; Diastolic Blood Pressure: 108.0 mmHg; Glucose: 64.0 mg/dL; Urea Nitrogen: 15.0 mg/dL; Calcium: 9.94 mg/dL; Sodium: 143.0 mmol/L; Potassium: 3.83 mmol/L; Chloride: 107.0 mmol/L; Carbon Dioxide: 24.0 mmol/L; Total Cholesterol: 194.0 mg/dL; Triglycerides: 125.0 mg/dL; Low Density Lipoprotein Cholesterol: 93.0 mg/dL; High Density Lipoprotein Cholesterol: 76.0 mg/dL. Immunizations: Influenza seasonal injectable preservative free; Td (adult) preservative free.",1
5050fa3c-215c-4f57-8793-54a05adc3cae,"Demographics: born 2014-04-14, gender F, race white, ethnicity polish. Encounters: Outpatient Encounter; Encounter for symptom. Procedures: Documentation of current medications. Observations: Body Height: 51.82 cm; Body Weight: 3.6 kg; Systolic Blood Pressure: 109.0 mmHg; Diastolic Blood Pressure: 74.0 mmHg; Body Height: 55.42 cm; Body Weight: 4.32 kg; Systolic Blood Pressure: 133.0 mmHg; Diastolic Blood Pressure: 77.0 mmHg; Body Height: 62.67 cm; Body Weight: 6.15 kg; Systolic Blood Pressure: 122.0 mmHg; Diastolic Blood Pressure: 78.0 mmHg; Body Height: 64.55 cm; Body Weight: 6.67 kg; Systolic Blood Pressure: 117.0 mmHg; Diastolic Blood Pressure: 84.0 mmHg; Body Height: 69.34 cm; Body Weight: 7.98 kg; Diastolic Blood Pressure: 73.0 mmHg; Body Height: 73.34 cm; Body Weight: 9.0 kg; Systolic Blood Pressure: 138.0 mmHg; Diastolic Blood Pressure: 88.0 mmHg; Body Height: 76.84 cm; Body Weight: 9.81 kg; Systolic Blood Pressure: 107.0 mmHg; Diastolic Blood Pressure: 89.0 mmHg; Oral temperature: 37.0 Cel; Body Height: 79.99 cm; Body Weight: 10.47 kg; Systolic Blood Pressure: 116.0 mmHg; Diastolic Blood Pressure: 86.0 mmHg; Body Height: 82.87 cm; Body Weight: 11.03 kg; Systolic Blood Pressure: 125.0 mmHg; Diastolic Blood Pressure: 76.0 mmHg; Body Height: 88.2 cm; Body Weight: 12.1 kg; Body Mass Index: 15.55 kg/m2; Systolic Blood Pressure: 111.0 mmHg. Immunizations: Hep B adolescent or pediatric; rotavirus monovalent; DTaP; Hib (PRP-OMP); Pneumococcal conjugate PCV 13; IPV; Influenza seasonal injectable preservative free; MMR; varicella; Hep A ped/adol 2 dose.",0
ec1c0941-a65d-4d3c-83ab-6fd8deca15b3,"Demographics: born 1934-11-24, gender M, race white, ethnicity french. Encounters: Death Certification. Medications: Nitroglycerin 0.4 MG/ACTUAT [Nitrolingual]; Simvastatin 20 MG Oral Tablet; Amlodipine 5 MG Oral Tablet; Clopidogrel 75 MG Oral Tablet. Observations: Myocardial Infarction.",1
c0ef75b4-9e3e-43c3-b750-03afd1d4afa2,"Demographics: born 1978-11-21, gender M, race white, ethnicity irish. Encounters: Encounter for symptom; Outpatient Encounter. Medications: Penicillin V Potassium 250 MG; Naproxen sodium 220 MG [Aleve]; Acetaminophen 160 MG; Penicillin V Potassium 500 MG. Procedures: Measurement of respiratory function (procedure); Throat culture (procedure); Documentation of current medications. Observations: Oral temperature: 38.24 Cel; Hemoglobin A1c/Hemoglobin.total in Blood: 5.9 %; Body Height: 178.85 cm; Body Weight: 100.21 kg; Body Mass Index: 31.33 kg/m2; Systolic Blood Pressure: 150.0 mmHg; Diastolic Blood Pressure: 99.0 mmHg; Glucose: 87.0 mg/dL; Urea Nitrogen: 19.0 mg/dL; Creatinine: 1.0 mg/dL; Calcium: 8.56 mg/dL; Sodium: 139.0 mmol/L; Potassium: 3.81 mmol/L; Chloride: 103.0 mmol/L; Carbon Dioxide: 27.0 mmol/L; Total Cholesterol: 189.0 mg/dL; Triglycerides: 113.0 mg/dL; Low Density Lipoprotein Cholesterol: 99.0 mg/dL; High Density Lipoprotein Cholesterol: 67.0 mg/dL; Estimated Glomerular Filtration Rate: 60.0 mL/min/{1.73_m2}; Oral temperature: 38.0 Cel; Hemoglobin A1c/Hemoglobin.total in Blood: 6.1 %; Body Weight: 105.18 kg; Body Mass Index: 32.88 kg/m2; Systolic Blood Pressure: 157.0 mmHg; Glucose: 94.0 mg/dL; Urea Nitrogen: 16.0 mg/dL; Calcium: 10.0 mg/dL; Sodium: 144.0 mmol/L; Potassium: 4.86 mmol/L; Chloride: 108.0 mmol/L; Carbon Dioxide: 29.0 mmol/L; Total Cholesterol: 174.0 mg/dL; Triglycerides: 146.0 mg/dL; Low Density Lipoprotein Cholesterol: 76.0 mg/dL; High Density Lipoprotein Cholesterol: 68.0 mg/dL. Immunizations: Influenza seasonal injectable preservative free; Td (adult) preservative free.",1
52219a18-461c-4eb0-8448-fdceb9cbb058,"Demographics: born 1991-02-16, gender M, race white, ethnicity irish. Encounters: Outpatient Encounter; Emergency room admission; Encounter for symptom. Medications: Acetaminophen 325 MG Oral Tablet. Observations: Body Height: 179.74 cm; Body Weight: 73.99 kg; Body Mass Index: 22.9 kg/m2; Systolic Blood Pressure: 165.0 mmHg; Diastolic Blood Pressure: 117.0 mmHg; Estimated Glomerular Filtration Rate: 60.0 mL/min/{1.73_m2}; Body Height: 179.76 cm; Body Weight: 75.74 kg; Body Mass Index: 23.44 kg/m2; Systolic Blood Pressure: 195.0 mmHg; Diastolic Blood Pressure: 106.0 mmHg; Body Weight: 79.77 kg; Body Mass Index: 24.69 kg/m2; Systolic Blood Pressure: 155.0 mmHg; Diastolic Blood Pressure: 93.0 mmHg. Immunizations: Influenza seasonal injectable preservative free; Td (adult) preservative free.",1
7995cbd5-2ba9-4c57-b793-3b980c927df2,"Demographics: born 1962-04-01, gender M, race white, ethnicity irish. Encounters: Encounter for symptom; Outpatient Encounter; Encounter for 'check-up'. Medications: Penicillin V Potassium 250 MG; Acetaminophen 160 MG. Procedures: Documentation of current medications; Colonoscopy; Measurement of respiratory function (procedure). Observations: Oral temperature: 38.0 Cel; Body Height: 171.72 cm; Body Weight: 114.53 kg; Body Mass Index: 38.84 kg/m2; Systolic Blood Pressure: 120.0 mmHg; Diastolic Blood Pressure: 85.0 mmHg; Total Cholesterol: 193.0 mg/dL; Triglycerides: 137.0 mg/dL; Low Density Lipoprotein Cholesterol: 100.0 mg/dL; High Density Lipoprotein Cholesterol: 65.0 mg/dL; Body Weight: 115.7 kg; Body Mass Index: 39.24 kg/m2; Systolic Blood Pressure: 125.0 mmHg; Diastolic Blood Pressure: 71.0 mmHg; Systolic Blood Pressure: 113.0 mmHg; Diastolic Blood Pressure: 84.0 mmHg; Diastolic Blood Pressure: 78.0 mmHg; Total Cholesterol: 194.0 mg/dL; Triglycerides: 127.0 mg/dL; Low Density Lipoprotein Cholesterol: 102.0 mg/dL; High Density Lipoprotein Cholesterol: 66.0 mg/dL; Systolic Blood Pressure: 108.0 mmHg; Diastolic Blood Pressure: 80.0 mmHg; Systolic Blood Pressure: 102.0 mmHg; Diastolic Blood Pressure: 79.0 mmHg. Immunizations: Influenza seasonal injectable preservative free; Td (adult) preservative free.",0
c78eb3b5-8979-4067-b41c-a0435dffc078,"Demographics: born 1995-07-12, gender F, race white, ethnicity irish. Encounters: Outpatient procedure; Outpatient Encounter; Asthma follow-up; Allergic disorder follow-up assessment; Emergency room admission; Encounter for symptom; Encounter for 'check-up'. Medications: Loratadine 5 MG Chewable Tablet; 0.3 ML EPINEPHrine 0.5 MG/ML Auto-Injector; 120 ACTUAT Fluticasone propionate 0.044 MG/ACTUAT Metered Dose Inhaler; 200 ACTUAT Albuterol 0.09 MG/ACTUAT Metered Dose Inhaler; Estrostep Fe 28 Day Pack; Penicillin V Potassium 250 MG; Naproxen sodium 220 MG Oral Tablet; Penicillin V Potassium 500 MG. Procedures: Subcutaneous immunotherapy; Documentation of current medications; Allergy screening test; Throat culture (procedure). Observations: Body Height: 174.35 cm; Body Weight: 43.23 kg; Body Mass Index: 14.22 kg/m2; Systolic Blood Pressure: 127.0 mmHg; Diastolic Blood Pressure: 85.0 mmHg; Body Height: 174.87 cm; Body Weight: 45.17 kg; Body Mass Index: 14.77 kg/m2; Systolic Blood Pressure: 125.0 mmHg; Diastolic Blood Pressure: 71.0 mmHg; Peanut IgE Ab in Serum: 0.07 kU/L; Walnut IgE Ab in Serum: 64.75 kU/L; Codfish IgE Ab in Serum: 0.34 kU/L; Shrimp IgE Ab in Serum: 0.1 kU/L; Wheat IgE Ab in Serum: 0.21 kU/L; Egg white IgE Ab in Serum: 0.18 kU/L; Soybean IgE Ab in Serum: 0.23 kU/L; Cow milk IgE Ab in Serum: 0.02 kU/L; White oak IgE Ab in Serum: 0.26 kU/L; Common Ragweed IgE Ab in Serum: 0.24 kU/L; Cat dander IgE Ab in Serum: 0.01 kU/L; American house dust mite IgE Ab in Serum: 0.18 kU/L; Cladosporium herbarum IgE Ab in Serum: 0.27 kU/L; Honey bee IgE Ab in Serum: 21.87 kU/L; Latex IgE Ab in Serum: 0.35 kU/L; Body Height: 175.16 cm; Body Weight: 46.46 kg; Body Mass Index: 15.14 kg/m2; Systolic Blood Pressure: 119.0 mmHg; Diastolic Blood Pressure: 83.0 mmHg; Body Height: 175.34 cm; Body Weight: 47.44 kg; Body Mass Index: 15.43 kg/m2; Systolic Blood Pressure: 117.0 mmHg; Body Height: 175.44 cm; Body Weight: 48.11 kg; Body Mass Index: 15.63 kg/m2; Diastolic Blood Pressure: 73.0 mmHg; Oral temperature: 37.25 Cel; Body Height: 175.46 cm. Allergies: Allergy to nut; Allergy to tree pollen; Allergy to grass pollen; Dander (animal) allergy; House dust mite allergy; Allergy to mould; Allergy to bee venom. Immunizations: Influenza seasonal injectable preservative free; meningococcal MCV4P.",0
d23fee19-d745-44a6-a8c4-7e17ea345972,"Demographics: born 1984-08-05, gender F, race white, ethnicity american. Encounters: Prenatal initial visit; Prenatal visit; Obstetric emergency hospital admission; Patient-initiated encounter; Outpatient Encounter; Encounter for symptom. Medications: Astemizole 10 MG Oral Tablet; Nitrofurantoin 5 MG/ML [Furadantin]; Phenazopyridine hydrochloride 100 MG [Pyridium]; NITROFURANTOIN MACROCRYSTALS 50 MG [Macrodantin]. Procedures: Standard pregnancy test; Episiotomy; Childbirth; Induced termination of pregnancy; Documentation of current medications; Throat culture (procedure). Observations: Body Height: 160.8 cm; Body Weight: 68.07 kg; Body Mass Index: 26.32 kg/m2; Systolic Blood Pressure: 178.0 mmHg; Diastolic Blood Pressure: 93.0 mmHg; Estimated Glomerular Filtration Rate: 60.0 mL/min/{1.73_m2}; Hemoglobin A1c/Hemoglobin.total in Blood: 5.9 %; Body Weight: 70.95 kg; Body Mass Index: 27.44 kg/m2; Systolic Blood Pressure: 148.0 mmHg; Diastolic Blood Pressure: 119.0 mmHg; Glucose: 100.0 mg/dL; Urea Nitrogen: 7.0 mg/dL; Creatinine: 1.0 mg/dL; Calcium: 8.67 mg/dL; Sodium: 137.0 mmol/L; Potassium: 4.93 mmol/L; Chloride: 107.0 mmol/L; Carbon Dioxide: 27.0 mmol/L; Total Cholesterol: 172.0 mg/dL; Triglycerides: 115.0 mg/dL; Low Density Lipoprotein Cholesterol: 77.0 mg/dL; High Density Lipoprotein Cholesterol: 72.0 mg/dL; Oral temperature: 37.0 Cel. Allergies: Allergy to fish; Allergy to tree pollen; Allergy to grass pollen; Dander (animal) allergy; House dust mite allergy; Allergy to mould. Immunizations: Influenza seasonal injectable preservative free.",1
44ae41a5-561e-48fd-9512-fc6b71cdeede,"Demographics: born 1929-11-02, gender F, race white, ethnicity english. Encounters: Death Certification. Medications: Acetaminophen 325 MG / HYDROcodone Bitartrate 7.5 MG Oral Tablet; Penicillin V Potassium 500 MG. Observations: Non-small cell lung cancer (disorder).",1
966da15c-8ff7-4f1c-9de7-6926d2672bd8,"Demographics: born 1994-09-09, gender M, race white, ethnicity english. Encounters: Outpatient Encounter; Encounter for symptom. Medications: Acetaminophen 160 MG; Amoxicillin 250 MG / Clavulanate 125 MG [Augmentin]. Procedures: Documentation of current medications. Observations: Body Height: 175.14 cm; Body Weight: 90.26 kg; Body Mass Index: 29.43 kg/m2; Systolic Blood Pressure: 105.0 mmHg; Diastolic Blood Pressure: 88.0 mmHg; Body Height: 176.71 cm; Body Weight: 95.41 kg; Body Mass Index: 30.55 kg/m2; Systolic Blood Pressure: 111.0 mmHg; Diastolic Blood Pressure: 78.0 mmHg; Hemoglobin A1c/Hemoglobin.total in Blood: 6.1 %; Body Height: 177.38 cm; Body Weight: 98.38 kg; Body Mass Index: 31.27 kg/m2; Systolic Blood Pressure: 190.0 mmHg; Diastolic Blood Pressure: 107.0 mmHg; Glucose: 91.0 mg/dL; Urea Nitrogen: 17.0 mg/dL; Creatinine: 1.0 mg/dL; Calcium: 8.62 mg/dL; Sodium: 139.0 mmol/L; Potassium: 5.04 mmol/L; Chloride: 111.0 mmol/L; Carbon Dioxide: 22.0 mmol/L; Estimated Glomerular Filtration Rate: 60.0 mL/min/{1.73_m2}; Hemoglobin A1c/Hemoglobin.total in Blood: 6.2 %; Body Height: 177.71 cm; Body Weight: 100.01 kg; Body Mass Index: 31.67 kg/m2; Systolic Blood Pressure: 175.0 mmHg; Diastolic Blood Pressure: 119.0 mmHg; Glucose: 74.0 mg/dL; Urea Nitrogen: 20.0 mg/dL; Calcium: 10.0 mg/dL; Sodium: 143.0 mmol/L; Potassium: 4.08 mmol/L; Chloride: 108.0 mmol/L; Carbon Dioxide: 27.0 mmol/L; Body Height: 177.78 cm; Body Weight: 102.66 kg. Immunizations: Influenza seasonal injectable preservative free; meningococcal MCV4P.",1
79c50e48-658f-4451-99b5-c4701834f1ed,"Demographics: born 2000-10-16, gender M, race white, ethnicity irish. Encounters: Outpatient Encounter; Encounter for symptom; Allergic disorder initial assessment; Outpatient procedure; Emergency room admission. Medications: Fexofenadine hydrochloride 30 MG Oral Tablet; 0.3 ML EPINEPHrine 0.5 MG/ML Auto-Injector; Penicillin V Potassium 250 MG; Ibuprofen 200 MG Oral Tablet; Dextromethorphan Hydrobromide 1 MG/ML. Procedures: Documentation of current medications; Throat culture (procedure); Allergy screening test; Subcutaneous immunotherapy; Sputum examination (procedure). Observations: Body Height: 126.33 cm; Body Weight: 25.55 kg; Body Mass Index: 16.01 kg/m2; Systolic Blood Pressure: 138.0 mmHg; Diastolic Blood Pressure: 75.0 mmHg; Body Height: 129.74 cm; Body Weight: 27.76 kg; Body Mass Index: 16.49 kg/m2; Systolic Blood Pressure: 108.0 mmHg; Diastolic Blood Pressure: 80.0 mmHg; Body Height: 134.34 cm; Body Weight: 30.85 kg; Body Mass Index: 17.09 kg/m2; Systolic Blood Pressure: 127.0 mmHg; Diastolic Blood Pressure: 85.0 mmHg; Oral temperature: 37.84 Cel; Body Height: 140.11 cm; Body Weight: 34.55 kg; Body Mass Index: 17.6 kg/m2; Systolic Blood Pressure: 128.0 mmHg; Diastolic Blood Pressure: 72.0 mmHg; Peanut IgE Ab in Serum: 0.16 kU/L; Walnut IgE Ab in Serum: 71.0 kU/L; Codfish IgE Ab in Serum: 0.31 kU/L; Shrimp IgE Ab in Serum: 98.36 kU/L; Wheat IgE Ab in Serum: 0.23 kU/L; Egg white IgE Ab in Serum: 0.05 kU/L; Soybean IgE Ab in Serum: 0.34 kU/L; Cow milk IgE Ab in Serum: 0.18 kU/L; White oak IgE Ab in Serum: 13.38 kU/L; Common Ragweed IgE Ab in Serum: 14.12 kU/L; Cat dander IgE Ab in Serum: 60.57 kU/L; American house dust mite IgE Ab in Serum: 69.0 kU/L; Cladosporium herbarum IgE Ab in Serum: 86.07 kU/L; Honey bee IgE Ab in Serum: 0.32 kU/L; Latex IgE Ab in Serum: 0.07 kU/L; Body Height: 146.83 cm; Body Weight: 38.84 kg; Body Mass Index: 18.02 kg/m2; Systolic Blood Pressure: 121.0 mmHg. Allergies: Allergy to nut; Shellfish allergy; Allergy to tree pollen; Allergy to grass pollen; Dander (animal) allergy; House dust mite allergy; Allergy to mould. Immunizations: Influenza seasonal injectable preservative free; meningococcal MCV4P; Tdap; HPV quadrivalent.",0
23c921ac-533e-4780-8cb9-dc58f684565a,"Demographics: born 1963-02-05, gender F, race white, ethnicity irish. Encounters: Outpatient Encounter; Encounter for symptom; Patient encounter procedure. Medications: Penicillin V Potassium 500 MG; Naproxen sodium 220 MG [Aleve]; Acetaminophen 160 MG; Amoxicillin 250 MG / Clavulanate 125 MG [Augmentin]. Procedures: Documentation of current medications; Removal of intrauterine device. Observations: Body Height: 151.11 cm; Body Weight: 97.68 kg; Body Mass Index: 42.78 kg/m2; Systolic Blood Pressure: 123.0 mmHg; Diastolic Blood Pressure: 85.0 mmHg; Total Cholesterol: 160.0 mg/dL; Triglycerides: 130.0 mg/dL; Low Density Lipoprotein Cholesterol: 61.0 mg/dL; High Density Lipoprotein Cholesterol: 73.0 mg/dL; Body Weight: 99.42 kg; Body Mass Index: 43.54 kg/m2; Systolic Blood Pressure: 108.0 mmHg; Diastolic Blood Pressure: 87.0 mmHg; Systolic Blood Pressure: 137.0 mmHg; Diastolic Blood Pressure: 70.0 mmHg; Total Cholesterol: 196.0 mg/dL; Triglycerides: 101.0 mg/dL; Low Density Lipoprotein Cholesterol: 115.0 mg/dL; High Density Lipoprotein Cholesterol: 60.0 mg/dL; Systolic Blood Pressure: 119.0 mmHg; Diastolic Blood Pressure: 84.0 mmHg; Systolic Blood Pressure: 124.0 mmHg. Immunizations: Influenza seasonal injectable preservative free; Td (adult) preservative free.",0
d5b8249d-ee6c-43c1-9449-2a85120aa960,"Demographics: born 1955-01-08, gender F, race white, ethnicity italian. Encounters: Outpatient Encounter; Encounter for 'check-up'; Encounter for symptom; Encounter for problem. Medications: 24 HR Metformin hydrochloride 500 MG Extended Release Oral Tablet; Dextromethorphan Hydrobromide 1 MG/ML; Leucovorin 100 MG Injection; oxaliplatin 5 MG/ML [Eloxatin]. Procedures: Documentation of current medications; Colonoscopy; Fecal occult blood test; Rectal polypectomy; Sputum examination (procedure); Partial resection of colon; Combined chemotherapy and radiation therapy (procedure). Observations: Hemoglobin A1c/Hemoglobin.total in Blood: 6.5 %; Body Height: 168.86 cm; Body Weight: 90.75 kg; Body Mass Index: 31.83 kg/m2; Systolic Blood Pressure: 191.0 mmHg; Diastolic Blood Pressure: 113.0 mmHg; Glucose: 82.0 mg/dL; Urea Nitrogen: 16.0 mg/dL; Creatinine: 1.0 mg/dL; Calcium: 9.97 mg/dL; Sodium: 144.0 mmol/L; Potassium: 4.58 mmol/L; Chloride: 103.0 mmol/L; Carbon Dioxide: 21.0 mmol/L; Total Cholesterol: 181.0 mg/dL; Triglycerides: 140.0 mg/dL; Low Density Lipoprotein Cholesterol: 94.0 mg/dL; High Density Lipoprotein Cholesterol: 59.0 mg/dL; Microalbumin Creatine Ratio: 12.0 mg/g; Estimated Glomerular Filtration Rate: 60.0 mL/min/{1.73_m2}; Systolic Blood Pressure: 188.0 mmHg; Glucose: 95.0 mg/dL; Calcium: 9.92 mg/dL; Sodium: 137.0 mmol/L; Potassium: 5.0 mmol/L; Total Cholesterol: 183.0 mg/dL; Triglycerides: 135.0 mg/dL; Low Density Lipoprotein Cholesterol: 97.0 mg/dL; Microalbumin Creatine Ratio: 5.0 mg/g; Systolic Blood Pressure: 174.0 mmHg; Diastolic Blood Pressure: 97.0 mmHg; Glucose: 98.0 mg/dL; Urea Nitrogen: 12.0 mg/dL; Calcium: 10.17 mg/dL; Sodium: 139.0 mmol/L; Potassium: 4.07 mmol/L; Chloride: 111.0 mmol/L; Carbon Dioxide: 26.0 mmol/L; Total Cholesterol: 191.0 mg/dL; Triglycerides: 130.0 mg/dL. Immunizations: Influenza seasonal injectable preservative free; Td (adult) preservative free; zoster.",1
ed5ba6eb-095c-4966-9650-bfa1f80447f2,"Demographics: born 1950-05-20, gender F, race hispanic, ethnicity puerto_rican.",0
94fc8dad-cf5a-4f91-8854-81def9d9f42d,"Demographics: born 1967-04-11, gender F, race white, ethnicity french. Encounters: Prenatal visit; Outpatient Encounter; Obstetric emergency hospital admission; Encounter for problem; Encounter for symptom; Encounter for 'check-up'. Medications: Penicillin V Potassium 250 MG; Penicillin V Potassium 500 MG; Naproxen sodium 220 MG [Aleve]. Procedures: Premature birth of newborn; Throat culture (procedure); Documentation of current medications; Colonoscopy. Observations: Hemoglobin A1c/Hemoglobin.total in Blood: 6.3 %; Body Height: 172.81 cm; Body Weight: 92.9 kg; Body Mass Index: 31.11 kg/m2; Systolic Blood Pressure: 130.0 mmHg; Diastolic Blood Pressure: 78.0 mmHg; Glucose: 85.0 mg/dL; Urea Nitrogen: 16.0 mg/dL; Creatinine: 1.0 mg/dL; Calcium: 9.1 mg/dL; Sodium: 139.0 mmol/L; Potassium: 5.11 mmol/L; Chloride: 111.0 mmol/L; Carbon Dioxide: 29.0 mmol/L; Total Cholesterol: 165.0 mg/dL; Triglycerides: 122.0 mg/dL; Low Density Lipoprotein Cholesterol: 63.0 mg/dL; High Density Lipoprotein Cholesterol: 77.0 mg/dL; Oral temperature: 38.51 Cel; Hemoglobin A1c/Hemoglobin.total in Blood: 6.2 %; Body Weight: 95.75 kg; Body Mass Index: 32.06 kg/m2; Systolic Blood Pressure: 137.0 mmHg; Diastolic Blood Pressure: 81.0 mmHg; Glucose: 74.0 mg/dL; Urea Nitrogen: 19.0 mg/dL; Calcium: 8.88 mg/dL; Sodium: 140.0 mmol/L; Potassium: 4.71 mmol/L; Chloride: 102.0 mmol/L; Carbon Dioxide: 26.0 mmol/L; Hemoglobin A1c/Hemoglobin.total in Blood: 6.4 %; Body Weight: 98.85 kg; Body Mass Index: 33.1 kg/m2; Systolic Blood Pressure: 119.0 mmHg; Diastolic Blood Pressure: 83.0 mmHg; Glucose: 84.0 mg/dL; Urea Nitrogen: 14.0 mg/dL; Calcium: 8.52 mg/dL; Sodium: 141.0 mmol/L. Immunizations: Influenza seasonal injectable preservative free; Td (adult) preservative free.",0
fa628af7-4264-45d8-8cb4-5883eb5fefa8,"Demographics: born 1999-02-24, gender M, race white, ethnicity american. Encounters: Outpatient Encounter; Encounter for symptom. Medications: Penicillin V Potassium 250 MG. Procedures: Documentation of current medications. Observations: Body Height: 150.57 cm; Body Weight: 36.2 kg; Body Mass Index: 15.97 kg/m2; Systolic Blood Pressure: 101.0 mmHg; Diastolic Blood Pressure: 84.0 mmHg; Oral temperature: 38.0 Cel; Body Height: 157.84 cm; Body Weight: 41.17 kg; Body Mass Index: 16.52 kg/m2; Diastolic Blood Pressure: 70.0 mmHg; Body Height: 166.36 cm; Body Weight: 46.67 kg; Body Mass Index: 16.86 kg/m2; Systolic Blood Pressure: 108.0 mmHg; Diastolic Blood Pressure: 79.0 mmHg; Body Height: 173.27 cm; Body Weight: 52.24 kg; Body Mass Index: 17.4 kg/m2; Systolic Blood Pressure: 115.0 mmHg; Diastolic Blood Pressure: 88.0 mmHg; Body Height: 177.18 cm; Body Weight: 57.24 kg; Body Mass Index: 18.23 kg/m2; Systolic Blood Pressure: 120.0 mmHg; Diastolic Blood Pressure: 75.0 mmHg; Body Height: 179.01 cm; Body Weight: 61.13 kg; Body Mass Index: 19.08 kg/m2; Systolic Blood Pressure: 137.0 mmHg; Body Height: 179.91 cm; Body Weight: 64.01 kg; Body Mass Index: 19.78 kg/m2; Systolic Blood Pressure: 188.0 mmHg; Diastolic Blood Pressure: 118.0 mmHg; Estimated Glomerular Filtration Rate: 60.0 mL/min/{1.73_m2}. Immunizations: Influenza seasonal injectable preservative free; meningococcal MCV4P; Tdap; HPV quadrivalent.",1
dbe27bb4-59d4-410e-bf0f-5b0e71311bf2,"Demographics: born 1968-06-04, gender F, race white, ethnicity french. Encounters: Outpatient Encounter; Encounter for symptom; Emergency room admission; Encounter for 'check-up'. Medications: Naproxen sodium 220 MG Oral Tablet. Procedures: Documentation of current medications. Observations: Hemoglobin A1c/Hemoglobin.total in Blood: 5.9 %; Body Height: 154.84 cm; Body Weight: 107.49 kg; Body Mass Index: 44.84 kg/m2; Systolic Blood Pressure: 133.0 mmHg; Diastolic Blood Pressure: 81.0 mmHg; Glucose: 93.0 mg/dL; Urea Nitrogen: 18.0 mg/dL; Creatinine: 1.0 mg/dL; Calcium: 8.69 mg/dL; Sodium: 137.0 mmol/L; Potassium: 3.72 mmol/L; Chloride: 104.0 mmol/L; Carbon Dioxide: 25.0 mmol/L; Total Cholesterol: 166.0 mg/dL; Triglycerides: 145.0 mg/dL; Low Density Lipoprotein Cholesterol: 61.0 mg/dL; High Density Lipoprotein Cholesterol: 76.0 mg/dL; Body Weight: 110.03 kg; Body Mass Index: 45.89 kg/m2; Systolic Blood Pressure: 121.0 mmHg; Diastolic Blood Pressure: 78.0 mmHg; Glucose: 71.0 mg/dL; Urea Nitrogen: 14.0 mg/dL; Calcium: 9.15 mg/dL; Sodium: 140.0 mmol/L; Potassium: 5.09 mmol/L; Chloride: 110.0 mmol/L; Oral temperature: 37.0 Cel; Body Weight: 113.2 kg; Body Mass Index: 47.22 kg/m2; Systolic Blood Pressure: 122.0 mmHg; Diastolic Blood Pressure: 86.0 mmHg; Glucose: 81.0 mg/dL; Urea Nitrogen: 20.0 mg/dL; Calcium: 9.58 mg/dL; Sodium: 144.0 mmol/L; Potassium: 4.52 mmol/L; Chloride: 108.0 mmol/L; Carbon Dioxide: 21.0 mmol/L. Immunizations: Influenza seasonal injectable preservative free; Td (adult) preservative free.",0
15b2542d-268a-40e5-9200-34a6ae9c45c6,"Demographics: born 1979-02-09, gender M, race white, ethnicity german. Encounters: Outpatient Encounter; Encounter for symptom; Emergency room admission. Medications: Naproxen sodium 220 MG Oral Tablet. Procedures: Documentation of current medications. Observations: Hemoglobin A1c/Hemoglobin.total in Blood: 6.0 %; Body Height: 174.46 cm; Body Weight: 87.82 kg; Body Mass Index: 28.86 kg/m2; Systolic Blood Pressure: 110.0 mmHg; Diastolic Blood Pressure: 77.0 mmHg; Glucose: 93.0 mg/dL; Urea Nitrogen: 14.0 mg/dL; Creatinine: 1.0 mg/dL; Calcium: 9.48 mg/dL; Sodium: 136.0 mmol/L; Potassium: 4.87 mmol/L; Chloride: 105.0 mmol/L; Carbon Dioxide: 26.0 mmol/L; Total Cholesterol: 178.0 mg/dL; Triglycerides: 104.0 mg/dL; Low Density Lipoprotein Cholesterol: 90.0 mg/dL; High Density Lipoprotein Cholesterol: 67.0 mg/dL; Oral temperature: 38.0 Cel; Hemoglobin A1c/Hemoglobin.total in Blood: 6.1 %; Body Weight: 91.05 kg; Body Mass Index: 29.92 kg/m2; Systolic Blood Pressure: 108.0 mmHg; Diastolic Blood Pressure: 87.0 mmHg; Glucose: 64.0 mg/dL; Urea Nitrogen: 12.0 mg/dL; Calcium: 9.73 mg/dL; Sodium: 139.0 mmol/L; Potassium: 4.61 mmol/L; Chloride: 102.0 mmol/L; Carbon Dioxide: 21.0 mmol/L; Hemoglobin A1c/Hemoglobin.total in Blood: 6.3 %; Body Weight: 95.81 kg; Body Mass Index: 31.48 kg/m2; Diastolic Blood Pressure: 89.0 mmHg; Glucose: 97.0 mg/dL; Urea Nitrogen: 15.0 mg/dL; Calcium: 9.84 mg/dL; Sodium: 140.0 mmol/L; Potassium: 4.79 mmol/L. Immunizations: Influenza seasonal injectable preservative free; Td (adult) preservative free.",0
00183248-8a69-46d6-ac14-b8880d82e708,"Demographics: born 2003-04-15, gender M, race white, ethnicity italian. Encounters: Emergency room admission; Outpatient Encounter. Medications: Acetaminophen 160 MG Oral Tablet. Procedures: Documentation of current medications. Observations: Body Height: 123.23 cm; Body Weight: 24.94 kg; Body Mass Index: 16.42 kg/m2; Systolic Blood Pressure: 127.0 mmHg; Diastolic Blood Pressure: 72.0 mmHg; Body Height: 129.0 cm; Body Weight: 27.97 kg; Body Mass Index: 16.81 kg/m2; Systolic Blood Pressure: 119.0 mmHg; Diastolic Blood Pressure: 80.0 mmHg; Body Height: 134.14 cm; Body Weight: 31.53 kg; Body Mass Index: 17.53 kg/m2; Systolic Blood Pressure: 122.0 mmHg; Diastolic Blood Pressure: 75.0 mmHg; Body Height: 138.34 cm; Body Weight: 35.06 kg; Body Mass Index: 18.32 kg/m2; Systolic Blood Pressure: 137.0 mmHg; Diastolic Blood Pressure: 70.0 mmHg; Body Height: 144.62 cm; Body Weight: 40.28 kg; Body Mass Index: 19.26 kg/m2; Systolic Blood Pressure: 124.0 mmHg; Body Height: 151.59 cm; Body Weight: 45.34 kg; Body Mass Index: 19.73 kg/m2; Systolic Blood Pressure: 115.0 mmHg; Diastolic Blood Pressure: 84.0 mmHg. Immunizations: Influenza seasonal injectable preservative free; meningococcal MCV4P; Tdap; HPV quadrivalent.",0
5646e7b3-7fbe-43b6-9228-5808a400cb92,"Demographics: born 1986-11-16, gender M, race white, ethnicity polish. Encounters: Outpatient Encounter; Encounter for symptom. Medications: Astemizole 10 MG Oral Tablet; 0.3 ML EPINEPHrine 0.5 MG/ML Auto-Injector; Acetaminophen 160 MG. Procedures: Documentation of current medications; Measurement of respiratory function (procedure). Observations: Body Height: 178.99 cm; Body Weight: 82.83 kg; Body Mass Index: 25.85 kg/m2; Systolic Blood Pressure: 192.0 mmHg; Diastolic Blood Pressure: 100.0 mmHg; Estimated Glomerular Filtration Rate: 60.0 mL/min/{1.73_m2}; Oral temperature: 38.0 Cel; Body Weight: 89.67 kg; Body Mass Index: 27.99 kg/m2; Systolic Blood Pressure: 173.0 mmHg; Diastolic Blood Pressure: 105.0 mmHg; Body Weight: 94.0 kg; Body Mass Index: 29.34 kg/m2; Systolic Blood Pressure: 154.0 mmHg; Diastolic Blood Pressure: 90.0 mmHg; Total Cholesterol: 173.0 mg/dL; Triglycerides: 147.0 mg/dL; Low Density Lipoprotein Cholesterol: 64.0 mg/dL; High Density Lipoprotein Cholesterol: 79.0 mg/dL. Immunizations: Influenza seasonal injectable preservative free; Td (adult) preservative free.",1
31c6f32e-9471-49a4-aecb-166e48cba430,"Demographics: born 1962-06-16, gender F, race white, ethnicity irish. Encounters: Death Certification. Medications: Penicillin V Potassium 250 MG; Nitroglycerin 0.4 MG/ACTUAT [Nitrolingual]; Simvastatin 20 MG Oral Tablet. Observations: Myocardial Infarction.",0
e11171b8-0112-4ebf-891b-4b8301fc452a,"Demographics: born 1997-01-22, gender F, race white, ethnicity german. Encounters: Outpatient procedure; Outpatient Encounter; Allergic disorder follow-up assessment; Prenatal initial visit; Prenatal visit; Obstetric emergency hospital admission. Medications: Fexofenadine hydrochloride 30 MG Oral Tablet; 0.3 ML EPINEPHrine 0.5 MG/ML Auto-Injector; Penicillin V Potassium 250 MG. Procedures: Subcutaneous immunotherapy; Documentation of current medications; Allergy screening test; Standard pregnancy test; Epidural anesthesia; Childbirth. Observations: Body Height: 169.05 cm; Body Weight: 40.14 kg; Body Mass Index: 14.04 kg/m2; Systolic Blood Pressure: 119.0 mmHg; Diastolic Blood Pressure: 75.0 mmHg; Body Height: 170.29 cm; Body Weight: 42.89 kg; Body Mass Index: 14.79 kg/m2; Systolic Blood Pressure: 108.0 mmHg; Diastolic Blood Pressure: 82.0 mmHg; Body Height: 170.86 cm; Body Weight: 44.79 kg; Body Mass Index: 15.34 kg/m2; Systolic Blood Pressure: 135.0 mmHg; Body Height: 171.2 cm; Body Weight: 46.23 kg; Body Mass Index: 15.77 kg/m2; Systolic Blood Pressure: 104.0 mmHg; Diastolic Blood Pressure: 86.0 mmHg; Peanut IgE Ab in Serum: 40.79 kU/L; Walnut IgE Ab in Serum: 0.05 kU/L; Codfish IgE Ab in Serum: 0.08 kU/L; Shrimp IgE Ab in Serum: 0.07 kU/L; Wheat IgE Ab in Serum: 0.34 kU/L; Egg white IgE Ab in Serum: 0.11 kU/L; Soybean IgE Ab in Serum: 0.35 kU/L; Cow milk IgE Ab in Serum: 0.25 kU/L; White oak IgE Ab in Serum: 0.02 kU/L; Common Ragweed IgE Ab in Serum: 0.21 kU/L; Cat dander IgE Ab in Serum: 34.06 kU/L; American house dust mite IgE Ab in Serum: 36.79 kU/L; Cladosporium herbarum IgE Ab in Serum: 0.06 kU/L; Honey bee IgE Ab in Serum: 83.76 kU/L; Latex IgE Ab in Serum: 0.15 kU/L; Body Height: 171.37 cm; Body Weight: 47.04 kg; Body Mass Index: 16.02 kg/m2; Systolic Blood Pressure: 133.0 mmHg; Diastolic Blood Pressure: 87.0 mmHg; Body Height: 171.48 cm. Allergies: Allergy to peanuts; Allergy to tree pollen; Allergy to grass pollen; Dander (animal) allergy; House dust mite allergy; Allergy to mould; Allergy to bee venom. Immunizations: Influenza seasonal injectable preservative free; meningococcal MCV4P.",1
74dda0e2-797d-4d09-bde6-e0952f1b9b7a,"Demographics: born 2015-07-21, gender M, race white, ethnicity english. Encounters: Outpatient Encounter; Emergency room admission. Medications: Ibuprofen 100 MG Oral Tablet. Procedures: Documentation of current medications; Suture open wound. Observations: Body Height: 52.08 cm; Body Weight: 3.49 kg; Systolic Blood Pressure: 114.0 mmHg; Diastolic Blood Pressure: 87.0 mmHg; Body Height: 56.03 cm; Body Weight: 4.31 kg; Systolic Blood Pressure: 104.0 mmHg; Diastolic Blood Pressure: 78.0 mmHg; Body Height: 61.48 cm; Body Weight: 5.74 kg; Systolic Blood Pressure: 113.0 mmHg; Diastolic Blood Pressure: 80.0 mmHg; Body Height: 65.51 cm; Body Weight: 6.9 kg; Systolic Blood Pressure: 138.0 mmHg; Diastolic Blood Pressure: 82.0 mmHg; Body Height: 68.82 cm; Body Weight: 7.85 kg; Systolic Blood Pressure: 139.0 mmHg; Diastolic Blood Pressure: 77.0 mmHg; Body Height: 72.99 cm; Body Weight: 8.96 kg; Systolic Blood Pressure: 103.0 mmHg; Body Height: 76.55 cm; Body Weight: 9.79 kg; Systolic Blood Pressure: 117.0 mmHg; Diastolic Blood Pressure: 79.0 mmHg; Body Height: 79.7 cm; Body Weight: 10.42 kg; Systolic Blood Pressure: 110.0 mmHg; Diastolic Blood Pressure: 71.0 mmHg; Body Height: 81.63 cm; Body Weight: 10.78 kg; Systolic Blood Pressure: 122.0 mmHg. Immunizations: Hep B adolescent or pediatric; rotavirus monovalent; DTaP; Hib (PRP-OMP); Pneumococcal conjugate PCV 13; IPV; Influenza seasonal injectable preservative free; MMR; varicella; Hep A ped/adol 2 dose.",0
412ba936-b8cf-4274-9b10-5b8cef17d973,"Demographics: born 1992-03-31, gender M, race white, ethnicity russian. Encounters: Asthma follow-up; Outpatient Encounter; Encounter for symptom; Emergency room admission; Non-urgent orthopedic admission; Emergency hospital admission for asthma. Medications: 120 ACTUAT Fluticasone propionate 0.044 MG/ACTUAT Metered Dose Inhaler; 200 ACTUAT Albuterol 0.09 MG/ACTUAT Metered Dose Inhaler; Acetaminophen 325 MG Oral Tablet; Acetaminophen 325 MG / HYDROcodone Bitartrate 7.5 MG Oral Tablet; Naproxen sodium 220 MG Oral Tablet. Procedures: Documentation of current medications; Suture open wound; Surgical manipulation of joint of knee. Observations: Body Height: 183.74 cm; Body Weight: 53.22 kg; Body Mass Index: 15.76 kg/m2; Systolic Blood Pressure: 158.0 mmHg; Diastolic Blood Pressure: 100.0 mmHg; Estimated Glomerular Filtration Rate: 60.0 mL/min/{1.73_m2}; Body Height: 183.98 cm; Body Weight: 55.67 kg; Body Mass Index: 16.45 kg/m2; Systolic Blood Pressure: 140.0 mmHg; Diastolic Blood Pressure: 112.0 mmHg; Oral temperature: 38.0 Cel; Body Weight: 58.97 kg; Body Mass Index: 17.42 kg/m2; Systolic Blood Pressure: 184.0 mmHg; Diastolic Blood Pressure: 108.0 mmHg. Immunizations: Influenza seasonal injectable preservative free; Td (adult) preservative free.",1
2d5c4666-3b93-400f-90d1-5915b70d639e,"Demographics: born 1973-05-04, gender F, race white, ethnicity italian. Encounters: Outpatient Encounter; Asthma follow-up; Encounter for symptom. Medications: diphenhydrAMINE Hydrochloride 25 MG Oral Tablet; Penicillin V Potassium 250 MG; 120 ACTUAT Fluticasone propionate 0.044 MG/ACTUAT Metered Dose Inhaler; 200 ACTUAT Albuterol 0.09 MG/ACTUAT Metered Dose Inhaler; Acetaminophen 160 MG; Nitrofurantoin 5 MG/ML [Furadantin]; Phenazopyridine hydrochloride 100 MG [Pyridium]. Procedures: Documentation of current medications; Measurement of respiratory function (procedure). Observations: Body Height: 152.89 cm; Body Weight: 74.6 kg; Body Mass Index: 31.91 kg/m2; Systolic Blood Pressure: 153.0 mmHg; Diastolic Blood Pressure: 118.0 mmHg; Total Cholesterol: 193.0 mg/dL; Triglycerides: 100.0 mg/dL; Low Density Lipoprotein Cholesterol: 107.0 mg/dL; High Density Lipoprotein Cholesterol: 66.0 mg/dL; Estimated Glomerular Filtration Rate: 60.0 mL/min/{1.73_m2}; Body Weight: 79.02 kg; Body Mass Index: 33.81 kg/m2; Systolic Blood Pressure: 146.0 mmHg; Diastolic Blood Pressure: 114.0 mmHg; Body Weight: 82.5 kg; Body Mass Index: 35.29 kg/m2; Systolic Blood Pressure: 141.0 mmHg; Diastolic Blood Pressure: 115.0 mmHg; Total Cholesterol: 180.0 mg/dL; Triglycerides: 136.0 mg/dL; Low Density Lipoprotein Cholesterol: 87.0 mg/dL; High Density Lipoprotein Cholesterol: 65.0 mg/dL. Allergies: Allergy to peanuts; Shellfish allergy; Allergy to tree pollen; Allergy to grass pollen; Dander (animal) allergy; Allergy to mould. Immunizations: Influenza seasonal injectable preservative free; Td (adult) preservative free.",1
7dd00c96-a204-4683-80a6-eba769840507,"Demographics: born 1990-11-20, gender M, race white, ethnicity french. Encounters: Outpatient Encounter; Encounter for symptom. Medications: Penicillin V Potassium 250 MG; Acetaminophen 160 MG. Procedures: Documentation of current medications; Sputum examination (procedure). Observations: Body Height: 190.18 cm; Body Weight: 69.37 kg; Body Mass Index: 19.18 kg/m2; Systolic Blood Pressure: 109.0 mmHg; Diastolic Blood Pressure: 75.0 mmHg; Body Weight: 73.98 kg; Body Mass Index: 20.45 kg/m2; Systolic Blood Pressure: 121.0 mmHg; Diastolic Blood Pressure: 80.0 mmHg. Immunizations: Influenza seasonal injectable preservative free; Td (adult) preservative free.",0
218cf899-a669-44f5-bd00-e3af7103c7a6,"Demographics: born 1907-02-18, gender M, race white, ethnicity irish.",0
cf7a645e-ffa2-4c3f-b0a4-b51af808b279,"Demographics: born 1948-01-09, gender M, race white, ethnicity portuguese. Encounters: Outpatient Encounter; Encounter for symptom. Medications: 24 HR Metformin hydrochloride 500 MG Extended Release Oral Tablet; Nitrofurantoin 5 MG/ML [Furadantin]; Phenazopyridine hydrochloride 100 MG [Pyridium]; NITROFURANTOIN MACROCRYSTALS 50 MG [Macrodantin]. Procedures: Documentation of current medications. Observations: Hemoglobin A1c/Hemoglobin.total in Blood: 7.0 %; Body Height: 176.01 cm; Body Weight: 105.81 kg; Body Mass Index: 34.15 kg/m2; Systolic Blood Pressure: 184.0 mmHg; Diastolic Blood Pressure: 98.0 mmHg; Glucose: 104.0 mg/dL; Urea Nitrogen: 10.0 mg/dL; Creatinine: 1.0 mg/dL; Calcium: 8.57 mg/dL; Sodium: 142.0 mmol/L; Potassium: 4.49 mmol/L; Chloride: 109.0 mmol/L; Carbon Dioxide: 22.0 mmol/L; Total Cholesterol: 211.0 mg/dL; Triglycerides: 181.0 mg/dL; Low Density Lipoprotein Cholesterol: 122.0 mg/dL; High Density Lipoprotein Cholesterol: 52.0 mg/dL; Microalbumin Creatine Ratio: 3.0 mg/g; Estimated Glomerular Filtration Rate: 60.0 mL/min/{1.73_m2}; Hemoglobin A1c/Hemoglobin.total in Blood: 6.9 %; Body Weight: 104.02 kg; Body Mass Index: 33.58 kg/m2; Systolic Blood Pressure: 165.0 mmHg; Diastolic Blood Pressure: 104.0 mmHg; Glucose: 124.0 mg/dL; Urea Nitrogen: 13.0 mg/dL; Calcium: 8.85 mg/dL; Sodium: 139.0 mmol/L; Potassium: 5.02 mmol/L; Chloride: 101.0 mmol/L; Carbon Dioxide: 25.0 mmol/L; Total Cholesterol: 216.0 mg/dL; Triglycerides: 186.0 mg/dL; Low Density Lipoprotein Cholesterol: 129.0 mg/dL; High Density Lipoprotein Cholesterol: 49.0 mg/dL; Microalbumin Creatine Ratio: 7.0 mg/g; Hemoglobin A1c/Hemoglobin.total in Blood: 6.8 %; Body Weight: 102.94 kg; Body Mass Index: 33.23 kg/m2. Immunizations: Influenza seasonal injectable preservative free; Pneumococcal conjugate PCV 13; pneumococcal polysaccharide vaccine 23 valent.",1
1e149f84-e185-4e52-94b4-243c3c71eeff,"Demographics: born 1973-02-12, gender F, race white, ethnicity polish. Encounters: Outpatient Encounter; Encounter for symptom. Medications: Hydrocortisone 10 MG/ML Topical Cream; Loratadine 10 MG Oral Tablet; 0.3 ML EPINEPHrine 0.5 MG/ML Auto-Injector. Procedures: Documentation of current medications. Observations: Body Height: 161.25 cm; Body Weight: 84.65 kg; Body Mass Index: 32.55 kg/m2; Systolic Blood Pressure: 134.0 mmHg; Diastolic Blood Pressure: 80.0 mmHg; Total Cholesterol: 179.0 mg/dL; Triglycerides: 122.0 mg/dL; Low Density Lipoprotein Cholesterol: 86.0 mg/dL; High Density Lipoprotein Cholesterol: 68.0 mg/dL; Body Weight: 88.48 kg; Body Mass Index: 34.03 kg/m2; Systolic Blood Pressure: 125.0 mmHg; Diastolic Blood Pressure: 73.0 mmHg; Total Cholesterol: 181.0 mg/dL; Triglycerides: 130.0 mg/dL; Low Density Lipoprotein Cholesterol: 92.0 mg/dL; High Density Lipoprotein Cholesterol: 63.0 mg/dL. Immunizations: Influenza seasonal injectable preservative free; Td (adult) preservative free.",0
b4f04edb-d836-400b-a8d7-d80540d2db23,"Demographics: born 1974-03-06, gender F, race white, ethnicity swedish. Encounters: Outpatient Encounter; Encounter for symptom; Prenatal initial visit; Patient-initiated encounter; Consultation for treatment; Prenatal visit; Obstetric emergency hospital admission; Patient encounter procedure. Medications: Penicillin V Potassium 250 MG; Nitrofurantoin 5 MG/ML [Furadantin]; Phenazopyridine hydrochloride 100 MG [Pyridium]; Camila 28 Day Pack; Penicillin V Potassium 500 MG. Procedures: Documentation of current medications; Standard pregnancy test; Induced termination of pregnancy; Epidural anesthesia; Cesarean section; Insertion of intrauterine contraceptive device; Throat culture (procedure). Observations: Body Height: 164.82 cm; Body Weight: 114.16 kg; Body Mass Index: 42.02 kg/m2; Systolic Blood Pressure: 112.0 mmHg; Diastolic Blood Pressure: 72.0 mmHg; Total Cholesterol: 196.0 mg/dL; Triglycerides: 125.0 mg/dL; Low Density Lipoprotein Cholesterol: 105.0 mg/dL; High Density Lipoprotein Cholesterol: 66.0 mg/dL; Oral temperature: 38.0 Cel; Body Weight: 118.36 kg; Body Mass Index: 43.57 kg/m2; Systolic Blood Pressure: 122.0 mmHg; Diastolic Blood Pressure: 73.0 mmHg; Total Cholesterol: 170.0 mg/dL; Triglycerides: 118.0 mg/dL; Low Density Lipoprotein Cholesterol: 83.0 mg/dL; High Density Lipoprotein Cholesterol: 63.0 mg/dL; Body Weight: 123.04 kg; Body Mass Index: 45.29 kg/m2; Systolic Blood Pressure: 121.0 mmHg; Diastolic Blood Pressure: 81.0 mmHg; Total Cholesterol: 200.0 mg/dL; Triglycerides: 115.0 mg/dL; Low Density Lipoprotein Cholesterol: 115.0 mg/dL; High Density Lipoprotein Cholesterol: 62.0 mg/dL; Oral temperature: 37.92 Cel. Immunizations: Influenza seasonal injectable preservative free; Td (adult) preservative free.",0
018091da-f079-4976-9f92-eb9d4525b605,"Demographics: born 1928-08-10, gender M, race white, ethnicity italian. Encounters: Death Certification. Medications: Penicillin V Potassium 250 MG; 24 HR Metformin hydrochloride 500 MG Extended Release Oral Tablet; insulin human isophane 70 UNT/ML / Regular Insulin Human 30 UNT/ML Injectable Suspension [Humulin]; Simvastatin 20 MG Oral Tablet; Amlodipine 5 MG Oral Tablet; Nitroglycerin 0.4 MG/ACTUAT [Nitrolingual]; Clopidogrel 75 MG Oral Tablet. Observations: Cardiac Arrest.",1
0190ce14-8897-4951-bdac-99008769e81d,"Demographics: born 1939-03-17, gender F, race white, ethnicity irish. Encounters: Outpatient Encounter; Emergency room admission; Encounter for 'check-up'. Medications: Penicillin V Potassium 250 MG; Alendronic acid 10 MG [Fosamax]; Ibuprofen 200 MG Oral Tablet; Naproxen sodium 220 MG Oral Tablet. Procedures: Documentation of current medications; Bone immobilization; Suture open wound; Injection of tetanus antitoxin. Observations: Hemoglobin A1c/Hemoglobin.total in Blood: 6.4 %; Body Height: 161.1 cm; Body Weight: 82.99 kg; Body Mass Index: 31.98 kg/m2; Systolic Blood Pressure: 146.0 mmHg; Diastolic Blood Pressure: 90.0 mmHg; Glucose: 96.0 mg/dL; Urea Nitrogen: 20.0 mg/dL; Creatinine: 1.0 mg/dL; Calcium: 9.83 mg/dL; Sodium: 143.0 mmol/L; Potassium: 4.76 mmol/L; Chloride: 102.0 mmol/L; Carbon Dioxide: 27.0 mmol/L; Estimated Glomerular Filtration Rate: 60.0 mL/min/{1.73_m2}; Hemoglobin A1c/Hemoglobin.total in Blood: 6.1 %; Body Weight: 81.12 kg; Body Mass Index: 31.25 kg/m2; Systolic Blood Pressure: 155.0 mmHg; Diastolic Blood Pressure: 106.0 mmHg; Glucose: 73.0 mg/dL; Urea Nitrogen: 12.0 mg/dL; Calcium: 8.86 mg/dL; Sodium: 141.0 mmol/L; Potassium: 3.91 mmol/L; Chloride: 111.0 mmol/L; Carbon Dioxide: 21.0 mmol/L; Hemoglobin A1c/Hemoglobin.total in Blood: 5.8 %; Body Weight: 79.13 kg; Body Mass Index: 30.49 kg/m2; Systolic Blood Pressure: 165.0 mmHg; Diastolic Blood Pressure: 113.0 mmHg; Glucose: 100.0 mg/dL; Urea Nitrogen: 9.0 mg/dL; Calcium: 9.47 mg/dL; Sodium: 142.0 mmol/L; Potassium: 5.1 mmol/L; Chloride: 108.0 mmol/L; Carbon Dioxide: 28.0 mmol/L; Body Weight: 77.76 kg. Immunizations: Influenza seasonal injectable preservative free.",1
1d76d853-413b-4559-ac78-667ff6223ed8,"Demographics: born 1941-04-12, gender F, race white, ethnicity english. Encounters: Outpatient Encounter; Encounter for problem; Encounter for 'check-up'; Encounter for symptom. Medications: Penicillin V Potassium 250 MG; Penicillin V Potassium 500 MG; Naproxen sodium 220 MG [Aleve]; Acetaminophen 160 MG. Procedures: Documentation of current medications. Observations: Body Height: 161.49 cm; Body Weight: 91.35 kg; Body Mass Index: 35.03 kg/m2; Systolic Blood Pressure: 152.0 mmHg; Diastolic Blood Pressure: 94.0 mmHg; Estimated Glomerular Filtration Rate: 60.0 mL/min/{1.73_m2}; Body Weight: 89.92 kg; Body Mass Index: 34.48 kg/m2; Systolic Blood Pressure: 159.0 mmHg; Diastolic Blood Pressure: 104.0 mmHg; Total Cholesterol: 183.0 mg/dL; Triglycerides: 150.0 mg/dL; Low Density Lipoprotein Cholesterol: 89.0 mg/dL; High Density Lipoprotein Cholesterol: 64.0 mg/dL; Oral temperature: 38.0 Cel; Body Weight: 88.31 kg; Body Mass Index: 33.86 kg/m2; Systolic Blood Pressure: 175.0 mmHg; Diastolic Blood Pressure: 92.0 mmHg; Body Weight: 87.24 kg; Body Mass Index: 33.45 kg/m2; Systolic Blood Pressure: 169.0 mmHg; Diastolic Blood Pressure: 120.0 mmHg; Body Weight: 85.77 kg; Body Mass Index: 32.89 kg/m2; Systolic Blood Pressure: 154.0 mmHg; Diastolic Blood Pressure: 119.0 mmHg; Body Weight: 84.38 kg; Body Mass Index: 32.36 kg/m2; Systolic Blood Pressure: 176.0 mmHg; Diastolic Blood Pressure: 112.0 mmHg; Total Cholesterol: 190.0 mg/dL; Triglycerides: 137.0 mg/dL; Low Density Lipoprotein Cholesterol: 83.0 mg/dL; High Density Lipoprotein Cholesterol: 79.0 mg/dL; Systolic Blood Pressure: 183.0 mmHg; Body Weight: 82.42 kg; Body Mass Index: 31.6 kg/m2; Diastolic Blood Pressure: 90.0 mmHg. Immunizations: Influenza seasonal injectable preservative free; Td (adult) preservative free.",1
2a1c414b-bc38-4988-a4bb-8e784f98585e,"Demographics: born 1996-10-28, gender M, race hispanic, ethnicity puerto_rican. Encounters: Outpatient procedure; Outpatient Encounter; Encounter for symptom; Allergic disorder follow-up assessment. Medications: Penicillin V Potassium 250 MG; Fexofenadine hydrochloride 30 MG Oral Tablet; 0.3 ML EPINEPHrine 0.5 MG/ML Auto-Injector; Dextromethorphan Hydrobromide 1 MG/ML. Procedures: Subcutaneous immunotherapy; Documentation of current medications; Throat culture (procedure); Allergy screening test; Sputum examination (procedure). Observations: Body Height: 163.02 cm; Body Weight: 54.64 kg; Body Mass Index: 20.56 kg/m2; Systolic Blood Pressure: 137.0 mmHg; Diastolic Blood Pressure: 81.0 mmHg; Body Height: 168.07 cm; Body Weight: 59.73 kg; Body Mass Index: 21.15 kg/m2; Systolic Blood Pressure: 125.0 mmHg; Diastolic Blood Pressure: 71.0 mmHg; Body Height: 170.51 cm; Body Weight: 63.34 kg; Body Mass Index: 21.79 kg/m2; Systolic Blood Pressure: 124.0 mmHg; Diastolic Blood Pressure: 70.0 mmHg; Oral temperature: 38.32 Cel; Peanut IgE Ab in Serum: 0.33 kU/L; Walnut IgE Ab in Serum: 0.23 kU/L; Codfish IgE Ab in Serum: 0.28 kU/L; Shrimp IgE Ab in Serum: 0.08 kU/L; Wheat IgE Ab in Serum: 0.21 kU/L; Egg white IgE Ab in Serum: 0.23 kU/L; Soybean IgE Ab in Serum: 0.19 kU/L; Cow milk IgE Ab in Serum: 0.11 kU/L; White oak IgE Ab in Serum: 0.15 kU/L; Common Ragweed IgE Ab in Serum: 0.07 kU/L; Cat dander IgE Ab in Serum: 94.62 kU/L; American house dust mite IgE Ab in Serum: 0.1 kU/L; Cladosporium herbarum IgE Ab in Serum: 0.11 kU/L; Honey bee IgE Ab in Serum: 0.25 kU/L; Latex IgE Ab in Serum: 0.18 kU/L; Body Height: 172.06 cm; Body Weight: 66.7 kg; Body Mass Index: 22.53 kg/m2; Systolic Blood Pressure: 107.0 mmHg; Diastolic Blood Pressure: 84.0 mmHg; Body Height: 172.77 cm; Body Weight: 68.93 kg; Body Mass Index: 23.09 kg/m2; Systolic Blood Pressure: 162.0 mmHg. Allergies: Dander (animal) allergy. Immunizations: Influenza seasonal injectable preservative free; meningococcal MCV4P.",1
fd4a980c-aca1-4bb4-adfb-9ff421929ed5,"Demographics: born 1943-02-14, gender M, race asian, ethnicity chinese.",0
4fabe8ca-8da6-45b4-a59e-89d1e95a2d48,"Demographics: born 1973-06-14, gender F, race asian, ethnicity chinese. Encounters: Encounter for symptom; Outpatient Encounter; Encounter for problem. Medications: Penicillin V Potassium 250 MG; Dextromethorphan Hydrobromide 1 MG/ML; Acetaminophen 160 MG; Naproxen sodium 220 MG [Aleve]. Procedures: Measurement of respiratory function (procedure). Observations: Oral temperature: 37.0 Cel; Body Height: 165.38 cm; Body Weight: 119.99 kg; Body Mass Index: 43.87 kg/m2; Systolic Blood Pressure: 158.0 mmHg; Diastolic Blood Pressure: 115.0 mmHg; Total Cholesterol: 162.0 mg/dL; Triglycerides: 139.0 mg/dL; Low Density Lipoprotein Cholesterol: 69.0 mg/dL; High Density Lipoprotein Cholesterol: 65.0 mg/dL; Estimated Glomerular Filtration Rate: 60.0 mL/min/{1.73_m2}; Body Weight: 125.06 kg; Body Mass Index: 45.73 kg/m2; Systolic Blood Pressure: 157.0 mmHg; Diastolic Blood Pressure: 109.0 mmHg; Total Cholesterol: 170.0 mg/dL; Triglycerides: 104.0 mg/dL; Low Density Lipoprotein Cholesterol: 76.0 mg/dL; High Density Lipoprotein Cholesterol: 73.0 mg/dL. Immunizations: Influenza seasonal injectable preservative free; Td (adult) preservative free.",1
ac77e364-8b91-4eca-99a4-d9da0aae0fdc,"Demographics: born 1991-04-29, gender M, race white, ethnicity italian. Encounters: Outpatient Encounter; Emergency room admission; Encounter for symptom; Encounter for 'check-up'. Medications: Penicillin V Potassium 250 MG; Acetaminophen 325 MG Oral Tablet. Procedures: Documentation of current medications; Suture open wound; Injection of tetanus antitoxin. Observations: Body Height: 177.79 cm; Body Weight: 82.95 kg; Body Mass Index: 26.24 kg/m2; Systolic Blood Pressure: 144.0 mmHg; Diastolic Blood Pressure: 101.0 mmHg; Estimated Glomerular Filtration Rate: 60.0 mL/min/{1.73_m2}; Body Height: 177.92 cm; Body Weight: 85.03 kg; Body Mass Index: 26.86 kg/m2; Systolic Blood Pressure: 162.0 mmHg; Diastolic Blood Pressure: 104.0 mmHg; Body Weight: 89.83 kg; Body Mass Index: 28.38 kg/m2; Systolic Blood Pressure: 164.0 mmHg. Immunizations: Influenza seasonal injectable preservative free; Td (adult) preservative free.",1
13af534e-7158-4842-b2da-cdb0f4969eb7,"Demographics: born 1947-03-20, gender F, race white, ethnicity american. Encounters: Outpatient Encounter; Encounter for symptom; Encounter for 'check-up'; Emergency room admission. Medications: Meperidine Hydrochloride 50 MG Oral Tablet; Ibuprofen 200 MG Oral Tablet. Procedures: Colonoscopy; Documentation of current medications; Bone immobilization; Bone density scan (procedure). Observations: Body Height: 162.31 cm; Body Weight: 114.13 kg; Body Mass Index: 43.32 kg/m2; Systolic Blood Pressure: 144.0 mmHg; Diastolic Blood Pressure: 115.0 mmHg; Estimated Glomerular Filtration Rate: 60.0 mL/min/{1.73_m2}; Oral temperature: 38.0 Cel; Body Weight: 112.46 kg; Body Mass Index: 42.69 kg/m2; Systolic Blood Pressure: 195.0 mmHg; Diastolic Blood Pressure: 110.0 mmHg; Body Weight: 111.45 kg; Body Mass Index: 42.3 kg/m2; Diastolic Blood Pressure: 111.0 mmHg; Total Cholesterol: 167.0 mg/dL; Triglycerides: 119.0 mg/dL; Low Density Lipoprotein Cholesterol: 82.0 mg/dL; High Density Lipoprotein Cholesterol: 61.0 mg/dL; Body Weight: 110.38 kg; Body Mass Index: 41.89 kg/m2; Systolic Blood Pressure: 151.0 mmHg; Diastolic Blood Pressure: 100.0 mmHg; Systolic Blood Pressure: 168.0 mmHg; Diastolic Blood Pressure: 106.0 mmHg; Body Weight: 108.72 kg; Body Mass Index: 41.27 kg/m2; Systolic Blood Pressure: 177.0 mmHg; Diastolic Blood Pressure: 113.0 mmHg; DXA [T-score] Bone density: -0.26 {T-score}; Body Weight: 107.5 kg; Body Mass Index: 40.8 kg/m2; Systolic Blood Pressure: 181.0 mmHg; Total Cholesterol: 191.0 mg/dL; Triglycerides: 107.0 mg/dL; Low Density Lipoprotein Cholesterol: 94.0 mg/dL; High Density Lipoprotein Cholesterol: 75.0 mg/dL; Body Weight: 103.93 kg; Body Mass Index: 39.45 kg/m2; Systolic Blood Pressure: 197.0 mmHg; Diastolic Blood Pressure: 103.0 mmHg. Immunizations: Influenza seasonal injectable preservative free; Pneumococcal conjugate PCV 13; pneumococcal polysaccharide vaccine 23 valent.",1
569d9775-66e8-43c1-839f-81535828aeea,"Demographics: born 1989-05-19, gender F, race hispanic, ethnicity central_american. Encounters: Encounter for symptom; Outpatient Encounter. Medications: Yaz 28 Day Pack; Acetaminophen 160 MG. Procedures: Measurement of respiratory function (procedure). Observations: Body Height: 162.55 cm; Body Weight: 86.86 kg; Body Mass Index: 32.87 kg/m2; Systolic Blood Pressure: 157.0 mmHg; Diastolic Blood Pressure: 93.0 mmHg; Estimated Glomerular Filtration Rate: 60.0 mL/min/{1.73_m2}; Body Weight: 92.54 kg; Body Mass Index: 35.02 kg/m2; Systolic Blood Pressure: 194.0 mmHg; Diastolic Blood Pressure: 97.0 mmHg; Estimated Glomerular Filtration Rate: 57.0 mL/min/{1.73_m2}. Immunizations: Influenza seasonal injectable preservative free; Td (adult) preservative free.",1
b2efb4d4-31ce-48b2-8221-ae94375b9cbb,"Demographics: born 1963-02-05, gender F, race white, ethnicity english. Encounters: Outpatient Encounter; Encounter for symptom; Prenatal initial visit; Prenatal visit; Consultation for treatment; Admission to surgical department; Encounter for 'check-up'; Emergency room admission. Medications: 24 HR Metformin hydrochloride 500 MG Extended Release Oral Tablet. Procedures: Standard pregnancy test; Bilateral tubal ligation; Colonoscopy; Documentation of current medications. Observations: Hemoglobin A1c/Hemoglobin.total in Blood: 7.5 %; Body Height: 160.75 cm; Body Weight: 93.33 kg; Body Mass Index: 36.12 kg/m2; Systolic Blood Pressure: 172.0 mmHg; Diastolic Blood Pressure: 112.0 mmHg; Glucose: 113.0 mg/dL; Urea Nitrogen: 15.0 mg/dL; Creatinine: 1.0 mg/dL; Calcium: 9.86 mg/dL; Sodium: 137.0 mmol/L; Potassium: 4.52 mmol/L; Chloride: 106.0 mmol/L; Carbon Dioxide: 29.0 mmol/L; Total Cholesterol: 232.0 mg/dL; Triglycerides: 172.0 mg/dL; Low Density Lipoprotein Cholesterol: 149.0 mg/dL; High Density Lipoprotein Cholesterol: 48.0 mg/dL; Microalbumin Creatine Ratio: 4.0 mg/g; Estimated Glomerular Filtration Rate: 60.0 mL/min/{1.73_m2}; Hemoglobin A1c/Hemoglobin.total in Blood: 7.7 %; Body Weight: 95.6 kg; Body Mass Index: 37.0 kg/m2; Systolic Blood Pressure: 155.0 mmHg; Diastolic Blood Pressure: 97.0 mmHg; Glucose: 124.0 mg/dL; Urea Nitrogen: 20.0 mg/dL; Calcium: 9.87 mg/dL; Sodium: 141.0 mmol/L; Potassium: 4.45 mmol/L; Chloride: 102.0 mmol/L; Carbon Dioxide: 25.0 mmol/L; Total Cholesterol: 212.0 mg/dL; Triglycerides: 164.0 mg/dL; Low Density Lipoprotein Cholesterol: 126.0 mg/dL; High Density Lipoprotein Cholesterol: 53.0 mg/dL; Microalbumin Creatine Ratio: 10.0 mg/g; Systolic Blood Pressure: 197.0 mmHg; Glucose: 158.0 mg/dL; Urea Nitrogen: 18.0 mg/dL. Immunizations: Influenza seasonal injectable preservative free; Td (adult) preservative free.",1
fb1d12b1-fa61-48c9-a8aa-0ee8fb068a8c,"Demographics: born 1938-11-07, gender M, race white, ethnicity italian.",0
e614ce26-ab33-46d2-9604-a53b89fdf73c,"Demographics: born 1916-08-04, gender M, race white, ethnicity italian. Encounters: Death Certification. Medications: Penicillin V Potassium 250 MG; Penicillin V Potassium 500 MG; Acetaminophen 325 MG / HYDROcodone Bitartrate 7.5 MG Oral Tablet; Nitroglycerin 0.4 MG/ACTUAT [Nitrolingual]. Observations: Stroke.",1
92c92dda-38b5-4acc-a688-74a8932a68e7,"Demographics: born 2004-10-17, gender F, race white, ethnicity italian. Encounters: Encounter for symptom; Outpatient Encounter. Medications: Penicillin V Potassium 250 MG; Acetaminophen 160 MG Oral Tablet. Procedures: Documentation of current medications. Observations: Body Height: 110.9 cm; Body Weight: 23.64 kg; Body Mass Index: 19.22 kg/m2; Systolic Blood Pressure: 121.0 mmHg; Diastolic Blood Pressure: 73.0 mmHg; Body Height: 117.03 cm; Body Weight: 26.79 kg; Body Mass Index: 19.56 kg/m2; Systolic Blood Pressure: 126.0 mmHg; Diastolic Blood Pressure: 78.0 mmHg; Body Height: 122.38 cm; Body Weight: 30.49 kg; Body Mass Index: 20.36 kg/m2; Systolic Blood Pressure: 122.0 mmHg; Diastolic Blood Pressure: 79.0 mmHg; Body Height: 127.73 cm; Body Weight: 35.62 kg; Body Mass Index: 21.83 kg/m2; Systolic Blood Pressure: 105.0 mmHg; Diastolic Blood Pressure: 74.0 mmHg; Body Height: 132.38 cm; Body Weight: 40.61 kg; Body Mass Index: 23.17 kg/m2; Systolic Blood Pressure: 108.0 mmHg; Diastolic Blood Pressure: 76.0 mmHg; Body Height: 138.52 cm; Body Weight: 45.81 kg; Body Mass Index: 23.88 kg/m2; Systolic Blood Pressure: 119.0 mmHg; Oral temperature: 38.75 Cel. Immunizations: Influenza seasonal injectable preservative free; meningococcal MCV4P; Tdap; HPV quadrivalent.",0
dc447813-9aee-418e-b17b-9d5648dfd51c,"Demographics: born 1936-02-15, gender M, race white, ethnicity italian. Encounters: Death Certification. Medications: Fluticasone propionate 0.25 MG/ACTUAT / salmeterol 0.05 MG/ACTUAT [Advair]; Acetaminophen 325 MG / HYDROcodone Bitartrate 7.5 MG Oral Tablet. Observations: Pulmonary emphysema (disorder).",1
a0a138a1-1ed7-45d4-b6d9-5d61ae47ebff,"Demographics: born 1998-10-10, gender F, race white, ethnicity french. Encounters: Outpatient Encounter; Encounter for symptom; Consultation for treatment. Medications: Penicillin V Potassium 250 MG; Acetaminophen 160 MG; Yaz 28 Day Pack. Procedures: Documentation of current medications; Throat culture (procedure). Observations: Body Height: 146.01 cm; Body Weight: 48.66 kg; Body Mass Index: 22.82 kg/m2; Systolic Blood Pressure: 115.0 mmHg; Diastolic Blood Pressure: 75.0 mmHg; Body Height: 153.1 cm; Body Weight: 54.02 kg; Body Mass Index: 23.05 kg/m2; Systolic Blood Pressure: 111.0 mmHg; Diastolic Blood Pressure: 85.0 mmHg; Body Height: 157.04 cm; Body Weight: 58.34 kg; Body Mass Index: 23.66 kg/m2; Systolic Blood Pressure: 122.0 mmHg; Diastolic Blood Pressure: 79.0 mmHg; Body Height: 157.22 cm; Body Weight: 58.62 kg; Body Mass Index: 23.71 kg/m2; Systolic Blood Pressure: 127.0 mmHg; Body Height: 158.77 cm; Body Weight: 61.51 kg; Body Mass Index: 24.4 kg/m2; Systolic Blood Pressure: 101.0 mmHg; Diastolic Blood Pressure: 80.0 mmHg; Oral temperature: 37.0 Cel; Body Height: 159.41 cm; Body Weight: 63.17 kg; Body Mass Index: 24.86 kg/m2; Systolic Blood Pressure: 121.0 mmHg; Diastolic Blood Pressure: 76.0 mmHg; Body Height: 159.82 cm; Body Weight: 64.67 kg; Body Mass Index: 25.32 kg/m2; Systolic Blood Pressure: 136.0 mmHg; Diastolic Blood Pressure: 70.0 mmHg; Body Height: 160.0 cm; Body Weight: 66.01 kg; Body Mass Index: 25.79 kg/m2; Systolic Blood Pressure: 142.0 mmHg; Diastolic Blood Pressure: 117.0 mmHg. Immunizations: Influenza seasonal injectable preservative free; meningococcal MCV4P; Tdap; HPV quadrivalent.",1
75132f52-041d-4ea4-abe1-252f7be754f9,"Demographics: born 1953-01-31, gender M, race white, ethnicity irish. Encounters: Outpatient Encounter; Encounter Inpatient; Encounter for 'check-up'; Emergency Encounter. Medications: Penicillin V Potassium 500 MG; oxyCODONE Hydrochloride 15 MG [OxyCONTIN]; Clopidogrel 75 MG Oral Tablet; Alteplase 1 MG/ML Injectable Solution. Procedures: Documentation of current medications; Colonoscopy; Fecal occult blood test; Rectal polypectomy; Percutaneous mechanical thrombectomy of portal vein using fluoroscopic guidance. Observations: Hemoglobin A1c/Hemoglobin.total in Blood: 7.2 %; Body Height: 183.48 cm; Body Weight: 97.44 kg; Body Mass Index: 28.94 kg/m2; Systolic Blood Pressure: 181.0 mmHg; Diastolic Blood Pressure: 96.0 mmHg; Glucose: 108.0 mg/dL; Urea Nitrogen: 13.0 mg/dL; Creatinine: 1.0 mg/dL; Calcium: 8.71 mg/dL; Sodium: 141.0 mmol/L; Potassium: 4.19 mmol/L; Chloride: 104.0 mmol/L; Carbon Dioxide: 21.0 mmol/L; Total Cholesterol: 237.0 mg/dL; Triglycerides: 170.0 mg/dL; Low Density Lipoprotein Cholesterol: 146.0 mg/dL; High Density Lipoprotein Cholesterol: 57.0 mg/dL; Microalbumin Creatine Ratio: 17.0 mg/g; Estimated Glomerular Filtration Rate: 60.0 mL/min/{1.73_m2}; Systolic Blood Pressure: 199.0 mmHg; Diastolic Blood Pressure: 115.0 mmHg; Glucose: 124.0 mg/dL; Urea Nitrogen: 11.0 mg/dL; Calcium: 9.66 mg/dL; Sodium: 139.0 mmol/L; Potassium: 3.77 mmol/L; Total Cholesterol: 215.0 mg/dL; Triglycerides: 195.0 mg/dL; Low Density Lipoprotein Cholesterol: 130.0 mg/dL; High Density Lipoprotein Cholesterol: 46.0 mg/dL; Microalbumin Creatine Ratio: 11.0 mg/g; Systolic Blood Pressure: 147.0 mmHg; Diastolic Blood Pressure: 90.0 mmHg; Glucose: 101.0 mg/dL; Urea Nitrogen: 14.0 mg/dL; Calcium: 9.49 mg/dL; Sodium: 144.0 mmol/L; Potassium: 4.45 mmol/L; Chloride: 108.0 mmol/L. Immunizations: Influenza seasonal injectable preservative free; zoster; Td (adult) preservative free.",0
7161713f-258f-46e9-9a71-ae648a027379,"Demographics: born 1991-09-14, gender F, race white, ethnicity italian. Encounters: Outpatient Encounter; Encounter for symptom. Medications: Estrostep Fe 28 Day Pack; Nitrofurantoin 5 MG/ML [Furadantin]; Phenazopyridine hydrochloride 100 MG [Pyridium]. Procedures: Documentation of current medications. Observations: Body Height: 168.8 cm; Body Weight: 55.7 kg; Body Mass Index: 19.55 kg/m2; Systolic Blood Pressure: 184.0 mmHg; Diastolic Blood Pressure: 106.0 mmHg; Estimated Glomerular Filtration Rate: 60.0 mL/min/{1.73_m2}; Oral temperature: 38.0 Cel; Body Height: 168.85 cm; Body Weight: 57.75 kg; Body Mass Index: 20.25 kg/m2; Systolic Blood Pressure: 163.0 mmHg; Diastolic Blood Pressure: 90.0 mmHg; Body Weight: 61.92 kg; Body Mass Index: 21.72 kg/m2; Systolic Blood Pressure: 168.0 mmHg; Diastolic Blood Pressure: 102.0 mmHg. Immunizations: Influenza seasonal injectable preservative free; Td (adult) preservative free.",1
69738163-0167-4f18-8f75-04399324dcff,"Demographics: born 1950-01-28, gender F, race hispanic, ethnicity central_american. Encounters: Death Certification. Medications: 120 ACTUAT Fluticasone propionate 0.044 MG/ACTUAT Metered Dose Inhaler; 200 ACTUAT Albuterol 0.09 MG/ACTUAT Metered Dose Inhaler; Chlorpheniramine 2 MG Chewable Tablet; Fluticasone propionate 0.25 MG/ACTUAT / salmeterol 0.05 MG/ACTUAT [Advair]; Naproxen sodium 220 MG [Aleve]. Observations: Chronic obstructive bronchitis (disorder). Allergies: Allergy to fish; Shellfish allergy; Dander (animal) allergy; House dust mite allergy; Allergy to mould.",1
54584d82-d1ff-426f-98f0-861e0504f29f,"Demographics: born 1996-09-03, gender F, race white, ethnicity scottish. Encounters: Outpatient procedure; Outpatient Encounter; Encounter for symptom; Allergic disorder follow-up assessment. Medications: Penicillin V Potassium 250 MG; Fexofenadine hydrochloride 30 MG Oral Tablet; 0.3 ML EPINEPHrine 0.5 MG/ML Auto-Injector; Acetaminophen 160 MG. Procedures: Subcutaneous immunotherapy; Documentation of current medications; Measurement of respiratory function (procedure); Allergy screening test. Observations: Body Height: 160.34 cm; Body Weight: 44.52 kg; Body Mass Index: 17.32 kg/m2; Systolic Blood Pressure: 116.0 mmHg; Diastolic Blood Pressure: 75.0 mmHg; Body Height: 161.31 cm; Body Weight: 46.88 kg; Body Mass Index: 18.02 kg/m2; Systolic Blood Pressure: 101.0 mmHg; Diastolic Blood Pressure: 77.0 mmHg; Body Height: 161.8 cm; Body Weight: 48.53 kg; Body Mass Index: 18.54 kg/m2; Systolic Blood Pressure: 134.0 mmHg; Diastolic Blood Pressure: 81.0 mmHg; Peanut IgE Ab in Serum: 0.32 kU/L; Walnut IgE Ab in Serum: 0.35 kU/L; Codfish IgE Ab in Serum: 0.2 kU/L; Shrimp IgE Ab in Serum: 0.12 kU/L; Wheat IgE Ab in Serum: 0.16 kU/L; Egg white IgE Ab in Serum: 0.23 kU/L; Soybean IgE Ab in Serum: 0.08 kU/L; Cow milk IgE Ab in Serum: 0.08 kU/L; White oak IgE Ab in Serum: 0.16 kU/L; Common Ragweed IgE Ab in Serum: 0.02 kU/L; Cat dander IgE Ab in Serum: 0.02 kU/L; American house dust mite IgE Ab in Serum: 0.09 kU/L; Cladosporium herbarum IgE Ab in Serum: 0.27 kU/L; Honey bee IgE Ab in Serum: 0.24 kU/L; Latex IgE Ab in Serum: 0.05 kU/L; Body Height: 162.05 cm; Body Weight: 49.58 kg; Body Mass Index: 18.88 kg/m2; Systolic Blood Pressure: 122.0 mmHg; Diastolic Blood Pressure: 74.0 mmHg; Body Height: 162.2 cm; Body Weight: 50.42 kg; Body Mass Index: 19.16 kg/m2; Diastolic Blood Pressure: 80.0 mmHg; Body Height: 162.3 cm. Immunizations: Influenza seasonal injectable preservative free; meningococcal MCV4P.",0
26d48a05-5dd2-41c7-a3ff-71482f15a1a1,"Demographics: born 1955-09-12, gender F, race hispanic, ethnicity puerto_rican. Encounters: Outpatient Encounter; Encounter for 'check-up'; Encounter for symptom. Medications: Alendronic acid 10 MG [Fosamax]; Acetaminophen 160 MG. Procedures: Colonoscopy; Documentation of current medications; Bone density scan (procedure); Measurement of respiratory function (procedure). Observations: Body Height: 158.52 cm; Body Weight: 106.99 kg; Body Mass Index: 42.57 kg/m2; Systolic Blood Pressure: 102.0 mmHg; Diastolic Blood Pressure: 71.0 mmHg; Oral temperature: 38.0 Cel; Oral temperature: 37.0 Cel; Diastolic Blood Pressure: 87.0 mmHg; Total Cholesterol: 193.0 mg/dL; Triglycerides: 101.0 mg/dL; Low Density Lipoprotein Cholesterol: 113.0 mg/dL; High Density Lipoprotein Cholesterol: 59.0 mg/dL; Systolic Blood Pressure: 119.0 mmHg; Diastolic Blood Pressure: 85.0 mmHg; Systolic Blood Pressure: 115.0 mmHg; Diastolic Blood Pressure: 79.0 mmHg; Systolic Blood Pressure: 135.0 mmHg; Systolic Blood Pressure: 118.0 mmHg; Diastolic Blood Pressure: 73.0 mmHg; Total Cholesterol: 172.0 mg/dL; Triglycerides: 134.0 mg/dL; Low Density Lipoprotein Cholesterol: 66.0 mg/dL; High Density Lipoprotein Cholesterol: 79.0 mg/dL; DXA [T-score] Bone density: -2.95 {T-score}; Body Weight: 105.36 kg; Body Mass Index: 41.93 kg/m2; Systolic Blood Pressure: 114.0 mmHg; Body Weight: 103.92 kg; Body Mass Index: 41.35 kg/m2; Diastolic Blood Pressure: 88.0 mmHg. Immunizations: Influenza seasonal injectable preservative free; zoster; Td (adult) preservative free.",0
4daffc15-8dd0-4cb8-8761-29c628c3312d,"Demographics: born 1991-09-05, gender M, race hispanic, ethnicity puerto_rican. Encounters: Outpatient Encounter; Encounter for symptom. Medications: Penicillin V Potassium 250 MG; Acetaminophen 160 MG. Procedures: Documentation of current medications; Measurement of respiratory function (procedure). Observations: Body Height: 178.51 cm; Body Weight: 56.58 kg; Body Mass Index: 17.75 kg/m2; Systolic Blood Pressure: 146.0 mmHg; Diastolic Blood Pressure: 120.0 mmHg; Estimated Glomerular Filtration Rate: 60.0 mL/min/{1.73_m2}; Body Height: 178.8 cm; Body Weight: 57.83 kg; Body Mass Index: 18.09 kg/m2; Systolic Blood Pressure: 190.0 mmHg; Diastolic Blood Pressure: 118.0 mmHg; Body Height: 178.85 cm; Body Weight: 59.26 kg; Body Mass Index: 18.53 kg/m2; Systolic Blood Pressure: 154.0 mmHg; Diastolic Blood Pressure: 108.0 mmHg; Body Weight: 63.88 kg; Body Mass Index: 19.97 kg/m2; Systolic Blood Pressure: 180.0 mmHg; Diastolic Blood Pressure: 117.0 mmHg. Immunizations: Influenza seasonal injectable preservative free; Td (adult) preservative free.",1
d6474549-dffa-45ec-bb00-c0d6b2d28b2e,"Demographics: born 1947-01-24, gender F, race white, ethnicity irish. Encounters: Outpatient Encounter; Encounter for 'check-up'; Encounter for symptom. Medications: Penicillin V Potassium 500 MG. Procedures: Documentation of current medications; Colonoscopy; Throat culture (procedure); Fecal occult blood test; Rectal polypectomy. Observations: Hemoglobin A1c/Hemoglobin.total in Blood: 5.8 %; Body Height: 158.71 cm; Body Weight: 95.83 kg; Body Mass Index: 38.05 kg/m2; Systolic Blood Pressure: 134.0 mmHg; Diastolic Blood Pressure: 77.0 mmHg; Glucose: 65.0 mg/dL; Urea Nitrogen: 9.0 mg/dL; Creatinine: 1.0 mg/dL; Calcium: 9.44 mg/dL; Sodium: 136.0 mmol/L; Potassium: 4.25 mmol/L; Chloride: 102.0 mmol/L; Carbon Dioxide: 21.0 mmol/L; Hemoglobin A1c/Hemoglobin.total in Blood: 6.2 %; Body Weight: 94.43 kg; Body Mass Index: 37.49 kg/m2; Systolic Blood Pressure: 103.0 mmHg; Diastolic Blood Pressure: 86.0 mmHg; Glucose: 99.0 mg/dL; Urea Nitrogen: 12.0 mg/dL; Calcium: 8.69 mg/dL; Sodium: 141.0 mmol/L; Potassium: 3.81 mmol/L; Chloride: 109.0 mmol/L; Carbon Dioxide: 26.0 mmol/L; Oral temperature: 38.28 Cel; Body Weight: 92.62 kg; Body Mass Index: 36.77 kg/m2; Systolic Blood Pressure: 137.0 mmHg; Diastolic Blood Pressure: 83.0 mmHg; Glucose: 88.0 mg/dL; Urea Nitrogen: 16.0 mg/dL; Calcium: 9.84 mg/dL; Sodium: 143.0 mmol/L; Potassium: 4.06 mmol/L; Chloride: 107.0 mmol/L; Carbon Dioxide: 25.0 mmol/L; Hemoglobin A1c/Hemoglobin.total in Blood: 6.0 %; Body Weight: 90.64 kg. Immunizations: Influenza seasonal injectable preservative free; Pneumococcal conjugate PCV 13; pneumococcal polysaccharide vaccine 23 valent.",0
35d85dd8-8d4a-4d51-8366-3c8a1d21ab4a,"Demographics: born 1961-12-24, gender M, race white, ethnicity german. Encounters: Outpatient Encounter; Encounter for 'check-up'; Encounter for symptom. Medications: Penicillin V Potassium 250 MG; Penicillin V Potassium 500 MG. Procedures: Documentation of current medications; Colonoscopy. Observations: Hemoglobin A1c/Hemoglobin.total in Blood: 6.1 %; Body Height: 180.69 cm; Body Weight: 105.58 kg; Body Mass Index: 32.34 kg/m2; Systolic Blood Pressure: 116.0 mmHg; Diastolic Blood Pressure: 76.0 mmHg; Glucose: 97.0 mg/dL; Urea Nitrogen: 12.0 mg/dL; Creatinine: 1.0 mg/dL; Calcium: 9.83 mg/dL; Sodium: 138.0 mmol/L; Potassium: 3.73 mmol/L; Chloride: 111.0 mmol/L; Carbon Dioxide: 22.0 mmol/L; Body Weight: 106.97 kg; Body Mass Index: 32.76 kg/m2; Systolic Blood Pressure: 129.0 mmHg; Diastolic Blood Pressure: 85.0 mmHg; Glucose: 83.0 mg/dL; Urea Nitrogen: 16.0 mg/dL; Calcium: 8.94 mg/dL; Sodium: 142.0 mmol/L; Potassium: 3.96 mmol/L; Chloride: 103.0 mmol/L; Carbon Dioxide: 29.0 mmol/L; Total Cholesterol: 174.0 mg/dL; Triglycerides: 144.0 mg/dL; Low Density Lipoprotein Cholesterol: 71.0 mg/dL; High Density Lipoprotein Cholesterol: 74.0 mg/dL; Hemoglobin A1c/Hemoglobin.total in Blood: 6.0 %; Glucose: 74.0 mg/dL; Urea Nitrogen: 13.0 mg/dL; Calcium: 8.85 mg/dL; Potassium: 4.61 mmol/L; Chloride: 101.0 mmol/L; Hemoglobin A1c/Hemoglobin.total in Blood: 5.8 %; Systolic Blood Pressure: 139.0 mmHg; Diastolic Blood Pressure: 81.0 mmHg; Glucose: 76.0 mg/dL; Urea Nitrogen: 20.0 mg/dL. Immunizations: Influenza seasonal injectable preservative free; Td (adult) preservative free.",0
7eea2b61-453a-4bef-9af2-45a8fb12146c,"Demographics: born 2012-02-06, gender M, race white, ethnicity french. Encounters: Outpatient Encounter; Encounter for symptom. Medications: Acetaminophen 160 MG. Procedures: Documentation of current medications; Sputum examination (procedure). Observations: Body Height: 57.94 cm; Body Weight: 4.83 kg; Systolic Blood Pressure: 102.0 mmHg; Diastolic Blood Pressure: 72.0 mmHg; Body Height: 60.93 cm; Body Weight: 5.62 kg; Systolic Blood Pressure: 126.0 mmHg; Diastolic Blood Pressure: 81.0 mmHg; Body Height: 65.57 cm; Body Weight: 6.98 kg; Systolic Blood Pressure: 121.0 mmHg; Diastolic Blood Pressure: 84.0 mmHg; Body Height: 69.26 cm; Body Weight: 8.1 kg; Systolic Blood Pressure: 105.0 mmHg; Diastolic Blood Pressure: 74.0 mmHg; Body Height: 75.17 cm; Body Weight: 9.76 kg; Systolic Blood Pressure: 101.0 mmHg; Diastolic Blood Pressure: 79.0 mmHg; Body Height: 78.84 cm; Body Weight: 10.65 kg; Systolic Blood Pressure: 123.0 mmHg; Diastolic Blood Pressure: 75.0 mmHg; Body Height: 82.1 cm; Body Weight: 11.34 kg; Diastolic Blood Pressure: 88.0 mmHg; Body Height: 85.06 cm; Body Weight: 11.89 kg; Diastolic Blood Pressure: 82.0 mmHg; Body Height: 88.68 cm; Body Weight: 12.65 kg; Body Mass Index: 16.09 kg/m2; Systolic Blood Pressure: 131.0 mmHg; Body Height: 93.28 cm; Body Weight: 13.46 kg; Body Mass Index: 15.47 kg/m2; Systolic Blood Pressure: 128.0 mmHg; Body Height: 97.95 cm; Body Weight: 14.44 kg. Immunizations: Hep B adolescent or pediatric; rotavirus monovalent; DTaP; Hib (PRP-OMP); Pneumococcal conjugate PCV 13; IPV; Influenza seasonal injectable preservative free; MMR; varicella; Hep A ped/adol 2 dose.",0
4ac63d03-f31a-41db-9de7-e3b26c0f707f,"Demographics: born 1938-05-19, gender F, race white, ethnicity portuguese.",0
57394605-54ec-48e8-b0d4-8d8058f17166,"Demographics: born 1941-12-14, gender F, race white, ethnicity scottish. Encounters: Outpatient Encounter; Encounter for symptom; Emergency room admission; Encounter for 'check-up'. Procedures: Documentation of current medications. Observations: Body Height: 161.74 cm; Body Weight: 84.78 kg; Body Mass Index: 32.41 kg/m2; Systolic Blood Pressure: 184.0 mmHg; Diastolic Blood Pressure: 116.0 mmHg; Estimated Glomerular Filtration Rate: 58.0 mL/min/{1.73_m2}; Oral temperature: 37.0 Cel; Body Weight: 83.59 kg; Body Mass Index: 31.95 kg/m2; Systolic Blood Pressure: 164.0 mmHg; Diastolic Blood Pressure: 103.0 mmHg; Estimated Glomerular Filtration Rate: 60.0 mL/min/{1.73_m2}; Body Weight: 82.04 kg; Body Mass Index: 31.36 kg/m2; Systolic Blood Pressure: 185.0 mmHg; Diastolic Blood Pressure: 104.0 mmHg; Body Weight: 80.18 kg; Body Mass Index: 30.65 kg/m2; Systolic Blood Pressure: 176.0 mmHg; Diastolic Blood Pressure: 92.0 mmHg; Total Cholesterol: 171.0 mg/dL; Triglycerides: 118.0 mg/dL; Low Density Lipoprotein Cholesterol: 71.0 mg/dL; High Density Lipoprotein Cholesterol: 76.0 mg/dL; Body Weight: 78.19 kg; Body Mass Index: 29.89 kg/m2; Diastolic Blood Pressure: 114.0 mmHg; Body Weight: 76.89 kg; Body Mass Index: 29.39 kg/m2; Systolic Blood Pressure: 179.0 mmHg; Diastolic Blood Pressure: 113.0 mmHg; Body Weight: 75.75 kg; Body Mass Index: 28.96 kg/m2; Systolic Blood Pressure: 182.0 mmHg; Diastolic Blood Pressure: 112.0 mmHg; Systolic Blood Pressure: 199.0 mmHg; Diastolic Blood Pressure: 97.0 mmHg; Total Cholesterol: 198.0 mg/dL; Triglycerides: 130.0 mg/dL; Low Density Lipoprotein Cholesterol: 112.0 mg/dL. Immunizations: Pneumococcal conjugate PCV 13; Influenza seasonal injectable preservative free; Td (adult) preservative free.",1
e24abaa3-6ef3-4d16-bacd-cd02ea0c94f1,"Demographics: born 1964-06-29, gender F, race white, ethnicity irish. Encounters: Outpatient Encounter; Encounter for symptom; Encounter for 'check-up'. Procedures: Documentation of current medications; Colonoscopy. Observations: Body Height: 175.46 cm; Body Weight: 94.94 kg; Body Mass Index: 30.84 kg/m2; Systolic Blood Pressure: 131.0 mmHg; Diastolic Blood Pressure: 89.0 mmHg; Oral temperature: 38.0 Cel; Body Weight: 97.66 kg; Body Mass Index: 31.72 kg/m2; Systolic Blood Pressure: 105.0 mmHg; Diastolic Blood Pressure: 78.0 mmHg; Total Cholesterol: 170.0 mg/dL; Triglycerides: 129.0 mg/dL; Low Density Lipoprotein Cholesterol: 69.0 mg/dL; High Density Lipoprotein Cholesterol: 75.0 mg/dL; Oral temperature: 37.0 Cel; Systolic Blood Pressure: 125.0 mmHg; Diastolic Blood Pressure: 84.0 mmHg; Systolic Blood Pressure: 115.0 mmHg. Allergies: Shellfish allergy. Immunizations: Influenza seasonal injectable preservative free; Td (adult) preservative free.",0
3b576ca2-cdc7-4129-a2f0-c1c8bc1a156e,"Demographics: born 1977-09-02, gender F, race white, ethnicity english. Encounters: Patient encounter procedure; Encounter for symptom; Outpatient Encounter; Prenatal initial visit; Prenatal visit; Obstetric emergency hospital admission; Consultation for treatment. Medications: Penicillin V Potassium 250 MG; Levonorgestrel 0.00354 MG/HR [Norplant]; Errin 28 Day Pack. Procedures: Replacement of subcutaneous contraceptive; Removal of subcutaneous contraceptive; Standard pregnancy test; Premature birth of newborn. Observations: Oral temperature: 37.0 Cel; Body Height: 170.93 cm; Body Weight: 85.17 kg; Body Mass Index: 29.15 kg/m2; Systolic Blood Pressure: 118.0 mmHg; Diastolic Blood Pressure: 86.0 mmHg; Body Weight: 87.73 kg; Body Mass Index: 30.03 kg/m2; Systolic Blood Pressure: 134.0 mmHg; Diastolic Blood Pressure: 72.0 mmHg; Total Cholesterol: 176.0 mg/dL; Triglycerides: 113.0 mg/dL; Low Density Lipoprotein Cholesterol: 81.0 mg/dL; High Density Lipoprotein Cholesterol: 72.0 mg/dL. Immunizations: Influenza seasonal injectable preservative free.",0
ad4b9568-bfbf-4cb9-a246-abc7a4758a90,"Demographics: born 1971-01-21, gender F, race white, ethnicity german. Encounters: Drug addiction therapy; Asthma follow-up; Outpatient Encounter; Emergency room admission; Drug rehabilitation and detoxification. Medications: Penicillin V Potassium 250 MG; 120 ACTUAT Fluticasone propionate 0.044 MG/ACTUAT Metered Dose Inhaler; 200 ACTUAT Albuterol 0.09 MG/ACTUAT Metered Dose Inhaler. Procedures: Documentation of current medications. Observations: Body Height: 162.63 cm; Body Weight: 86.81 kg; Body Mass Index: 32.82 kg/m2; Systolic Blood Pressure: 193.0 mmHg; Diastolic Blood Pressure: 103.0 mmHg; Estimated Glomerular Filtration Rate: 57.0 mL/min/{1.73_m2}; Hemoglobin A1c/Hemoglobin.total in Blood: 6.2 %; Body Weight: 89.69 kg; Body Mass Index: 33.91 kg/m2; Systolic Blood Pressure: 187.0 mmHg; Diastolic Blood Pressure: 94.0 mmHg; Glucose: 64.0 mg/dL; Urea Nitrogen: 11.0 mg/dL; Creatinine: 1.0 mg/dL; Calcium: 8.51 mg/dL; Sodium: 144.0 mmol/L; Potassium: 4.84 mmol/L; Chloride: 108.0 mmol/L; Carbon Dioxide: 29.0 mmol/L; Total Cholesterol: 169.0 mg/dL; Triglycerides: 115.0 mg/dL; Low Density Lipoprotein Cholesterol: 67.0 mg/dL; High Density Lipoprotein Cholesterol: 79.0 mg/dL; Estimated Glomerular Filtration Rate: 58.0 mL/min/{1.73_m2}; Hemoglobin A1c/Hemoglobin.total in Blood: 5.8 %; Body Weight: 93.04 kg; Body Mass Index: 35.18 kg/m2; Systolic Blood Pressure: 153.0 mmHg; Diastolic Blood Pressure: 90.0 mmHg; Glucose: 86.0 mg/dL; Urea Nitrogen: 17.0 mg/dL; Calcium: 8.61 mg/dL; Sodium: 140.0 mmol/L; Potassium: 4.81 mmol/L; Chloride: 104.0 mmol/L; Estimated Glomerular Filtration Rate: 60.0 mL/min/{1.73_m2}; Body Weight: 95.58 kg; Body Mass Index: 36.14 kg/m2; Systolic Blood Pressure: 147.0 mmHg; Diastolic Blood Pressure: 105.0 mmHg. Immunizations: Influenza seasonal injectable preservative free; Td (adult) preservative free.",1
88da1e6a-684f-4b33-8dc1-e943729e0162,"Demographics: born 1936-10-18, gender F, race white, ethnicity polish. Encounters: Outpatient Encounter; Encounter for 'check-up'; Encounter for symptom; Office Visit; Emergency room admission; Emergency Encounter; Death Certification. Medications: Fluticasone propionate 0.25 MG/ACTUAT / salmeterol 0.05 MG/ACTUAT [Advair]; Clopidogrel 75 MG Oral Tablet; Simvastatin 20 MG Oral Tablet; Amlodipine 5 MG Oral Tablet; Nitroglycerin 0.4 MG/ACTUAT [Nitrolingual]; Penicillin V Potassium 500 MG; Galantamine 4 MG [Razadyne]; Memantine hydrochloride 2 MG/ML [Namenda]; Amoxicillin 500 MG Oral Tablet; Acetaminophen 325 MG / HYDROcodone Bitartrate 7.5 MG Oral Tablet; Ibuprofen 200 MG Oral Tablet; 1 ML Epinephrine 1 MG/ML Prefilled Syringe; 3 ML Amiodarone hydrocholoride 50 MG/ML Prefilled Syringe; Atropine Sulfate 1 MG/ML Injectable Solution. Procedures: Spirometry (procedure); Colonoscopy; Documentation of current medications; Insertion of biventricular implantable cardioverter defibrillator; Catheter ablation of tissue of heart. Observations: FEV1/​FVC: 38.0 %; Hemoglobin A1c/Hemoglobin.total in Blood: 6.0 %; Body Height: 152.7 cm; Body Weight: 80.22 kg; Body Mass Index: 34.4 kg/m2; Systolic Blood Pressure: 161.0 mmHg; Diastolic Blood Pressure: 115.0 mmHg; Glucose: 77.0 mg/dL; Urea Nitrogen: 14.0 mg/dL; Creatinine: 1.0 mg/dL; Calcium: 9.4 mg/dL; Sodium: 138.0 mmol/L; Potassium: 3.82 mmol/L; Chloride: 101.0 mmol/L; Carbon Dioxide: 27.0 mmol/L; Estimated Glomerular Filtration Rate: 60.0 mL/min/{1.73_m2}; FEV1/​FVC: 39.0 %; Total score [MMSE]: 22.0 (score); Hemoglobin A1c/Hemoglobin.total in Blood: 6.2 %; Body Weight: 78.95 kg; Body Mass Index: 33.86 kg/m2; Systolic Blood Pressure: 159.0 mmHg; Diastolic Blood Pressure: 109.0 mmHg; Glucose: 88.0 mg/dL; Urea Nitrogen: 15.0 mg/dL; Calcium: 8.67 mg/dL; Sodium: 140.0 mmol/L; Potassium: 4.57 mmol/L; Chloride: 106.0 mmol/L; Carbon Dioxide: 29.0 mmol/L; Total Cholesterol: 169.0 mg/dL; Triglycerides: 107.0 mg/dL; Low Density Lipoprotein Cholesterol: 78.0 mg/dL; High Density Lipoprotein Cholesterol: 69.0 mg/dL; FEV1/​FVC: 47.0 %; Hemoglobin A1c/Hemoglobin.total in Blood: 5.9 %; Body Weight: 77.36 kg; Body Mass Index: 33.18 kg/m2; Systolic Blood Pressure: 163.0 mmHg; Diastolic Blood Pressure: 112.0 mmHg. Immunizations: Influenza seasonal injectable preservative free.",1
cb628168-5f80-4da8-b8dd-34f1fb46ca85,"Demographics: born 1959-03-06, gender M, race hispanic, ethnicity puerto_rican. Encounters: Outpatient Encounter; Encounter for 'check-up'; Encounter for symptom. Medications: Penicillin V Potassium 500 MG; Acetaminophen 160 MG. Procedures: Documentation of current medications; Colonoscopy; Measurement of respiratory function (procedure). Observations: Hemoglobin A1c/Hemoglobin.total in Blood: 6.2 %; Body Height: 172.21 cm; Body Weight: 111.87 kg; Body Mass Index: 37.72 kg/m2; Systolic Blood Pressure: 156.0 mmHg; Diastolic Blood Pressure: 92.0 mmHg; Glucose: 74.0 mg/dL; Urea Nitrogen: 7.0 mg/dL; Creatinine: 1.0 mg/dL; Calcium: 9.24 mg/dL; Sodium: 141.0 mmol/L; Potassium: 4.33 mmol/L; Chloride: 105.0 mmol/L; Carbon Dioxide: 29.0 mmol/L; Estimated Glomerular Filtration Rate: 60.0 mL/min/{1.73_m2}; Hemoglobin A1c/Hemoglobin.total in Blood: 6.4 %; Systolic Blood Pressure: 197.0 mmHg; Diastolic Blood Pressure: 115.0 mmHg; Glucose: 92.0 mg/dL; Urea Nitrogen: 14.0 mg/dL; Calcium: 9.22 mg/dL; Sodium: 142.0 mmol/L; Potassium: 4.89 mmol/L; Chloride: 106.0 mmol/L; Carbon Dioxide: 20.0 mmol/L; Hemoglobin A1c/Hemoglobin.total in Blood: 6.1 %; Systolic Blood Pressure: 172.0 mmHg; Diastolic Blood Pressure: 109.0 mmHg; Glucose: 96.0 mg/dL; Urea Nitrogen: 12.0 mg/dL; Calcium: 8.92 mg/dL; Sodium: 140.0 mmol/L; Potassium: 5.19 mmol/L; Chloride: 103.0 mmol/L; Carbon Dioxide: 21.0 mmol/L; Total Cholesterol: 172.0 mg/dL; Triglycerides: 106.0 mg/dL; Low Density Lipoprotein Cholesterol: 84.0 mg/dL; High Density Lipoprotein Cholesterol: 66.0 mg/dL; Hemoglobin A1c/Hemoglobin.total in Blood: 5.9 %. Immunizations: Influenza seasonal injectable preservative free; Td (adult) preservative free.",1
58539493-1649-45a8-b20c-9ffa6b23b811,"Demographics: born 1967-10-24, gender F, race white, ethnicity portuguese. Encounters: Encounter for symptom; Outpatient Encounter; Emergency room admission. Medications: Penicillin V Potassium 500 MG; Naproxen sodium 220 MG [Aleve]; Dextromethorphan Hydrobromide 1 MG/ML; Naproxen sodium 220 MG Oral Tablet. Observations: Oral temperature: 37.0 Cel; Body Height: 162.0 cm; Body Weight: 89.46 kg; Body Mass Index: 34.09 kg/m2; Systolic Blood Pressure: 177.0 mmHg; Diastolic Blood Pressure: 92.0 mmHg; Estimated Glomerular Filtration Rate: 60.0 mL/min/{1.73_m2}; Body Weight: 90.67 kg; Body Mass Index: 34.55 kg/m2; Systolic Blood Pressure: 160.0 mmHg; Diastolic Blood Pressure: 99.0 mmHg; Total Cholesterol: 163.0 mg/dL; Triglycerides: 136.0 mg/dL; Low Density Lipoprotein Cholesterol: 70.0 mg/dL; High Density Lipoprotein Cholesterol: 65.0 mg/dL; Body Weight: 93.11 kg; Body Mass Index: 35.48 kg/m2; Systolic Blood Pressure: 156.0 mmHg; Diastolic Blood Pressure: 91.0 mmHg. Immunizations: Influenza seasonal injectable preservative free.",1
fc3e600f-4849-48e8-a12d-14acfa0a4552,"Demographics: born 1966-08-22, gender M, race black, ethnicity west_indian. Encounters: Asthma follow-up; Outpatient Encounter; Emergency hospital admission for asthma; Encounter for symptom; Emergency room admission; Encounter for 'check-up'. Medications: 120 ACTUAT Fluticasone propionate 0.044 MG/ACTUAT Metered Dose Inhaler; 200 ACTUAT Albuterol 0.09 MG/ACTUAT Metered Dose Inhaler; Penicillin V Potassium 250 MG; Penicillin V Potassium 500 MG; Acetaminophen 160 MG. Procedures: Documentation of current medications; Sputum examination (procedure); Measurement of respiratory function (procedure). Observations: Body Height: 179.63 cm; Body Weight: 102.07 kg; Body Mass Index: 31.63 kg/m2; Systolic Blood Pressure: 120.0 mmHg; Diastolic Blood Pressure: 86.0 mmHg; Body Weight: 104.98 kg; Body Mass Index: 32.53 kg/m2; Systolic Blood Pressure: 108.0 mmHg; Diastolic Blood Pressure: 85.0 mmHg; Total Cholesterol: 166.0 mg/dL; Triglycerides: 100.0 mg/dL; Low Density Lipoprotein Cholesterol: 69.0 mg/dL; High Density Lipoprotein Cholesterol: 77.0 mg/dL; Body Weight: 106.96 kg; Body Mass Index: 33.15 kg/m2; Systolic Blood Pressure: 102.0 mmHg; Diastolic Blood Pressure: 72.0 mmHg; Body Weight: 108.52 kg; Body Mass Index: 33.63 kg/m2; Systolic Blood Pressure: 106.0 mmHg; Diastolic Blood Pressure: 89.0 mmHg. Immunizations: Influenza seasonal injectable preservative free.",0
90cde2ff-e7c1-4bb4-8619-bbbb1a66cbbc,"Demographics: born 1983-01-19, gender F, race white, ethnicity english. Encounters: Patient encounter procedure; Outpatient Encounter; Encounter for symptom. Medications: Penicillin V Potassium 500 MG; Implanon 68 MG Drug Implant. Procedures: Replacement of subcutaneous contraceptive; Documentation of current medications. Observations: Body Height: 166.27 cm; Body Weight: 71.53 kg; Body Mass Index: 25.88 kg/m2; Systolic Blood Pressure: 172.0 mmHg; Diastolic Blood Pressure: 115.0 mmHg; Estimated Glomerular Filtration Rate: 60.0 mL/min/{1.73_m2}; Body Weight: 75.88 kg; Body Mass Index: 27.45 kg/m2; Systolic Blood Pressure: 145.0 mmHg; Diastolic Blood Pressure: 104.0 mmHg; Total Cholesterol: 174.0 mg/dL; Triglycerides: 126.0 mg/dL; Low Density Lipoprotein Cholesterol: 83.0 mg/dL; High Density Lipoprotein Cholesterol: 65.0 mg/dL. Immunizations: Influenza seasonal injectable preservative free; Td (adult) preservative free.",1
09d4ac1e-99c0-487d-b9f3-cda808423ac2,"Demographics: born 1939-03-31, gender M, race black, ethnicity dominican. Encounters: Outpatient Encounter; Encounter for symptom. Medications: Penicillin V Potassium 250 MG; Penicillin V Potassium 500 MG; Acetaminophen 160 MG. Procedures: Documentation of current medications; Measurement of respiratory function (procedure). Observations: Body Height: 163.82 cm; Body Weight: 89.94 kg; Body Mass Index: 33.52 kg/m2; Systolic Blood Pressure: 187.0 mmHg; Diastolic Blood Pressure: 120.0 mmHg; Total Cholesterol: 177.0 mg/dL; Triglycerides: 105.0 mg/dL; Low Density Lipoprotein Cholesterol: 96.0 mg/dL; High Density Lipoprotein Cholesterol: 60.0 mg/dL; Estimated Glomerular Filtration Rate: 60.0 mL/min/{1.73_m2}; Body Weight: 87.97 kg; Body Mass Index: 32.78 kg/m2; Systolic Blood Pressure: 198.0 mmHg; Diastolic Blood Pressure: 101.0 mmHg; Body Weight: 86.27 kg; Body Mass Index: 32.15 kg/m2; Systolic Blood Pressure: 164.0 mmHg; Diastolic Blood Pressure: 109.0 mmHg; Body Weight: 84.53 kg; Body Mass Index: 31.5 kg/m2; Systolic Blood Pressure: 169.0 mmHg; Diastolic Blood Pressure: 118.0 mmHg; Oral temperature: 37.0 Cel; Body Weight: 82.57 kg; Body Mass Index: 30.77 kg/m2; Systolic Blood Pressure: 156.0 mmHg; Diastolic Blood Pressure: 106.0 mmHg; Total Cholesterol: 195.0 mg/dL; Triglycerides: 138.0 mg/dL; Low Density Lipoprotein Cholesterol: 101.0 mg/dL; High Density Lipoprotein Cholesterol: 66.0 mg/dL; Body Weight: 81.13 kg; Body Mass Index: 30.23 kg/m2; Systolic Blood Pressure: 150.0 mmHg; Body Weight: 79.48 kg; Body Mass Index: 29.62 kg/m2; Systolic Blood Pressure: 159.0 mmHg; Diastolic Blood Pressure: 90.0 mmHg; Oral temperature: 38.0 Cel. Immunizations: Influenza seasonal injectable preservative free; Td (adult) preservative free.",1
779190dd-5e45-4452-8e68-ebc45ab0687b,"Demographics: born 1929-11-28, gender M, race white, ethnicity irish.",0
91904d1c-e0f5-4e21-b59c-ecee4863403d,"Demographics: born 1952-01-02, gender M, race white, ethnicity portuguese. Encounters: Outpatient Encounter; Encounter for symptom. Medications: Penicillin V Potassium 250 MG; Dextromethorphan Hydrobromide 1 MG/ML. Procedures: Documentation of current medications; Measurement of respiratory function (procedure). Observations: Body Height: 163.33 cm; Body Weight: 112.16 kg; Body Mass Index: 42.05 kg/m2; Systolic Blood Pressure: 199.0 mmHg; Diastolic Blood Pressure: 96.0 mmHg; Estimated Glomerular Filtration Rate: 60.0 mL/min/{1.73_m2}; Oral temperature: 38.0 Cel; Body Weight: 110.77 kg; Body Mass Index: 41.53 kg/m2; Systolic Blood Pressure: 194.0 mmHg; Diastolic Blood Pressure: 101.0 mmHg; Body Weight: 109.61 kg; Body Mass Index: 41.09 kg/m2; Systolic Blood Pressure: 166.0 mmHg; Diastolic Blood Pressure: 90.0 mmHg; Body Weight: 108.58 kg; Body Mass Index: 40.71 kg/m2; Systolic Blood Pressure: 200.0 mmHg; Diastolic Blood Pressure: 111.0 mmHg; Total Cholesterol: 182.0 mg/dL; Triglycerides: 103.0 mg/dL; Low Density Lipoprotein Cholesterol: 92.0 mg/dL; High Density Lipoprotein Cholesterol: 69.0 mg/dL; Body Weight: 107.21 kg; Body Mass Index: 40.19 kg/m2; Systolic Blood Pressure: 183.0 mmHg; Diastolic Blood Pressure: 112.0 mmHg; Body Weight: 106.0 kg; Body Mass Index: 39.74 kg/m2; Systolic Blood Pressure: 144.0 mmHg; Diastolic Blood Pressure: 115.0 mmHg. Immunizations: Influenza seasonal injectable preservative free; zoster; Td (adult) preservative free.",1
f081cb45-fbef-4526-90b8-2b801e9d5d3a,"Demographics: born 1986-07-16, gender M, race white, ethnicity polish. Encounters: Encounter for symptom; Outpatient Encounter. Medications: Amoxicillin 250 MG / Clavulanate 125 MG [Augmentin]. Procedures: Documentation of current medications. Observations: Body Height: 173.12 cm; Body Weight: 71.51 kg; Body Mass Index: 23.86 kg/m2; Systolic Blood Pressure: 191.0 mmHg; Diastolic Blood Pressure: 112.0 mmHg; Estimated Glomerular Filtration Rate: 60.0 mL/min/{1.73_m2}; Body Weight: 75.59 kg; Body Mass Index: 25.22 kg/m2; Systolic Blood Pressure: 175.0 mmHg. Immunizations: Influenza seasonal injectable preservative free.",1
36251e80-29aa-4af8-90dc-5f62a1b5c479,"Demographics: born 1983-09-01, gender F, race white, ethnicity portuguese. Encounters: Outpatient Encounter; Encounter for symptom. Medications: Penicillin V Potassium 500 MG; Jolivette 28 Day Pack. Procedures: Documentation of current medications. Observations: Body Height: 164.42 cm; Body Weight: 72.42 kg; Body Mass Index: 26.79 kg/m2; Systolic Blood Pressure: 191.0 mmHg; Diastolic Blood Pressure: 119.0 mmHg; Estimated Glomerular Filtration Rate: 60.0 mL/min/{1.73_m2}; Body Weight: 77.25 kg; Body Mass Index: 28.58 kg/m2; Diastolic Blood Pressure: 116.0 mmHg; Body Weight: 80.81 kg; Body Mass Index: 29.89 kg/m2; Systolic Blood Pressure: 144.0 mmHg; Diastolic Blood Pressure: 90.0 mmHg; Total Cholesterol: 185.0 mg/dL; Triglycerides: 148.0 mg/dL; Low Density Lipoprotein Cholesterol: 79.0 mg/dL; High Density Lipoprotein Cholesterol: 76.0 mg/dL. Immunizations: Influenza seasonal injectable preservative free; Td (adult) preservative free.",1
d7e30217-e652-49ea-85cc-5e602c7fb455,"Demographics: born 1925-03-12, gender M, race white, ethnicity irish. Encounters: Death Certification. Medications: Acetaminophen 325 MG / oxyCODONE Hydrochloride 5 MG Oral Tablet. Observations: Pulmonary emphysema (disorder).",0
64c07658-0f3c-4c5a-81da-862b43d1c24a,"Demographics: born 1969-03-02, gender F, race white, ethnicity irish. Encounters: Encounter for symptom; Outpatient Encounter. Medications: Penicillin V Potassium 250 MG; Penicillin V Potassium 500 MG. Procedures: Throat culture (procedure); Documentation of current medications. Observations: Oral temperature: 38.74 Cel; Body Height: 157.8 cm; Body Weight: 96.74 kg; Body Mass Index: 38.85 kg/m2; Systolic Blood Pressure: 195.0 mmHg; Diastolic Blood Pressure: 96.0 mmHg; Total Cholesterol: 193.0 mg/dL; Triglycerides: 127.0 mg/dL; Low Density Lipoprotein Cholesterol: 100.0 mg/dL; High Density Lipoprotein Cholesterol: 67.0 mg/dL; Estimated Glomerular Filtration Rate: 60.0 mL/min/{1.73_m2}; Body Weight: 100.4 kg; Body Mass Index: 40.32 kg/m2; Systolic Blood Pressure: 185.0 mmHg; Diastolic Blood Pressure: 106.0 mmHg; Hemoglobin A1c/Hemoglobin.total in Blood: 6.3 %; Body Weight: 103.25 kg; Body Mass Index: 41.46 kg/m2; Systolic Blood Pressure: 148.0 mmHg; Diastolic Blood Pressure: 98.0 mmHg; Glucose: 99.0 mg/dL; Urea Nitrogen: 10.0 mg/dL; Creatinine: 1.0 mg/dL; Calcium: 9.84 mg/dL; Sodium: 142.0 mmol/L; Potassium: 3.74 mmol/L; Chloride: 108.0 mmol/L; Carbon Dioxide: 21.0 mmol/L; Total Cholesterol: 190.0 mg/dL; Triglycerides: 140.0 mg/dL; Low Density Lipoprotein Cholesterol: 84.0 mg/dL; High Density Lipoprotein Cholesterol: 78.0 mg/dL. Immunizations: Influenza seasonal injectable preservative free; Td (adult) preservative free.",1
162b6e1b-28b9-4ce4-8a10-a3864fea5042,"Demographics: born 1933-01-07, gender M, race asian, ethnicity chinese. Encounters: Death Certification. Medications: 24 HR Metformin hydrochloride 500 MG Extended Release Oral Tablet; insulin human isophane 70 UNT/ML / Regular Insulin Human 30 UNT/ML Injectable Suspension [Humulin]; Naproxen sodium 550 MG [Anaprox]; Naproxen sodium 220 MG [Aleve]. Observations: Non-small cell lung cancer (disorder).",1
f5a5391c-aeda-4468-aa2d-d46f9d94c085,"Demographics: born 1966-01-15, gender M, race hispanic, ethnicity puerto_rican. Encounters: Encounter for symptom; Outpatient Encounter. Medications: Penicillin V Potassium 500 MG; Amoxicillin 250 MG / Clavulanate 125 MG [Augmentin]; Acetaminophen 160 MG. Procedures: Documentation of current medications. Observations: Hemoglobin A1c/Hemoglobin.total in Blood: 6.3 %; Body Height: 177.62 cm; Body Weight: 110.07 kg; Body Mass Index: 34.89 kg/m2; Systolic Blood Pressure: 147.0 mmHg; Diastolic Blood Pressure: 116.0 mmHg; Glucose: 96.0 mg/dL; Urea Nitrogen: 8.0 mg/dL; Creatinine: 1.0 mg/dL; Calcium: 10.12 mg/dL; Sodium: 140.0 mmol/L; Potassium: 4.9 mmol/L; Chloride: 108.0 mmol/L; Carbon Dioxide: 28.0 mmol/L; Estimated Glomerular Filtration Rate: 60.0 mL/min/{1.73_m2}; Hemoglobin A1c/Hemoglobin.total in Blood: 6.2 %; Body Weight: 113.38 kg; Body Mass Index: 35.94 kg/m2; Systolic Blood Pressure: 165.0 mmHg; Diastolic Blood Pressure: 102.0 mmHg; Glucose: 68.0 mg/dL; Urea Nitrogen: 7.0 mg/dL; Calcium: 9.2 mg/dL; Potassium: 4.04 mmol/L; Chloride: 103.0 mmol/L; Carbon Dioxide: 29.0 mmol/L; Total Cholesterol: 195.0 mg/dL; Triglycerides: 111.0 mg/dL; Low Density Lipoprotein Cholesterol: 107.0 mg/dL; High Density Lipoprotein Cholesterol: 65.0 mg/dL; Hemoglobin A1c/Hemoglobin.total in Blood: 6.0 %; Body Weight: 114.87 kg; Body Mass Index: 36.41 kg/m2; Systolic Blood Pressure: 175.0 mmHg; Glucose: 98.0 mg/dL; Urea Nitrogen: 18.0 mg/dL; Calcium: 8.89 mg/dL; Sodium: 138.0 mmol/L; Potassium: 4.63 mmol/L; Chloride: 107.0 mmol/L. Immunizations: Influenza seasonal injectable preservative free.",1
fb0f0fc4-371c-4cf5-93ea-292d9195e932,"Demographics: born 2014-04-24, gender F, race white, ethnicity irish. Encounters: Outpatient Encounter; Encounter for symptom. Medications: Dextromethorphan Hydrobromide 1 MG/ML. Procedures: Documentation of current medications; Measurement of respiratory function (procedure). Observations: Body Height: 56.79 cm; Body Weight: 4.79 kg; Systolic Blood Pressure: 101.0 mmHg; Diastolic Blood Pressure: 73.0 mmHg; Body Height: 59.6 cm; Body Weight: 5.51 kg; Systolic Blood Pressure: 129.0 mmHg; Diastolic Blood Pressure: 82.0 mmHg; Body Height: 64.08 cm; Body Weight: 6.76 kg; Systolic Blood Pressure: 107.0 mmHg; Diastolic Blood Pressure: 77.0 mmHg; Body Height: 67.72 cm; Body Weight: 7.82 kg; Systolic Blood Pressure: 135.0 mmHg; Diastolic Blood Pressure: 80.0 mmHg; Body Height: 73.65 cm; Body Weight: 9.46 kg; Systolic Blood Pressure: 105.0 mmHg; Body Height: 77.39 cm; Body Weight: 10.39 kg; Diastolic Blood Pressure: 72.0 mmHg; Body Height: 80.73 cm; Body Weight: 11.15 kg; Systolic Blood Pressure: 118.0 mmHg; Diastolic Blood Pressure: 78.0 mmHg; Body Height: 84.74 cm; Body Weight: 11.98 kg; Diastolic Blood Pressure: 86.0 mmHg; Body Height: 89.38 cm; Body Weight: 13.03 kg; Body Mass Index: 16.31 kg/m2; Systolic Blood Pressure: 130.0 mmHg; Diastolic Blood Pressure: 88.0 mmHg; Body Height: 94.12 cm; Body Weight: 14.01 kg; Body Mass Index: 15.81 kg/m2; Systolic Blood Pressure: 111.0 mmHg; Diastolic Blood Pressure: 75.0 mmHg. Immunizations: Hep B adolescent or pediatric; rotavirus monovalent; DTaP; Hib (PRP-OMP); Pneumococcal conjugate PCV 13; IPV; Influenza seasonal injectable preservative free; MMR; varicella; Hep A ped/adol 2 dose.",0
83029545-2a53-42a9-bdac-a45fd3e6433b,"Demographics: born 1984-03-09, gender F, race white, ethnicity scottish. Encounters: Patient encounter procedure; Outpatient Encounter. Medications: Penicillin V Potassium 250 MG; 1 ML Depo-Provera 150 MG/ML Injection. Procedures: Intramuscular injection. Observations: Body Height: 161.11 cm; Body Weight: 83.98 kg; Body Mass Index: 32.36 kg/m2; Systolic Blood Pressure: 200.0 mmHg; Diastolic Blood Pressure: 108.0 mmHg; Estimated Glomerular Filtration Rate: 60.0 mL/min/{1.73_m2}; Body Weight: 88.43 kg; Body Mass Index: 34.07 kg/m2; Body Weight: 91.24 kg; Body Mass Index: 35.15 kg/m2; Systolic Blood Pressure: 174.0 mmHg; Diastolic Blood Pressure: 107.0 mmHg; Total Cholesterol: 165.0 mg/dL; Triglycerides: 146.0 mg/dL; Low Density Lipoprotein Cholesterol: 61.0 mg/dL; High Density Lipoprotein Cholesterol: 74.0 mg/dL. Immunizations: Influenza seasonal injectable preservative free; Td (adult) preservative free.",1
30033de3-0862-42b0-a977-6780d7bbbd81,"Demographics: born 1965-09-19, gender F, race white, ethnicity english. Encounters: Prenatal initial visit; Prenatal visit; Consultation for treatment; Admission to surgical department; Outpatient Encounter; Encounter for symptom. Medications: Penicillin V Potassium 250 MG; Jolivette 28 Day Pack. Procedures: Standard pregnancy test; Bilateral tubal ligation; Documentation of current medications. Observations: Body Height: 160.4 cm; Body Weight: 106.06 kg; Body Mass Index: 41.22 kg/m2; Systolic Blood Pressure: 186.0 mmHg; Diastolic Blood Pressure: 117.0 mmHg; Total Cholesterol: 179.0 mg/dL; Triglycerides: 111.0 mg/dL; Low Density Lipoprotein Cholesterol: 86.0 mg/dL; High Density Lipoprotein Cholesterol: 70.0 mg/dL; Estimated Glomerular Filtration Rate: 60.0 mL/min/{1.73_m2}; Body Weight: 109.71 kg; Body Mass Index: 42.64 kg/m2; Systolic Blood Pressure: 188.0 mmHg; Diastolic Blood Pressure: 91.0 mmHg; Body Weight: 111.42 kg; Body Mass Index: 43.31 kg/m2; Systolic Blood Pressure: 190.0 mmHg; Diastolic Blood Pressure: 118.0 mmHg; Total Cholesterol: 180.0 mg/dL; Triglycerides: 143.0 mg/dL; Low Density Lipoprotein Cholesterol: 80.0 mg/dL; High Density Lipoprotein Cholesterol: 71.0 mg/dL; Estimated Glomerular Filtration Rate: 57.0 mL/min/{1.73_m2}; Systolic Blood Pressure: 154.0 mmHg; Diastolic Blood Pressure: 111.0 mmHg. Immunizations: Influenza seasonal injectable preservative free; Td (adult) preservative free.",1
c9831cd2-dada-418f-a698-2b63aac4a081,"Demographics: born 3d010630-8c8e-46e0-a593-5771bbf2ec33, gender Jorge397, ethnicity Mrs..",0
5ec17a65-ab93-4e31-bd2d-8b2807cbb382,"Demographics: born 1967-06-07, gender F, race white, ethnicity russian. Encounters: Emergency Encounter; Outpatient Encounter; Patient encounter procedure; Encounter for symptom. Medications: Hydrocortisone 10 MG/ML Topical Cream; Loratadine 10 MG Oral Tablet; 0.3 ML EPINEPHrine 0.5 MG/ML Auto-Injector; Mirena 52 MG Intrauterine System; Clopidogrel 75 MG Oral Tablet; Alteplase 1 MG/ML Injectable Solution; Amoxicillin 250 MG / Clavulanate 125 MG [Augmentin]. Procedures: Percutaneous mechanical thrombectomy of portal vein using fluoroscopic guidance; Replacement of contraceptive intrauterine device; Documentation of current medications. Observations: Body Height: 163.07 cm; Body Weight: 90.78 kg; Body Mass Index: 34.14 kg/m2; Systolic Blood Pressure: 198.0 mmHg; Diastolic Blood Pressure: 111.0 mmHg; Estimated Glomerular Filtration Rate: 60.0 mL/min/{1.73_m2}; Body Weight: 95.28 kg; Body Mass Index: 35.83 kg/m2; Systolic Blood Pressure: 186.0 mmHg; Diastolic Blood Pressure: 104.0 mmHg; Total Cholesterol: 197.0 mg/dL; Triglycerides: 120.0 mg/dL; Low Density Lipoprotein Cholesterol: 111.0 mg/dL; High Density Lipoprotein Cholesterol: 62.0 mg/dL; Body Weight: 98.37 kg; Body Mass Index: 37.0 kg/m2; Systolic Blood Pressure: 195.0 mmHg; Diastolic Blood Pressure: 108.0 mmHg. Immunizations: Influenza seasonal injectable preservative free.",1
1ef18435-a9db-417f-95aa-64b8d7ab1bc1,"Demographics: born 1946-08-01, gender F, race white, ethnicity french_canadian. Encounters: Outpatient Encounter; Emergency Encounter; Death Certification. Medications: Penicillin V Potassium 250 MG; Clopidogrel 75 MG Oral Tablet; Simvastatin 20 MG Oral Tablet; Amlodipine 5 MG Oral Tablet; Nitroglycerin 0.4 MG/ACTUAT [Nitrolingual]; Atorvastatin 80 MG Oral Tablet; Captopril 25 MG Oral Tablet. Procedures: Documentation of current medications; Percutaneous coronary intervention; Coronary artery bypass grafting. Observations: Hemoglobin A1c/Hemoglobin.total in Blood: 6.0 %; Body Height: 166.82 cm; Body Weight: 95.78 kg; Body Mass Index: 34.42 kg/m2; Systolic Blood Pressure: 139.0 mmHg; Diastolic Blood Pressure: 89.0 mmHg; Glucose: 79.0 mg/dL; Urea Nitrogen: 10.0 mg/dL; Creatinine: 1.0 mg/dL; Calcium: 9.08 mg/dL; Sodium: 139.0 mmol/L; Potassium: 4.67 mmol/L; Chloride: 107.0 mmol/L; Carbon Dioxide: 28.0 mmol/L; Hemoglobin A1c/Hemoglobin.total in Blood: 6.2 %; Body Weight: 94.61 kg; Body Mass Index: 34.0 kg/m2; Systolic Blood Pressure: 108.0 mmHg; Glucose: 77.0 mg/dL; Urea Nitrogen: 13.0 mg/dL; Calcium: 9.05 mg/dL; Sodium: 143.0 mmol/L; Potassium: 3.97 mmol/L; Chloride: 106.0 mmol/L; Carbon Dioxide: 26.0 mmol/L; Hemoglobin A1c/Hemoglobin.total in Blood: 6.1 %; Body Weight: 91.43 kg; Body Mass Index: 32.85 kg/m2; Systolic Blood Pressure: 128.0 mmHg; Diastolic Blood Pressure: 87.0 mmHg; Glucose: 99.0 mg/dL; Urea Nitrogen: 7.0 mg/dL; Calcium: 8.73 mg/dL; Sodium: 137.0 mmol/L; Potassium: 4.85 mmol/L; Chloride: 101.0 mmol/L; Carbon Dioxide: 29.0 mmol/L; Total Cholesterol: 184.0 mg/dL; Triglycerides: 136.0 mg/dL; Low Density Lipoprotein Cholesterol: 97.0 mg/dL. Immunizations: Influenza seasonal injectable preservative free; Pneumococcal conjugate PCV 13; pneumococcal polysaccharide vaccine 23 valent.",0
17c5551b-c6a5-4733-94af-d2b3a3fa8cfb,"Demographics: born 1925-10-06, gender M, race hispanic, ethnicity puerto_rican. Encounters: Outpatient Encounter; Emergency room admission; Encounter for 'check-up'. Medications: Leucovorin 100 MG Injection; oxaliplatin 5 MG/ML [Eloxatin]; Alendronic acid 10 MG [Fosamax]; Acetaminophen 325 MG Oral Tablet. Procedures: Documentation of current medications; Bone immobilization. Observations: Body Height: 183.0 cm; Body Weight: 61.81 kg; Body Mass Index: 18.46 kg/m2; Systolic Blood Pressure: 109.0 mmHg; Diastolic Blood Pressure: 70.0 mmHg; Body Weight: 60.09 kg; Body Mass Index: 17.94 kg/m2; Systolic Blood Pressure: 139.0 mmHg; Diastolic Blood Pressure: 85.0 mmHg; Body Weight: 58.82 kg; Body Mass Index: 17.56 kg/m2; Systolic Blood Pressure: 108.0 mmHg; Diastolic Blood Pressure: 73.0 mmHg; Total Cholesterol: 194.0 mg/dL; Triglycerides: 132.0 mg/dL; Low Density Lipoprotein Cholesterol: 101.0 mg/dL; High Density Lipoprotein Cholesterol: 66.0 mg/dL; Body Weight: 55.23 kg; Body Mass Index: 16.49 kg/m2; Systolic Blood Pressure: 111.0 mmHg; Diastolic Blood Pressure: 77.0 mmHg; Body Weight: 53.71 kg; Body Mass Index: 16.04 kg/m2; Systolic Blood Pressure: 119.0 mmHg; Diastolic Blood Pressure: 81.0 mmHg; Body Weight: 52.58 kg; Body Mass Index: 15.7 kg/m2; Systolic Blood Pressure: 132.0 mmHg; Diastolic Blood Pressure: 76.0 mmHg; Total Cholesterol: 181.0 mg/dL; Triglycerides: 127.0 mg/dL; Low Density Lipoprotein Cholesterol: 89.0 mg/dL; Body Weight: 50.73 kg; Body Mass Index: 15.15 kg/m2; Systolic Blood Pressure: 122.0 mmHg. Immunizations: Influenza seasonal injectable preservative free; Td (adult) preservative free.",0
0136e7e4-6d9a-4506-ab3a-cab2ccd39f5a,"Demographics: born 1934-05-07, gender M, race white, ethnicity italian. Encounters: Death Certification. Medications: Fluticasone propionate 0.25 MG/ACTUAT / salmeterol 0.05 MG/ACTUAT [Advair]. Observations: Chronic obstructive bronchitis (disorder). Allergies: Shellfish allergy.",0
31803e7b-cc23-41ab-b34f-35b54afe7a3e,"Demographics: born 1969-06-05, gender M, race white, ethnicity english. Encounters: Outpatient Encounter. Procedures: Documentation of current medications. Observations: Body Height: 173.66 cm; Body Weight: 95.01 kg; Body Mass Index: 31.51 kg/m2; Systolic Blood Pressure: 168.0 mmHg; Diastolic Blood Pressure: 94.0 mmHg; Total Cholesterol: 199.0 mg/dL; Triglycerides: 137.0 mg/dL; Low Density Lipoprotein Cholesterol: 98.0 mg/dL; High Density Lipoprotein Cholesterol: 73.0 mg/dL; Estimated Glomerular Filtration Rate: 60.0 mL/min/{1.73_m2}; Body Weight: 98.14 kg; Body Mass Index: 32.54 kg/m2; Systolic Blood Pressure: 166.0 mmHg; Diastolic Blood Pressure: 96.0 mmHg; Body Weight: 101.89 kg; Body Mass Index: 33.79 kg/m2; Systolic Blood Pressure: 160.0 mmHg; Diastolic Blood Pressure: 106.0 mmHg; Total Cholesterol: 170.0 mg/dL; Triglycerides: 148.0 mg/dL; Low Density Lipoprotein Cholesterol: 79.0 mg/dL; High Density Lipoprotein Cholesterol: 61.0 mg/dL. Immunizations: Influenza seasonal injectable preservative free; Td (adult) preservative free.",1
7ee2ebb4-cdbd-4d91-9b5f-4c449a92ad6d,"Demographics: born 1988-07-09, gender M, race white, ethnicity french. Encounters: Outpatient Encounter; Encounter for symptom; Emergency room admission; Encounter for problem. Medications: Terfenadine 60 MG Oral Tablet; 0.3 ML EPINEPHrine 0.5 MG/ML Auto-Injector; predniSONE 5 MG Oral Tablet; Ibuprofen 200 MG Oral Tablet. Procedures: Injection of adrenaline; Documentation of current medications. Observations: Body Height: 178.2 cm; Body Weight: 84.45 kg; Body Mass Index: 26.59 kg/m2; Systolic Blood Pressure: 130.0 mmHg; Diastolic Blood Pressure: 86.0 mmHg; Body Weight: 88.86 kg; Body Mass Index: 27.98 kg/m2; Systolic Blood Pressure: 111.0 mmHg; Diastolic Blood Pressure: 81.0 mmHg. Allergies: Allergy to nut; Allergy to fish; Allergy to eggs; Allergy to tree pollen; Allergy to grass pollen; Dander (animal) allergy; House dust mite allergy; Allergy to mould. Immunizations: Influenza seasonal injectable preservative free; Td (adult) preservative free.",0
37d69b56-670a-4e17-ac87-c1ed31719bca,"Demographics: born 1974-10-06, gender F, race white, ethnicity irish. Encounters: Outpatient Encounter; Encounter for symptom; Prenatal initial visit; Prenatal visit; Obstetric emergency hospital admission; Consultation for treatment; Admission to surgical department. Medications: Penicillin V Potassium 250 MG. Procedures: Documentation of current medications; Standard pregnancy test; Episiotomy; Childbirth; Bilateral tubal ligation. Observations: Hemoglobin A1c/Hemoglobin.total in Blood: 6.3 %; Body Height: 166.02 cm; Body Weight: 91.38 kg; Body Mass Index: 33.15 kg/m2; Systolic Blood Pressure: 126.0 mmHg; Diastolic Blood Pressure: 76.0 mmHg; Glucose: 80.0 mg/dL; Urea Nitrogen: 7.0 mg/dL; Creatinine: 1.0 mg/dL; Calcium: 8.7 mg/dL; Sodium: 142.0 mmol/L; Potassium: 4.63 mmol/L; Chloride: 106.0 mmol/L; Carbon Dioxide: 28.0 mmol/L; Total Cholesterol: 173.0 mg/dL; Triglycerides: 130.0 mg/dL; Low Density Lipoprotein Cholesterol: 83.0 mg/dL; High Density Lipoprotein Cholesterol: 64.0 mg/dL; Oral temperature: 37.0 Cel; Body Weight: 96.11 kg; Body Mass Index: 34.87 kg/m2; Systolic Blood Pressure: 125.0 mmHg; Diastolic Blood Pressure: 80.0 mmHg; Glucose: 66.0 mg/dL; Urea Nitrogen: 19.0 mg/dL; Calcium: 9.93 mg/dL; Sodium: 136.0 mmol/L; Potassium: 4.47 mmol/L; Chloride: 107.0 mmol/L; Carbon Dioxide: 27.0 mmol/L; Total Cholesterol: 165.0 mg/dL; Triglycerides: 118.0 mg/dL; Low Density Lipoprotein Cholesterol: 62.0 mg/dL; High Density Lipoprotein Cholesterol: 79.0 mg/dL. Immunizations: Influenza seasonal injectable preservative free.",0
06f7c4f5-9a17-4ed8-8c28-e19ef6bd2693,"Demographics: born 1984-10-23, gender M, race white, ethnicity italian. Encounters: Outpatient Encounter; Emergency Encounter; Death Certification. Medications: Penicillin V Potassium 250 MG; Penicillin V Potassium 500 MG; Nitroglycerin 0.4 MG/ACTUAT [Nitrolingual]; Atorvastatin 80 MG Oral Tablet; Captopril 25 MG Oral Tablet; Clopidogrel 75 MG Oral Tablet. Procedures: Percutaneous coronary intervention; Coronary artery bypass grafting. Observations: Body Height: 176.03 cm; Body Weight: 82.48 kg; Body Mass Index: 26.62 kg/m2; Systolic Blood Pressure: 157.0 mmHg; Diastolic Blood Pressure: 119.0 mmHg; Estimated Glomerular Filtration Rate: 60.0 mL/min/{1.73_m2}; Myocardial Infarction. Immunizations: Influenza seasonal injectable preservative free.",1
e0b3e38d-8145-4ffd-a0c7-afbfb2fafea9,"Demographics: born 1966-03-06, gender F, race white, ethnicity portuguese. Encounters: Patient encounter procedure; Encounter for symptom; Outpatient Encounter. Medications: Penicillin V Potassium 250 MG; Penicillin V Potassium 500 MG; Amoxicillin 250 MG / Clavulanate 125 MG [Augmentin]; Nitrofurantoin 5 MG/ML [Furadantin]; Phenazopyridine hydrochloride 100 MG [Pyridium]. Procedures: Replacement of contraceptive intrauterine device; Throat culture (procedure). Observations: Oral temperature: 38.46 Cel; Body Height: 159.83 cm; Body Weight: 85.53 kg; Body Mass Index: 33.48 kg/m2; Systolic Blood Pressure: 155.0 mmHg; Diastolic Blood Pressure: 108.0 mmHg; Total Cholesterol: 197.0 mg/dL; Triglycerides: 143.0 mg/dL; Low Density Lipoprotein Cholesterol: 109.0 mg/dL; High Density Lipoprotein Cholesterol: 59.0 mg/dL; Estimated Glomerular Filtration Rate: 60.0 mL/min/{1.73_m2}; Body Weight: 87.57 kg; Body Mass Index: 34.28 kg/m2; Systolic Blood Pressure: 197.0 mmHg; Diastolic Blood Pressure: 97.0 mmHg; Hemoglobin A1c/Hemoglobin.total in Blood: 6.2 %; Body Weight: 90.47 kg; Body Mass Index: 35.41 kg/m2; Systolic Blood Pressure: 167.0 mmHg; Glucose: 90.0 mg/dL; Urea Nitrogen: 8.0 mg/dL; Creatinine: 1.0 mg/dL; Calcium: 9.2 mg/dL; Sodium: 144.0 mmol/L; Potassium: 4.76 mmol/L; Chloride: 101.0 mmol/L; Carbon Dioxide: 23.0 mmol/L; Total Cholesterol: 194.0 mg/dL; Triglycerides: 117.0 mg/dL; Low Density Lipoprotein Cholesterol: 94.0 mg/dL; High Density Lipoprotein Cholesterol: 76.0 mg/dL; Hemoglobin A1c/Hemoglobin.total in Blood: 6.1 %; Systolic Blood Pressure: 152.0 mmHg; Diastolic Blood Pressure: 98.0 mmHg; Urea Nitrogen: 12.0 mg/dL; Calcium: 9.99 mg/dL; Potassium: 4.48 mmol/L; Chloride: 110.0 mmol/L; Carbon Dioxide: 27.0 mmol/L. Immunizations: Influenza seasonal injectable preservative free; Td (adult) preservative free.",1
9e81aff8-40b1-4157-b887-1140225fb060,"Demographics: born 1997-07-01, gender F, race white, ethnicity scottish. Encounters: Outpatient Encounter; Prenatal initial visit; Patient-initiated encounter; Prenatal visit; Obstetric emergency hospital admission. Medications: Penicillin V Potassium 250 MG. Procedures: Documentation of current medications; Standard pregnancy test; Induced termination of pregnancy; Premature birth of newborn. Observations: Body Height: 154.79 cm; Body Weight: 48.72 kg; Body Mass Index: 20.33 kg/m2; Systolic Blood Pressure: 137.0 mmHg; Diastolic Blood Pressure: 80.0 mmHg; Body Height: 156.79 cm; Body Weight: 51.36 kg; Body Mass Index: 20.9 kg/m2; Systolic Blood Pressure: 134.0 mmHg; Diastolic Blood Pressure: 86.0 mmHg; Body Height: 157.92 cm; Body Weight: 53.7 kg; Body Mass Index: 21.54 kg/m2; Systolic Blood Pressure: 111.0 mmHg; Diastolic Blood Pressure: 81.0 mmHg; Body Height: 158.42 cm; Body Weight: 55.16 kg; Body Mass Index: 21.98 kg/m2; Diastolic Blood Pressure: 89.0 mmHg; Body Height: 158.73 cm; Body Weight: 56.3 kg; Body Mass Index: 22.35 kg/m2; Systolic Blood Pressure: 114.0 mmHg; Body Height: 158.89 cm; Body Weight: 57.28 kg; Body Mass Index: 22.69 kg/m2; Systolic Blood Pressure: 190.0 mmHg; Diastolic Blood Pressure: 91.0 mmHg; Estimated Glomerular Filtration Rate: 60.0 mL/min/{1.73_m2}; Body Height: 159.0 cm; Body Weight: 58.34 kg; Body Mass Index: 23.08 kg/m2; Systolic Blood Pressure: 196.0 mmHg; Diastolic Blood Pressure: 93.0 mmHg. Immunizations: Influenza seasonal injectable preservative free; HPV quadrivalent; meningococcal MCV4P.",1
65d330d5-4460-4de7-b4f7-7dea13df4e02,"Demographics: born 1956-08-13, gender M, race white, ethnicity russian. Encounters: Outpatient Encounter; Encounter for 'check-up'; Emergency Encounter. Medications: Penicillin V Potassium 250 MG; 24 HR Metformin hydrochloride 500 MG Extended Release Oral Tablet; Clopidogrel 75 MG Oral Tablet; Alteplase 1 MG/ML Injectable Solution; Alendronic acid 10 MG [Fosamax]. Procedures: Documentation of current medications; Colonoscopy; Fecal occult blood test; Rectal polypectomy; Percutaneous mechanical thrombectomy of portal vein using fluoroscopic guidance; Bone density scan (procedure). Observations: Hemoglobin A1c/Hemoglobin.total in Blood: 7.5 %; Body Height: 176.24 cm; Body Weight: 112.03 kg; Body Mass Index: 36.07 kg/m2; Systolic Blood Pressure: 149.0 mmHg; Diastolic Blood Pressure: 93.0 mmHg; Glucose: 112.0 mg/dL; Urea Nitrogen: 20.0 mg/dL; Creatinine: 1.0 mg/dL; Calcium: 10.17 mg/dL; Sodium: 140.0 mmol/L; Potassium: 4.03 mmol/L; Chloride: 104.0 mmol/L; Carbon Dioxide: 24.0 mmol/L; Total Cholesterol: 221.0 mg/dL; Triglycerides: 179.0 mg/dL; Low Density Lipoprotein Cholesterol: 126.0 mg/dL; High Density Lipoprotein Cholesterol: 59.0 mg/dL; Microalbumin Creatine Ratio: 16.0 mg/g; Estimated Glomerular Filtration Rate: 60.0 mL/min/{1.73_m2}; Systolic Blood Pressure: 169.0 mmHg; Diastolic Blood Pressure: 90.0 mmHg; Glucose: 113.0 mg/dL; Urea Nitrogen: 18.0 mg/dL; Calcium: 9.06 mg/dL; Sodium: 138.0 mmol/L; Potassium: 3.84 mmol/L; Chloride: 108.0 mmol/L; Carbon Dioxide: 21.0 mmol/L; Total Cholesterol: 208.0 mg/dL; Low Density Lipoprotein Cholesterol: 128.0 mg/dL; High Density Lipoprotein Cholesterol: 44.0 mg/dL; Microalbumin Creatine Ratio: 14.0 mg/g; Systolic Blood Pressure: 180.0 mmHg; Glucose: 123.0 mg/dL; Urea Nitrogen: 17.0 mg/dL; Calcium: 8.83 mg/dL; Sodium: 144.0 mmol/L; Potassium: 4.94 mmol/L; Chloride: 111.0 mmol/L. Allergies: Shellfish allergy. Immunizations: Influenza seasonal injectable preservative free; zoster.",1
cf755a8c-7ab0-4ab1-a1f9-8905e177a83a,"Demographics: born 2009-08-10, gender M, race white, ethnicity irish. Encounters: Outpatient Encounter; Encounter for symptom. Medications: Amoxicillin 200 MG Oral Tablet; Ibuprofen 100 MG Oral Tablet; Penicillin V Potassium 250 MG; Acetaminophen 160 MG. Procedures: Documentation of current medications; Measurement of respiratory function (procedure). Observations: Body Height: 73.63 cm; Body Weight: 9.72 kg; Systolic Blood Pressure: 113.0 mmHg; Diastolic Blood Pressure: 79.0 mmHg; Body Height: 77.23 cm; Body Weight: 10.61 kg; Systolic Blood Pressure: 136.0 mmHg; Diastolic Blood Pressure: 81.0 mmHg; Body Height: 80.41 cm; Body Weight: 11.29 kg; Body Height: 83.3 cm; Body Weight: 11.84 kg; Systolic Blood Pressure: 115.0 mmHg; Diastolic Blood Pressure: 80.0 mmHg; Body Height: 86.79 cm; Body Weight: 12.46 kg; Diastolic Blood Pressure: 88.0 mmHg; Body Height: 90.58 cm; Body Weight: 13.27 kg; Body Mass Index: 16.18 kg/m2; Diastolic Blood Pressure: 87.0 mmHg; Body Height: 94.6 cm; Body Weight: 14.09 kg; Body Mass Index: 15.75 kg/m2; Systolic Blood Pressure: 130.0 mmHg; Diastolic Blood Pressure: 72.0 mmHg; Body Height: 97.74 cm; Body Weight: 14.83 kg; Body Mass Index: 15.52 kg/m2; Systolic Blood Pressure: 108.0 mmHg; Diastolic Blood Pressure: 73.0 mmHg; Body Height: 104.71 cm; Body Weight: 16.8 kg; Body Mass Index: 15.32 kg/m2; Systolic Blood Pressure: 116.0 mmHg; Diastolic Blood Pressure: 76.0 mmHg; Body Height: 110.2 cm; Body Weight: 18.6 kg; Systolic Blood Pressure: 103.0 mmHg; Diastolic Blood Pressure: 74.0 mmHg. Immunizations: Pneumococcal conjugate PCV 13; Hib (PRP-OMP); MMR; varicella; Hep A ped/adol 2 dose; DTaP; Influenza seasonal injectable preservative free; IPV.",0
9514bc12-8507-4b5a-a27c-40d632f83af2,"Demographics: born 1952-07-29, gender F, race black, ethnicity african. Encounters: Outpatient Encounter; Emergency room admission; Encounter for problem; Death Certification. Medications: Penicillin V Potassium 250 MG; Naproxen sodium 220 MG Oral Tablet; Cisplatin 50 MG Injection; PACLitaxel 100 MG Injection. Procedures: Documentation of current medications; Plain chest X-ray (procedure); Computed tomography of chest and abdomen; Sputum microscopy (procedure); Magnetic resonance imaging for measurement of brain volume (procedure); Combined chemotherapy and radiation therapy (procedure). Observations: Hemoglobin A1c/Hemoglobin.total in Blood: 6.0 %; Body Height: 163.17 cm; Body Weight: 96.22 kg; Body Mass Index: 36.14 kg/m2; Systolic Blood Pressure: 165.0 mmHg; Diastolic Blood Pressure: 100.0 mmHg; Glucose: 70.0 mg/dL; Urea Nitrogen: 17.0 mg/dL; Creatinine: 1.0 mg/dL; Calcium: 9.77 mg/dL; Sodium: 136.0 mmol/L; Potassium: 4.84 mmol/L; Chloride: 106.0 mmol/L; Carbon Dioxide: 29.0 mmol/L; Total Cholesterol: 190.0 mg/dL; Triglycerides: 102.0 mg/dL; Low Density Lipoprotein Cholesterol: 106.0 mg/dL; High Density Lipoprotein Cholesterol: 63.0 mg/dL; Estimated Glomerular Filtration Rate: 60.0 mL/min/{1.73_m2}; Hemoglobin A1c/Hemoglobin.total in Blood: 6.3 %; Systolic Blood Pressure: 181.0 mmHg; Diastolic Blood Pressure: 119.0 mmHg; Glucose: 96.0 mg/dL; Urea Nitrogen: 9.0 mg/dL; Calcium: 9.22 mg/dL; Sodium: 144.0 mmol/L; Potassium: 4.09 mmol/L; Chloride: 104.0 mmol/L; Carbon Dioxide: 23.0 mmol/L; Hemoglobin A1c/Hemoglobin.total in Blood: 6.4 %; Body Weight: 94.49 kg; Body Mass Index: 35.49 kg/m2; Systolic Blood Pressure: 180.0 mmHg; Diastolic Blood Pressure: 93.0 mmHg; Glucose: 90.0 mg/dL; Urea Nitrogen: 10.0 mg/dL; Calcium: 9.84 mg/dL; Sodium: 142.0 mmol/L; Potassium: 4.08 mmol/L; Chloride: 105.0 mmol/L. Immunizations: Influenza seasonal injectable preservative free; zoster.",1
6948408d-dc78-47f3-a8ee-6ea4a6027b57,"Demographics: born 1934-09-19, gender M, race white, ethnicity american. Encounters: Encounter for 'check-up'; Outpatient Encounter; Emergency Encounter; Office Visit; Encounter for symptom; Hospital admission; Death Certification. Medications: Penicillin V Potassium 500 MG; Clopidogrel 75 MG Oral Tablet; Simvastatin 20 MG Oral Tablet; Amlodipine 5 MG Oral Tablet; Nitroglycerin 0.4 MG/ACTUAT [Nitrolingual]; Galantamine 4 MG [Razadyne]; Memantine hydrochloride 2 MG/ML [Namenda]; Alteplase 1 MG/ML Injectable Solution; Acetaminophen 160 MG. Procedures: Colonoscopy; Documentation of current medications; Percutaneous mechanical thrombectomy of portal vein using fluoroscopic guidance; Measurement of respiratory function (procedure). Observations: Body Height: 190.18 cm; Body Weight: 74.66 kg; Body Mass Index: 20.64 kg/m2; Systolic Blood Pressure: 151.0 mmHg; Diastolic Blood Pressure: 98.0 mmHg; Estimated Glomerular Filtration Rate: 60.0 mL/min/{1.73_m2}; Body Weight: 73.0 kg; Body Mass Index: 20.18 kg/m2; Systolic Blood Pressure: 181.0 mmHg; Diastolic Blood Pressure: 115.0 mmHg; Total Cholesterol: 190.0 mg/dL; Triglycerides: 124.0 mg/dL; Low Density Lipoprotein Cholesterol: 85.0 mg/dL; High Density Lipoprotein Cholesterol: 80.0 mg/dL; Total score [MMSE]: 3.0 (score); Body Weight: 71.35 kg; Body Mass Index: 19.73 kg/m2; Systolic Blood Pressure: 156.0 mmHg; Diastolic Blood Pressure: 90.0 mmHg; Pneumonia. Immunizations: Influenza seasonal injectable preservative free.",1
4a10453e-2a42-4619-b610-3f7c98ce2bb7,"Demographics: born 2008-08-29, gender F, race white, ethnicity polish. Encounters: Encounter for symptom; Outpatient Encounter; Encounter for problem; Emergency room admission. Medications: Fexofenadine hydrochloride 30 MG Oral Tablet; 0.3 ML EPINEPHrine 0.5 MG/ML Auto-Injector; Amoxicillin 200 MG Oral Tablet; Acetaminophen 160 MG Oral Tablet; Dextromethorphan Hydrobromide 1 MG/ML; Amoxicillin 250 MG / Clavulanate 125 MG [Augmentin]. Procedures: Documentation of current medications; Measurement of respiratory function (procedure); Suture open wound. Observations: Body Height: 85.84 cm; Body Weight: 13.64 kg; Body Mass Index: 18.51 kg/m2; Systolic Blood Pressure: 114.0 mmHg; Diastolic Blood Pressure: 72.0 mmHg; Body Height: 90.81 cm; Body Weight: 14.77 kg; Body Mass Index: 17.91 kg/m2; Systolic Blood Pressure: 100.0 mmHg; Diastolic Blood Pressure: 86.0 mmHg; Body Height: 94.13 cm; Body Weight: 15.72 kg; Body Mass Index: 17.74 kg/m2; Systolic Blood Pressure: 128.0 mmHg; Diastolic Blood Pressure: 80.0 mmHg; Body Height: 97.61 cm; Body Weight: 16.93 kg; Body Mass Index: 17.77 kg/m2; Systolic Blood Pressure: 109.0 mmHg; Diastolic Blood Pressure: 82.0 mmHg; Body Height: 104.47 cm; Body Weight: 19.56 kg; Body Mass Index: 17.92 kg/m2; Systolic Blood Pressure: 125.0 mmHg; Diastolic Blood Pressure: 85.0 mmHg; Body Height: 111.53 cm; Body Weight: 22.42 kg; Body Mass Index: 18.02 kg/m2; Systolic Blood Pressure: 139.0 mmHg; Diastolic Blood Pressure: 83.0 mmHg; Body Height: 118.56 cm; Body Weight: 25.54 kg; Body Mass Index: 18.17 kg/m2; Systolic Blood Pressure: 124.0 mmHg; Diastolic Blood Pressure: 88.0 mmHg; Body Height: 126.63 cm; Body Weight: 30.07 kg; Body Mass Index: 18.75 kg/m2; Systolic Blood Pressure: 119.0 mmHg; Diastolic Blood Pressure: 79.0 mmHg. Allergies: Allergy to peanuts; Allergy to wheat; Allergy to eggs; Allergy to tree pollen; Allergy to grass pollen; Dander (animal) allergy; House dust mite allergy; Allergy to mould; Latex allergy. Immunizations: Pneumococcal conjugate PCV 13; Hep A ped/adol 2 dose; Influenza seasonal injectable preservative free; DTaP; IPV; MMR; varicella.",0
d7f04e1c-1d0f-4af2-8c16-a4423c4e4ed0,"Demographics: born 1977-01-24, gender M, race white, ethnicity irish. Encounters: Emergency room admission; Outpatient Encounter; Encounter for symptom. Medications: Astemizole 10 MG Oral Tablet; Penicillin V Potassium 250 MG; Ibuprofen 200 MG Oral Tablet; Acetaminophen 325 MG Oral Tablet. Procedures: Suture open wound; Injection of tetanus antitoxin. Observations: Body Height: 163.33 cm; Body Weight: 83.38 kg; Body Mass Index: 31.26 kg/m2; Systolic Blood Pressure: 156.0 mmHg; Diastolic Blood Pressure: 94.0 mmHg; Estimated Glomerular Filtration Rate: 60.0 mL/min/{1.73_m2}; Oral temperature: 37.0 Cel; Hemoglobin A1c/Hemoglobin.total in Blood: 6.2 %; Body Weight: 87.47 kg; Body Mass Index: 32.79 kg/m2; Systolic Blood Pressure: 151.0 mmHg; Diastolic Blood Pressure: 107.0 mmHg; Glucose: 100.0 mg/dL; Urea Nitrogen: 14.0 mg/dL; Creatinine: 1.0 mg/dL; Calcium: 9.83 mg/dL; Sodium: 136.0 mmol/L; Potassium: 3.98 mmol/L; Chloride: 107.0 mmol/L; Carbon Dioxide: 23.0 mmol/L; Total Cholesterol: 189.0 mg/dL; Triglycerides: 134.0 mg/dL; Low Density Lipoprotein Cholesterol: 96.0 mg/dL; High Density Lipoprotein Cholesterol: 66.0 mg/dL. Immunizations: Influenza seasonal injectable preservative free.",1
214de196-c114-4a16-820f-c6dbf804001a,"Demographics: born 1984-03-18, gender M, race white, ethnicity irish. Encounters: Outpatient Encounter; Encounter for symptom. Medications: Terfenadine 60 MG Oral Tablet; Amoxicillin 250 MG / Clavulanate 125 MG [Augmentin]. Observations: Body Height: 176.28 cm; Body Weight: 77.27 kg; Body Mass Index: 24.86 kg/m2; Systolic Blood Pressure: 139.0 mmHg; Diastolic Blood Pressure: 83.0 mmHg; Oral temperature: 38.0 Cel; Body Weight: 82.38 kg; Body Mass Index: 26.51 kg/m2; Systolic Blood Pressure: 128.0 mmHg; Diastolic Blood Pressure: 70.0 mmHg; Total Cholesterol: 168.0 mg/dL; Triglycerides: 133.0 mg/dL; Low Density Lipoprotein Cholesterol: 64.0 mg/dL; High Density Lipoprotein Cholesterol: 77.0 mg/dL; Body Weight: 86.54 kg; Body Mass Index: 27.85 kg/m2; Systolic Blood Pressure: 136.0 mmHg; Diastolic Blood Pressure: 73.0 mmHg. Immunizations: Influenza seasonal injectable preservative free; Td (adult) preservative free.",0
79f9e81a-5df9-4b3d-b7cc-fa7314fea25b,"Demographics: born 1973-08-06, gender M, race white, ethnicity scottish. Encounters: Outpatient Encounter; Encounter for symptom. Medications: Penicillin V Potassium 250 MG; Penicillin V Potassium 500 MG; 24 HR Metformin hydrochloride 500 MG Extended Release Oral Tablet. Observations: Hemoglobin A1c/Hemoglobin.total in Blood: 7.9 %; Body Height: 174.49 cm; Body Weight: 113.89 kg; Body Mass Index: 37.41 kg/m2; Systolic Blood Pressure: 165.0 mmHg; Diastolic Blood Pressure: 95.0 mmHg; Glucose: 100.0 mg/dL; Urea Nitrogen: 15.0 mg/dL; Creatinine: 1.0 mg/dL; Calcium: 9.84 mg/dL; Sodium: 143.0 mmol/L; Potassium: 4.58 mmol/L; Chloride: 109.0 mmol/L; Carbon Dioxide: 29.0 mmol/L; Total Cholesterol: 204.0 mg/dL; Triglycerides: 197.0 mg/dL; Low Density Lipoprotein Cholesterol: 114.0 mg/dL; High Density Lipoprotein Cholesterol: 50.0 mg/dL; Microalbumin Creatine Ratio: 5.0 mg/g; Estimated Glomerular Filtration Rate: 60.0 mL/min/{1.73_m2}; Hemoglobin A1c/Hemoglobin.total in Blood: 8.0 %; Body Weight: 116.04 kg; Body Mass Index: 38.11 kg/m2; Systolic Blood Pressure: 177.0 mmHg; Diastolic Blood Pressure: 97.0 mmHg; Glucose: 183.0 mg/dL; Urea Nitrogen: 14.0 mg/dL; Calcium: 8.55 mg/dL; Potassium: 3.81 mmol/L; Chloride: 102.0 mmol/L; Carbon Dioxide: 22.0 mmol/L; Total Cholesterol: 248.0 mg/dL; Triglycerides: 405.0 mg/dL; Low Density Lipoprotein Cholesterol: 142.0 mg/dL; High Density Lipoprotein Cholesterol: 25.0 mg/dL; Microalbumin Creatine Ratio: 7.0 mg/g; Hemoglobin A1c/Hemoglobin.total in Blood: 8.3 %; Body Weight: 119.45 kg; Body Mass Index: 39.23 kg/m2; Systolic Blood Pressure: 148.0 mmHg. Immunizations: Influenza seasonal injectable preservative free; Td (adult) preservative free.",1
95f78861-14b1-481a-9a1e-54f9183adb9d,"Demographics: born 1986-10-03, gender M, race white, ethnicity english. Encounters: Outpatient Encounter; Encounter for symptom. Procedures: Documentation of current medications. Observations: Body Height: 178.61 cm; Body Weight: 69.15 kg; Body Mass Index: 21.68 kg/m2; Systolic Blood Pressure: 114.0 mmHg; Diastolic Blood Pressure: 73.0 mmHg; Body Weight: 74.17 kg; Body Mass Index: 23.25 kg/m2; Systolic Blood Pressure: 123.0 mmHg; Diastolic Blood Pressure: 80.0 mmHg. Immunizations: Influenza seasonal injectable preservative free.",0
a1f706e0-064d-497e-9a1f-16534f66f76f,"Demographics: born 1930-09-04, gender F, race white, ethnicity italian. Encounters: Outpatient Encounter; Office Visit; Encounter for symptom; Death Certification. Medications: Galantamine 4 MG [Razadyne]; Memantine hydrochloride 2 MG/ML [Namenda]. Procedures: Documentation of current medications. Observations: Hemoglobin A1c/Hemoglobin.total in Blood: 6.1 %; Body Height: 172.38 cm; Body Weight: 66.85 kg; Body Mass Index: 22.5 kg/m2; Systolic Blood Pressure: 171.0 mmHg; Diastolic Blood Pressure: 105.0 mmHg; Glucose: 77.0 mg/dL; Urea Nitrogen: 8.0 mg/dL; Creatinine: 1.0 mg/dL; Calcium: 8.7 mg/dL; Sodium: 143.0 mmol/L; Potassium: 4.79 mmol/L; Chloride: 109.0 mmol/L; Carbon Dioxide: 21.0 mmol/L; Estimated Glomerular Filtration Rate: 60.0 mL/min/{1.73_m2}; Total score [MMSE]: 2.0 (score); Body Weight: 65.02 kg; Body Mass Index: 21.88 kg/m2; Systolic Blood Pressure: 172.0 mmHg; Diastolic Blood Pressure: 103.0 mmHg; Glucose: 86.0 mg/dL; Urea Nitrogen: 20.0 mg/dL; Calcium: 9.29 mg/dL; Sodium: 140.0 mmol/L; Potassium: 5.08 mmol/L; Chloride: 110.0 mmol/L; Carbon Dioxide: 22.0 mmol/L; Total Cholesterol: 187.0 mg/dL; Triglycerides: 113.0 mg/dL; Low Density Lipoprotein Cholesterol: 95.0 mg/dL; High Density Lipoprotein Cholesterol: 69.0 mg/dL; Hemoglobin A1c/Hemoglobin.total in Blood: 5.8 %; Body Weight: 63.54 kg; Body Mass Index: 21.38 kg/m2; Systolic Blood Pressure: 145.0 mmHg; Diastolic Blood Pressure: 108.0 mmHg; Glucose: 82.0 mg/dL; Urea Nitrogen: 19.0 mg/dL; Calcium: 8.8 mg/dL; Sodium: 136.0 mmol/L. Immunizations: Influenza seasonal injectable preservative free; Td (adult) preservative free.",1
5b838e75-1aef-4000-9173-e11ad470b103,"Demographics: born 1987-08-12, gender M, race white, ethnicity italian. Encounters: Outpatient Encounter; Encounter for symptom. Medications: Penicillin V Potassium 250 MG; Acetaminophen 160 MG. Procedures: Documentation of current medications; Measurement of respiratory function (procedure). Observations: Body Height: 174.41 cm; Body Weight: 70.78 kg; Body Mass Index: 23.27 kg/m2; Systolic Blood Pressure: 176.0 mmHg; Diastolic Blood Pressure: 97.0 mmHg; Estimated Glomerular Filtration Rate: 60.0 mL/min/{1.73_m2}; Body Weight: 75.06 kg; Body Mass Index: 24.68 kg/m2; Systolic Blood Pressure: 186.0 mmHg; Diastolic Blood Pressure: 112.0 mmHg; Body Weight: 79.42 kg; Body Mass Index: 26.11 kg/m2; Systolic Blood Pressure: 148.0 mmHg; Diastolic Blood Pressure: 105.0 mmHg. Immunizations: Influenza seasonal injectable preservative free; Td (adult) preservative free.",1
b05bf092-c0e0-48a3-af87-e75564a3f16f,"Demographics: born 1949-09-26, gender M, race white, ethnicity polish. Encounters: Outpatient Encounter. Medications: Penicillin V Potassium 500 MG. Procedures: Documentation of current medications. Observations: Body Height: 172.35 cm; Body Weight: 132.06 kg; Body Mass Index: 44.46 kg/m2; Systolic Blood Pressure: 110.0 mmHg; Diastolic Blood Pressure: 89.0 mmHg. Immunizations: Influenza seasonal injectable preservative free; zoster.",0
e612a0de-b9d1-4436-9082-1a0dd92aef28,"Demographics: born 1981-01-13, gender F, race black, ethnicity dominican. Encounters: Outpatient Encounter; Encounter for symptom; Prenatal initial visit; Prenatal visit. Medications: Jolivette 28 Day Pack; 24 HR Metformin hydrochloride 500 MG Extended Release Oral Tablet; insulin human isophane 70 UNT/ML / Regular Insulin Human 30 UNT/ML Injectable Suspension [Humulin]. Procedures: Documentation of current medications; Standard pregnancy test. Observations: Hemoglobin A1c/Hemoglobin.total in Blood: 7.6 %; Body Height: 158.24 cm; Body Weight: 76.43 kg; Body Mass Index: 30.52 kg/m2; Systolic Blood Pressure: 154.0 mmHg; Diastolic Blood Pressure: 104.0 mmHg; Glucose: 101.0 mg/dL; Urea Nitrogen: 19.0 mg/dL; Creatinine: 1.0 mg/dL; Calcium: 8.74 mg/dL; Sodium: 136.0 mmol/L; Potassium: 4.81 mmol/L; Chloride: 103.0 mmol/L; Carbon Dioxide: 21.0 mmol/L; Total Cholesterol: 210.0 mg/dL; Triglycerides: 178.0 mg/dL; Low Density Lipoprotein Cholesterol: 118.0 mg/dL; High Density Lipoprotein Cholesterol: 56.0 mg/dL; Microalbumin Creatine Ratio: 14.0 mg/g; Estimated Glomerular Filtration Rate: 60.0 mL/min/{1.73_m2}; Hemoglobin A1c/Hemoglobin.total in Blood: 6.3 %; Body Weight: 77.78 kg; Body Mass Index: 31.06 kg/m2; Systolic Blood Pressure: 197.0 mmHg; Diastolic Blood Pressure: 93.0 mmHg; Glucose: 160.0 mg/dL; Urea Nitrogen: 15.0 mg/dL; Calcium: 9.86 mg/dL; Sodium: 140.0 mmol/L; Potassium: 5.15 mmol/L; Chloride: 101.0 mmol/L; Carbon Dioxide: 24.0 mmol/L; Total Cholesterol: 258.0 mg/dL; Triglycerides: 486.0 mg/dL; Low Density Lipoprotein Cholesterol: 126.0 mg/dL; High Density Lipoprotein Cholesterol: 34.0 mg/dL; Microalbumin Creatine Ratio: 12.0 mg/g; Hemoglobin A1c/Hemoglobin.total in Blood: 6.4 %; Body Weight: 79.56 kg; Body Mass Index: 31.77 kg/m2. Immunizations: Influenza seasonal injectable preservative free; Td (adult) preservative free.",1
980ff296-ec56-4871-9997-89d60ad85d46,"Demographics: born 1908-06-13, gender F, race black, ethnicity dominican. Encounters: Death Certification. Medications: Penicillin V Potassium 250 MG; Fluticasone propionate 0.25 MG/ACTUAT / salmeterol 0.05 MG/ACTUAT [Advair]; Penicillin V Potassium 500 MG. Observations: Pulmonary emphysema (disorder).",1
e8b0d759-9a7b-4916-9516-7e16ece68463,"Demographics: born 1975-12-14, gender M, race hispanic, ethnicity puerto_rican. Encounters: Outpatient Encounter; Emergency room admission; Encounter for 'check-up'. Medications: Penicillin V Potassium 250 MG. Observations: Body Height: 165.92 cm; Body Weight: 124.14 kg; Body Mass Index: 45.09 kg/m2; Systolic Blood Pressure: 176.0 mmHg; Diastolic Blood Pressure: 94.0 mmHg; Total Cholesterol: 188.0 mg/dL; Triglycerides: 108.0 mg/dL; Low Density Lipoprotein Cholesterol: 88.0 mg/dL; High Density Lipoprotein Cholesterol: 78.0 mg/dL; Estimated Glomerular Filtration Rate: 60.0 mL/min/{1.73_m2}; Body Weight: 128.35 kg; Body Mass Index: 46.62 kg/m2; Systolic Blood Pressure: 173.0 mmHg; Diastolic Blood Pressure: 114.0 mmHg; Total Cholesterol: 167.0 mg/dL; Triglycerides: 135.0 mg/dL; Low Density Lipoprotein Cholesterol: 74.0 mg/dL; High Density Lipoprotein Cholesterol: 66.0 mg/dL. Immunizations: Influenza seasonal injectable preservative free.",1
5f3184a2-afd0-4d47-b8c9-d2c47ea4edae,"Demographics: born 1988-06-26, gender M, race asian, ethnicity asian_indian. Encounters: Outpatient Encounter. Procedures: Documentation of current medications. Observations: Body Height: 177.92 cm; Body Weight: 75.59 kg; Body Mass Index: 23.88 kg/m2; Systolic Blood Pressure: 176.0 mmHg; Diastolic Blood Pressure: 116.0 mmHg; Estimated Glomerular Filtration Rate: 60.0 mL/min/{1.73_m2}; Body Weight: 81.92 kg; Body Mass Index: 25.88 kg/m2; Systolic Blood Pressure: 168.0 mmHg; Diastolic Blood Pressure: 102.0 mmHg. Immunizations: Influenza seasonal injectable preservative free; Td (adult) preservative free.",1
d79b66e1-7250-40d1-9a0a-1af591d56c1a,"Demographics: born 1947-11-03, gender F, race hispanic, ethnicity central_american. Encounters: Outpatient Encounter; Encounter for symptom. Medications: Penicillin V Potassium 250 MG; Acetaminophen 160 MG. Procedures: Documentation of current medications; Sputum examination (procedure). Observations: Body Height: 164.07 cm; Body Weight: 86.3 kg; Body Mass Index: 32.06 kg/m2; Systolic Blood Pressure: 137.0 mmHg; Diastolic Blood Pressure: 71.0 mmHg; Body Weight: 84.78 kg; Body Mass Index: 31.49 kg/m2; Systolic Blood Pressure: 113.0 mmHg; Diastolic Blood Pressure: 80.0 mmHg; Body Weight: 83.22 kg; Body Mass Index: 30.92 kg/m2; Systolic Blood Pressure: 130.0 mmHg; Total Cholesterol: 181.0 mg/dL; Triglycerides: 118.0 mg/dL; Low Density Lipoprotein Cholesterol: 88.0 mg/dL; High Density Lipoprotein Cholesterol: 69.0 mg/dL; Oral temperature: 38.0 Cel; Body Weight: 81.5 kg; Body Mass Index: 30.28 kg/m2; Systolic Blood Pressure: 123.0 mmHg; Diastolic Blood Pressure: 81.0 mmHg; Body Weight: 78.63 kg; Body Mass Index: 29.21 kg/m2; Systolic Blood Pressure: 112.0 mmHg; Diastolic Blood Pressure: 89.0 mmHg; Body Weight: 77.27 kg; Body Mass Index: 28.7 kg/m2; Systolic Blood Pressure: 100.0 mmHg; Total Cholesterol: 188.0 mg/dL; Triglycerides: 101.0 mg/dL; Low Density Lipoprotein Cholesterol: 99.0 mg/dL; High Density Lipoprotein Cholesterol: 68.0 mg/dL; Body Weight: 75.76 kg; Body Mass Index: 28.14 kg/m2. Allergies: Allergy to eggs. Immunizations: Influenza seasonal injectable preservative free; Pneumococcal conjugate PCV 13; pneumococcal polysaccharide vaccine 23 valent.",0
57175496-5672-421b-be40-10347aac6ee8,"Demographics: born 1999-12-30, gender F, race white, ethnicity swedish. Encounters: Outpatient Encounter; Encounter for symptom; Consultation for treatment. Medications: Amoxicillin 250 MG / Clavulanate 125 MG [Augmentin]; Yaz 28 Day Pack. Procedures: Documentation of current medications. Observations: Body Height: 134.88 cm; Body Weight: 40.63 kg; Body Mass Index: 22.33 kg/m2; Systolic Blood Pressure: 103.0 mmHg; Diastolic Blood Pressure: 88.0 mmHg; Body Height: 141.22 cm; Body Weight: 45.06 kg; Body Mass Index: 22.6 kg/m2; Systolic Blood Pressure: 113.0 mmHg; Diastolic Blood Pressure: 70.0 mmHg; Body Height: 146.43 cm; Body Weight: 48.48 kg; Body Mass Index: 22.61 kg/m2; Systolic Blood Pressure: 100.0 mmHg; Diastolic Blood Pressure: 73.0 mmHg; Body Height: 151.04 cm; Body Weight: 52.42 kg; Body Mass Index: 22.98 kg/m2; Systolic Blood Pressure: 101.0 mmHg; Diastolic Blood Pressure: 84.0 mmHg; Body Height: 153.12 cm; Body Weight: 55.4 kg; Body Mass Index: 23.63 kg/m2; Systolic Blood Pressure: 111.0 mmHg; Diastolic Blood Pressure: 74.0 mmHg; Body Height: 153.95 cm; Body Weight: 57.27 kg; Body Mass Index: 24.17 kg/m2; Systolic Blood Pressure: 108.0 mmHg; Diastolic Blood Pressure: 78.0 mmHg; Body Height: 154.4 cm; Body Weight: 58.64 kg; Body Mass Index: 24.6 kg/m2; Systolic Blood Pressure: 130.0 mmHg; Diastolic Blood Pressure: 89.0 mmHg. Immunizations: Influenza seasonal injectable preservative free; meningococcal MCV4P; Tdap; HPV quadrivalent.",0
d43adb51-8243-42f5-b7b7-38c0c52eace1,"Demographics: born 1944-11-11, gender F, race white, ethnicity portuguese. Encounters: Outpatient Encounter; Encounter for 'check-up'. Procedures: Documentation of current medications; Colonoscopy. Observations: Body Height: 166.67 cm; Body Weight: 88.94 kg; Body Mass Index: 32.02 kg/m2; Systolic Blood Pressure: 132.0 mmHg; Diastolic Blood Pressure: 80.0 mmHg; Body Weight: 87.65 kg; Body Mass Index: 31.55 kg/m2; Systolic Blood Pressure: 109.0 mmHg; Diastolic Blood Pressure: 72.0 mmHg; Body Weight: 86.57 kg; Body Mass Index: 31.17 kg/m2; Systolic Blood Pressure: 104.0 mmHg; Diastolic Blood Pressure: 74.0 mmHg; Total Cholesterol: 192.0 mg/dL; Triglycerides: 109.0 mg/dL; Low Density Lipoprotein Cholesterol: 93.0 mg/dL; High Density Lipoprotein Cholesterol: 77.0 mg/dL; Body Weight: 84.76 kg; Body Mass Index: 30.51 kg/m2; Systolic Blood Pressure: 131.0 mmHg; Body Weight: 83.67 kg; Body Mass Index: 30.12 kg/m2; Systolic Blood Pressure: 105.0 mmHg; Diastolic Blood Pressure: 82.0 mmHg; Body Weight: 82.47 kg; Body Mass Index: 29.69 kg/m2; Systolic Blood Pressure: 114.0 mmHg; Total Cholesterol: 165.0 mg/dL; Triglycerides: 139.0 mg/dL; Low Density Lipoprotein Cholesterol: 74.0 mg/dL; High Density Lipoprotein Cholesterol: 63.0 mg/dL. Immunizations: Influenza seasonal injectable preservative free; pneumococcal polysaccharide vaccine 23 valent; Td (adult) preservative free.",0
ca9abca5-c909-4a32-ac1d-c46dd99364e4,"Demographics: born 1962-10-26, gender M, race black, ethnicity african. Encounters: Death Certification. Medications: Fluticasone propionate 0.25 MG/ACTUAT / salmeterol 0.05 MG/ACTUAT [Advair]. Observations: Pulmonary emphysema (disorder).",0
10998c76-1f8f-435c-98f2-b5f7fce5c07d,"Demographics: born 1989-05-28, gender F, race white, ethnicity irish. Encounters: Encounter for symptom; Emergency room admission; Prenatal initial visit; Prenatal visit; Outpatient Encounter; Obstetric emergency hospital admission; Consultation for treatment. Medications: Penicillin V Potassium 250 MG; Naproxen sodium 220 MG Oral Tablet; Jolivette 28 Day Pack; Penicillin V Potassium 500 MG; Nitrofurantoin 5 MG/ML [Furadantin]; Phenazopyridine hydrochloride 100 MG [Pyridium]; NITROFURANTOIN MACROCRYSTALS 50 MG [Macrodantin]. Procedures: Standard pregnancy test; Documentation of current medications; Episiotomy; Childbirth; Epidural anesthesia; Cesarean section. Observations: Body Height: 154.68 cm; Body Weight: 65.57 kg; Body Mass Index: 27.41 kg/m2; Systolic Blood Pressure: 103.0 mmHg; Diastolic Blood Pressure: 71.0 mmHg; Oral temperature: 38.0 Cel; Body Weight: 70.02 kg; Body Mass Index: 29.27 kg/m2; Systolic Blood Pressure: 136.0 mmHg; Diastolic Blood Pressure: 85.0 mmHg; Oral temperature: 39.23 Cel. Immunizations: Influenza seasonal injectable preservative free; Td (adult) preservative free.",0
820889a0-b25f-44f4-9b06-c0e640989151,"Demographics: born 1959-08-28, gender M, race white, ethnicity irish. Encounters: Outpatient Encounter; Encounter for symptom; Asthma follow-up; Encounter for 'check-up'; Emergency hospital admission for asthma. Medications: Penicillin V Potassium 250 MG; 120 ACTUAT Fluticasone propionate 0.044 MG/ACTUAT Metered Dose Inhaler; 200 ACTUAT Albuterol 0.09 MG/ACTUAT Metered Dose Inhaler; Acetaminophen 160 MG. Procedures: Measurement of respiratory function (procedure); Documentation of current medications; Colonoscopy. Observations: Hemoglobin A1c/Hemoglobin.total in Blood: 5.9 %; Body Height: 179.85 cm; Body Weight: 123.28 kg; Body Mass Index: 38.11 kg/m2; Systolic Blood Pressure: 163.0 mmHg; Diastolic Blood Pressure: 117.0 mmHg; Glucose: 77.0 mg/dL; Urea Nitrogen: 15.0 mg/dL; Creatinine: 1.0 mg/dL; Calcium: 8.55 mg/dL; Sodium: 143.0 mmol/L; Potassium: 4.49 mmol/L; Chloride: 102.0 mmol/L; Carbon Dioxide: 29.0 mmol/L; Total Cholesterol: 177.0 mg/dL; Triglycerides: 146.0 mg/dL; Low Density Lipoprotein Cholesterol: 68.0 mg/dL; High Density Lipoprotein Cholesterol: 79.0 mg/dL; Estimated Glomerular Filtration Rate: 60.0 mL/min/{1.73_m2}; Oral temperature: 38.0 Cel; Hemoglobin A1c/Hemoglobin.total in Blood: 6.3 %; Systolic Blood Pressure: 143.0 mmHg; Diastolic Blood Pressure: 114.0 mmHg; Glucose: 67.0 mg/dL; Urea Nitrogen: 16.0 mg/dL; Calcium: 9.87 mg/dL; Sodium: 139.0 mmol/L; Potassium: 4.75 mmol/L; Chloride: 107.0 mmol/L; Carbon Dioxide: 27.0 mmol/L; Systolic Blood Pressure: 192.0 mmHg; Diastolic Blood Pressure: 95.0 mmHg; Glucose: 79.0 mg/dL; Urea Nitrogen: 13.0 mg/dL; Calcium: 9.04 mg/dL; Sodium: 136.0 mmol/L; Potassium: 3.76 mmol/L; Chloride: 105.0 mmol/L; Hemoglobin A1c/Hemoglobin.total in Blood: 6.2 %; Systolic Blood Pressure: 188.0 mmHg. Immunizations: Influenza seasonal injectable preservative free; Td (adult) preservative free.",1
6487ffd0-7f38-4488-a9f0-8c6677aad3e5,"Demographics: born 1994-12-07, gender F, race hispanic, ethnicity puerto_rican. Encounters: Outpatient Encounter; Prenatal initial visit; Prenatal visit; Obstetric emergency hospital admission; Consultation for treatment; Encounter for symptom. Medications: Penicillin V Potassium 250 MG; Natazia 28 Day Pack; NuvaRing 0.12/0.015 MG per 24HR 21 Day Vaginal Ring. Procedures: Standard pregnancy test; Epidural anesthesia; Childbirth; Documentation of current medications; Premature birth of newborn. Observations: Body Height: 163.59 cm; Body Weight: 56.59 kg; Body Mass Index: 21.15 kg/m2; Systolic Blood Pressure: 127.0 mmHg; Diastolic Blood Pressure: 73.0 mmHg; Body Height: 163.94 cm; Body Weight: 57.73 kg; Body Mass Index: 21.48 kg/m2; Systolic Blood Pressure: 109.0 mmHg; Diastolic Blood Pressure: 76.0 mmHg; Body Height: 164.19 cm; Body Weight: 58.98 kg; Body Mass Index: 21.88 kg/m2; Systolic Blood Pressure: 166.0 mmHg; Diastolic Blood Pressure: 91.0 mmHg; Estimated Glomerular Filtration Rate: 60.0 mL/min/{1.73_m2}; Body Height: 164.3 cm; Body Weight: 59.99 kg; Body Mass Index: 22.22 kg/m2; Systolic Blood Pressure: 186.0 mmHg; Diastolic Blood Pressure: 118.0 mmHg; Oral temperature: 38.0 Cel; Body Height: 164.4 cm; Body Weight: 61.14 kg; Body Mass Index: 22.62 kg/m2; Systolic Blood Pressure: 163.0 mmHg; Diastolic Blood Pressure: 92.0 mmHg; Body Weight: 64.26 kg; Body Mass Index: 23.78 kg/m2; Systolic Blood Pressure: 173.0 mmHg; Diastolic Blood Pressure: 98.0 mmHg; Oral temperature: 37.0 Cel. Immunizations: Influenza seasonal injectable preservative free; meningococcal MCV4P; Td (adult) preservative free.",1
3bc2be65-0442-4691-88ed-ce24aeec10d1,"Demographics: born 1985-10-27, gender F, race white, ethnicity irish. Encounters: Encounter for symptom; Prenatal initial visit; Prenatal visit; Obstetric emergency hospital admission; Consultation for treatment; Outpatient Encounter; Patient encounter procedure. Medications: Penicillin V Potassium 250 MG; Estrostep Fe 28 Day Pack; Nexplanon 68 MG Drug Implant; Penicillin V Potassium 500 MG; Acetaminophen 160 MG; Nitrofurantoin 5 MG/ML [Furadantin]; Phenazopyridine hydrochloride 100 MG [Pyridium]. Procedures: Standard pregnancy test; Augmentation of labor; Childbirth; Insertion of subcutaneous contraceptive; Measurement of respiratory function (procedure); Throat culture (procedure); Replacement of subcutaneous contraceptive. Observations: Oral temperature: 38.46 Cel; Hemoglobin A1c/Hemoglobin.total in Blood: 5.8 %; Body Height: 151.83 cm; Body Weight: 71.37 kg; Body Mass Index: 30.96 kg/m2; Systolic Blood Pressure: 128.0 mmHg; Diastolic Blood Pressure: 73.0 mmHg; Glucose: 97.0 mg/dL; Urea Nitrogen: 12.0 mg/dL; Creatinine: 1.0 mg/dL; Calcium: 9.83 mg/dL; Sodium: 136.0 mmol/L; Potassium: 4.21 mmol/L; Chloride: 101.0 mmol/L; Carbon Dioxide: 29.0 mmol/L; Hemoglobin A1c/Hemoglobin.total in Blood: 6.0 %; Systolic Blood Pressure: 101.0 mmHg; Diastolic Blood Pressure: 77.0 mmHg; Glucose: 86.0 mg/dL; Urea Nitrogen: 18.0 mg/dL; Calcium: 9.64 mg/dL; Sodium: 137.0 mmol/L; Potassium: 4.59 mmol/L; Chloride: 102.0 mmol/L; Oral temperature: 38.53 Cel; Hemoglobin A1c/Hemoglobin.total in Blood: 5.9 %; Body Weight: 74.45 kg; Body Mass Index: 32.3 kg/m2; Systolic Blood Pressure: 105.0 mmHg; Diastolic Blood Pressure: 87.0 mmHg; Glucose: 72.0 mg/dL; Urea Nitrogen: 16.0 mg/dL; Calcium: 8.77 mg/dL; Sodium: 143.0 mmol/L; Potassium: 5.08 mmol/L; Chloride: 103.0 mmol/L; Carbon Dioxide: 28.0 mmol/L; Oral temperature: 38.38 Cel; Oral temperature: 38.0 Cel. Immunizations: Influenza seasonal injectable preservative free.",0
963930f0-b87d-4c29-a9a0-e78cea525ab0,"Demographics: born 1948-04-27, gender F, race white, ethnicity english. Encounters: Encounter for symptom; Outpatient Encounter; Encounter for 'check-up'; Encounter for problem. Medications: Dextromethorphan Hydrobromide 1 MG/ML; Amoxicillin 250 MG / Clavulanate 125 MG [Augmentin]; Leucovorin 100 MG Injection; oxaliplatin 5 MG/ML [Eloxatin]. Procedures: Sputum examination (procedure); Documentation of current medications; Colonoscopy; Fecal occult blood test; Rectal polypectomy; Partial resection of colon; Combined chemotherapy and radiation therapy (procedure). Observations: Body Height: 156.49 cm; Body Weight: 97.47 kg; Body Mass Index: 39.8 kg/m2; Systolic Blood Pressure: 122.0 mmHg; Diastolic Blood Pressure: 70.0 mmHg; Body Weight: 96.46 kg; Body Mass Index: 39.39 kg/m2; Systolic Blood Pressure: 118.0 mmHg; Diastolic Blood Pressure: 81.0 mmHg; Polyp size greatest dimension by CAP cancer protocols: 3.0 mm; Hemoglobin.gastrointestinal [Presence] in Stool by Immunologic method: 8.0 ng/mL; Body Weight: 92.96 kg; Body Mass Index: 37.96 kg/m2; Systolic Blood Pressure: 101.0 mmHg; Diastolic Blood Pressure: 87.0 mmHg; Total Cholesterol: 190.0 mg/dL; Triglycerides: 149.0 mg/dL; Low Density Lipoprotein Cholesterol: 98.0 mg/dL; High Density Lipoprotein Cholesterol: 62.0 mg/dL; Body Weight: 91.62 kg; Body Mass Index: 37.41 kg/m2; Systolic Blood Pressure: 109.0 mmHg; Diastolic Blood Pressure: 72.0 mmHg; Body Weight: 90.0 kg; Body Mass Index: 36.75 kg/m2; Systolic Blood Pressure: 135.0 mmHg; Body Weight: 88.05 kg; Body Mass Index: 35.96 kg/m2; Systolic Blood Pressure: 102.0 mmHg; Total Cholesterol: 163.0 mg/dL; Triglycerides: 150.0 mg/dL; Low Density Lipoprotein Cholesterol: 56.0 mg/dL; High Density Lipoprotein Cholesterol: 77.0 mg/dL. Immunizations: Influenza seasonal injectable preservative free; Pneumococcal conjugate PCV 13; pneumococcal polysaccharide vaccine 23 valent.",0
7a90e9c8-943e-4778-acab-d0c528b9d596,"Demographics: born 2005-10-28, gender M, race white, ethnicity polish. Encounters: Outpatient Encounter; Emergency room admission; Encounter for symptom; Encounter for 'check-up'. Medications: Penicillin V Potassium 250 MG; Fexofenadine hydrochloride 30 MG Oral Tablet; 0.3 ML EPINEPHrine 0.5 MG/ML Auto-Injector; Ibuprofen 100 MG Oral Tablet; Acetaminophen 160 MG; Amoxicillin 250 MG / Clavulanate 125 MG [Augmentin]. Procedures: Measurement of respiratory function (procedure); Bone immobilization; Documentation of current medications. Observations: Body Height: 105.95 cm; Body Weight: 17.69 kg; Body Mass Index: 15.76 kg/m2; Systolic Blood Pressure: 107.0 mmHg; Diastolic Blood Pressure: 87.0 mmHg; Body Height: 112.12 cm; Body Weight: 19.8 kg; Body Mass Index: 15.75 kg/m2; Systolic Blood Pressure: 103.0 mmHg; Diastolic Blood Pressure: 70.0 mmHg; Body Height: 118.21 cm; Body Weight: 22.0 kg; Body Mass Index: 15.74 kg/m2; Systolic Blood Pressure: 111.0 mmHg; Diastolic Blood Pressure: 83.0 mmHg; Body Height: 124.01 cm; Body Weight: 24.37 kg; Body Mass Index: 15.85 kg/m2; Systolic Blood Pressure: 105.0 mmHg; Body Height: 129.67 cm; Body Weight: 27.27 kg; Body Mass Index: 16.22 kg/m2; Systolic Blood Pressure: 132.0 mmHg; Diastolic Blood Pressure: 73.0 mmHg; Body Height: 134.34 cm; Body Weight: 30.38 kg; Body Mass Index: 16.83 kg/m2; Systolic Blood Pressure: 117.0 mmHg; Diastolic Blood Pressure: 81.0 mmHg; Body Height: 139.78 cm; Body Weight: 34.68 kg; Body Mass Index: 17.75 kg/m2; Systolic Blood Pressure: 128.0 mmHg. Allergies: Shellfish allergy. Immunizations: Influenza seasonal injectable preservative free; meningococcal MCV4P; Tdap; HPV quadrivalent.",0
4a706f7d-9802-4626-ab25-c5ead0105928,"Demographics: born 1954-12-26, gender F, race white, ethnicity russian. Encounters: Encounter for symptom; Outpatient Encounter; Encounter for 'check-up'. Medications: Penicillin V Potassium 250 MG; Hydrocortisone 10 MG/ML Topical Cream; Chlorpheniramine 8 MG Oral Tablet; Nitrofurantoin 5 MG/ML [Furadantin]; Phenazopyridine hydrochloride 100 MG [Pyridium]; NITROFURANTOIN MACROCRYSTALS 50 MG [Macrodantin]. Procedures: Colonoscopy; Documentation of current medications. Observations: Body Height: 163.1 cm; Body Weight: 110.11 kg; Body Mass Index: 41.39 kg/m2; Systolic Blood Pressure: 118.0 mmHg; Diastolic Blood Pressure: 88.0 mmHg; Systolic Blood Pressure: 120.0 mmHg; Diastolic Blood Pressure: 78.0 mmHg; Systolic Blood Pressure: 137.0 mmHg; Diastolic Blood Pressure: 73.0 mmHg; Total Cholesterol: 184.0 mg/dL; Triglycerides: 132.0 mg/dL; Low Density Lipoprotein Cholesterol: 94.0 mg/dL; High Density Lipoprotein Cholesterol: 63.0 mg/dL; Systolic Blood Pressure: 102.0 mmHg; Diastolic Blood Pressure: 77.0 mmHg; Systolic Blood Pressure: 125.0 mmHg; Body Weight: 107.09 kg; Body Mass Index: 40.26 kg/m2; Systolic Blood Pressure: 126.0 mmHg; Total Cholesterol: 170.0 mg/dL; Triglycerides: 140.0 mg/dL; Low Density Lipoprotein Cholesterol: 73.0 mg/dL; High Density Lipoprotein Cholesterol: 69.0 mg/dL; Body Weight: 105.92 kg; Body Mass Index: 39.82 kg/m2; Systolic Blood Pressure: 139.0 mmHg; Diastolic Blood Pressure: 76.0 mmHg. Immunizations: Influenza seasonal injectable preservative free; Td (adult) preservative free; zoster.",0
b65d8609-d6bd-4d85-8e5b-11f230dde537,"Demographics: born 1951-09-03, gender M, race hispanic, ethnicity central_american. Encounters: Outpatient Encounter; Encounter for symptom. Medications: Alendronic acid 10 MG [Fosamax]; Amoxicillin 250 MG / Clavulanate 125 MG [Augmentin]. Procedures: Documentation of current medications; Bone density scan (procedure). Observations: Hemoglobin A1c/Hemoglobin.total in Blood: 6.1 %; Body Height: 190.18 cm; Body Weight: 114.24 kg; Body Mass Index: 31.58 kg/m2; Systolic Blood Pressure: 101.0 mmHg; Diastolic Blood Pressure: 86.0 mmHg; Glucose: 81.0 mg/dL; Urea Nitrogen: 11.0 mg/dL; Creatinine: 1.0 mg/dL; Calcium: 9.27 mg/dL; Sodium: 142.0 mmol/L; Potassium: 4.47 mmol/L; Chloride: 102.0 mmol/L; Carbon Dioxide: 23.0 mmol/L; Hemoglobin A1c/Hemoglobin.total in Blood: 6.0 %; DXA [T-score] Bone density: -2.83 {T-score}; Body Weight: 113.03 kg; Body Mass Index: 31.25 kg/m2; Systolic Blood Pressure: 109.0 mmHg; Diastolic Blood Pressure: 81.0 mmHg; Glucose: 73.0 mg/dL; Urea Nitrogen: 13.0 mg/dL; Calcium: 8.63 mg/dL; Sodium: 143.0 mmol/L; Potassium: 4.26 mmol/L; Chloride: 109.0 mmol/L; Carbon Dioxide: 25.0 mmol/L; Total Cholesterol: 195.0 mg/dL; Triglycerides: 108.0 mg/dL; Low Density Lipoprotein Cholesterol: 110.0 mg/dL; High Density Lipoprotein Cholesterol: 63.0 mg/dL; Body Weight: 111.23 kg; Body Mass Index: 30.75 kg/m2; Systolic Blood Pressure: 128.0 mmHg; Diastolic Blood Pressure: 72.0 mmHg; Glucose: 68.0 mg/dL; Urea Nitrogen: 20.0 mg/dL; Calcium: 9.8 mg/dL; Sodium: 136.0 mmol/L; Potassium: 4.81 mmol/L. Immunizations: Influenza seasonal injectable preservative free; zoster; Td (adult) preservative free; Pneumococcal conjugate PCV 13.",0
62e2bf4f-e4d0-4db3-843f-b9f05020690c,"Demographics: born 1966-07-25, gender M, race white, ethnicity polish. Encounters: Death Certification. Medications: 120 ACTUAT Fluticasone propionate 0.044 MG/ACTUAT Metered Dose Inhaler; 200 ACTUAT Albuterol 0.09 MG/ACTUAT Metered Dose Inhaler; Nitroglycerin 0.4 MG/ACTUAT [Nitrolingual]; Simvastatin 20 MG Oral Tablet; Amlodipine 5 MG Oral Tablet; Clopidogrel 75 MG Oral Tablet. Observations: Myocardial Infarction.",1
7d907eac-367e-4ebf-8b7c-dfb849d6ac44,"Demographics: born 1928-03-21, gender M, race white, ethnicity italian. Encounters: Emergency room admission; Outpatient Encounter; Encounter for symptom; Emergency Encounter. Medications: Penicillin V Potassium 250 MG; Acetaminophen 325 MG Oral Tablet; Ibuprofen 200 MG Oral Tablet; Clopidogrel 75 MG Oral Tablet; Alteplase 1 MG/ML Injectable Solution. Procedures: Documentation of current medications; Percutaneous mechanical thrombectomy of portal vein using fluoroscopic guidance. Observations: Body Height: 172.01 cm; Body Weight: 91.96 kg; Body Mass Index: 31.08 kg/m2; Systolic Blood Pressure: 132.0 mmHg; Diastolic Blood Pressure: 79.0 mmHg; Total Cholesterol: 194.0 mg/dL; Triglycerides: 127.0 mg/dL; Low Density Lipoprotein Cholesterol: 89.0 mg/dL; High Density Lipoprotein Cholesterol: 79.0 mg/dL; Body Weight: 90.08 kg; Body Mass Index: 30.45 kg/m2; Systolic Blood Pressure: 131.0 mmHg; Diastolic Blood Pressure: 81.0 mmHg; Body Weight: 88.24 kg; Body Mass Index: 29.82 kg/m2; Systolic Blood Pressure: 128.0 mmHg; Body Weight: 86.72 kg; Body Mass Index: 29.31 kg/m2; Systolic Blood Pressure: 124.0 mmHg; Diastolic Blood Pressure: 73.0 mmHg; Total Cholesterol: 162.0 mg/dL; Triglycerides: 145.0 mg/dL; Low Density Lipoprotein Cholesterol: 73.0 mg/dL; High Density Lipoprotein Cholesterol: 60.0 mg/dL; Oral temperature: 38.0 Cel; Body Weight: 85.55 kg; Body Mass Index: 28.91 kg/m2; Diastolic Blood Pressure: 76.0 mmHg; Body Weight: 83.83 kg; Body Mass Index: 28.33 kg/m2; Systolic Blood Pressure: 138.0 mmHg; Diastolic Blood Pressure: 75.0 mmHg. Immunizations: Influenza seasonal injectable preservative free.",0
e20e4e84-3984-4cd3-aac9-bcd2db12c119,"Demographics: born 1942-09-28, gender M, race white, ethnicity french. Encounters: Outpatient Encounter; Encounter for 'check-up'. Procedures: Documentation of current medications; Colonoscopy. Observations: Body Height: 167.83 cm; Body Weight: 127.05 kg; Body Mass Index: 45.1 kg/m2; Systolic Blood Pressure: 106.0 mmHg; Diastolic Blood Pressure: 73.0 mmHg; Body Weight: 125.78 kg; Body Mass Index: 44.65 kg/m2; Systolic Blood Pressure: 132.0 mmHg; Diastolic Blood Pressure: 83.0 mmHg; Body Weight: 123.98 kg; Body Mass Index: 44.02 kg/m2; Systolic Blood Pressure: 102.0 mmHg; Diastolic Blood Pressure: 74.0 mmHg; Total Cholesterol: 186.0 mg/dL; Triglycerides: 118.0 mg/dL; Low Density Lipoprotein Cholesterol: 98.0 mg/dL; High Density Lipoprotein Cholesterol: 64.0 mg/dL. Immunizations: Pneumococcal conjugate PCV 13; Influenza seasonal injectable preservative free.",0
0086c658-11e1-4d66-b934-d9026289bcf2,"Demographics: born 1997-03-30, gender F, race black, ethnicity african. Encounters: Outpatient Encounter; Encounter for symptom; Consultation for treatment. Medications: Errin 28 Day Pack. Procedures: Documentation of current medications. Observations: Body Height: 151.9 cm; Body Weight: 58.2 kg; Body Mass Index: 25.22 kg/m2; Systolic Blood Pressure: 136.0 mmHg; Diastolic Blood Pressure: 71.0 mmHg; Body Height: 154.25 cm; Body Weight: 61.54 kg; Body Mass Index: 25.86 kg/m2; Systolic Blood Pressure: 106.0 mmHg; Diastolic Blood Pressure: 86.0 mmHg; Body Height: 155.41 cm; Body Weight: 64.14 kg; Body Mass Index: 26.56 kg/m2; Systolic Blood Pressure: 137.0 mmHg; Body Height: 155.86 cm; Body Weight: 65.58 kg; Body Mass Index: 27.0 kg/m2; Systolic Blood Pressure: 101.0 mmHg; Diastolic Blood Pressure: 76.0 mmHg; Body Height: 156.11 cm; Body Weight: 67.03 kg; Body Mass Index: 27.51 kg/m2; Diastolic Blood Pressure: 79.0 mmHg; Hemoglobin A1c/Hemoglobin.total in Blood: 6.2 %; Body Height: 156.22 cm; Body Weight: 68.44 kg; Body Mass Index: 28.04 kg/m2; Diastolic Blood Pressure: 87.0 mmHg; Glucose: 84.0 mg/dL; Urea Nitrogen: 14.0 mg/dL; Creatinine: 1.0 mg/dL; Calcium: 9.42 mg/dL; Sodium: 142.0 mmol/L; Potassium: 4.39 mmol/L; Chloride: 107.0 mmol/L; Carbon Dioxide: 25.0 mmol/L. Immunizations: Influenza seasonal injectable preservative free; HPV quadrivalent; meningococcal MCV4P.",0
00b94a5f-c849-42af-b8e0-fa17c19eada1,"Demographics: born 1960-02-14, gender F, race white, ethnicity italian. Encounters: Outpatient Encounter; Encounter for symptom; Encounter for 'check-up'. Medications: Acetaminophen 160 MG; Amoxicillin 250 MG / Clavulanate 125 MG [Augmentin]. Procedures: Documentation of current medications; Measurement of respiratory function (procedure); Colonoscopy. Observations: Body Height: 164.11 cm; Body Weight: 88.29 kg; Body Mass Index: 32.78 kg/m2; Systolic Blood Pressure: 167.0 mmHg; Diastolic Blood Pressure: 99.0 mmHg; Estimated Glomerular Filtration Rate: 60.0 mL/min/{1.73_m2}; Systolic Blood Pressure: 196.0 mmHg; Diastolic Blood Pressure: 117.0 mmHg; Systolic Blood Pressure: 141.0 mmHg; Diastolic Blood Pressure: 94.0 mmHg; Systolic Blood Pressure: 190.0 mmHg; Diastolic Blood Pressure: 115.0 mmHg; Total Cholesterol: 176.0 mg/dL; Triglycerides: 109.0 mg/dL; Low Density Lipoprotein Cholesterol: 85.0 mg/dL; High Density Lipoprotein Cholesterol: 69.0 mg/dL; Systolic Blood Pressure: 156.0 mmHg; Diastolic Blood Pressure: 105.0 mmHg; Systolic Blood Pressure: 180.0 mmHg; Diastolic Blood Pressure: 106.0 mmHg. Immunizations: Influenza seasonal injectable preservative free; Td (adult) preservative free.",1
3694d72f-12b2-407a-9a6e-f138194c7ec5,"Demographics: born 1949-12-15, gender F, race white, ethnicity english. Encounters: Death Certification. Medications: 24 HR Metformin hydrochloride 500 MG Extended Release Oral Tablet; Insulin Lispro 100 UNT/ML Injectable Solution [Humalog]; Clopidogrel 75 MG Oral Tablet; Simvastatin 20 MG Oral Tablet; Amlodipine 5 MG Oral Tablet; Nitroglycerin 0.4 MG/ACTUAT [Nitrolingual]. Observations: Myocardial Infarction.",1
d9017e7a-3367-40f9-b321-63a00b15730c,"Demographics: born 1976-01-23, gender F, race hispanic, ethnicity puerto_rican. Encounters: Emergency room admission; Encounter for 'check-up'; Encounter for symptom; Outpatient Encounter. Medications: Estrostep Fe 28 Day Pack; Amoxicillin 250 MG / Clavulanate 125 MG [Augmentin]. Procedures: Documentation of current medications. Observations: Oral temperature: 37.0 Cel; Body Height: 163.11 cm; Body Weight: 70.65 kg; Body Mass Index: 26.55 kg/m2; Systolic Blood Pressure: 118.0 mmHg; Diastolic Blood Pressure: 75.0 mmHg; Total Cholesterol: 194.0 mg/dL; Triglycerides: 103.0 mg/dL; Low Density Lipoprotein Cholesterol: 109.0 mg/dL; High Density Lipoprotein Cholesterol: 64.0 mg/dL; Body Weight: 74.78 kg; Body Mass Index: 28.1 kg/m2; Systolic Blood Pressure: 104.0 mmHg; Diastolic Blood Pressure: 87.0 mmHg; Total Cholesterol: 162.0 mg/dL; Triglycerides: 111.0 mg/dL; Low Density Lipoprotein Cholesterol: 78.0 mg/dL; High Density Lipoprotein Cholesterol: 61.0 mg/dL. Immunizations: Influenza seasonal injectable preservative free.",0
787ef3ac-9498-48b4-80c4-7d687ccd4850,"Demographics: born 1993-10-16, gender F, race white, ethnicity german. Encounters: Outpatient Encounter; Encounter for symptom; Prenatal initial visit; Patient-initiated encounter. Medications: Penicillin V Potassium 250 MG; Nitrofurantoin 5 MG/ML [Furadantin]; Phenazopyridine hydrochloride 100 MG [Pyridium]. Procedures: Documentation of current medications; Standard pregnancy test; Induced termination of pregnancy. Observations: Body Height: 169.31 cm; Body Weight: 60.6 kg; Body Mass Index: 21.14 kg/m2; Systolic Blood Pressure: 128.0 mmHg; Diastolic Blood Pressure: 88.0 mmHg; Body Height: 169.46 cm; Body Weight: 61.8 kg; Body Mass Index: 21.52 kg/m2; Systolic Blood Pressure: 148.0 mmHg; Diastolic Blood Pressure: 90.0 mmHg; Estimated Glomerular Filtration Rate: 60.0 mL/min/{1.73_m2}; Body Height: 169.54 cm; Body Weight: 62.87 kg; Body Mass Index: 21.87 kg/m2; Systolic Blood Pressure: 154.0 mmHg; Diastolic Blood Pressure: 103.0 mmHg; Body Height: 169.58 cm; Body Weight: 65.25 kg; Body Mass Index: 22.69 kg/m2; Systolic Blood Pressure: 187.0 mmHg; Diastolic Blood Pressure: 116.0 mmHg; Estimated Glomerular Filtration Rate: 59.0 mL/min/{1.73_m2}; Body Weight: 70.02 kg; Body Mass Index: 24.35 kg/m2; Systolic Blood Pressure: 141.0 mmHg; Diastolic Blood Pressure: 119.0 mmHg. Immunizations: Influenza seasonal injectable preservative free; Td (adult) preservative free.",1
da22c7a9-ed4b-4d42-87f1-cd04da7e3fdb,"Demographics: born 1914-05-01, gender F, race white, ethnicity german.",0
a2a4785e-0ae2-4ee5-87e8-bf98fe4fad87,"Demographics: born 1986-12-30, gender M, race hispanic, ethnicity puerto_rican. Encounters: Outpatient Encounter; Emergency room admission; Encounter for 'check-up'. Medications: Terfenadine 60 MG Oral Tablet; 0.3 ML EPINEPHrine 0.5 MG/ML Auto-Injector; Penicillin V Potassium 250 MG; Amoxicillin 500 MG Oral Tablet; Meperidine Hydrochloride 50 MG Oral Tablet; Naproxen sodium 220 MG Oral Tablet. Procedures: Documentation of current medications. Observations: Body Height: 171.84 cm; Body Weight: 73.1 kg; Body Mass Index: 24.75 kg/m2; Systolic Blood Pressure: 132.0 mmHg; Diastolic Blood Pressure: 87.0 mmHg; Body Weight: 78.16 kg; Body Mass Index: 26.47 kg/m2; Systolic Blood Pressure: 108.0 mmHg; Diastolic Blood Pressure: 73.0 mmHg; Body Weight: 82.22 kg; Body Mass Index: 27.84 kg/m2; Systolic Blood Pressure: 129.0 mmHg; Diastolic Blood Pressure: 85.0 mmHg. Allergies: Allergy to nut; Allergy to bee venom. Immunizations: Influenza seasonal injectable preservative free; Td (adult) preservative free.",0
05dc99aa-45ef-45f4-a913-883b0fbe18cb,"Demographics: born 1951-06-03, gender F, race white, ethnicity polish. Encounters: Outpatient Encounter; Encounter for symptom; Emergency room admission; Encounter for 'check-up'. Medications: Penicillin V Potassium 250 MG; Penicillin V Potassium 500 MG. Procedures: Throat culture (procedure); Documentation of current medications. Observations: Hemoglobin A1c/Hemoglobin.total in Blood: 6.3 %; Body Height: 159.4 cm; Body Weight: 99.95 kg; Body Mass Index: 39.34 kg/m2; Systolic Blood Pressure: 148.0 mmHg; Diastolic Blood Pressure: 105.0 mmHg; Glucose: 71.0 mg/dL; Urea Nitrogen: 16.0 mg/dL; Creatinine: 1.0 mg/dL; Calcium: 9.27 mg/dL; Sodium: 144.0 mmol/L; Potassium: 4.1 mmol/L; Chloride: 108.0 mmol/L; Carbon Dioxide: 23.0 mmol/L; Total Cholesterol: 196.0 mg/dL; Triglycerides: 121.0 mg/dL; Low Density Lipoprotein Cholesterol: 108.0 mg/dL; High Density Lipoprotein Cholesterol: 63.0 mg/dL; Estimated Glomerular Filtration Rate: 60.0 mL/min/{1.73_m2}; Oral temperature: 39.03 Cel; Oral temperature: 38.0 Cel; Hemoglobin A1c/Hemoglobin.total in Blood: 6.0 %; Body Weight: 98.14 kg; Body Mass Index: 38.63 kg/m2; Systolic Blood Pressure: 177.0 mmHg; Diastolic Blood Pressure: 98.0 mmHg; Glucose: 76.0 mg/dL; Urea Nitrogen: 15.0 mg/dL; Calcium: 8.74 mg/dL; Sodium: 141.0 mmol/L; Potassium: 4.48 mmol/L; Chloride: 111.0 mmol/L; Carbon Dioxide: 20.0 mmol/L; Hemoglobin A1c/Hemoglobin.total in Blood: 5.9 %; Systolic Blood Pressure: 149.0 mmHg; Diastolic Blood Pressure: 119.0 mmHg; Glucose: 87.0 mg/dL; Urea Nitrogen: 11.0 mg/dL; Calcium: 8.58 mg/dL; Sodium: 136.0 mmol/L. Immunizations: Influenza seasonal injectable preservative free; zoster; Td (adult) preservative free; Pneumococcal conjugate PCV 13.",1
15d5e44e-e91d-45a1-b695-53455dd47e4d,"Demographics: born 1939-04-10, gender M, race hispanic, ethnicity puerto_rican. Encounters: Death Certification. Medications: Nitroglycerin 0.4 MG/ACTUAT [Nitrolingual]. Observations: Myocardial Infarction.",1
fdb0cb62-2b2e-4fbc-8465-87563063267c,"Demographics: born 1933-09-05, gender F, race black, ethnicity dominican. Encounters: Outpatient Encounter; Encounter for symptom. Medications: Penicillin V Potassium 500 MG; Acetaminophen 160 MG. Procedures: Documentation of current medications. Observations: Hemoglobin A1c/Hemoglobin.total in Blood: 5.8 %; Body Height: 152.49 cm; Body Weight: 75.86 kg; Body Mass Index: 32.62 kg/m2; Systolic Blood Pressure: 184.0 mmHg; Diastolic Blood Pressure: 120.0 mmHg; Glucose: 67.0 mg/dL; Urea Nitrogen: 8.0 mg/dL; Creatinine: 1.0 mg/dL; Calcium: 9.77 mg/dL; Sodium: 144.0 mmol/L; Potassium: 3.9 mmol/L; Chloride: 101.0 mmol/L; Carbon Dioxide: 26.0 mmol/L; Estimated Glomerular Filtration Rate: 58.0 mL/min/{1.73_m2}; Oral temperature: 37.92 Cel; Hemoglobin A1c/Hemoglobin.total in Blood: 5.9 %; Body Weight: 73.94 kg; Body Mass Index: 31.8 kg/m2; Systolic Blood Pressure: 186.0 mmHg; Diastolic Blood Pressure: 116.0 mmHg; Glucose: 82.0 mg/dL; Urea Nitrogen: 18.0 mg/dL; Calcium: 9.4 mg/dL; Chloride: 108.0 mmol/L; Carbon Dioxide: 24.0 mmol/L; Total Cholesterol: 177.0 mg/dL; Triglycerides: 120.0 mg/dL; Low Density Lipoprotein Cholesterol: 82.0 mg/dL; High Density Lipoprotein Cholesterol: 71.0 mg/dL; Estimated Glomerular Filtration Rate: 60.0 mL/min/{1.73_m2}; Hemoglobin A1c/Hemoglobin.total in Blood: 6.2 %; Body Weight: 72.61 kg; Body Mass Index: 31.23 kg/m2; Systolic Blood Pressure: 147.0 mmHg; Diastolic Blood Pressure: 97.0 mmHg; Glucose: 100.0 mg/dL; Urea Nitrogen: 20.0 mg/dL; Calcium: 8.71 mg/dL; Sodium: 139.0 mmol/L. Immunizations: Influenza seasonal injectable preservative free; Td (adult) preservative free.",1
12effbe5-dbee-4da2-a77a-55bb1fba7162,"Demographics: born 1961-04-11, gender F, race black, ethnicity west_indian. Encounters: Patient encounter procedure; Outpatient Encounter; Encounter for 'check-up'; Encounter for symptom. Medications: Penicillin V Potassium 250 MG; 1 ML Depo-Provera 150 MG/ML Injection; Nitrofurantoin 5 MG/ML [Furadantin]; Phenazopyridine hydrochloride 100 MG [Pyridium]; Acetaminophen 160 MG. Procedures: Intramuscular injection; Colonoscopy; Documentation of current medications; Plain chest X-ray (procedure). Observations: Body Height: 164.15 cm; Body Weight: 98.37 kg; Body Mass Index: 36.51 kg/m2; Systolic Blood Pressure: 135.0 mmHg; Diastolic Blood Pressure: 80.0 mmHg; Systolic Blood Pressure: 136.0 mmHg; Diastolic Blood Pressure: 75.0 mmHg; Total Cholesterol: 178.0 mg/dL; Triglycerides: 127.0 mg/dL; Low Density Lipoprotein Cholesterol: 78.0 mg/dL; High Density Lipoprotein Cholesterol: 74.0 mg/dL; Oral temperature: 38.0 Cel; Systolic Blood Pressure: 113.0 mmHg; Diastolic Blood Pressure: 76.0 mmHg; Systolic Blood Pressure: 121.0 mmHg; Diastolic Blood Pressure: 84.0 mmHg; Systolic Blood Pressure: 125.0 mmHg; Total Cholesterol: 188.0 mg/dL; Triglycerides: 131.0 mg/dL; Low Density Lipoprotein Cholesterol: 96.0 mg/dL; High Density Lipoprotein Cholesterol: 65.0 mg/dL; Systolic Blood Pressure: 105.0 mmHg; Diastolic Blood Pressure: 85.0 mmHg. Immunizations: Influenza seasonal injectable preservative free; Td (adult) preservative free.",0
aaf3b2d2-41cc-49ee-b21d-fac5a84c2bf3,"Demographics: born 1981-02-16, gender M, race white, ethnicity portuguese. Encounters: Outpatient Encounter; Encounter for symptom. Medications: Acetaminophen 160 MG; Amoxicillin 250 MG / Clavulanate 125 MG [Augmentin]. Procedures: Documentation of current medications; Sputum examination (procedure). Observations: Body Height: 190.18 cm; Body Weight: 77.81 kg; Body Mass Index: 21.51 kg/m2; Systolic Blood Pressure: 178.0 mmHg; Diastolic Blood Pressure: 94.0 mmHg; Total Cholesterol: 167.0 mg/dL; Triglycerides: 121.0 mg/dL; Low Density Lipoprotein Cholesterol: 79.0 mg/dL; High Density Lipoprotein Cholesterol: 63.0 mg/dL; Estimated Glomerular Filtration Rate: 60.0 mL/min/{1.73_m2}; Body Weight: 82.75 kg; Body Mass Index: 22.88 kg/m2; Systolic Blood Pressure: 166.0 mmHg; Diastolic Blood Pressure: 95.0 mmHg; Total Cholesterol: 200.0 mg/dL; Triglycerides: 117.0 mg/dL; Low Density Lipoprotein Cholesterol: 100.0 mg/dL; High Density Lipoprotein Cholesterol: 76.0 mg/dL. Immunizations: Influenza seasonal injectable preservative free; Td (adult) preservative free.",1
7250e3de-f52a-42ff-afee-64f1fff98fb4,"Demographics: born 1951-07-27, gender F, race asian, ethnicity asian_indian. Encounters: Outpatient Encounter; Asthma follow-up; Emergency hospital admission for asthma; Encounter for symptom; Death Certification. Medications: Chlorpheniramine 2 MG Chewable Tablet; 120 ACTUAT Fluticasone propionate 0.044 MG/ACTUAT Metered Dose Inhaler; 200 ACTUAT Albuterol 0.09 MG/ACTUAT Metered Dose Inhaler; Penicillin V Potassium 500 MG; Fluticasone propionate 0.25 MG/ACTUAT / salmeterol 0.05 MG/ACTUAT [Advair]. Procedures: Spirometry (procedure); Pulmonary rehabilitation (regime/therapy); Documentation of current medications. Observations: FEV1/​FVC: 16.0 %; Hemoglobin A1c/Hemoglobin.total in Blood: 6.1 %; Body Height: 163.86 cm; Body Weight: 108.77 kg; Body Mass Index: 40.51 kg/m2; Systolic Blood Pressure: 131.0 mmHg; Diastolic Blood Pressure: 83.0 mmHg; Glucose: 98.0 mg/dL; Urea Nitrogen: 9.0 mg/dL; Creatinine: 1.0 mg/dL; Calcium: 9.96 mg/dL; Sodium: 137.0 mmol/L; Potassium: 4.8 mmol/L; Chloride: 102.0 mmol/L; Carbon Dioxide: 26.0 mmol/L; FEV1/​FVC: 27.0 %; Hemoglobin A1c/Hemoglobin.total in Blood: 6.2 %; Body Weight: 106.77 kg; Body Mass Index: 39.77 kg/m2; Systolic Blood Pressure: 126.0 mmHg; Diastolic Blood Pressure: 86.0 mmHg; Glucose: 78.0 mg/dL; Urea Nitrogen: 14.0 mg/dL; Calcium: 10.01 mg/dL; Potassium: 5.08 mmol/L; Chloride: 108.0 mmol/L; Carbon Dioxide: 23.0 mmol/L; FEV1/​FVC: 24.0 %; Hemoglobin A1c/Hemoglobin.total in Blood: 6.4 %; Body Weight: 104.9 kg; Body Mass Index: 39.07 kg/m2; Systolic Blood Pressure: 101.0 mmHg; Diastolic Blood Pressure: 81.0 mmHg; Glucose: 79.0 mg/dL; Urea Nitrogen: 16.0 mg/dL; Calcium: 9.46 mg/dL; Sodium: 141.0 mmol/L; Potassium: 4.95 mmol/L; Chloride: 104.0 mmol/L; Carbon Dioxide: 25.0 mmol/L. Allergies: Allergy to peanuts; Allergy to fish; Dander (animal) allergy; Allergy to mould. Immunizations: Influenza seasonal injectable preservative free; zoster; Td (adult) preservative free.",0
4e3d243f-2347-4e97-a286-c28df5f274a8,"Demographics: born 2011-01-21, gender F, race asian, ethnicity chinese. Encounters: Outpatient Encounter; Encounter for symptom. Medications: Penicillin V Potassium 250 MG; Amoxicillin 200 MG Oral Tablet; Acetaminophen 160 MG Oral Tablet; Acetaminophen 160 MG. Procedures: Documentation of current medications; Measurement of respiratory function (procedure). Observations: Body Height: 49.78 cm; Body Weight: 3.91 kg; Systolic Blood Pressure: 122.0 mmHg; Diastolic Blood Pressure: 73.0 mmHg; Body Height: 56.14 cm; Body Weight: 5.37 kg; Systolic Blood Pressure: 133.0 mmHg; Diastolic Blood Pressure: 81.0 mmHg; Body Height: 58.46 cm; Body Weight: 6.01 kg; Systolic Blood Pressure: 116.0 mmHg; Diastolic Blood Pressure: 79.0 mmHg; Body Height: 62.32 cm; Body Weight: 7.14 kg; Systolic Blood Pressure: 128.0 mmHg; Diastolic Blood Pressure: 72.0 mmHg; Body Height: 66.96 cm; Body Weight: 8.51 kg; Systolic Blood Pressure: 109.0 mmHg; Diastolic Blood Pressure: 74.0 mmHg; Body Height: 70.82 cm; Body Weight: 9.58 kg; Systolic Blood Pressure: 120.0 mmHg; Body Height: 74.19 cm; Body Weight: 10.43 kg; Systolic Blood Pressure: 107.0 mmHg; Diastolic Blood Pressure: 77.0 mmHg; Body Height: 77.2 cm; Body Weight: 11.13 kg; Systolic Blood Pressure: 127.0 mmHg; Oral temperature: 38.68 Cel; Body Height: 79.96 cm; Body Weight: 11.72 kg; Systolic Blood Pressure: 121.0 mmHg; Body Height: 84.22 cm; Body Weight: 12.74 kg; Body Mass Index: 17.96 kg/m2; Systolic Blood Pressure: 100.0 mmHg; Body Height: 88.63 cm; Body Weight: 13.67 kg. Immunizations: Hep B adolescent or pediatric; rotavirus monovalent; DTaP; Hib (PRP-OMP); Pneumococcal conjugate PCV 13; IPV; Influenza seasonal injectable preservative free; MMR; varicella; Hep A ped/adol 2 dose.",0
265cc6a3-96d3-4e7f-bd71-d9cce1628261,"Demographics: born 1952-09-13, gender M, race hispanic, ethnicity puerto_rican. Encounters: Outpatient Encounter; Encounter for symptom; Emergency room admission; Encounter for 'check-up'. Medications: Acetaminophen 325 MG Oral Tablet; Penicillin V Potassium 500 MG; Acetaminophen 160 MG. Procedures: Documentation of current medications; Colonoscopy; Fecal occult blood test; Rectal polypectomy; Throat culture (procedure); Measurement of respiratory function (procedure). Observations: Body Height: 176.1 cm; Body Weight: 129.99 kg; Body Mass Index: 41.92 kg/m2; Systolic Blood Pressure: 130.0 mmHg; Diastolic Blood Pressure: 83.0 mmHg; Systolic Blood Pressure: 118.0 mmHg; Diastolic Blood Pressure: 80.0 mmHg; Oral temperature: 37.0 Cel; Systolic Blood Pressure: 100.0 mmHg; Diastolic Blood Pressure: 88.0 mmHg; Polyp size greatest dimension by CAP cancer protocols: 4.0 mm; Hemoglobin.gastrointestinal [Presence] in Stool by Immunologic method: 0.0 ng/mL; Body Weight: 128.75 kg; Body Mass Index: 41.52 kg/m2; Systolic Blood Pressure: 112.0 mmHg; Diastolic Blood Pressure: 85.0 mmHg; Total Cholesterol: 162.0 mg/dL; Triglycerides: 134.0 mg/dL; Low Density Lipoprotein Cholesterol: 58.0 mg/dL; High Density Lipoprotein Cholesterol: 77.0 mg/dL; Body Weight: 126.83 kg; Body Mass Index: 40.9 kg/m2; Systolic Blood Pressure: 110.0 mmHg; Oral temperature: 39.08 Cel; Body Weight: 125.26 kg; Body Mass Index: 40.39 kg/m2; Systolic Blood Pressure: 108.0 mmHg; Diastolic Blood Pressure: 71.0 mmHg; Body Weight: 124.26 kg; Body Mass Index: 40.07 kg/m2; Systolic Blood Pressure: 129.0 mmHg; Diastolic Blood Pressure: 78.0 mmHg; Body Weight: 122.54 kg; Body Mass Index: 39.51 kg/m2; Systolic Blood Pressure: 119.0 mmHg; Diastolic Blood Pressure: 74.0 mmHg; Total Cholesterol: 185.0 mg/dL; Triglycerides: 113.0 mg/dL; Low Density Lipoprotein Cholesterol: 87.0 mg/dL; High Density Lipoprotein Cholesterol: 75.0 mg/dL. Allergies: Allergy to peanuts. Immunizations: Influenza seasonal injectable preservative free; zoster; Td (adult) preservative free.",0
88afadf1-ea87-4dc3-8b37-09747fbd72ad,"Demographics: born 1962-10-19, gender F, race asian, ethnicity asian_indian. Encounters: Outpatient Encounter; Encounter for 'check-up'; Encounter for symptom. Medications: Penicillin V Potassium 250 MG; Nitrofurantoin 5 MG/ML [Furadantin]; Phenazopyridine hydrochloride 100 MG [Pyridium]. Procedures: Colonoscopy; Documentation of current medications. Observations: Body Height: 154.02 cm; Body Weight: 103.22 kg; Body Mass Index: 43.51 kg/m2; Systolic Blood Pressure: 126.0 mmHg; Diastolic Blood Pressure: 80.0 mmHg; Body Weight: 104.75 kg; Body Mass Index: 44.16 kg/m2; Systolic Blood Pressure: 125.0 mmHg; Diastolic Blood Pressure: 87.0 mmHg; Total Cholesterol: 193.0 mg/dL; Triglycerides: 123.0 mg/dL; Low Density Lipoprotein Cholesterol: 106.0 mg/dL; High Density Lipoprotein Cholesterol: 62.0 mg/dL; Systolic Blood Pressure: 105.0 mmHg; Diastolic Blood Pressure: 84.0 mmHg; Systolic Blood Pressure: 137.0 mmHg; Diastolic Blood Pressure: 82.0 mmHg; Systolic Blood Pressure: 111.0 mmHg; Diastolic Blood Pressure: 78.0 mmHg; Triglycerides: 107.0 mg/dL; Low Density Lipoprotein Cholesterol: 93.0 mg/dL; High Density Lipoprotein Cholesterol: 78.0 mg/dL. Immunizations: Influenza seasonal injectable preservative free; Td (adult) preservative free.",0
6c9320ea-d0dd-4e7f-9ee0-76aeb8622a4b,"Demographics: born 1959-11-18, gender F, race white, ethnicity scottish. Encounters: Outpatient Encounter; Encounter for symptom; Encounter for 'check-up'. Medications: Penicillin V Potassium 250 MG; Penicillin V Potassium 500 MG; Acetaminophen 160 MG. Procedures: Documentation of current medications; Colonoscopy; Measurement of respiratory function (procedure). Observations: Hemoglobin A1c/Hemoglobin.total in Blood: 6.2 %; Body Height: 167.45 cm; Body Weight: 91.65 kg; Body Mass Index: 32.69 kg/m2; Systolic Blood Pressure: 127.0 mmHg; Diastolic Blood Pressure: 73.0 mmHg; Glucose: 86.0 mg/dL; Urea Nitrogen: 8.0 mg/dL; Creatinine: 1.0 mg/dL; Calcium: 10.13 mg/dL; Sodium: 136.0 mmol/L; Potassium: 3.93 mmol/L; Chloride: 107.0 mmol/L; Carbon Dioxide: 23.0 mmol/L; Total Cholesterol: 191.0 mg/dL; Triglycerides: 128.0 mg/dL; Low Density Lipoprotein Cholesterol: 96.0 mg/dL; High Density Lipoprotein Cholesterol: 69.0 mg/dL; Oral temperature: 38.0 Cel; Hemoglobin A1c/Hemoglobin.total in Blood: 6.3 %; Systolic Blood Pressure: 107.0 mmHg; Diastolic Blood Pressure: 86.0 mmHg; Glucose: 96.0 mg/dL; Calcium: 9.73 mg/dL; Sodium: 137.0 mmol/L; Potassium: 4.31 mmol/L; Chloride: 109.0 mmol/L; Systolic Blood Pressure: 102.0 mmHg; Diastolic Blood Pressure: 89.0 mmHg; Urea Nitrogen: 16.0 mg/dL; Calcium: 9.36 mg/dL; Potassium: 4.73 mmol/L; Chloride: 108.0 mmol/L; Carbon Dioxide: 25.0 mmol/L; Hemoglobin A1c/Hemoglobin.total in Blood: 6.1 %; Systolic Blood Pressure: 133.0 mmHg; Glucose: 94.0 mg/dL; Urea Nitrogen: 13.0 mg/dL; Calcium: 9.79 mg/dL; Sodium: 139.0 mmol/L. Immunizations: Influenza seasonal injectable preservative free; Td (adult) preservative free.",0
655e8aa2-a87e-457e-9a78-99bdce22aa1f,"Demographics: born 2003-01-13, gender F, race white, ethnicity english. Encounters: Outpatient Encounter; Encounter for symptom; Emergency room admission; Encounter for 'check-up'. Medications: Penicillin V Potassium 250 MG; Acetaminophen 160 MG; Acetaminophen 325 MG / HYDROcodone Bitartrate 7.5 MG Oral Tablet; Acetaminophen 325 MG Oral Tablet. Procedures: Documentation of current medications; Measurement of respiratory function (procedure); Bone immobilization. Observations: Body Height: 126.78 cm; Body Weight: 25.59 kg; Body Mass Index: 15.92 kg/m2; Systolic Blood Pressure: 132.0 mmHg; Diastolic Blood Pressure: 80.0 mmHg; Body Height: 133.0 cm; Body Weight: 29.32 kg; Body Mass Index: 16.58 kg/m2; Systolic Blood Pressure: 114.0 mmHg; Diastolic Blood Pressure: 70.0 mmHg; Body Height: 138.63 cm; Body Weight: 33.73 kg; Body Mass Index: 17.55 kg/m2; Systolic Blood Pressure: 106.0 mmHg; Diastolic Blood Pressure: 77.0 mmHg; Body Height: 144.95 cm; Body Weight: 38.71 kg; Body Mass Index: 18.42 kg/m2; Systolic Blood Pressure: 122.0 mmHg; Diastolic Blood Pressure: 88.0 mmHg; Body Height: 152.71 cm; Body Weight: 43.86 kg; Body Mass Index: 18.81 kg/m2; Systolic Blood Pressure: 116.0 mmHg; Body Height: 159.59 cm; Body Weight: 49.01 kg; Body Mass Index: 19.24 kg/m2; Systolic Blood Pressure: 126.0 mmHg; Diastolic Blood Pressure: 72.0 mmHg; Body Height: 162.63 cm; Body Weight: 52.61 kg; Body Mass Index: 19.89 kg/m2; Systolic Blood Pressure: 107.0 mmHg; Diastolic Blood Pressure: 71.0 mmHg. Immunizations: Influenza seasonal injectable preservative free; meningococcal MCV4P; Tdap; HPV quadrivalent.",0
fb92c4a9-22b6-4627-b05c-179acd8327e7,"Demographics: born 1972-12-18, gender F, race white, ethnicity french. Encounters: Encounter for symptom; Outpatient Encounter. Medications: Amoxicillin 250 MG / Clavulanate 125 MG [Augmentin]. Procedures: Documentation of current medications. Observations: Body Height: 160.79 cm; Body Weight: 92.74 kg; Body Mass Index: 35.87 kg/m2; Systolic Blood Pressure: 126.0 mmHg; Diastolic Blood Pressure: 75.0 mmHg; Total Cholesterol: 198.0 mg/dL; Triglycerides: 113.0 mg/dL; Low Density Lipoprotein Cholesterol: 108.0 mg/dL; High Density Lipoprotein Cholesterol: 67.0 mg/dL; Body Weight: 95.92 kg; Body Mass Index: 37.11 kg/m2; Systolic Blood Pressure: 103.0 mmHg; Diastolic Blood Pressure: 77.0 mmHg. Immunizations: Influenza seasonal injectable preservative free; Td (adult) preservative free.",0
bd601ddf-82bd-4e44-9b29-4e93743959ec,"Demographics: born 1963-04-11, gender M, race hispanic, ethnicity mexican. Encounters: Outpatient Encounter; Encounter for symptom. Medications: Penicillin V Potassium 250 MG. Procedures: Documentation of current medications. Observations: Body Height: 178.55 cm; Body Weight: 115.16 kg; Body Mass Index: 36.12 kg/m2; Systolic Blood Pressure: 193.0 mmHg; Diastolic Blood Pressure: 109.0 mmHg; Total Cholesterol: 195.0 mg/dL; Triglycerides: 105.0 mg/dL; Low Density Lipoprotein Cholesterol: 113.0 mg/dL; High Density Lipoprotein Cholesterol: 61.0 mg/dL; Estimated Glomerular Filtration Rate: 60.0 mL/min/{1.73_m2}; Hemoglobin A1c/Hemoglobin.total in Blood: 6.2 %; Body Weight: 117.08 kg; Body Mass Index: 36.73 kg/m2; Systolic Blood Pressure: 159.0 mmHg; Diastolic Blood Pressure: 107.0 mmHg; Glucose: 80.0 mg/dL; Urea Nitrogen: 14.0 mg/dL; Creatinine: 1.0 mg/dL; Calcium: 9.23 mg/dL; Sodium: 140.0 mmol/L; Potassium: 4.11 mmol/L; Chloride: 102.0 mmol/L; Carbon Dioxide: 28.0 mmol/L; Hemoglobin A1c/Hemoglobin.total in Blood: 6.1 %; Systolic Blood Pressure: 142.0 mmHg; Diastolic Blood Pressure: 103.0 mmHg; Glucose: 78.0 mg/dL; Urea Nitrogen: 18.0 mg/dL; Calcium: 9.37 mg/dL; Sodium: 136.0 mmol/L; Potassium: 4.89 mmol/L; Chloride: 106.0 mmol/L; Carbon Dioxide: 22.0 mmol/L; Hemoglobin A1c/Hemoglobin.total in Blood: 5.8 %; Systolic Blood Pressure: 149.0 mmHg; Glucose: 86.0 mg/dL; Urea Nitrogen: 10.0 mg/dL; Calcium: 9.7 mg/dL; Potassium: 4.18 mmol/L; Chloride: 110.0 mmol/L. Immunizations: Influenza seasonal injectable preservative free; Td (adult) preservative free.",1
bd7afec8-b13d-4112-8d19-85ebb9a8ee49,"Demographics: born 1982-11-21, gender M, race white, ethnicity polish. Encounters: Outpatient Encounter. Observations: Body Height: 179.96 cm; Body Weight: 90.5 kg; Body Mass Index: 27.94 kg/m2; Systolic Blood Pressure: 173.0 mmHg; Diastolic Blood Pressure: 91.0 mmHg; Total Cholesterol: 175.0 mg/dL; Triglycerides: 132.0 mg/dL; Low Density Lipoprotein Cholesterol: 70.0 mg/dL; High Density Lipoprotein Cholesterol: 78.0 mg/dL; Estimated Glomerular Filtration Rate: 60.0 mL/min/{1.73_m2}; Body Weight: 96.01 kg; Body Mass Index: 29.64 kg/m2; Systolic Blood Pressure: 199.0 mmHg; Diastolic Blood Pressure: 92.0 mmHg; Total Cholesterol: 162.0 mg/dL; Low Density Lipoprotein Cholesterol: 63.0 mg/dL; High Density Lipoprotein Cholesterol: 72.0 mg/dL. Immunizations: Influenza seasonal injectable preservative free; Td (adult) preservative free.",1
8477b4c6-0a4d-42c5-b8cf-57fe918373ac,"Demographics: born 1962-12-12, gender M, race hispanic, ethnicity puerto_rican. Encounters: Outpatient Encounter; Encounter for 'check-up'; Encounter for symptom. Medications: Naproxen sodium 220 MG [Aleve]; Acetaminophen 160 MG. Procedures: Documentation of current medications; Colonoscopy; Sputum examination (procedure). Observations: Body Height: 167.01 cm; Body Weight: 125.46 kg; Body Mass Index: 44.98 kg/m2; Systolic Blood Pressure: 150.0 mmHg; Diastolic Blood Pressure: 116.0 mmHg; Estimated Glomerular Filtration Rate: 60.0 mL/min/{1.73_m2}; Body Weight: 128.34 kg; Body Mass Index: 46.01 kg/m2; Systolic Blood Pressure: 171.0 mmHg; Diastolic Blood Pressure: 113.0 mmHg; Total Cholesterol: 178.0 mg/dL; Triglycerides: 147.0 mg/dL; Low Density Lipoprotein Cholesterol: 87.0 mg/dL; High Density Lipoprotein Cholesterol: 61.0 mg/dL; Systolic Blood Pressure: 182.0 mmHg; Diastolic Blood Pressure: 99.0 mmHg; Systolic Blood Pressure: 157.0 mmHg; Diastolic Blood Pressure: 90.0 mmHg; Total Cholesterol: 200.0 mg/dL; Triglycerides: 131.0 mg/dL; Low Density Lipoprotein Cholesterol: 101.0 mg/dL; High Density Lipoprotein Cholesterol: 72.0 mg/dL; Systolic Blood Pressure: 155.0 mmHg; Diastolic Blood Pressure: 106.0 mmHg. Immunizations: Influenza seasonal injectable preservative free; Td (adult) preservative free.",1
20111c05-1135-4961-9726-93f875740b89,"Demographics: born 1957-05-04, gender M, race white, ethnicity french_canadian. Encounters: Outpatient Encounter; Encounter for 'check-up'; Encounter for symptom. Medications: Nitrofurantoin 5 MG/ML [Furadantin]; Phenazopyridine hydrochloride 100 MG [Pyridium]. Procedures: Documentation of current medications; Colonoscopy. Observations: Body Height: 177.45 cm; Body Weight: 108.68 kg; Body Mass Index: 34.52 kg/m2; Systolic Blood Pressure: 147.0 mmHg; Diastolic Blood Pressure: 111.0 mmHg; Estimated Glomerular Filtration Rate: 60.0 mL/min/{1.73_m2}; Systolic Blood Pressure: 154.0 mmHg; Diastolic Blood Pressure: 112.0 mmHg; Total Cholesterol: 186.0 mg/dL; Triglycerides: 130.0 mg/dL; Low Density Lipoprotein Cholesterol: 89.0 mg/dL; High Density Lipoprotein Cholesterol: 71.0 mg/dL; Systolic Blood Pressure: 171.0 mmHg; Diastolic Blood Pressure: 91.0 mmHg; Systolic Blood Pressure: 172.0 mmHg; Diastolic Blood Pressure: 98.0 mmHg; Systolic Blood Pressure: 148.0 mmHg; Diastolic Blood Pressure: 103.0 mmHg; Total Cholesterol: 175.0 mg/dL; Triglycerides: 133.0 mg/dL; Low Density Lipoprotein Cholesterol: 74.0 mg/dL; High Density Lipoprotein Cholesterol: 74.0 mg/dL; Systolic Blood Pressure: 164.0 mmHg; Diastolic Blood Pressure: 93.0 mmHg; Systolic Blood Pressure: 200.0 mmHg; Diastolic Blood Pressure: 107.0 mmHg. Immunizations: Influenza seasonal injectable preservative free.",1
430e5a9c-0a8e-4dc9-ad4b-c8c0795448a1,"Demographics: born 1997-07-27, gender F, race white, ethnicity irish. Encounters: Emergency room admission; Encounter for 'check-up'; Outpatient Encounter; Consultation for treatment; Encounter for symptom. Medications: Penicillin V Potassium 250 MG; Ibuprofen 200 MG Oral Tablet; Natazia 28 Day Pack. Procedures: Bone immobilization; Documentation of current medications. Observations: Body Height: 163.65 cm; Body Weight: 55.68 kg; Body Mass Index: 20.79 kg/m2; Systolic Blood Pressure: 136.0 mmHg; Diastolic Blood Pressure: 70.0 mmHg; Body Height: 165.43 cm; Body Weight: 58.61 kg; Body Mass Index: 21.42 kg/m2; Systolic Blood Pressure: 112.0 mmHg; Diastolic Blood Pressure: 79.0 mmHg; Body Height: 166.36 cm; Body Weight: 60.77 kg; Body Mass Index: 21.96 kg/m2; Systolic Blood Pressure: 113.0 mmHg; Diastolic Blood Pressure: 72.0 mmHg; Body Height: 166.75 cm; Body Weight: 61.85 kg; Body Mass Index: 22.25 kg/m2; Systolic Blood Pressure: 138.0 mmHg; Body Height: 167.05 cm; Body Weight: 62.96 kg; Body Mass Index: 22.56 kg/m2; Systolic Blood Pressure: 107.0 mmHg; Diastolic Blood Pressure: 74.0 mmHg; Body Height: 167.22 cm; Body Weight: 64.02 kg; Body Mass Index: 22.9 kg/m2; Systolic Blood Pressure: 132.0 mmHg; Diastolic Blood Pressure: 75.0 mmHg; Body Height: 167.33 cm; Body Weight: 65.27 kg; Body Mass Index: 23.31 kg/m2; Systolic Blood Pressure: 125.0 mmHg; Diastolic Blood Pressure: 83.0 mmHg. Immunizations: Influenza seasonal injectable preservative free; HPV quadrivalent; meningococcal MCV4P.",0
9d26ea4d-d91d-4375-8db6-abb0286b129f,"Demographics: born 1937-06-05, gender F, race asian, ethnicity asian_indian. Encounters: Outpatient Encounter; Encounter for 'check-up'; Encounter for symptom; Encounter for problem. Medications: Penicillin V Potassium 500 MG; Clopidogrel 75 MG Oral Tablet; Simvastatin 20 MG Oral Tablet; Amlodipine 5 MG Oral Tablet; Nitroglycerin 0.4 MG/ACTUAT [Nitrolingual]; Acetaminophen 160 MG. Procedures: Documentation of current medications; Colonoscopy; Fecal occult blood test; Rectal polypectomy; Measurement of respiratory function (procedure); Partial resection of colon. Observations: Hemoglobin A1c/Hemoglobin.total in Blood: 6.1 %; Body Height: 164.19 cm; Body Weight: 78.18 kg; Body Mass Index: 29.0 kg/m2; Systolic Blood Pressure: 144.0 mmHg; Diastolic Blood Pressure: 114.0 mmHg; Glucose: 100.0 mg/dL; Urea Nitrogen: 11.0 mg/dL; Creatinine: 1.0 mg/dL; Calcium: 9.01 mg/dL; Sodium: 136.0 mmol/L; Potassium: 4.83 mmol/L; Chloride: 110.0 mmol/L; Carbon Dioxide: 26.0 mmol/L; Total Cholesterol: 189.0 mg/dL; Triglycerides: 136.0 mg/dL; Low Density Lipoprotein Cholesterol: 99.0 mg/dL; High Density Lipoprotein Cholesterol: 62.0 mg/dL; Estimated Glomerular Filtration Rate: 60.0 mL/min/{1.73_m2}; Hemoglobin A1c/Hemoglobin.total in Blood: 6.2 %; Body Weight: 76.67 kg; Body Mass Index: 28.44 kg/m2; Systolic Blood Pressure: 171.0 mmHg; Diastolic Blood Pressure: 110.0 mmHg; Glucose: 74.0 mg/dL; Urea Nitrogen: 15.0 mg/dL; Calcium: 9.72 mg/dL; Sodium: 142.0 mmol/L; Potassium: 4.8 mmol/L; Chloride: 103.0 mmol/L; Carbon Dioxide: 24.0 mmol/L; Polyp size greatest dimension by CAP cancer protocols: 6.0 mm; Hemoglobin.gastrointestinal [Presence] in Stool by Immunologic method: 18.0 ng/mL; Hemoglobin A1c/Hemoglobin.total in Blood: 5.9 %; Body Weight: 74.75 kg; Body Mass Index: 27.73 kg/m2; Systolic Blood Pressure: 164.0 mmHg; Diastolic Blood Pressure: 115.0 mmHg; Glucose: 67.0 mg/dL; Urea Nitrogen: 14.0 mg/dL. Allergies: Dander (animal) allergy. Immunizations: Influenza seasonal injectable preservative free.",1
54c9625a-4f99-4e0c-8ecb-45f0f0f833e7,"Demographics: born 1929-11-12, gender M, race white, ethnicity american. Encounters: Outpatient Encounter. Medications: Penicillin V Potassium 500 MG. Procedures: Documentation of current medications. Observations: Hemoglobin A1c/Hemoglobin.total in Blood: 6.3 %; Body Height: 178.06 cm; Body Weight: 88.7 kg; Body Mass Index: 27.98 kg/m2; Systolic Blood Pressure: 122.0 mmHg; Diastolic Blood Pressure: 87.0 mmHg; Glucose: 87.0 mg/dL; Urea Nitrogen: 15.0 mg/dL; Creatinine: 1.0 mg/dL; Calcium: 9.9 mg/dL; Sodium: 139.0 mmol/L; Potassium: 4.14 mmol/L; Chloride: 104.0 mmol/L; Carbon Dioxide: 25.0 mmol/L; Total Cholesterol: 185.0 mg/dL; Triglycerides: 150.0 mg/dL; Low Density Lipoprotein Cholesterol: 78.0 mg/dL; High Density Lipoprotein Cholesterol: 77.0 mg/dL; Hemoglobin A1c/Hemoglobin.total in Blood: 6.4 %; Body Weight: 87.64 kg; Body Mass Index: 27.64 kg/m2; Systolic Blood Pressure: 127.0 mmHg; Diastolic Blood Pressure: 75.0 mmHg; Glucose: 80.0 mg/dL; Urea Nitrogen: 19.0 mg/dL; Calcium: 9.12 mg/dL; Sodium: 136.0 mmol/L; Potassium: 4.18 mmol/L; Chloride: 109.0 mmol/L; Carbon Dioxide: 22.0 mmol/L; Hemoglobin A1c/Hemoglobin.total in Blood: 5.8 %; Body Weight: 86.03 kg; Body Mass Index: 27.13 kg/m2; Systolic Blood Pressure: 107.0 mmHg; Diastolic Blood Pressure: 77.0 mmHg; Urea Nitrogen: 13.0 mg/dL; Calcium: 9.1 mg/dL; Sodium: 137.0 mmol/L; Potassium: 4.52 mmol/L; Chloride: 102.0 mmol/L. Immunizations: Influenza seasonal injectable preservative free; Td (adult) preservative free.",0
7dc91db5-801a-4f9a-9d89-2808030d1a66,"Demographics: born 1957-04-03, gender M, race white, ethnicity italian. Encounters: Outpatient Encounter; Encounter for symptom; Encounter for 'check-up'; Emergency room admission. Medications: Penicillin V Potassium 250 MG; Clopidogrel 75 MG Oral Tablet; Simvastatin 20 MG Oral Tablet; Amlodipine 5 MG Oral Tablet; Nitroglycerin 0.4 MG/ACTUAT [Nitrolingual]; insulin human isophane 70 UNT/ML / Regular Insulin Human 30 UNT/ML Injectable Suspension [Humulin]. Procedures: Documentation of current medications; Colonoscopy. Observations: Hemoglobin A1c/Hemoglobin.total in Blood: 4.8 %; Body Height: 181.65 cm; Body Weight: 103.21 kg; Body Mass Index: 31.28 kg/m2; Systolic Blood Pressure: 173.0 mmHg; Diastolic Blood Pressure: 99.0 mmHg; Glucose: 114.0 mg/dL; Urea Nitrogen: 12.0 mg/dL; Creatinine: 1.0 mg/dL; Calcium: 9.05 mg/dL; Sodium: 138.0 mmol/L; Potassium: 3.98 mmol/L; Chloride: 110.0 mmol/L; Carbon Dioxide: 28.0 mmol/L; Total Cholesterol: 235.0 mg/dL; Triglycerides: 162.0 mg/dL; Low Density Lipoprotein Cholesterol: 158.0 mg/dL; High Density Lipoprotein Cholesterol: 44.0 mg/dL; Microalbumin Creatine Ratio: 20.0 mg/g; Estimated Glomerular Filtration Rate: 60.0 mL/min/{1.73_m2}; Systolic Blood Pressure: 148.0 mmHg; Diastolic Blood Pressure: 91.0 mmHg; Glucose: 107.0 mg/dL; Urea Nitrogen: 13.0 mg/dL; Calcium: 8.76 mg/dL; Sodium: 140.0 mmol/L; Potassium: 3.75 mmol/L; Chloride: 105.0 mmol/L; Carbon Dioxide: 20.0 mmol/L; Total Cholesterol: 232.0 mg/dL; Triglycerides: 155.0 mg/dL; Low Density Lipoprotein Cholesterol: 159.0 mg/dL; High Density Lipoprotein Cholesterol: 42.0 mg/dL; Microalbumin Creatine Ratio: 24.0 mg/g; Systolic Blood Pressure: 161.0 mmHg; Diastolic Blood Pressure: 93.0 mmHg; Glucose: 118.0 mg/dL; Urea Nitrogen: 20.0 mg/dL; Calcium: 9.91 mg/dL; Potassium: 4.86 mmol/L. Immunizations: Influenza seasonal injectable preservative free; zoster.",1
a7077ad2-0914-488f-ba7c-a3ed31f1914f,"Demographics: born 1937-11-22, gender M, race white, ethnicity english. Encounters: Emergency Encounter; Outpatient Encounter; Emergency room admission; Encounter for 'check-up'. Medications: Nitroglycerin 0.4 MG/ACTUAT [Nitrolingual]; Simvastatin 20 MG Oral Tablet; Amlodipine 5 MG Oral Tablet; Clopidogrel 75 MG Oral Tablet; Alendronic acid 10 MG [Fosamax]; Alteplase 1 MG/ML Injectable Solution; Acetaminophen 325 MG Oral Tablet. Procedures: Percutaneous mechanical thrombectomy of portal vein using fluoroscopic guidance; Bone immobilization; Documentation of current medications. Observations: Body Height: 190.18 cm; Body Weight: 90.86 kg; Body Mass Index: 25.12 kg/m2; Systolic Blood Pressure: 193.0 mmHg; Diastolic Blood Pressure: 97.0 mmHg; Estimated Glomerular Filtration Rate: 60.0 mL/min/{1.73_m2}; Body Weight: 89.12 kg; Body Mass Index: 24.64 kg/m2; Systolic Blood Pressure: 171.0 mmHg; Diastolic Blood Pressure: 120.0 mmHg; Body Weight: 87.94 kg; Body Mass Index: 24.31 kg/m2; Systolic Blood Pressure: 155.0 mmHg; Diastolic Blood Pressure: 119.0 mmHg; Body Weight: 86.27 kg; Body Mass Index: 23.85 kg/m2; Systolic Blood Pressure: 189.0 mmHg; Diastolic Blood Pressure: 93.0 mmHg; Total Cholesterol: 160.0 mg/dL; Triglycerides: 113.0 mg/dL; Low Density Lipoprotein Cholesterol: 71.0 mg/dL; High Density Lipoprotein Cholesterol: 66.0 mg/dL. Immunizations: Influenza seasonal injectable preservative free.",1
e4528fa3-370e-4b0a-8bad-e6d31f23774b,"Demographics: born 1947-09-22, gender F, race white, ethnicity italian. Encounters: Outpatient Encounter; Emergency room admission; Encounter for 'check-up'; Encounter for symptom. Medications: Penicillin V Potassium 250 MG; Naproxen sodium 220 MG [Aleve]; Naproxen sodium 220 MG Oral Tablet; Acetaminophen 160 MG. Procedures: Documentation of current medications; Suture open wound; Colonoscopy; Fecal occult blood test; Rectal polypectomy. Observations: Hemoglobin A1c/Hemoglobin.total in Blood: 6.1 %; Body Height: 168.07 cm; Body Weight: 130.12 kg; Body Mass Index: 46.07 kg/m2; Systolic Blood Pressure: 181.0 mmHg; Diastolic Blood Pressure: 98.0 mmHg; Glucose: 69.0 mg/dL; Urea Nitrogen: 11.0 mg/dL; Creatinine: 1.0 mg/dL; Calcium: 8.89 mg/dL; Sodium: 137.0 mmol/L; Potassium: 4.42 mmol/L; Chloride: 109.0 mmol/L; Carbon Dioxide: 21.0 mmol/L; Total Cholesterol: 200.0 mg/dL; Triglycerides: 116.0 mg/dL; Low Density Lipoprotein Cholesterol: 102.0 mg/dL; High Density Lipoprotein Cholesterol: 74.0 mg/dL; Estimated Glomerular Filtration Rate: 60.0 mL/min/{1.73_m2}; Hemoglobin A1c/Hemoglobin.total in Blood: 6.2 %; Body Weight: 128.91 kg; Body Mass Index: 45.64 kg/m2; Systolic Blood Pressure: 171.0 mmHg; Diastolic Blood Pressure: 93.0 mmHg; Glucose: 67.0 mg/dL; Urea Nitrogen: 19.0 mg/dL; Calcium: 9.87 mg/dL; Potassium: 5.01 mmol/L; Chloride: 106.0 mmol/L; Carbon Dioxide: 29.0 mmol/L; Body Weight: 127.84 kg; Body Mass Index: 45.26 kg/m2; Systolic Blood Pressure: 156.0 mmHg; Diastolic Blood Pressure: 94.0 mmHg; Glucose: 76.0 mg/dL; Urea Nitrogen: 16.0 mg/dL; Calcium: 8.84 mg/dL; Sodium: 136.0 mmol/L; Potassium: 5.1 mmol/L; Hemoglobin A1c/Hemoglobin.total in Blood: 5.9 %. Immunizations: Influenza seasonal injectable preservative free; Pneumococcal conjugate PCV 13; pneumococcal polysaccharide vaccine 23 valent.",1
06773b36-47c9-46af-ba02-dc767c5a95ca,"Demographics: born 1994-08-11, gender M, race white, ethnicity irish. Encounters: Outpatient Encounter; Encounter for symptom. Medications: Penicillin V Potassium 250 MG; Acetaminophen 160 MG. Procedures: Documentation of current medications; Measurement of respiratory function (procedure). Observations: Body Height: 166.79 cm; Body Weight: 65.24 kg; Body Mass Index: 23.45 kg/m2; Systolic Blood Pressure: 118.0 mmHg; Diastolic Blood Pressure: 73.0 mmHg; Body Height: 168.77 cm; Body Weight: 69.08 kg; Body Mass Index: 24.25 kg/m2; Systolic Blood Pressure: 134.0 mmHg; Diastolic Blood Pressure: 86.0 mmHg; Body Height: 169.69 cm; Body Weight: 71.77 kg; Body Mass Index: 24.92 kg/m2; Systolic Blood Pressure: 194.0 mmHg; Diastolic Blood Pressure: 103.0 mmHg; Estimated Glomerular Filtration Rate: 60.0 mL/min/{1.73_m2}; Body Height: 170.12 cm; Body Weight: 73.76 kg; Body Mass Index: 25.49 kg/m2; Systolic Blood Pressure: 173.0 mmHg; Diastolic Blood Pressure: 115.0 mmHg; Body Height: 170.25 cm; Body Weight: 76.38 kg; Body Mass Index: 26.35 kg/m2; Systolic Blood Pressure: 145.0 mmHg; Diastolic Blood Pressure: 107.0 mmHg. Immunizations: Influenza seasonal injectable preservative free; meningococcal MCV4P.",1
297ba7a8-b7ec-4e30-9413-be5281545b99,"Demographics: born 1926-08-20, gender M, race white, ethnicity french. Encounters: Death Certification. Medications: Penicillin V Potassium 500 MG; Fluticasone propionate 0.25 MG/ACTUAT / salmeterol 0.05 MG/ACTUAT [Advair]. Observations: Pulmonary emphysema (disorder).",1
5ad82fb9-9d95-4eb1-bc75-06817b0a853f,"Demographics: born 1953-07-24, gender M, race white, ethnicity french. Encounters: Encounter for symptom; Emergency room admission; Outpatient Encounter. Medications: Penicillin V Potassium 500 MG; Acetaminophen 325 MG Oral Tablet; Amoxicillin 250 MG / Clavulanate 125 MG [Augmentin]. Procedures: Documentation of current medications. Observations: Body Height: 182.1 cm; Body Weight: 112.98 kg; Body Mass Index: 34.07 kg/m2; Systolic Blood Pressure: 182.0 mmHg; Diastolic Blood Pressure: 92.0 mmHg; Estimated Glomerular Filtration Rate: 60.0 mL/min/{1.73_m2}; Systolic Blood Pressure: 154.0 mmHg; Diastolic Blood Pressure: 111.0 mmHg; Total Cholesterol: 193.0 mg/dL; Triglycerides: 130.0 mg/dL; Low Density Lipoprotein Cholesterol: 92.0 mg/dL; High Density Lipoprotein Cholesterol: 75.0 mg/dL. Immunizations: Influenza seasonal injectable preservative free.",1
aef14ae9-26a8-4efe-8238-c8c85471df78,"Demographics: born 1955-08-11, gender M, race white, ethnicity irish. Encounters: Encounter for 'check-up'; Encounter for symptom. Medications: Acetaminophen 160 MG. Procedures: Colonoscopy; Measurement of respiratory function (procedure).",1
67428a87-b40a-4053-8543-22db779d98ab,"Demographics: born 1997-11-20, gender M, race white, ethnicity irish. Encounters: Encounter for problem; Outpatient Encounter; Encounter for symptom; Emergency room admission; Encounter for 'check-up'. Medications: Acetaminophen 160 MG; Acetaminophen 325 MG Oral Tablet. Procedures: Cognitive and behavioral therapy; Documentation of current medications. Observations: Body Height: 162.61 cm; Body Weight: 43.8 kg; Body Mass Index: 16.57 kg/m2; Systolic Blood Pressure: 135.0 mmHg; Diastolic Blood Pressure: 72.0 mmHg; Body Height: 170.29 cm; Body Weight: 49.02 kg; Body Mass Index: 16.9 kg/m2; Systolic Blood Pressure: 132.0 mmHg; Diastolic Blood Pressure: 85.0 mmHg; Body Height: 176.54 cm; Body Weight: 54.91 kg; Body Mass Index: 17.62 kg/m2; Systolic Blood Pressure: 133.0 mmHg; Diastolic Blood Pressure: 76.0 mmHg; Body Height: 179.58 cm; Body Weight: 59.85 kg; Body Mass Index: 18.56 kg/m2; Systolic Blood Pressure: 128.0 mmHg; Body Height: 180.84 cm; Body Weight: 63.18 kg; Body Mass Index: 19.32 kg/m2; Systolic Blood Pressure: 127.0 mmHg; Diastolic Blood Pressure: 86.0 mmHg; Body Height: 181.42 cm; Body Weight: 65.33 kg; Body Mass Index: 19.85 kg/m2; Systolic Blood Pressure: 121.0 mmHg; Diastolic Blood Pressure: 81.0 mmHg. Immunizations: Influenza seasonal injectable preservative free; HPV quadrivalent; meningococcal MCV4P.",0
02b525f8-b653-46ac-843b-da8bf75db376,"Demographics: born 1964-05-03, gender M, race white, ethnicity french. Encounters: Encounter for symptom; Outpatient Encounter; Encounter for 'check-up'; Consultation for treatment; Patient encounter procedure. Medications: Fluticasone propionate 0.25 MG/ACTUAT / salmeterol 0.05 MG/ACTUAT [Advair]. Procedures: Spirometry (procedure); Documentation of current medications; Colonoscopy; Vasectomy. Observations: FEV1/​FVC: 49.0 %; Hemoglobin A1c/Hemoglobin.total in Blood: 6.4 %; Body Height: 163.78 cm; Body Weight: 111.41 kg; Body Mass Index: 41.53 kg/m2; Systolic Blood Pressure: 108.0 mmHg; Diastolic Blood Pressure: 76.0 mmHg; Glucose: 84.0 mg/dL; Urea Nitrogen: 19.0 mg/dL; Creatinine: 1.0 mg/dL; Calcium: 9.55 mg/dL; Sodium: 136.0 mmol/L; Potassium: 4.97 mmol/L; Chloride: 101.0 mmol/L; Carbon Dioxide: 24.0 mmol/L; Total Cholesterol: 172.0 mg/dL; Triglycerides: 136.0 mg/dL; Low Density Lipoprotein Cholesterol: 72.0 mg/dL; High Density Lipoprotein Cholesterol: 72.0 mg/dL; Oral temperature: 38.0 Cel; FEV1/​FVC: 43.0 %; Hemoglobin A1c/Hemoglobin.total in Blood: 5.9 %; Body Weight: 114.88 kg; Body Mass Index: 42.83 kg/m2; Systolic Blood Pressure: 137.0 mmHg; Diastolic Blood Pressure: 87.0 mmHg; Glucose: 71.0 mg/dL; Urea Nitrogen: 12.0 mg/dL; Calcium: 9.7 mg/dL; Sodium: 142.0 mmol/L; Potassium: 4.3 mmol/L; Chloride: 106.0 mmol/L; FEV1/​FVC: 36.0 %; Systolic Blood Pressure: 104.0 mmHg; Diastolic Blood Pressure: 74.0 mmHg; Glucose: 68.0 mg/dL; Urea Nitrogen: 7.0 mg/dL; Calcium: 9.36 mg/dL; Potassium: 4.17 mmol/L; Carbon Dioxide: 28.0 mmol/L. Immunizations: Influenza seasonal injectable preservative free; Td (adult) preservative free.",0
36492d2e-dad2-43be-91e5-4ca4cfc88e2b,"Demographics: born 1982-05-30, gender F, race asian, ethnicity chinese. Encounters: Encounter for symptom; Outpatient Encounter; Patient encounter procedure. Medications: Penicillin V Potassium 250 MG; Acetaminophen 160 MG. Procedures: Measurement of respiratory function (procedure); Replacement of contraceptive intrauterine device; Documentation of current medications. Observations: Body Height: 162.87 cm; Body Weight: 71.82 kg; Body Mass Index: 27.08 kg/m2; Systolic Blood Pressure: 193.0 mmHg; Diastolic Blood Pressure: 100.0 mmHg; Estimated Glomerular Filtration Rate: 60.0 mL/min/{1.73_m2}; Body Weight: 74.24 kg; Body Mass Index: 27.99 kg/m2; Systolic Blood Pressure: 141.0 mmHg; Diastolic Blood Pressure: 90.0 mmHg; Total Cholesterol: 173.0 mg/dL; Triglycerides: 111.0 mg/dL; Low Density Lipoprotein Cholesterol: 70.0 mg/dL; High Density Lipoprotein Cholesterol: 80.0 mg/dL; Body Weight: 79.16 kg; Body Mass Index: 29.84 kg/m2; Systolic Blood Pressure: 190.0 mmHg; Diastolic Blood Pressure: 105.0 mmHg. Immunizations: Influenza seasonal injectable preservative free; Td (adult) preservative free.",1
45e8e681-8b0f-4dce-8f0c-1554c80ff4ca,"Demographics: born 1974-09-21, gender F, race white, ethnicity irish. Encounters: Encounter for symptom; Emergency room admission; Outpatient Encounter; Prenatal initial visit; Prenatal visit; Obstetric emergency hospital admission; Encounter for 'check-up'. Medications: Fluticasone propionate 0.25 MG/ACTUAT / salmeterol 0.05 MG/ACTUAT [Advair]; Nitrofurantoin 5 MG/ML [Furadantin]; Phenazopyridine hydrochloride 100 MG [Pyridium]; Ibuprofen 200 MG Oral Tablet. Procedures: Spirometry (procedure); Documentation of current medications; Standard pregnancy test; Medical induction of labor; Childbirth. Observations: FEV1/​FVC: 73.0 %; Body Height: 163.55 cm; Body Weight: 82.16 kg; Body Mass Index: 30.72 kg/m2; Systolic Blood Pressure: 150.0 mmHg; Diastolic Blood Pressure: 90.0 mmHg; Total Cholesterol: 180.0 mg/dL; Triglycerides: 136.0 mg/dL; Low Density Lipoprotein Cholesterol: 73.0 mg/dL; High Density Lipoprotein Cholesterol: 79.0 mg/dL; Estimated Glomerular Filtration Rate: 60.0 mL/min/{1.73_m2}; FEV1/​FVC: 49.0 %; Body Weight: 86.28 kg; Body Mass Index: 32.26 kg/m2; Systolic Blood Pressure: 196.0 mmHg; Diastolic Blood Pressure: 101.0 mmHg; FEV1/​FVC: 29.0 %; Body Weight: 88.57 kg; Body Mass Index: 33.11 kg/m2; Systolic Blood Pressure: 149.0 mmHg; Diastolic Blood Pressure: 100.0 mmHg; Total Cholesterol: 165.0 mg/dL; Triglycerides: 118.0 mg/dL; Low Density Lipoprotein Cholesterol: 66.0 mg/dL; High Density Lipoprotein Cholesterol: 75.0 mg/dL. Immunizations: Influenza seasonal injectable preservative free; Td (adult) preservative free.",1
f616d3d9-af3e-4c0d-aeb4-e2c6b1b2d22f,"Demographics: born 1980-05-11, gender M, race hispanic, ethnicity mexican. Encounters: Encounter for symptom; Outpatient Encounter; Emergency room admission; Encounter for 'check-up'. Medications: Meperidine Hydrochloride 50 MG Oral Tablet; Acetaminophen 325 MG Oral Tablet; Dextromethorphan Hydrobromide 1 MG/ML. Procedures: Documentation of current medications; Bone immobilization; Sputum examination (procedure). Observations: Oral temperature: 38.0 Cel; Body Height: 181.55 cm; Body Weight: 92.27 kg; Body Mass Index: 28.0 kg/m2; Systolic Blood Pressure: 102.0 mmHg; Diastolic Blood Pressure: 84.0 mmHg; Total Cholesterol: 180.0 mg/dL; Triglycerides: 110.0 mg/dL; Low Density Lipoprotein Cholesterol: 97.0 mg/dL; High Density Lipoprotein Cholesterol: 61.0 mg/dL; Body Weight: 97.27 kg; Body Mass Index: 29.51 kg/m2; Systolic Blood Pressure: 111.0 mmHg; Diastolic Blood Pressure: 85.0 mmHg; Total Cholesterol: 162.0 mg/dL; Triglycerides: 112.0 mg/dL; Low Density Lipoprotein Cholesterol: 60.0 mg/dL; High Density Lipoprotein Cholesterol: 79.0 mg/dL. Immunizations: Influenza seasonal injectable preservative free; Td (adult) preservative free.",0
e9922236-8821-47e7-ae0f-910bb55bb3c8,"Demographics: born 1967-04-14, gender M, race white, ethnicity russian. Encounters: Outpatient Encounter; Encounter for symptom; Emergency room admission; Encounter for 'check-up'. Medications: Penicillin V Potassium 250 MG; Naproxen sodium 220 MG Oral Tablet; Ibuprofen 200 MG Oral Tablet. Procedures: Bone immobilization; Colonoscopy. Observations: Body Height: 176.11 cm; Body Weight: 113.27 kg; Body Mass Index: 36.52 kg/m2; Systolic Blood Pressure: 155.0 mmHg; Diastolic Blood Pressure: 103.0 mmHg; Estimated Glomerular Filtration Rate: 60.0 mL/min/{1.73_m2}; Body Weight: 116.08 kg; Body Mass Index: 37.43 kg/m2; Systolic Blood Pressure: 184.0 mmHg; Diastolic Blood Pressure: 93.0 mmHg; Total Cholesterol: 161.0 mg/dL; Triglycerides: 143.0 mg/dL; Low Density Lipoprotein Cholesterol: 58.0 mg/dL; High Density Lipoprotein Cholesterol: 74.0 mg/dL; Body Weight: 119.41 kg; Body Mass Index: 38.5 kg/m2; Systolic Blood Pressure: 194.0 mmHg; Diastolic Blood Pressure: 98.0 mmHg. Allergies: Allergy to eggs; Allergy to tree pollen. Immunizations: Influenza seasonal injectable preservative free.",1
0d38893b-a910-470d-a7b9-1e4e305d4b59,"Demographics: born 1964-07-27, gender F, race white, ethnicity english. Encounters: Encounter for problem; Encounter for 'check-up'; Outpatient Encounter; Encounter for symptom. Medications: Chlorpheniramine 2 MG Chewable Tablet; Acetaminophen 160 MG. Procedures: Documentation of current medications; Sputum examination (procedure). Observations: Body Height: 151.11 cm; Body Weight: 99.41 kg; Body Mass Index: 43.54 kg/m2; Systolic Blood Pressure: 113.0 mmHg; Diastolic Blood Pressure: 76.0 mmHg; Total Cholesterol: 181.0 mg/dL; Triglycerides: 140.0 mg/dL; Low Density Lipoprotein Cholesterol: 91.0 mg/dL; High Density Lipoprotein Cholesterol: 62.0 mg/dL; Body Weight: 102.08 kg; Body Mass Index: 44.7 kg/m2; Systolic Blood Pressure: 101.0 mmHg; Diastolic Blood Pressure: 84.0 mmHg; Body Weight: 103.79 kg; Body Mass Index: 45.45 kg/m2; Systolic Blood Pressure: 137.0 mmHg; Diastolic Blood Pressure: 88.0 mmHg; Total Cholesterol: 191.0 mg/dL; Triglycerides: 135.0 mg/dL; Low Density Lipoprotein Cholesterol: 93.0 mg/dL; High Density Lipoprotein Cholesterol: 71.0 mg/dL; Hemoglobin A1c/Hemoglobin.total in Blood: 6.2 %; Systolic Blood Pressure: 122.0 mmHg; Diastolic Blood Pressure: 71.0 mmHg; Glucose: 97.0 mg/dL; Urea Nitrogen: 17.0 mg/dL; Creatinine: 1.0 mg/dL; Calcium: 9.25 mg/dL; Sodium: 142.0 mmol/L; Potassium: 4.49 mmol/L; Chloride: 111.0 mmol/L; Carbon Dioxide: 28.0 mmol/L; Hemoglobin A1c/Hemoglobin.total in Blood: 5.9 %; Diastolic Blood Pressure: 77.0 mmHg; Glucose: 80.0 mg/dL; Urea Nitrogen: 19.0 mg/dL; Calcium: 9.44 mg/dL; Sodium: 136.0 mmol/L; Potassium: 4.44 mmol/L; Chloride: 105.0 mmol/L. Allergies: Allergy to bee venom. Immunizations: Influenza seasonal injectable preservative free; Td (adult) preservative free.",0
67dfa6c4-4aad-409b-93bb-0bf75d83cc04,"Demographics: born 1931-08-17, gender M, race white, ethnicity irish. Encounters: Outpatient Encounter; Encounter for symptom. Medications: Penicillin V Potassium 250 MG. Procedures: Documentation of current medications. Observations: Body Height: 179.3 cm; Body Weight: 90.16 kg; Body Mass Index: 28.05 kg/m2; Systolic Blood Pressure: 132.0 mmHg; Diastolic Blood Pressure: 89.0 mmHg; Total Cholesterol: 194.0 mg/dL; Triglycerides: 137.0 mg/dL; Low Density Lipoprotein Cholesterol: 106.0 mg/dL; High Density Lipoprotein Cholesterol: 60.0 mg/dL; Oral temperature: 37.0 Cel; Systolic Blood Pressure: 119.0 mmHg; Diastolic Blood Pressure: 73.0 mmHg; Body Weight: 89.03 kg; Body Mass Index: 27.69 kg/m2; Systolic Blood Pressure: 134.0 mmHg; Diastolic Blood Pressure: 77.0 mmHg; Body Weight: 87.64 kg; Body Mass Index: 27.26 kg/m2; Diastolic Blood Pressure: 83.0 mmHg; Body Weight: 86.54 kg; Body Mass Index: 26.92 kg/m2; Systolic Blood Pressure: 109.0 mmHg; Diastolic Blood Pressure: 86.0 mmHg; Total Cholesterol: 179.0 mg/dL; Triglycerides: 136.0 mg/dL; Low Density Lipoprotein Cholesterol: 85.0 mg/dL; High Density Lipoprotein Cholesterol: 66.0 mg/dL; Body Weight: 84.58 kg; Body Mass Index: 26.31 kg/m2; Systolic Blood Pressure: 137.0 mmHg; Diastolic Blood Pressure: 81.0 mmHg; Body Weight: 83.5 kg; Body Mass Index: 25.97 kg/m2; Systolic Blood Pressure: 121.0 mmHg; Body Weight: 81.87 kg; Body Mass Index: 25.47 kg/m2; Systolic Blood Pressure: 127.0 mmHg; Diastolic Blood Pressure: 88.0 mmHg. Immunizations: Influenza seasonal injectable preservative free; Td (adult) preservative free.",0
9c7d4ab3-6118-404e-bd56-227b9f9bb5ac,"Demographics: born 1963-07-29, gender M, race white, ethnicity italian. Encounters: Outpatient Encounter; Encounter for symptom; Encounter for 'check-up'. Medications: Penicillin V Potassium 250 MG; Penicillin V Potassium 500 MG. Procedures: Documentation of current medications; Throat culture (procedure); Colonoscopy. Observations: Hemoglobin A1c/Hemoglobin.total in Blood: 5.9 %; Body Height: 163.33 cm; Body Weight: 108.9 kg; Body Mass Index: 40.82 kg/m2; Systolic Blood Pressure: 159.0 mmHg; Diastolic Blood Pressure: 110.0 mmHg; Glucose: 94.0 mg/dL; Urea Nitrogen: 20.0 mg/dL; Creatinine: 1.0 mg/dL; Calcium: 9.69 mg/dL; Sodium: 141.0 mmol/L; Potassium: 5.18 mmol/L; Chloride: 106.0 mmol/L; Carbon Dioxide: 22.0 mmol/L; Total Cholesterol: 180.0 mg/dL; Triglycerides: 112.0 mg/dL; Low Density Lipoprotein Cholesterol: 98.0 mg/dL; High Density Lipoprotein Cholesterol: 59.0 mg/dL; Estimated Glomerular Filtration Rate: 60.0 mL/min/{1.73_m2}; Body Weight: 111.75 kg; Body Mass Index: 41.89 kg/m2; Systolic Blood Pressure: 161.0 mmHg; Diastolic Blood Pressure: 112.0 mmHg; Glucose: 100.0 mg/dL; Urea Nitrogen: 12.0 mg/dL; Calcium: 10.04 mg/dL; Sodium: 142.0 mmol/L; Potassium: 5.03 mmol/L; Chloride: 110.0 mmol/L; Carbon Dioxide: 24.0 mmol/L; Oral temperature: 38.32 Cel; Hemoglobin A1c/Hemoglobin.total in Blood: 5.8 %; Body Weight: 112.95 kg; Body Mass Index: 42.34 kg/m2; Systolic Blood Pressure: 186.0 mmHg; Diastolic Blood Pressure: 117.0 mmHg; Glucose: 99.0 mg/dL; Calcium: 9.5 mg/dL; Sodium: 137.0 mmol/L; Potassium: 3.74 mmol/L. Allergies: Allergy to tree pollen. Immunizations: Influenza seasonal injectable preservative free; Td (adult) preservative free.",1
9b7b51c5-0f45-4c38-bcfd-f091a7483324,"Demographics: born 1951-06-18, gender M, race white, ethnicity italian. Encounters: Outpatient Encounter; Encounter for 'check-up'; Encounter for symptom; Emergency room admission. Medications: Hydrocortisone 10 MG/ML Topical Cream; Chlorpheniramine 8 MG Oral Tablet; Dextromethorphan Hydrobromide 1 MG/ML; Ibuprofen 200 MG Oral Tablet. Procedures: Documentation of current medications; Colonoscopy; Measurement of respiratory function (procedure). Observations: Hemoglobin A1c/Hemoglobin.total in Blood: 6.2 %; Body Height: 171.17 cm; Body Weight: 103.72 kg; Body Mass Index: 35.4 kg/m2; Systolic Blood Pressure: 148.0 mmHg; Diastolic Blood Pressure: 93.0 mmHg; Glucose: 67.0 mg/dL; Urea Nitrogen: 7.0 mg/dL; Creatinine: 1.0 mg/dL; Calcium: 9.83 mg/dL; Sodium: 137.0 mmol/L; Potassium: 4.5 mmol/L; Chloride: 103.0 mmol/L; Carbon Dioxide: 28.0 mmol/L; Total Cholesterol: 193.0 mg/dL; Triglycerides: 144.0 mg/dL; Low Density Lipoprotein Cholesterol: 97.0 mg/dL; High Density Lipoprotein Cholesterol: 67.0 mg/dL; Estimated Glomerular Filtration Rate: 60.0 mL/min/{1.73_m2}; Hemoglobin A1c/Hemoglobin.total in Blood: 6.0 %; Body Weight: 102.04 kg; Body Mass Index: 34.83 kg/m2; Systolic Blood Pressure: 187.0 mmHg; Diastolic Blood Pressure: 99.0 mmHg; Glucose: 75.0 mg/dL; Urea Nitrogen: 13.0 mg/dL; Calcium: 9.31 mg/dL; Sodium: 138.0 mmol/L; Potassium: 3.99 mmol/L; Chloride: 104.0 mmol/L; Carbon Dioxide: 22.0 mmol/L; Systolic Blood Pressure: 189.0 mmHg; Diastolic Blood Pressure: 90.0 mmHg; Glucose: 73.0 mg/dL; Calcium: 9.08 mg/dL; Sodium: 136.0 mmol/L; Potassium: 4.42 mmol/L; Carbon Dioxide: 25.0 mmol/L; Hemoglobin A1c/Hemoglobin.total in Blood: 6.1 %; Body Weight: 100.04 kg. Immunizations: Influenza seasonal injectable preservative free; zoster; Td (adult) preservative free; Pneumococcal conjugate PCV 13.",1
5770d7f5-abef-4af4-942e-baea97235c6f,"Demographics: born 1967-04-26, gender M, race hispanic, ethnicity puerto_rican. Encounters: Outpatient Encounter; Emergency room admission; Encounter for 'check-up'; Encounter for symptom. Medications: Penicillin V Potassium 250 MG; Penicillin V Potassium 500 MG; Acetaminophen 325 MG Oral Tablet. Procedures: Bone immobilization; Documentation of current medications; Colonoscopy. Observations: Hemoglobin A1c/Hemoglobin.total in Blood: 6.3 %; Body Height: 175.2 cm; Body Weight: 111.32 kg; Body Mass Index: 36.27 kg/m2; Systolic Blood Pressure: 103.0 mmHg; Diastolic Blood Pressure: 83.0 mmHg; Glucose: 90.0 mg/dL; Urea Nitrogen: 18.0 mg/dL; Creatinine: 1.0 mg/dL; Calcium: 9.9 mg/dL; Sodium: 143.0 mmol/L; Potassium: 4.07 mmol/L; Chloride: 111.0 mmol/L; Carbon Dioxide: 23.0 mmol/L; Hemoglobin A1c/Hemoglobin.total in Blood: 6.4 %; Body Weight: 114.84 kg; Body Mass Index: 37.41 kg/m2; Systolic Blood Pressure: 137.0 mmHg; Diastolic Blood Pressure: 76.0 mmHg; Glucose: 88.0 mg/dL; Urea Nitrogen: 8.0 mg/dL; Calcium: 9.2 mg/dL; Sodium: 141.0 mmol/L; Potassium: 5.14 mmol/L; Chloride: 102.0 mmol/L; Carbon Dioxide: 28.0 mmol/L; Total Cholesterol: 170.0 mg/dL; Triglycerides: 135.0 mg/dL; Low Density Lipoprotein Cholesterol: 80.0 mg/dL; High Density Lipoprotein Cholesterol: 63.0 mg/dL; Hemoglobin A1c/Hemoglobin.total in Blood: 6.2 %; Body Weight: 117.3 kg; Body Mass Index: 38.22 kg/m2; Systolic Blood Pressure: 109.0 mmHg; Diastolic Blood Pressure: 88.0 mmHg; Glucose: 80.0 mg/dL; Urea Nitrogen: 17.0 mg/dL; Calcium: 10.02 mg/dL; Potassium: 3.76 mmol/L; Chloride: 110.0 mmol/L. Immunizations: Influenza seasonal injectable preservative free.",0
3f78077e-ebd7-475e-8bb8-c585d75729f2,"Demographics: born 1999-02-22, gender F, race white, ethnicity italian. Encounters: Outpatient Encounter; Consultation for treatment; Encounter for symptom. Medications: Penicillin V Potassium 250 MG; Trinessa 28 Day Pack; Amoxicillin 250 MG / Clavulanate 125 MG [Augmentin]. Procedures: Documentation of current medications. Observations: Body Height: 142.82 cm; Body Weight: 37.09 kg; Body Mass Index: 18.18 kg/m2; Systolic Blood Pressure: 112.0 mmHg; Diastolic Blood Pressure: 82.0 mmHg; Body Height: 149.81 cm; Body Weight: 41.27 kg; Body Mass Index: 18.39 kg/m2; Systolic Blood Pressure: 125.0 mmHg; Diastolic Blood Pressure: 83.0 mmHg; Body Height: 153.86 cm; Body Weight: 45.42 kg; Body Mass Index: 19.19 kg/m2; Systolic Blood Pressure: 116.0 mmHg; Diastolic Blood Pressure: 75.0 mmHg; Body Height: 155.1 cm; Body Weight: 47.93 kg; Body Mass Index: 19.92 kg/m2; Systolic Blood Pressure: 124.0 mmHg; Body Height: 155.56 cm; Body Weight: 49.31 kg; Body Mass Index: 20.38 kg/m2; Systolic Blood Pressure: 114.0 mmHg; Body Height: 155.88 cm; Body Weight: 50.54 kg; Body Mass Index: 20.8 kg/m2; Systolic Blood Pressure: 111.0 mmHg; Diastolic Blood Pressure: 86.0 mmHg; Body Height: 156.09 cm; Body Weight: 51.56 kg; Body Mass Index: 21.16 kg/m2; Diastolic Blood Pressure: 77.0 mmHg. Immunizations: Influenza seasonal injectable preservative free; meningococcal MCV4P; Tdap; HPV quadrivalent.",0
4badaf23-175c-4874-9a44-9f30fc09cc4d,"Demographics: born 1955-04-24, gender F, race white, ethnicity french_canadian. Encounters: Outpatient Encounter; Encounter for symptom; Encounter for 'check-up'. Medications: 24 HR Metformin hydrochloride 500 MG Extended Release Oral Tablet; Naproxen sodium 220 MG [Aleve]; insulin human isophane 70 UNT/ML / Regular Insulin Human 30 UNT/ML Injectable Suspension [Humulin]. Procedures: Documentation of current medications; Colonoscopy; Fecal occult blood test; Rectal polypectomy. Observations: Hemoglobin A1c/Hemoglobin.total in Blood: 7.6 %; Body Height: 162.53 cm; Body Weight: 95.92 kg; Body Mass Index: 36.31 kg/m2; Systolic Blood Pressure: 115.0 mmHg; Diastolic Blood Pressure: 74.0 mmHg; Glucose: 172.0 mg/dL; Urea Nitrogen: 11.0 mg/dL; Creatinine: 1.0 mg/dL; Calcium: 9.51 mg/dL; Sodium: 138.0 mmol/L; Potassium: 4.53 mmol/L; Chloride: 111.0 mmol/L; Carbon Dioxide: 23.0 mmol/L; Total Cholesterol: 257.0 mg/dL; Triglycerides: 452.0 mg/dL; Low Density Lipoprotein Cholesterol: 127.0 mg/dL; High Density Lipoprotein Cholesterol: 39.0 mg/dL; Microalbumin Creatine Ratio: 7.0 mg/g; Estimated Glomerular Filtration Rate: 60.0 mL/min/{1.73_m2}; Systolic Blood Pressure: 107.0 mmHg; Glucose: 181.0 mg/dL; Urea Nitrogen: 19.0 mg/dL; Calcium: 9.15 mg/dL; Sodium: 140.0 mmol/L; Potassium: 3.78 mmol/L; Chloride: 102.0 mmol/L; Carbon Dioxide: 28.0 mmol/L; Total Cholesterol: 259.0 mg/dL; Triglycerides: 423.0 mg/dL; Low Density Lipoprotein Cholesterol: 138.0 mg/dL; High Density Lipoprotein Cholesterol: 36.0 mg/dL; Microalbumin Creatine Ratio: 10.0 mg/g; Systolic Blood Pressure: 110.0 mmHg; Diastolic Blood Pressure: 76.0 mmHg; Glucose: 173.0 mg/dL; Urea Nitrogen: 17.0 mg/dL; Calcium: 10.17 mg/dL; Potassium: 4.52 mmol/L; Chloride: 106.0 mmol/L. Immunizations: Influenza seasonal injectable preservative free; zoster; Td (adult) preservative free.",0
008bc264-60da-4f4c-bb70-4cb4d862051a,"Demographics: born 1993-08-12, gender M, race white, ethnicity italian. Encounters: Outpatient Encounter; Emergency room admission; Encounter for 'check-up'. Medications: Acetaminophen 325 MG Oral Tablet; Amoxicillin 500 MG Oral Tablet; Meperidine Hydrochloride 50 MG Oral Tablet; Ibuprofen 200 MG Oral Tablet. Procedures: Documentation of current medications. Observations: Body Height: 178.2 cm; Body Weight: 48.78 kg; Body Mass Index: 15.36 kg/m2; Systolic Blood Pressure: 128.0 mmHg; Diastolic Blood Pressure: 79.0 mmHg; Body Height: 179.11 cm; Body Weight: 51.36 kg; Body Mass Index: 16.01 kg/m2; Systolic Blood Pressure: 106.0 mmHg; Diastolic Blood Pressure: 87.0 mmHg; Body Height: 179.58 cm; Body Weight: 53.01 kg; Body Mass Index: 16.44 kg/m2; Systolic Blood Pressure: 168.0 mmHg; Diastolic Blood Pressure: 99.0 mmHg; Estimated Glomerular Filtration Rate: 60.0 mL/min/{1.73_m2}; Body Height: 179.83 cm; Body Weight: 53.93 kg; Body Mass Index: 16.68 kg/m2; Diastolic Blood Pressure: 113.0 mmHg; Body Height: 179.86 cm; Body Weight: 55.83 kg; Body Mass Index: 17.26 kg/m2; Systolic Blood Pressure: 184.0 mmHg; Diastolic Blood Pressure: 115.0 mmHg. Immunizations: Influenza seasonal injectable preservative free; meningococcal MCV4P.",1
79c59c44-1eff-494d-b550-311ec999fa55,"Demographics: born 1992-08-22, gender F, race white, ethnicity portuguese. Encounters: Outpatient Encounter; Prenatal initial visit; Encounter for symptom; Prenatal visit; Emergency room admission; Encounter for 'check-up'; Obstetric emergency hospital admission; Consultation for treatment. Medications: Errin 28 Day Pack. Procedures: Documentation of current medications; Standard pregnancy test; Augmentation of labor; Childbirth. Observations: Body Height: 160.93 cm; Body Weight: 50.11 kg; Body Mass Index: 19.35 kg/m2; Systolic Blood Pressure: 171.0 mmHg; Diastolic Blood Pressure: 93.0 mmHg; Estimated Glomerular Filtration Rate: 60.0 mL/min/{1.73_m2}; Body Height: 161.02 cm; Body Weight: 50.75 kg; Body Mass Index: 19.58 kg/m2; Systolic Blood Pressure: 180.0 mmHg; Diastolic Blood Pressure: 117.0 mmHg; Body Height: 161.03 cm; Body Weight: 52.55 kg; Body Mass Index: 20.27 kg/m2; Systolic Blood Pressure: 155.0 mmHg; Diastolic Blood Pressure: 108.0 mmHg; Oral temperature: 38.0 Cel; Body Weight: 57.22 kg; Body Mass Index: 22.07 kg/m2; Systolic Blood Pressure: 167.0 mmHg. Immunizations: Influenza seasonal injectable preservative free; Td (adult) preservative free.",1
913bf7d2-dda6-4701-8855-20c389049749,"Demographics: born 1955-05-08, gender M, race white, ethnicity irish. Encounters: Outpatient Encounter; Encounter for symptom; Encounter for 'check-up'. Medications: Penicillin V Potassium 250 MG; Penicillin V Potassium 500 MG. Procedures: Documentation of current medications; Colonoscopy; Throat culture (procedure). Observations: Body Height: 169.19 cm; Body Weight: 110.72 kg; Body Mass Index: 38.68 kg/m2; Systolic Blood Pressure: 187.0 mmHg; Diastolic Blood Pressure: 117.0 mmHg; Total Cholesterol: 188.0 mg/dL; Triglycerides: 147.0 mg/dL; Low Density Lipoprotein Cholesterol: 86.0 mg/dL; High Density Lipoprotein Cholesterol: 72.0 mg/dL; Estimated Glomerular Filtration Rate: 60.0 mL/min/{1.73_m2}; Systolic Blood Pressure: 195.0 mmHg; Diastolic Blood Pressure: 115.0 mmHg; Systolic Blood Pressure: 190.0 mmHg; Diastolic Blood Pressure: 102.0 mmHg; Systolic Blood Pressure: 168.0 mmHg; Diastolic Blood Pressure: 119.0 mmHg; Oral temperature: 37.0 Cel; Systolic Blood Pressure: 176.0 mmHg; Diastolic Blood Pressure: 104.0 mmHg; Total Cholesterol: 167.0 mg/dL; Triglycerides: 122.0 mg/dL; Low Density Lipoprotein Cholesterol: 76.0 mg/dL; High Density Lipoprotein Cholesterol: 66.0 mg/dL; Body Weight: 108.78 kg; Body Mass Index: 38.0 kg/m2; Systolic Blood Pressure: 188.0 mmHg; Diastolic Blood Pressure: 120.0 mmHg; Oral temperature: 38.06 Cel; Body Weight: 107.17 kg; Body Mass Index: 37.44 kg/m2; Systolic Blood Pressure: 178.0 mmHg. Immunizations: Influenza seasonal injectable preservative free; zoster; Td (adult) preservative free.",1
213929be-9ca7-40ca-a4e0-4dc7c01f6ab4,"Demographics: born 1983-02-08, gender M, race white, ethnicity english. Encounters: Outpatient Encounter; Emergency room admission; Encounter for symptom. Medications: Acetaminophen 325 MG Oral Tablet. Procedures: Suture open wound; Documentation of current medications. Observations: Body Height: 168.71 cm; Body Weight: 87.42 kg; Body Mass Index: 30.71 kg/m2; Systolic Blood Pressure: 140.0 mmHg; Diastolic Blood Pressure: 98.0 mmHg; Estimated Glomerular Filtration Rate: 60.0 mL/min/{1.73_m2}; Oral temperature: 37.0 Cel; Body Weight: 92.45 kg; Body Mass Index: 32.48 kg/m2; Systolic Blood Pressure: 164.0 mmHg; Diastolic Blood Pressure: 94.0 mmHg; Total Cholesterol: 194.0 mg/dL; Triglycerides: 133.0 mg/dL; Low Density Lipoprotein Cholesterol: 91.0 mg/dL; High Density Lipoprotein Cholesterol: 76.0 mg/dL; Body Weight: 96.8 kg; Body Mass Index: 34.01 kg/m2; Systolic Blood Pressure: 151.0 mmHg; Diastolic Blood Pressure: 108.0 mmHg. Immunizations: Influenza seasonal injectable preservative free; Td (adult) preservative free.",1
46302905-2147-4115-bfc6-9733e4dd9823,"Demographics: born 1980-11-27, gender F, race white, ethnicity italian. Encounters: Patient encounter procedure; Outpatient Encounter; Consultation for treatment; Admission to surgical department. Medications: Penicillin V Potassium 250 MG. Procedures: Replacement of contraceptive intrauterine device; Documentation of current medications; Bilateral tubal ligation. Observations: Body Height: 166.89 cm; Body Weight: 83.62 kg; Body Mass Index: 30.02 kg/m2; Systolic Blood Pressure: 157.0 mmHg; Diastolic Blood Pressure: 95.0 mmHg; Total Cholesterol: 161.0 mg/dL; Triglycerides: 102.0 mg/dL; Low Density Lipoprotein Cholesterol: 61.0 mg/dL; High Density Lipoprotein Cholesterol: 79.0 mg/dL; Estimated Glomerular Filtration Rate: 60.0 mL/min/{1.73_m2}; Body Weight: 87.44 kg; Body Mass Index: 31.39 kg/m2; Systolic Blood Pressure: 150.0 mmHg; Diastolic Blood Pressure: 115.0 mmHg. Immunizations: Influenza seasonal injectable preservative free; Td (adult) preservative free.",1
520dfb51-fcdd-483c-a825-1bb0659e4139,"Demographics: born 2004-01-16, gender F, race black, ethnicity west_indian. Encounters: Outpatient Encounter; Encounter for symptom. Procedures: Documentation of current medications. Observations: Body Height: 121.14 cm; Body Weight: 20.84 kg; Body Mass Index: 14.2 kg/m2; Systolic Blood Pressure: 111.0 mmHg; Diastolic Blood Pressure: 88.0 mmHg; Body Height: 126.69 cm; Body Weight: 23.09 kg; Body Mass Index: 14.38 kg/m2; Systolic Blood Pressure: 109.0 mmHg; Diastolic Blood Pressure: 82.0 mmHg; Body Height: 132.01 cm; Body Weight: 25.9 kg; Body Mass Index: 14.86 kg/m2; Systolic Blood Pressure: 126.0 mmHg; Diastolic Blood Pressure: 77.0 mmHg; Body Height: 136.16 cm; Body Weight: 28.6 kg; Body Mass Index: 15.43 kg/m2; Systolic Blood Pressure: 129.0 mmHg; Diastolic Blood Pressure: 70.0 mmHg; Body Height: 141.26 cm; Body Weight: 31.93 kg; Body Mass Index: 16.0 kg/m2; Systolic Blood Pressure: 119.0 mmHg; Diastolic Blood Pressure: 79.0 mmHg; Body Height: 148.23 cm; Body Weight: 35.83 kg; Body Mass Index: 16.31 kg/m2; Systolic Blood Pressure: 132.0 mmHg; Diastolic Blood Pressure: 89.0 mmHg; Body Height: 155.35 cm; Body Weight: 40.05 kg; Body Mass Index: 16.6 kg/m2; Systolic Blood Pressure: 120.0 mmHg; Diastolic Blood Pressure: 84.0 mmHg. Immunizations: Influenza seasonal injectable preservative free; meningococcal MCV4P; Tdap; HPV quadrivalent.",0
e1288aaa-6024-463b-b36a-4d7f3b3bfb51,"Demographics: born 1948-03-01, gender F, race white, ethnicity english. Encounters: Outpatient Encounter; Encounter for symptom; Emergency room admission; Encounter for 'check-up'. Medications: Naproxen sodium 220 MG [Aleve]; Acetaminophen 325 MG Oral Tablet. Procedures: Documentation of current medications; Colonoscopy. Observations: Hemoglobin A1c/Hemoglobin.total in Blood: 6.2 %; Body Height: 169.81 cm; Body Weight: 102.87 kg; Body Mass Index: 35.67 kg/m2; Systolic Blood Pressure: 101.0 mmHg; Diastolic Blood Pressure: 75.0 mmHg; Glucose: 77.0 mg/dL; Urea Nitrogen: 11.0 mg/dL; Creatinine: 1.0 mg/dL; Calcium: 9.68 mg/dL; Sodium: 142.0 mmol/L; Potassium: 3.72 mmol/L; Chloride: 109.0 mmol/L; Carbon Dioxide: 23.0 mmol/L; Hemoglobin A1c/Hemoglobin.total in Blood: 5.9 %; Body Weight: 101.62 kg; Body Mass Index: 35.24 kg/m2; Systolic Blood Pressure: 107.0 mmHg; Diastolic Blood Pressure: 88.0 mmHg; Glucose: 78.0 mg/dL; Urea Nitrogen: 15.0 mg/dL; Calcium: 9.33 mg/dL; Sodium: 139.0 mmol/L; Potassium: 5.15 mmol/L; Chloride: 106.0 mmol/L; Carbon Dioxide: 20.0 mmol/L; Body Weight: 100.27 kg; Body Mass Index: 34.77 kg/m2; Systolic Blood Pressure: 120.0 mmHg; Diastolic Blood Pressure: 84.0 mmHg; Glucose: 67.0 mg/dL; Urea Nitrogen: 20.0 mg/dL; Calcium: 10.07 mg/dL; Sodium: 140.0 mmol/L; Potassium: 4.62 mmol/L; Chloride: 103.0 mmol/L; Total Cholesterol: 171.0 mg/dL; Triglycerides: 127.0 mg/dL; Low Density Lipoprotein Cholesterol: 86.0 mg/dL; High Density Lipoprotein Cholesterol: 59.0 mg/dL. Immunizations: Influenza seasonal injectable preservative free; Pneumococcal conjugate PCV 13; pneumococcal polysaccharide vaccine 23 valent.",0
53edf895-3911-4eeb-a80e-61e9ccb1485e,"Demographics: born 1956-09-20, gender F, race white, ethnicity american. Encounters: Outpatient Encounter; Encounter for 'check-up'; Encounter for symptom. Medications: Penicillin V Potassium 250 MG; 24 HR Metformin hydrochloride 500 MG Extended Release Oral Tablet; Acetaminophen 160 MG. Procedures: Colonoscopy; Sputum examination (procedure); Documentation of current medications. Observations: Hemoglobin A1c/Hemoglobin.total in Blood: 6.6 %; Body Height: 165.91 cm; Body Weight: 89.65 kg; Body Mass Index: 32.57 kg/m2; Systolic Blood Pressure: 156.0 mmHg; Diastolic Blood Pressure: 94.0 mmHg; Glucose: 102.0 mg/dL; Urea Nitrogen: 13.0 mg/dL; Creatinine: 1.0 mg/dL; Calcium: 8.61 mg/dL; Sodium: 140.0 mmol/L; Potassium: 5.08 mmol/L; Chloride: 104.0 mmol/L; Carbon Dioxide: 22.0 mmol/L; Total Cholesterol: 208.0 mg/dL; Triglycerides: 177.0 mg/dL; Low Density Lipoprotein Cholesterol: 132.0 mg/dL; High Density Lipoprotein Cholesterol: 40.0 mg/dL; Microalbumin Creatine Ratio: 16.0 mg/g; Estimated Glomerular Filtration Rate: 60.0 mL/min/{1.73_m2}; Systolic Blood Pressure: 195.0 mmHg; Diastolic Blood Pressure: 119.0 mmHg; Glucose: 125.0 mg/dL; Urea Nitrogen: 17.0 mg/dL; Calcium: 9.76 mg/dL; Sodium: 136.0 mmol/L; Potassium: 4.0 mmol/L; Chloride: 102.0 mmol/L; Carbon Dioxide: 26.0 mmol/L; Total Cholesterol: 221.0 mg/dL; Triglycerides: 160.0 mg/dL; Low Density Lipoprotein Cholesterol: 149.0 mg/dL; Microalbumin Creatine Ratio: 5.0 mg/g; Systolic Blood Pressure: 154.0 mmHg; Diastolic Blood Pressure: 106.0 mmHg; Glucose: 112.0 mg/dL; Calcium: 9.11 mg/dL; Sodium: 143.0 mmol/L; Potassium: 4.6 mmol/L; Chloride: 110.0 mmol/L. Immunizations: Influenza seasonal injectable preservative free; zoster.",1
86fa0a31-9fe1-42a8-928a-312a2def019f,"Demographics: born 1979-08-18, gender F, race white, ethnicity french. Encounters: Outpatient Encounter; Encounter for symptom. Procedures: Documentation of current medications. Observations: Body Height: 161.18 cm; Body Weight: 64.58 kg; Body Mass Index: 24.86 kg/m2; Systolic Blood Pressure: 169.0 mmHg; Diastolic Blood Pressure: 100.0 mmHg; Total Cholesterol: 192.0 mg/dL; Triglycerides: 116.0 mg/dL; Low Density Lipoprotein Cholesterol: 99.0 mg/dL; High Density Lipoprotein Cholesterol: 69.0 mg/dL; Estimated Glomerular Filtration Rate: 60.0 mL/min/{1.73_m2}; Body Weight: 68.77 kg; Body Mass Index: 26.47 kg/m2; Systolic Blood Pressure: 155.0 mmHg; Diastolic Blood Pressure: 96.0 mmHg; Total Cholesterol: 169.0 mg/dL; Triglycerides: 118.0 mg/dL; Low Density Lipoprotein Cholesterol: 83.0 mg/dL; High Density Lipoprotein Cholesterol: 62.0 mg/dL; Oral temperature: 38.0 Cel. Immunizations: Influenza seasonal injectable preservative free; Td (adult) preservative free.",1
8fc08cb5-ab3b-446c-afbc-671eaf008be2,"Demographics: born 1956-03-29, gender F, race white, ethnicity german. Encounters: Death Certification. Observations: Non-small cell lung cancer (disorder).",0
82aba972-4bf9-48e7-a2ce-3752eb38fa2b,"Demographics: born 1943-03-13, gender F, race white, ethnicity irish. Encounters: Encounter for 'check-up'; Emergency Encounter; Outpatient Encounter; Emergency room admission; Encounter for symptom. Medications: Penicillin V Potassium 250 MG; Clopidogrel 75 MG Oral Tablet; Alteplase 1 MG/ML Injectable Solution; Acetaminophen 325 MG Oral Tablet; Simvastatin 20 MG Oral Tablet; Amlodipine 5 MG Oral Tablet; Nitroglycerin 0.4 MG/ACTUAT [Nitrolingual]; Amoxicillin 250 MG / Clavulanate 125 MG [Augmentin]. Procedures: Colonoscopy; Percutaneous mechanical thrombectomy of portal vein using fluoroscopic guidance; Documentation of current medications; Suture open wound. Observations: Body Height: 151.11 cm; Body Weight: 100.17 kg; Body Mass Index: 43.87 kg/m2; Systolic Blood Pressure: 164.0 mmHg; Diastolic Blood Pressure: 95.0 mmHg; Estimated Glomerular Filtration Rate: 60.0 mL/min/{1.73_m2}; Body Weight: 98.9 kg; Body Mass Index: 43.31 kg/m2; Systolic Blood Pressure: 155.0 mmHg; Diastolic Blood Pressure: 93.0 mmHg; Body Weight: 97.79 kg; Body Mass Index: 42.83 kg/m2; Systolic Blood Pressure: 148.0 mmHg; Diastolic Blood Pressure: 96.0 mmHg; Body Weight: 96.21 kg; Body Mass Index: 42.14 kg/m2; Diastolic Blood Pressure: 109.0 mmHg; Total Cholesterol: 172.0 mg/dL; Triglycerides: 148.0 mg/dL; Low Density Lipoprotein Cholesterol: 73.0 mg/dL; High Density Lipoprotein Cholesterol: 69.0 mg/dL; Body Weight: 95.04 kg; Body Mass Index: 41.62 kg/m2; Systolic Blood Pressure: 181.0 mmHg; Diastolic Blood Pressure: 117.0 mmHg; Body Weight: 93.14 kg; Body Mass Index: 40.79 kg/m2; Systolic Blood Pressure: 154.0 mmHg; Diastolic Blood Pressure: 112.0 mmHg; Body Weight: 91.48 kg; Body Mass Index: 40.06 kg/m2; Systolic Blood Pressure: 184.0 mmHg; Diastolic Blood Pressure: 92.0 mmHg. Immunizations: Influenza seasonal injectable preservative free; Td (adult) preservative free.",1
edd71533-74e6-44b4-ba31-efe9da6b2e80,"Demographics: born 1947-12-28, gender M, race white, ethnicity english. Encounters: Emergency room admission; Encounter for problem; Encounter for 'check-up'; Outpatient Encounter; Encounter for symptom. Medications: Penicillin V Potassium 250 MG; Acetaminophen 325 MG / HYDROcodone Bitartrate 7.5 MG Oral Tablet. Procedures: Documentation of current medications. Observations: Body Height: 180.78 cm; Body Weight: 105.74 kg; Body Mass Index: 32.36 kg/m2; Systolic Blood Pressure: 105.0 mmHg; Diastolic Blood Pressure: 84.0 mmHg; Total Cholesterol: 186.0 mg/dL; Triglycerides: 125.0 mg/dL; Low Density Lipoprotein Cholesterol: 85.0 mg/dL; High Density Lipoprotein Cholesterol: 76.0 mg/dL; Body Weight: 103.85 kg; Body Mass Index: 31.78 kg/m2; Systolic Blood Pressure: 107.0 mmHg; Diastolic Blood Pressure: 73.0 mmHg; Systolic Blood Pressure: 125.0 mmHg; Diastolic Blood Pressure: 87.0 mmHg; Body Weight: 102.68 kg; Body Mass Index: 31.42 kg/m2; Systolic Blood Pressure: 116.0 mmHg; Body Weight: 101.11 kg; Body Mass Index: 30.94 kg/m2; Systolic Blood Pressure: 103.0 mmHg; Diastolic Blood Pressure: 70.0 mmHg; Triglycerides: 124.0 mg/dL; Low Density Lipoprotein Cholesterol: 96.0 mg/dL; High Density Lipoprotein Cholesterol: 65.0 mg/dL; Body Weight: 99.12 kg; Body Mass Index: 30.33 kg/m2; Diastolic Blood Pressure: 75.0 mmHg; Oral temperature: 37.0 Cel; Body Weight: 97.88 kg; Body Mass Index: 29.95 kg/m2; Systolic Blood Pressure: 122.0 mmHg; Diastolic Blood Pressure: 77.0 mmHg. Immunizations: Influenza seasonal injectable preservative free; Pneumococcal conjugate PCV 13; pneumococcal polysaccharide vaccine 23 valent.",0
56acfafa-d64f-4c34-a344-270f2c70ee43,"Demographics: born 1950-08-10, gender M, race white, ethnicity italian. Encounters: Emergency room admission; Drug rehabilitation and detoxification; Encounter for symptom; Outpatient Encounter; Drug addiction therapy; Encounter for 'check-up'; Death Certification. Medications: 24 HR Metformin hydrochloride 500 MG Extended Release Oral Tablet; insulin human isophane 70 UNT/ML / Regular Insulin Human 30 UNT/ML Injectable Suspension [Humulin]; Acetaminophen 160 MG. Procedures: Measurement of respiratory function (procedure); Documentation of current medications; Colonoscopy. Observations: Hemoglobin A1c/Hemoglobin.total in Blood: 5.4 %; Body Height: 170.72 cm; Body Weight: 115.1 kg; Body Mass Index: 39.49 kg/m2; Systolic Blood Pressure: 143.0 mmHg; Diastolic Blood Pressure: 91.0 mmHg; Glucose: 195.0 mg/dL; Urea Nitrogen: 13.0 mg/dL; Creatinine: 1.0 mg/dL; Calcium: 10.04 mg/dL; Sodium: 136.0 mmol/L; Potassium: 4.78 mmol/L; Chloride: 106.0 mmol/L; Carbon Dioxide: 24.0 mmol/L; Total Cholesterol: 246.0 mg/dL; Triglycerides: 374.0 mg/dL; Low Density Lipoprotein Cholesterol: 139.0 mg/dL; High Density Lipoprotein Cholesterol: 32.0 mg/dL; Microalbumin Creatine Ratio: 20.0 mg/g; Estimated Glomerular Filtration Rate: 60.0 mL/min/{1.73_m2}; Hemoglobin A1c/Hemoglobin.total in Blood: 5.2 %; Body Weight: 113.59 kg; Body Mass Index: 38.97 kg/m2; Systolic Blood Pressure: 173.0 mmHg; Diastolic Blood Pressure: 104.0 mmHg; Glucose: 152.0 mg/dL; Urea Nitrogen: 19.0 mg/dL; Calcium: 9.48 mg/dL; Sodium: 141.0 mmol/L; Potassium: 4.23 mmol/L; Chloride: 110.0 mmol/L; Carbon Dioxide: 27.0 mmol/L; Triglycerides: 458.0 mg/dL; Low Density Lipoprotein Cholesterol: 127.0 mg/dL; High Density Lipoprotein Cholesterol: 27.0 mg/dL; Microalbumin Creatine Ratio: 24.0 mg/g; Drug overdose. Immunizations: Influenza seasonal injectable preservative free; zoster; Td (adult) preservative free.",1
a4c4c43c-219d-4380-bf1e-4ff15f1bd6fd,"Demographics: born 1966-04-01, gender F, race white, ethnicity italian. Encounters: Encounter for symptom; Outpatient Encounter; Encounter for 'check-up'. Medications: diphenhydrAMINE Hydrochloride 25 MG Oral Tablet; Amoxicillin 500 MG Oral Tablet; Naproxen sodium 220 MG Oral Tablet; Acetaminophen 160 MG; Nitrofurantoin 5 MG/ML [Furadantin]; Phenazopyridine hydrochloride 100 MG [Pyridium]. Procedures: Sputum examination (procedure); Documentation of current medications; Colonoscopy; Fecal occult blood test; Rectal polypectomy. Observations: Body Height: 162.07 cm; Body Weight: 99.41 kg; Body Mass Index: 37.85 kg/m2; Systolic Blood Pressure: 169.0 mmHg; Diastolic Blood Pressure: 105.0 mmHg; Total Cholesterol: 165.0 mg/dL; Triglycerides: 144.0 mg/dL; Low Density Lipoprotein Cholesterol: 58.0 mg/dL; High Density Lipoprotein Cholesterol: 78.0 mg/dL; Estimated Glomerular Filtration Rate: 60.0 mL/min/{1.73_m2}; Body Weight: 101.23 kg; Body Mass Index: 38.54 kg/m2; Systolic Blood Pressure: 168.0 mmHg; Diastolic Blood Pressure: 92.0 mmHg; Body Weight: 105.82 kg; Body Mass Index: 40.29 kg/m2; Systolic Blood Pressure: 151.0 mmHg; Diastolic Blood Pressure: 114.0 mmHg; Total Cholesterol: 197.0 mg/dL; Triglycerides: 104.0 mg/dL; Low Density Lipoprotein Cholesterol: 98.0 mg/dL; Polyp size greatest dimension by CAP cancer protocols: 2.0 mm; Hemoglobin.gastrointestinal [Presence] in Stool by Immunologic method: 24.0 ng/mL; Diastolic Blood Pressure: 112.0 mmHg. Immunizations: Influenza seasonal injectable preservative free; Td (adult) preservative free.",1
36027940-cfec-4ed1-860a-63d510816f1c,"Demographics: born 1998-09-15, gender M, race hispanic, ethnicity puerto_rican. Encounters: Outpatient Encounter; Emergency room admission; Encounter for 'check-up'; Encounter for symptom. Medications: Acetaminophen 325 MG Oral Tablet; Naproxen sodium 220 MG Oral Tablet. Procedures: Bone immobilization; Throat culture (procedure); Documentation of current medications. Observations: Body Height: 136.59 cm; Body Weight: 36.55 kg; Body Mass Index: 19.59 kg/m2; Systolic Blood Pressure: 136.0 mmHg; Diastolic Blood Pressure: 74.0 mmHg; Body Height: 142.29 cm; Body Weight: 40.73 kg; Body Mass Index: 20.12 kg/m2; Systolic Blood Pressure: 130.0 mmHg; Diastolic Blood Pressure: 75.0 mmHg; Body Height: 149.63 cm; Body Weight: 46.08 kg; Body Mass Index: 20.58 kg/m2; Diastolic Blood Pressure: 79.0 mmHg; Oral temperature: 38.0 Cel; Body Height: 155.04 cm; Body Weight: 50.58 kg; Body Mass Index: 21.04 kg/m2; Systolic Blood Pressure: 113.0 mmHg; Diastolic Blood Pressure: 85.0 mmHg; Body Height: 158.84 cm; Body Weight: 54.64 kg; Body Mass Index: 21.65 kg/m2; Systolic Blood Pressure: 125.0 mmHg; Diastolic Blood Pressure: 89.0 mmHg; Body Height: 161.13 cm; Body Weight: 57.91 kg; Body Mass Index: 22.3 kg/m2; Systolic Blood Pressure: 105.0 mmHg; Diastolic Blood Pressure: 86.0 mmHg; Body Height: 162.35 cm; Body Weight: 60.3 kg; Body Mass Index: 22.88 kg/m2; Systolic Blood Pressure: 138.0 mmHg; Diastolic Blood Pressure: 80.0 mmHg. Immunizations: Influenza seasonal injectable preservative free; HPV quadrivalent; meningococcal MCV4P.",0
65bdca64-418d-4e6d-8622-7c3ae94b9b7f,"Demographics: born 1944-01-20, gender M, race white, ethnicity portuguese.",0
c92d9a9c-6996-4d1e-95e4-64084493704e,"Demographics: born 2004-01-26, gender M, race white, ethnicity irish. Encounters: Encounter for symptom; Outpatient Encounter. Medications: Acetaminophen 160 MG. Procedures: Throat culture (procedure); Documentation of current medications. Observations: Oral temperature: 38.0 Cel; Body Height: 126.17 cm; Body Weight: 20.58 kg; Body Mass Index: 12.93 kg/m2; Systolic Blood Pressure: 118.0 mmHg; Diastolic Blood Pressure: 74.0 mmHg; Body Height: 131.98 cm; Body Weight: 22.55 kg; Body Mass Index: 12.95 kg/m2; Systolic Blood Pressure: 107.0 mmHg; Diastolic Blood Pressure: 77.0 mmHg; Body Height: 137.86 cm; Body Weight: 24.9 kg; Body Mass Index: 13.1 kg/m2; Systolic Blood Pressure: 131.0 mmHg; Diastolic Blood Pressure: 79.0 mmHg; Body Height: 142.36 cm; Body Weight: 27.09 kg; Body Mass Index: 13.37 kg/m2; Systolic Blood Pressure: 125.0 mmHg; Diastolic Blood Pressure: 82.0 mmHg; Body Height: 147.53 cm; Body Weight: 30.1 kg; Body Mass Index: 13.83 kg/m2; Systolic Blood Pressure: 138.0 mmHg; Diastolic Blood Pressure: 88.0 mmHg; Body Height: 151.69 cm; Body Weight: 32.7 kg; Body Mass Index: 14.21 kg/m2; Systolic Blood Pressure: 110.0 mmHg; Body Height: 157.77 cm; Body Weight: 36.35 kg; Body Mass Index: 14.6 kg/m2; Systolic Blood Pressure: 136.0 mmHg; Diastolic Blood Pressure: 72.0 mmHg. Immunizations: Influenza seasonal injectable preservative free; meningococcal MCV4P; Tdap; HPV quadrivalent.",0
b7777be9-aabd-4ec9-abb3-11dddf58f234,"Demographics: born 2002-05-24, gender M, race white, ethnicity polish. Encounters: Outpatient Encounter; Emergency room admission; Encounter for symptom. Medications: Ibuprofen 100 MG Oral Tablet; Acetaminophen 160 MG. Procedures: Documentation of current medications. Observations: Body Height: 125.54 cm; Body Weight: 29.94 kg; Body Mass Index: 19.0 kg/m2; Systolic Blood Pressure: 115.0 mmHg; Diastolic Blood Pressure: 80.0 mmHg; Body Height: 131.41 cm; Body Weight: 34.07 kg; Body Mass Index: 19.73 kg/m2; Systolic Blood Pressure: 108.0 mmHg; Diastolic Blood Pressure: 87.0 mmHg; Body Height: 137.05 cm; Body Weight: 39.38 kg; Body Mass Index: 20.97 kg/m2; Systolic Blood Pressure: 134.0 mmHg; Diastolic Blood Pressure: 72.0 mmHg; Body Height: 142.7 cm; Body Weight: 45.58 kg; Body Mass Index: 22.39 kg/m2; Systolic Blood Pressure: 114.0 mmHg; Body Height: 149.24 cm; Body Weight: 51.97 kg; Body Mass Index: 23.33 kg/m2; Systolic Blood Pressure: 112.0 mmHg; Diastolic Blood Pressure: 88.0 mmHg; Body Height: 158.03 cm; Body Weight: 59.1 kg; Body Mass Index: 23.66 kg/m2; Systolic Blood Pressure: 122.0 mmHg; Body Height: 165.75 cm; Body Weight: 65.91 kg; Body Mass Index: 23.99 kg/m2; Systolic Blood Pressure: 129.0 mmHg; Diastolic Blood Pressure: 85.0 mmHg. Immunizations: Influenza seasonal injectable preservative free; meningococcal MCV4P; Tdap; HPV quadrivalent.",0
3f4c8285-4c03-477c-80bc-3806817864d0,"Demographics: born 1951-01-16, gender F, race white, ethnicity french. Encounters: Outpatient Encounter; Encounter for symptom. Procedures: Documentation of current medications. Observations: Hemoglobin A1c/Hemoglobin.total in Blood: 6.2 %; Body Height: 160.33 cm; Body Weight: 106.34 kg; Body Mass Index: 41.37 kg/m2; Systolic Blood Pressure: 108.0 mmHg; Diastolic Blood Pressure: 85.0 mmHg; Glucose: 93.0 mg/dL; Urea Nitrogen: 18.0 mg/dL; Creatinine: 1.0 mg/dL; Calcium: 8.76 mg/dL; Sodium: 138.0 mmol/L; Potassium: 4.71 mmol/L; Chloride: 105.0 mmol/L; Carbon Dioxide: 22.0 mmol/L; Total Cholesterol: 198.0 mg/dL; Triglycerides: 125.0 mg/dL; Low Density Lipoprotein Cholesterol: 94.0 mg/dL; High Density Lipoprotein Cholesterol: 79.0 mg/dL; Oral temperature: 37.0 Cel; Body Weight: 104.51 kg; Body Mass Index: 40.65 kg/m2; Systolic Blood Pressure: 131.0 mmHg; Diastolic Blood Pressure: 78.0 mmHg; Glucose: 90.0 mg/dL; Urea Nitrogen: 8.0 mg/dL; Calcium: 9.51 mg/dL; Sodium: 143.0 mmol/L; Potassium: 4.52 mmol/L; Chloride: 104.0 mmol/L; Carbon Dioxide: 21.0 mmol/L; Hemoglobin A1c/Hemoglobin.total in Blood: 5.9 %; Body Weight: 102.72 kg; Body Mass Index: 39.96 kg/m2; Systolic Blood Pressure: 110.0 mmHg; Diastolic Blood Pressure: 70.0 mmHg; Glucose: 97.0 mg/dL; Urea Nitrogen: 14.0 mg/dL; Calcium: 9.27 mg/dL; Sodium: 142.0 mmol/L; Potassium: 4.42 mmol/L. Immunizations: Influenza seasonal injectable preservative free; zoster; Td (adult) preservative free; Pneumococcal conjugate PCV 13.",0
4317d873-a5b3-45cc-926f-8a2184236ac0,"Demographics: born 1984-03-04, gender F, race white, ethnicity irish. Encounters: Outpatient Encounter. Medications: Camila 28 Day Pack. Observations: Body Height: 165.15 cm; Body Weight: 66.25 kg; Body Mass Index: 24.29 kg/m2; Systolic Blood Pressure: 170.0 mmHg; Diastolic Blood Pressure: 104.0 mmHg; Estimated Glomerular Filtration Rate: 60.0 mL/min/{1.73_m2}; Body Weight: 70.9 kg; Body Mass Index: 26.0 kg/m2; Systolic Blood Pressure: 143.0 mmHg; Diastolic Blood Pressure: 93.0 mmHg; Total Cholesterol: 176.0 mg/dL; Triglycerides: 106.0 mg/dL; Low Density Lipoprotein Cholesterol: 76.0 mg/dL; High Density Lipoprotein Cholesterol: 78.0 mg/dL. Immunizations: Influenza seasonal injectable preservative free.",1
25f43eb1-6c1c-405a-83e5-afcc43ecd715,"Demographics: born 1964-06-26, gender F, race white, ethnicity russian. Encounters: Patient encounter procedure; Outpatient Encounter; Emergency room admission; Encounter for symptom; Encounter for 'check-up'. Medications: Chlorpheniramine 2 MG Chewable Tablet; Penicillin V Potassium 250 MG; Clopidogrel 75 MG Oral Tablet; Simvastatin 20 MG Oral Tablet; Amlodipine 5 MG Oral Tablet; Nitroglycerin 0.4 MG/ACTUAT [Nitrolingual]; Naproxen sodium 220 MG Oral Tablet. Procedures: Intramuscular injection; Documentation of current medications; Suture open wound; Colonoscopy. Observations: Hemoglobin A1c/Hemoglobin.total in Blood: 6.0 %; Body Height: 161.77 cm; Body Weight: 93.4 kg; Body Mass Index: 35.69 kg/m2; Systolic Blood Pressure: 197.0 mmHg; Diastolic Blood Pressure: 101.0 mmHg; Glucose: 75.0 mg/dL; Urea Nitrogen: 7.0 mg/dL; Creatinine: 1.0 mg/dL; Calcium: 9.55 mg/dL; Sodium: 138.0 mmol/L; Potassium: 3.78 mmol/L; Chloride: 104.0 mmol/L; Carbon Dioxide: 26.0 mmol/L; Total Cholesterol: 166.0 mg/dL; Triglycerides: 132.0 mg/dL; Low Density Lipoprotein Cholesterol: 62.0 mg/dL; High Density Lipoprotein Cholesterol: 77.0 mg/dL; Estimated Glomerular Filtration Rate: 60.0 mL/min/{1.73_m2}; Oral temperature: 38.0 Cel; Hemoglobin A1c/Hemoglobin.total in Blood: 6.2 %; Body Weight: 95.21 kg; Body Mass Index: 36.38 kg/m2; Systolic Blood Pressure: 166.0 mmHg; Diastolic Blood Pressure: 120.0 mmHg; Glucose: 97.0 mg/dL; Urea Nitrogen: 13.0 mg/dL; Calcium: 9.35 mg/dL; Sodium: 140.0 mmol/L; Potassium: 4.78 mmol/L; Chloride: 108.0 mmol/L; Carbon Dioxide: 28.0 mmol/L; Hemoglobin A1c/Hemoglobin.total in Blood: 5.9 %; Body Weight: 96.26 kg; Body Mass Index: 36.78 kg/m2; Systolic Blood Pressure: 160.0 mmHg; Diastolic Blood Pressure: 97.0 mmHg; Glucose: 91.0 mg/dL; Urea Nitrogen: 18.0 mg/dL; Calcium: 9.94 mg/dL. Allergies: Allergy to eggs; Allergy to tree pollen; Allergy to grass pollen; Dander (animal) allergy; House dust mite allergy; Allergy to mould. Immunizations: Influenza seasonal injectable preservative free; Td (adult) preservative free.",1
5342dc97-91d2-4efe-a0a7-19ac68cc6704,"Demographics: born 1997-08-10, gender F, race white, ethnicity italian. Encounters: Allergic disorder initial assessment; Outpatient procedure; Outpatient Encounter; Consultation for treatment; Allergic disorder follow-up assessment. Medications: Fexofenadine hydrochloride 30 MG Oral Tablet; 0.3 ML EPINEPHrine 0.5 MG/ML Auto-Injector; Seasonique 91 Day Pack. Procedures: Allergy screening test; Subcutaneous immunotherapy; Documentation of current medications. Observations: Peanut IgE Ab in Serum: 0.28 kU/L; Walnut IgE Ab in Serum: 0.04 kU/L; Codfish IgE Ab in Serum: 0.0 kU/L; Shrimp IgE Ab in Serum: 0.33 kU/L; Wheat IgE Ab in Serum: 0.32 kU/L; Egg white IgE Ab in Serum: 12.92 kU/L; Soybean IgE Ab in Serum: 0.05 kU/L; Cow milk IgE Ab in Serum: 0.27 kU/L; White oak IgE Ab in Serum: 46.08 kU/L; Common Ragweed IgE Ab in Serum: 71.32 kU/L; Cat dander IgE Ab in Serum: 77.93 kU/L; American house dust mite IgE Ab in Serum: 94.22 kU/L; Cladosporium herbarum IgE Ab in Serum: 48.28 kU/L; Honey bee IgE Ab in Serum: 0.26 kU/L; Latex IgE Ab in Serum: 0.21 kU/L; Body Height: 157.91 cm; Body Weight: 49.45 kg; Body Mass Index: 19.83 kg/m2; Systolic Blood Pressure: 109.0 mmHg; Diastolic Blood Pressure: 86.0 mmHg; Body Height: 159.93 cm; Body Weight: 52.47 kg; Body Mass Index: 20.51 kg/m2; Systolic Blood Pressure: 100.0 mmHg; Diastolic Blood Pressure: 82.0 mmHg; Body Height: 160.85 cm; Body Weight: 54.59 kg; Body Mass Index: 21.1 kg/m2; Systolic Blood Pressure: 123.0 mmHg; Diastolic Blood Pressure: 71.0 mmHg; Body Height: 161.33 cm; Body Weight: 56.09 kg; Body Mass Index: 21.55 kg/m2; Systolic Blood Pressure: 112.0 mmHg; Diastolic Blood Pressure: 70.0 mmHg; Peanut IgE Ab in Serum: 0.2 kU/L; Walnut IgE Ab in Serum: 0.2 kU/L; Codfish IgE Ab in Serum: 0.11 kU/L; Shrimp IgE Ab in Serum: 0.29 kU/L; Wheat IgE Ab in Serum: 0.05 kU/L. Allergies: Allergy to eggs; Allergy to tree pollen; Allergy to grass pollen; Dander (animal) allergy; House dust mite allergy; Allergy to mould. Immunizations: Influenza seasonal injectable preservative free; HPV quadrivalent; meningococcal MCV4P.",1
1efd6403-ff9e-4762-b764-5ccf0ae8493f,"Demographics: born 1980-11-30, gender F, race white, ethnicity french. Encounters: Outpatient Encounter; Encounter for symptom; Emergency room admission; Consultation for treatment; Admission to surgical department. Medications: Amoxicillin 250 MG / Clavulanate 125 MG [Augmentin]; Ibuprofen 200 MG Oral Tablet; Acetaminophen 325 MG Oral Tablet. Procedures: Documentation of current medications; Bilateral tubal ligation. Observations: Hemoglobin A1c/Hemoglobin.total in Blood: 5.9 %; Body Height: 170.22 cm; Body Weight: 89.9 kg; Body Mass Index: 31.02 kg/m2; Systolic Blood Pressure: 126.0 mmHg; Diastolic Blood Pressure: 72.0 mmHg; Glucose: 77.0 mg/dL; Urea Nitrogen: 18.0 mg/dL; Creatinine: 1.0 mg/dL; Calcium: 8.85 mg/dL; Sodium: 138.0 mmol/L; Potassium: 4.41 mmol/L; Chloride: 110.0 mmol/L; Carbon Dioxide: 24.0 mmol/L; Body Weight: 94.85 kg; Body Mass Index: 32.73 kg/m2; Systolic Blood Pressure: 117.0 mmHg; Diastolic Blood Pressure: 70.0 mmHg; Glucose: 87.0 mg/dL; Urea Nitrogen: 11.0 mg/dL; Calcium: 8.59 mg/dL; Sodium: 136.0 mmol/L; Potassium: 4.07 mmol/L; Chloride: 108.0 mmol/L; Carbon Dioxide: 27.0 mmol/L; Total Cholesterol: 186.0 mg/dL; Triglycerides: 106.0 mg/dL; Low Density Lipoprotein Cholesterol: 97.0 mg/dL; High Density Lipoprotein Cholesterol: 67.0 mg/dL; Hemoglobin A1c/Hemoglobin.total in Blood: 5.8 %; Body Weight: 99.17 kg; Body Mass Index: 34.23 kg/m2; Systolic Blood Pressure: 136.0 mmHg; Diastolic Blood Pressure: 87.0 mmHg; Glucose: 69.0 mg/dL; Urea Nitrogen: 9.0 mg/dL; Calcium: 9.9 mg/dL; Sodium: 137.0 mmol/L; Potassium: 3.91 mmol/L; Chloride: 104.0 mmol/L. Immunizations: Influenza seasonal injectable preservative free; Td (adult) preservative free.",0
6e3befc2-aa26-4a97-889a-66b090c13390,"Demographics: born 1957-01-01, gender F, race black, ethnicity african. Encounters: Outpatient Encounter; Encounter for symptom; Encounter for 'check-up'. Procedures: Documentation of current medications; Colonoscopy. Observations: Body Height: 168.32 cm; Body Weight: 87.39 kg; Body Mass Index: 30.84 kg/m2; Systolic Blood Pressure: 113.0 mmHg; Diastolic Blood Pressure: 76.0 mmHg; Systolic Blood Pressure: 110.0 mmHg; Diastolic Blood Pressure: 77.0 mmHg; Total Cholesterol: 190.0 mg/dL; Triglycerides: 150.0 mg/dL; Low Density Lipoprotein Cholesterol: 84.0 mg/dL; High Density Lipoprotein Cholesterol: 76.0 mg/dL; Systolic Blood Pressure: 134.0 mmHg; Diastolic Blood Pressure: 80.0 mmHg; Systolic Blood Pressure: 107.0 mmHg; Systolic Blood Pressure: 131.0 mmHg; Diastolic Blood Pressure: 74.0 mmHg; Total Cholesterol: 199.0 mg/dL; Triglycerides: 144.0 mg/dL; Low Density Lipoprotein Cholesterol: 107.0 mg/dL; High Density Lipoprotein Cholesterol: 63.0 mg/dL; Systolic Blood Pressure: 127.0 mmHg; Diastolic Blood Pressure: 87.0 mmHg; Oral temperature: 38.0 Cel. Immunizations: Influenza seasonal injectable preservative free.",0
aa398704-59ef-47d1-bac6-6b7be3e944e6,"Demographics: born 1990-07-16, gender F, race hispanic, ethnicity mexican. Encounters: Outpatient Encounter; Prenatal initial visit; Patient-initiated encounter; Consultation for treatment. Medications: Jolivette 28 Day Pack. Procedures: Documentation of current medications; Standard pregnancy test; Induced termination of pregnancy. Observations: Body Height: 161.07 cm; Body Weight: 60.1 kg; Body Mass Index: 23.17 kg/m2; Systolic Blood Pressure: 121.0 mmHg; Diastolic Blood Pressure: 71.0 mmHg; Hemoglobin A1c/Hemoglobin.total in Blood: 6.2 %; Body Weight: 65.08 kg; Body Mass Index: 25.09 kg/m2; Systolic Blood Pressure: 119.0 mmHg; Glucose: 91.0 mg/dL; Urea Nitrogen: 17.0 mg/dL; Creatinine: 1.0 mg/dL; Calcium: 10.02 mg/dL; Sodium: 144.0 mmol/L; Potassium: 5.08 mmol/L; Chloride: 108.0 mmol/L; Carbon Dioxide: 23.0 mmol/L; Body Weight: 69.37 kg; Body Mass Index: 26.74 kg/m2; Systolic Blood Pressure: 109.0 mmHg; Diastolic Blood Pressure: 79.0 mmHg; Glucose: 82.0 mg/dL; Urea Nitrogen: 19.0 mg/dL; Calcium: 10.0 mg/dL; Sodium: 141.0 mmol/L; Potassium: 4.31 mmol/L; Chloride: 110.0 mmol/L; Carbon Dioxide: 27.0 mmol/L. Immunizations: Influenza seasonal injectable preservative free; Td (adult) preservative free.",0
8cc593d7-c238-43eb-82a4-63b818a7fb01,"Demographics: born 1996-09-28, gender M, race white, ethnicity italian. Encounters: Outpatient Encounter; Encounter for symptom; Asthma follow-up. Medications: 120 ACTUAT Fluticasone propionate 0.044 MG/ACTUAT Metered Dose Inhaler; 200 ACTUAT Albuterol 0.09 MG/ACTUAT Metered Dose Inhaler; Acetaminophen 160 MG. Procedures: Documentation of current medications; Measurement of respiratory function (procedure); Sputum examination (procedure). Observations: Body Height: 150.21 cm; Body Weight: 65.56 kg; Body Mass Index: 29.05 kg/m2; Systolic Blood Pressure: 100.0 mmHg; Diastolic Blood Pressure: 72.0 mmHg; Oral temperature: 37.0 Cel; Body Height: 155.49 cm; Body Weight: 70.78 kg; Body Mass Index: 29.28 kg/m2; Systolic Blood Pressure: 126.0 mmHg; Diastolic Blood Pressure: 77.0 mmHg; Body Height: 158.88 cm; Body Weight: 74.92 kg; Body Mass Index: 29.68 kg/m2; Systolic Blood Pressure: 121.0 mmHg; Diastolic Blood Pressure: 70.0 mmHg; Body Height: 161.15 cm; Body Weight: 78.64 kg; Body Mass Index: 30.28 kg/m2; Systolic Blood Pressure: 124.0 mmHg; Body Height: 162.38 cm; Body Weight: 81.43 kg; Body Mass Index: 30.88 kg/m2; Systolic Blood Pressure: 135.0 mmHg; Diastolic Blood Pressure: 76.0 mmHg; Body Height: 163.0 cm; Body Weight: 83.43 kg; Body Mass Index: 31.4 kg/m2; Systolic Blood Pressure: 166.0 mmHg; Diastolic Blood Pressure: 120.0 mmHg; Estimated Glomerular Filtration Rate: 60.0 mL/min/{1.73_m2}; Body Height: 163.32 cm; Body Weight: 85.18 kg; Body Mass Index: 31.93 kg/m2; Systolic Blood Pressure: 143.0 mmHg; Diastolic Blood Pressure: 111.0 mmHg. Immunizations: Influenza seasonal injectable preservative free; meningococcal MCV4P.",1
fb112ffa-2412-46c6-92d1-09ebf8af56e4,"Demographics: born 1907-09-27, gender M, race white, ethnicity german.",0
fd127935-d4d4-4fbd-b0fc-9a0354c660e0,"Demographics: born 1974-09-22, gender F, race white, ethnicity portuguese. Encounters: Outpatient Encounter; Encounter for symptom. Medications: Nitrofurantoin 5 MG/ML [Furadantin]; Phenazopyridine hydrochloride 100 MG [Pyridium]. Procedures: Documentation of current medications. Observations: Hemoglobin A1c/Hemoglobin.total in Blood: 6.0 %; Body Height: 167.52 cm; Body Weight: 78.51 kg; Body Mass Index: 27.98 kg/m2; Systolic Blood Pressure: 106.0 mmHg; Diastolic Blood Pressure: 87.0 mmHg; Glucose: 91.0 mg/dL; Urea Nitrogen: 17.0 mg/dL; Creatinine: 1.0 mg/dL; Calcium: 9.67 mg/dL; Sodium: 143.0 mmol/L; Potassium: 4.68 mmol/L; Chloride: 109.0 mmol/L; Carbon Dioxide: 21.0 mmol/L; Hemoglobin A1c/Hemoglobin.total in Blood: 6.2 %; Body Weight: 82.1 kg; Body Mass Index: 29.26 kg/m2; Systolic Blood Pressure: 119.0 mmHg; Diastolic Blood Pressure: 89.0 mmHg; Glucose: 77.0 mg/dL; Urea Nitrogen: 7.0 mg/dL; Calcium: 9.14 mg/dL; Chloride: 107.0 mmol/L; Carbon Dioxide: 28.0 mmol/L; Total Cholesterol: 183.0 mg/dL; Triglycerides: 116.0 mg/dL; Low Density Lipoprotein Cholesterol: 82.0 mg/dL; High Density Lipoprotein Cholesterol: 77.0 mg/dL; Hemoglobin A1c/Hemoglobin.total in Blood: 6.4 %; Body Weight: 84.53 kg; Body Mass Index: 30.12 kg/m2; Systolic Blood Pressure: 131.0 mmHg; Diastolic Blood Pressure: 84.0 mmHg; Glucose: 85.0 mg/dL; Urea Nitrogen: 10.0 mg/dL; Calcium: 9.35 mg/dL; Sodium: 138.0 mmol/L; Potassium: 4.51 mmol/L; Carbon Dioxide: 29.0 mmol/L. Immunizations: Influenza seasonal injectable preservative free; Td (adult) preservative free.",0
7d94a920-9bdd-4eff-8796-8d6f1445105e,"Demographics: born 1925-03-30, gender M, race white, ethnicity irish. Encounters: Death Certification. Medications: Fluticasone propionate 0.25 MG/ACTUAT / salmeterol 0.05 MG/ACTUAT [Advair]. Observations: Chronic obstructive bronchitis (disorder).",0
360d436e-c0cb-4cbc-92b8-cbd9c6d0bb0b,"Demographics: born 1977-12-15, gender M, race hispanic, ethnicity puerto_rican. Encounters: Encounter for symptom; Outpatient Encounter. Medications: Penicillin V Potassium 250 MG; Penicillin V Potassium 500 MG; Acetaminophen 160 MG. Procedures: Documentation of current medications. Observations: Body Height: 163.33 cm; Body Weight: 93.52 kg; Body Mass Index: 35.06 kg/m2; Systolic Blood Pressure: 101.0 mmHg; Diastolic Blood Pressure: 83.0 mmHg; Total Cholesterol: 195.0 mg/dL; Triglycerides: 107.0 mg/dL; Low Density Lipoprotein Cholesterol: 96.0 mg/dL; High Density Lipoprotein Cholesterol: 77.0 mg/dL; Body Weight: 98.22 kg; Body Mass Index: 36.82 kg/m2; Systolic Blood Pressure: 111.0 mmHg; Diastolic Blood Pressure: 80.0 mmHg; Total Cholesterol: 162.0 mg/dL; Triglycerides: 116.0 mg/dL; Low Density Lipoprotein Cholesterol: 77.0 mg/dL; High Density Lipoprotein Cholesterol: 61.0 mg/dL. Immunizations: Influenza seasonal injectable preservative free; Td (adult) preservative free.",0
0448897a-8c5f-4450-9fc8-ecf452950dba,"Demographics: born 1927-06-30, gender F, race white, ethnicity russian.",0
f7894a80-4415-4757-9064-2e68d582b1b3,"Demographics: born 1958-08-21, gender M, race white, ethnicity french. Encounters: Outpatient Encounter; Encounter for 'check-up'. Procedures: Documentation of current medications; Colonoscopy. Observations: Body Height: 175.21 cm; Body Weight: 123.63 kg; Body Mass Index: 40.27 kg/m2; Systolic Blood Pressure: 111.0 mmHg; Diastolic Blood Pressure: 70.0 mmHg; Systolic Blood Pressure: 114.0 mmHg; Diastolic Blood Pressure: 77.0 mmHg; Systolic Blood Pressure: 136.0 mmHg; Diastolic Blood Pressure: 74.0 mmHg; Total Cholesterol: 194.0 mg/dL; Triglycerides: 100.0 mg/dL; Low Density Lipoprotein Cholesterol: 112.0 mg/dL; High Density Lipoprotein Cholesterol: 62.0 mg/dL; Diastolic Blood Pressure: 72.0 mmHg; Systolic Blood Pressure: 130.0 mmHg; Diastolic Blood Pressure: 86.0 mmHg; Systolic Blood Pressure: 135.0 mmHg; Diastolic Blood Pressure: 79.0 mmHg; Total Cholesterol: 175.0 mg/dL; Triglycerides: 127.0 mg/dL; Low Density Lipoprotein Cholesterol: 77.0 mg/dL; High Density Lipoprotein Cholesterol: 72.0 mg/dL; Systolic Blood Pressure: 127.0 mmHg; Diastolic Blood Pressure: 83.0 mmHg. Immunizations: Influenza seasonal injectable preservative free; Td (adult) preservative free.",0
b2a534e7-d739-4d4c-a602-f2c58e882c18,"Demographics: born 1950-05-29, gender M, race white, ethnicity italian.",0
550f96a4-6a55-4928-9c37-601e2d2c9ceb,"Demographics: born 1958-12-16, gender F, race white, ethnicity portuguese. Encounters: Patient encounter procedure; Outpatient Encounter; Encounter for symptom; Encounter for 'check-up'. Medications: Dextromethorphan Hydrobromide 1 MG/ML. Procedures: Replacement of contraceptive intrauterine device; Plain chest X-ray (procedure); Colonoscopy. Observations: Body Height: 163.12 cm; Body Weight: 99.35 kg; Body Mass Index: 37.34 kg/m2; Systolic Blood Pressure: 127.0 mmHg; Diastolic Blood Pressure: 84.0 mmHg; Total Cholesterol: 186.0 mg/dL; Triglycerides: 101.0 mg/dL; Low Density Lipoprotein Cholesterol: 91.0 mg/dL; High Density Lipoprotein Cholesterol: 74.0 mg/dL; Systolic Blood Pressure: 133.0 mmHg; Diastolic Blood Pressure: 76.0 mmHg; Oral temperature: 38.0 Cel; Systolic Blood Pressure: 108.0 mmHg; Diastolic Blood Pressure: 70.0 mmHg; Systolic Blood Pressure: 116.0 mmHg; Total Cholesterol: 192.0 mg/dL; Triglycerides: 136.0 mg/dL; Low Density Lipoprotein Cholesterol: 102.0 mg/dL; High Density Lipoprotein Cholesterol: 62.0 mg/dL; Systolic Blood Pressure: 102.0 mmHg; Diastolic Blood Pressure: 71.0 mmHg; Diastolic Blood Pressure: 72.0 mmHg. Allergies: Shellfish allergy. Immunizations: Influenza seasonal injectable preservative free; Td (adult) preservative free.",0
70911db1-8651-4db9-96b8-4557c6b0da6a,"Demographics: born 1922-07-29, gender F, race white, ethnicity german.",0
6dc512ce-ae60-4434-b824-138fb40b0389,"Demographics: born 1907-11-29, gender M, race white, ethnicity american.",0
8e1aa596-3144-44a5-8828-6308b32d38cc,"Demographics: born 1962-02-06, gender F, race white, ethnicity polish. Encounters: Outpatient Encounter; Encounter for 'check-up'; Encounter for symptom; Emergency room admission. Medications: Penicillin V Potassium 250 MG; Acetaminophen 160 MG; Acetaminophen 325 MG Oral Tablet. Procedures: Documentation of current medications; Colonoscopy; Measurement of respiratory function (procedure). Observations: Body Height: 160.58 cm; Body Weight: 99.34 kg; Body Mass Index: 38.52 kg/m2; Systolic Blood Pressure: 183.0 mmHg; Diastolic Blood Pressure: 114.0 mmHg; Total Cholesterol: 164.0 mg/dL; Triglycerides: 104.0 mg/dL; Low Density Lipoprotein Cholesterol: 67.0 mg/dL; High Density Lipoprotein Cholesterol: 76.0 mg/dL; Estimated Glomerular Filtration Rate: 60.0 mL/min/{1.73_m2}; Systolic Blood Pressure: 162.0 mmHg; Diastolic Blood Pressure: 118.0 mmHg; Systolic Blood Pressure: 145.0 mmHg; Diastolic Blood Pressure: 113.0 mmHg; Total Cholesterol: 183.0 mg/dL; Low Density Lipoprotein Cholesterol: 99.0 mg/dL; High Density Lipoprotein Cholesterol: 63.0 mg/dL; Systolic Blood Pressure: 165.0 mmHg; Diastolic Blood Pressure: 100.0 mmHg. Immunizations: Influenza seasonal injectable preservative free; Td (adult) preservative free.",1
e635aad4-5463-492a-83cf-4f8d1b5b434c,"Demographics: born 1939-05-30, gender F, race white, ethnicity irish. Encounters: Outpatient Encounter; Encounter for symptom; Emergency room admission; Encounter for 'check-up'. Medications: Penicillin V Potassium 500 MG. Procedures: Documentation of current medications. Observations: Body Height: 167.92 cm; Body Weight: 78.06 kg; Body Mass Index: 27.68 kg/m2; Systolic Blood Pressure: 134.0 mmHg; Diastolic Blood Pressure: 83.0 mmHg; Body Weight: 77.0 kg; Body Mass Index: 27.3 kg/m2; Systolic Blood Pressure: 131.0 mmHg; Diastolic Blood Pressure: 78.0 mmHg; Body Weight: 75.24 kg; Body Mass Index: 26.68 kg/m2; Systolic Blood Pressure: 103.0 mmHg; Diastolic Blood Pressure: 79.0 mmHg; Total Cholesterol: 184.0 mg/dL; Triglycerides: 130.0 mg/dL; Low Density Lipoprotein Cholesterol: 89.0 mg/dL; High Density Lipoprotein Cholesterol: 69.0 mg/dL; Body Weight: 74.02 kg; Body Mass Index: 26.25 kg/m2; Systolic Blood Pressure: 115.0 mmHg; Diastolic Blood Pressure: 74.0 mmHg; Body Weight: 72.63 kg; Body Mass Index: 25.76 kg/m2; Systolic Blood Pressure: 109.0 mmHg; Body Weight: 70.78 kg; Body Mass Index: 25.1 kg/m2; Systolic Blood Pressure: 117.0 mmHg; Total Cholesterol: 192.0 mg/dL; Triglycerides: 144.0 mg/dL; Low Density Lipoprotein Cholesterol: 93.0 mg/dL; High Density Lipoprotein Cholesterol: 70.0 mg/dL; Body Weight: 69.52 kg; Body Mass Index: 24.66 kg/m2; Systolic Blood Pressure: 104.0 mmHg; Diastolic Blood Pressure: 77.0 mmHg. Immunizations: Influenza seasonal injectable preservative free; Td (adult) preservative free.",0
77c2fbf0-727f-453d-8a36-38d4cf547e86,"Demographics: born 1974-05-21, gender F, race white, ethnicity irish. Encounters: Encounter for symptom; Emergency room admission; Outpatient Encounter; Patient encounter procedure. Medications: Penicillin V Potassium 250 MG; Penicillin V Potassium 500 MG; Errin 28 Day Pack; Acetaminophen 160 MG; Naproxen sodium 220 MG Oral Tablet. Procedures: Measurement of respiratory function (procedure); Replacement of subcutaneous contraceptive; Documentation of current medications. Observations: Body Height: 163.55 cm; Body Weight: 84.78 kg; Body Mass Index: 31.69 kg/m2; Systolic Blood Pressure: 194.0 mmHg; Diastolic Blood Pressure: 105.0 mmHg; Total Cholesterol: 186.0 mg/dL; Triglycerides: 113.0 mg/dL; Low Density Lipoprotein Cholesterol: 92.0 mg/dL; High Density Lipoprotein Cholesterol: 71.0 mg/dL; Estimated Glomerular Filtration Rate: 60.0 mL/min/{1.73_m2}; Body Weight: 90.06 kg; Body Mass Index: 33.67 kg/m2; Systolic Blood Pressure: 186.0 mmHg; Diastolic Blood Pressure: 117.0 mmHg; Total Cholesterol: 194.0 mg/dL; Triglycerides: 108.0 mg/dL; Low Density Lipoprotein Cholesterol: 103.0 mg/dL; High Density Lipoprotein Cholesterol: 69.0 mg/dL; Oral temperature: 37.0 Cel. Immunizations: Influenza seasonal injectable preservative free; Td (adult) preservative free.",1
defa3ddd-3a45-4601-a710-e901b1be2c3b,"Demographics: born 1983-11-23, gender F, race white, ethnicity irish. Encounters: Emergency room admission; Encounter Inpatient; Encounter for symptom; Prenatal initial visit; Patient-initiated encounter; Consultation for treatment; Patient encounter procedure; Outpatient Encounter. Medications: Amoxicillin 250 MG / Clavulanate 125 MG [Augmentin]; Acetaminophen 325 MG Oral Tablet. Procedures: Appendectomy; Standard pregnancy test; Induced termination of pregnancy; Insertion of intrauterine contraceptive device; Replacement of contraceptive intrauterine device. Observations: Hemoglobin A1c/Hemoglobin.total in Blood: 6.6 %; Body Height: 167.09 cm; Body Weight: 58.79 kg; Body Mass Index: 21.06 kg/m2; Systolic Blood Pressure: 173.0 mmHg; Diastolic Blood Pressure: 103.0 mmHg; Glucose: 102.0 mg/dL; Urea Nitrogen: 20.0 mg/dL; Creatinine: 1.0 mg/dL; Calcium: 9.38 mg/dL; Sodium: 142.0 mmol/L; Potassium: 3.74 mmol/L; Chloride: 106.0 mmol/L; Carbon Dioxide: 25.0 mmol/L; Total Cholesterol: 212.0 mg/dL; Triglycerides: 179.0 mg/dL; Low Density Lipoprotein Cholesterol: 120.0 mg/dL; High Density Lipoprotein Cholesterol: 56.0 mg/dL; Microalbumin Creatine Ratio: 6.0 mg/g; Estimated Glomerular Filtration Rate: 60.0 mL/min/{1.73_m2}; Body Weight: 63.45 kg; Body Mass Index: 22.73 kg/m2; Systolic Blood Pressure: 151.0 mmHg; Diastolic Blood Pressure: 111.0 mmHg; Glucose: 103.0 mg/dL; Urea Nitrogen: 15.0 mg/dL; Calcium: 9.22 mg/dL; Sodium: 137.0 mmol/L; Potassium: 5.12 mmol/L; Chloride: 101.0 mmol/L; Carbon Dioxide: 29.0 mmol/L; Total Cholesterol: 228.0 mg/dL; Triglycerides: 164.0 mg/dL; Low Density Lipoprotein Cholesterol: 152.0 mg/dL; High Density Lipoprotein Cholesterol: 43.0 mg/dL; Microalbumin Creatine Ratio: 12.0 mg/g; Estimated Glomerular Filtration Rate: 56.0 mL/min/{1.73_m2}. Immunizations: Influenza seasonal injectable preservative free; Td (adult) preservative free.",1
d551734e-8dd5-453c-a23c-71b6bea7d1a2,"Demographics: born 2013-05-12, gender F, race white, ethnicity french. Encounters: Outpatient Encounter; Encounter for symptom. Medications: Penicillin V Potassium 250 MG. Procedures: Documentation of current medications. Observations: Body Height: 56.64 cm; Body Weight: 4.51 kg; Systolic Blood Pressure: 123.0 mmHg; Diastolic Blood Pressure: 73.0 mmHg; Body Height: 59.45 cm; Body Weight: 5.2 kg; Systolic Blood Pressure: 130.0 mmHg; Diastolic Blood Pressure: 82.0 mmHg; Body Height: 63.93 cm; Body Weight: 6.4 kg; Systolic Blood Pressure: 133.0 mmHg; Diastolic Blood Pressure: 81.0 mmHg; Body Height: 67.57 cm; Body Weight: 7.41 kg; Systolic Blood Pressure: 117.0 mmHg; Body Height: 72.13 cm; Body Weight: 8.64 kg; Systolic Blood Pressure: 118.0 mmHg; Diastolic Blood Pressure: 84.0 mmHg; Body Height: 76.02 cm; Body Weight: 9.61 kg; Systolic Blood Pressure: 138.0 mmHg; Diastolic Blood Pressure: 72.0 mmHg; Body Height: 80.54 cm; Body Weight: 10.61 kg; Systolic Blood Pressure: 139.0 mmHg; Diastolic Blood Pressure: 78.0 mmHg; Oral temperature: 38.16 Cel; Body Height: 83.58 cm; Body Weight: 11.22 kg; Systolic Blood Pressure: 105.0 mmHg; Diastolic Blood Pressure: 83.0 mmHg; Body Height: 88.27 cm; Body Weight: 12.22 kg; Body Mass Index: 15.69 kg/m2; Systolic Blood Pressure: 134.0 mmHg; Body Height: 93.89 cm; Body Weight: 13.26 kg; Body Mass Index: 15.04 kg/m2; Systolic Blood Pressure: 119.0 mmHg. Immunizations: Hep B adolescent or pediatric; rotavirus monovalent; DTaP; Hib (PRP-OMP); Pneumococcal conjugate PCV 13; IPV; Influenza seasonal injectable preservative free; MMR; varicella; Hep A ped/adol 2 dose.",0
e956fff2-f691-43d4-bd8a-3e88777fcf4b,"Demographics: born 1973-12-15, gender F, race white, ethnicity polish. Encounters: Outpatient Encounter; Encounter for symptom; Emergency room admission; Encounter for 'check-up'. Medications: Dextromethorphan Hydrobromide 1 MG/ML. Procedures: Documentation of current medications; Measurement of respiratory function (procedure). Observations: Hemoglobin A1c/Hemoglobin.total in Blood: 6.1 %; Body Height: 160.56 cm; Body Weight: 93.52 kg; Body Mass Index: 36.28 kg/m2; Systolic Blood Pressure: 160.0 mmHg; Diastolic Blood Pressure: 107.0 mmHg; Glucose: 75.0 mg/dL; Urea Nitrogen: 9.0 mg/dL; Creatinine: 1.0 mg/dL; Calcium: 9.34 mg/dL; Sodium: 141.0 mmol/L; Potassium: 3.95 mmol/L; Chloride: 102.0 mmol/L; Carbon Dioxide: 23.0 mmol/L; Total Cholesterol: 189.0 mg/dL; Triglycerides: 104.0 mg/dL; Low Density Lipoprotein Cholesterol: 97.0 mg/dL; High Density Lipoprotein Cholesterol: 71.0 mg/dL; Estimated Glomerular Filtration Rate: 60.0 mL/min/{1.73_m2}; Hemoglobin A1c/Hemoglobin.total in Blood: 6.3 %; Body Weight: 97.08 kg; Body Mass Index: 37.66 kg/m2; Systolic Blood Pressure: 182.0 mmHg; Diastolic Blood Pressure: 110.0 mmHg; Glucose: 95.0 mg/dL; Urea Nitrogen: 13.0 mg/dL; Calcium: 10.17 mg/dL; Sodium: 139.0 mmol/L; Potassium: 3.74 mmol/L; Chloride: 107.0 mmol/L; Carbon Dioxide: 28.0 mmol/L; Body Weight: 101.77 kg; Body Mass Index: 39.48 kg/m2; Systolic Blood Pressure: 185.0 mmHg; Diastolic Blood Pressure: 93.0 mmHg; Glucose: 90.0 mg/dL; Urea Nitrogen: 20.0 mg/dL; Calcium: 8.63 mg/dL; Sodium: 142.0 mmol/L; Potassium: 4.46 mmol/L. Immunizations: Influenza seasonal injectable preservative free; Td (adult) preservative free.",1
162f14fc-84dd-4752-b2e0-a6a0e7386181,"Demographics: born 1938-07-25, gender F, race white, ethnicity irish. Encounters: Outpatient Encounter; Encounter for symptom; Emergency Room Admission. Medications: Penicillin V Potassium 250 MG; Naproxen sodium 220 MG [Aleve]; Penicillin V Potassium 500 MG; Amoxicillin 250 MG / Clavulanate 125 MG [Augmentin]; Acetaminophen 325 MG / HYDROcodone Bitartrate 7.5 MG Oral Tablet; Naproxen sodium 220 MG Oral Tablet. Procedures: Documentation of current medications; Admission to orthopedic department; Bone density scan (procedure). Observations: Body Height: 161.44 cm; Body Weight: 115.58 kg; Body Mass Index: 44.35 kg/m2; Systolic Blood Pressure: 161.0 mmHg; Diastolic Blood Pressure: 100.0 mmHg; Estimated Glomerular Filtration Rate: 60.0 mL/min/{1.73_m2}; Body Weight: 113.94 kg; Body Mass Index: 43.72 kg/m2; Systolic Blood Pressure: 176.0 mmHg; Diastolic Blood Pressure: 115.0 mmHg; Body Weight: 112.64 kg; Body Mass Index: 43.22 kg/m2; Systolic Blood Pressure: 197.0 mmHg; Diastolic Blood Pressure: 92.0 mmHg; Total Cholesterol: 166.0 mg/dL; Triglycerides: 121.0 mg/dL; Low Density Lipoprotein Cholesterol: 77.0 mg/dL; High Density Lipoprotein Cholesterol: 64.0 mg/dL; Body Weight: 111.42 kg; Body Mass Index: 42.75 kg/m2; Systolic Blood Pressure: 177.0 mmHg; Diastolic Blood Pressure: 110.0 mmHg; Body Weight: 109.88 kg; Body Mass Index: 42.16 kg/m2; Diastolic Blood Pressure: 113.0 mmHg; Body Weight: 108.61 kg; Body Mass Index: 41.67 kg/m2; Systolic Blood Pressure: 158.0 mmHg; Total Cholesterol: 161.0 mg/dL; Triglycerides: 132.0 mg/dL; Low Density Lipoprotein Cholesterol: 55.0 mg/dL; High Density Lipoprotein Cholesterol: 79.0 mg/dL; Body Weight: 106.95 kg; Body Mass Index: 41.04 kg/m2; Diastolic Blood Pressure: 103.0 mmHg; DXA [T-score] Bone density: 0.21 {T-score}. Immunizations: Influenza seasonal injectable preservative free.",1
6b29e55f-b604-4f30-8fd0-71b8bdfd04af,"Demographics: born 1908-07-18, gender M, race white, ethnicity american.",0
0557c57b-f5b4-4a45-9a6e-9a9b5c3a0f3e,"Demographics: born 1934-12-04, gender F, race white, ethnicity french_canadian. Encounters: Death Certification. Medications: Penicillin V Potassium 500 MG. Observations: Stroke.",1
49e3246a-52a3-4515-91c6-f501a746d476,"Demographics: born 1954-12-30, gender F, race black, ethnicity west_indian. Encounters: Outpatient Encounter; Encounter for symptom; Encounter for 'check-up'. Procedures: Documentation of current medications; Colonoscopy. Observations: Body Height: 175.46 cm; Body Weight: 93.13 kg; Body Mass Index: 30.25 kg/m2; Systolic Blood Pressure: 139.0 mmHg; Diastolic Blood Pressure: 82.0 mmHg; Oral temperature: 37.0 Cel; Systolic Blood Pressure: 131.0 mmHg; Diastolic Blood Pressure: 73.0 mmHg; Systolic Blood Pressure: 108.0 mmHg; Diastolic Blood Pressure: 80.0 mmHg; Systolic Blood Pressure: 106.0 mmHg; Diastolic Blood Pressure: 79.0 mmHg; Total Cholesterol: 170.0 mg/dL; Triglycerides: 106.0 mg/dL; Low Density Lipoprotein Cholesterol: 68.0 mg/dL; High Density Lipoprotein Cholesterol: 80.0 mg/dL; Systolic Blood Pressure: 121.0 mmHg; Diastolic Blood Pressure: 71.0 mmHg; Oral temperature: 38.8 Cel; Body Weight: 90.57 kg; Body Mass Index: 29.42 kg/m2; Systolic Blood Pressure: 113.0 mmHg; Body Weight: 89.01 kg; Body Mass Index: 28.91 kg/m2; Systolic Blood Pressure: 109.0 mmHg; Diastolic Blood Pressure: 78.0 mmHg; Total Cholesterol: 183.0 mg/dL; Triglycerides: 107.0 mg/dL; Low Density Lipoprotein Cholesterol: 83.0 mg/dL; High Density Lipoprotein Cholesterol: 78.0 mg/dL. Immunizations: Influenza seasonal injectable preservative free; Td (adult) preservative free; zoster.",0
80deb2d4-cf15-455f-a73d-98e34a609f8f,"Demographics: born 1987-05-31, gender F, race black, ethnicity african. Encounters: Patient encounter procedure; Outpatient Encounter; Encounter for symptom; Consultation for treatment; Emergency room admission. Medications: Penicillin V Potassium 250 MG; 1 ML Depo-Provera 150 MG/ML Injection; Jolivette 28 Day Pack; Naproxen sodium 220 MG Oral Tablet. Procedures: Intramuscular injection; Documentation of current medications; Suture open wound. Observations: Body Height: 165.25 cm; Body Weight: 65.85 kg; Body Mass Index: 24.11 kg/m2; Systolic Blood Pressure: 109.0 mmHg; Diastolic Blood Pressure: 88.0 mmHg; Oral temperature: 37.0 Cel; Body Weight: 68.82 kg; Body Mass Index: 25.2 kg/m2; Systolic Blood Pressure: 122.0 mmHg; Body Weight: 72.9 kg; Body Mass Index: 26.7 kg/m2; Systolic Blood Pressure: 139.0 mmHg; Diastolic Blood Pressure: 71.0 mmHg. Immunizations: Influenza seasonal injectable preservative free; Td (adult) preservative free.",0
b5ecb2f7-7ff1-4f6c-ab0e-f336794d4ad9,"Demographics: born 1964-04-17, gender M, race white, ethnicity french. Encounters: Outpatient Encounter; Encounter for symptom. Medications: Penicillin V Potassium 250 MG; Acetaminophen 160 MG. Procedures: Documentation of current medications; Sputum examination (procedure). Observations: Body Height: 173.42 cm; Body Weight: 104.56 kg; Body Mass Index: 34.77 kg/m2; Systolic Blood Pressure: 100.0 mmHg; Diastolic Blood Pressure: 79.0 mmHg; Total Cholesterol: 169.0 mg/dL; Triglycerides: 147.0 mg/dL; Low Density Lipoprotein Cholesterol: 77.0 mg/dL; High Density Lipoprotein Cholesterol: 62.0 mg/dL; Body Weight: 106.92 kg; Body Mass Index: 35.55 kg/m2; Systolic Blood Pressure: 111.0 mmHg; Diastolic Blood Pressure: 81.0 mmHg; Body Weight: 108.8 kg; Body Mass Index: 36.18 kg/m2; Systolic Blood Pressure: 112.0 mmHg; Diastolic Blood Pressure: 75.0 mmHg; Total Cholesterol: 192.0 mg/dL; Triglycerides: 134.0 mg/dL; Low Density Lipoprotein Cholesterol: 90.0 mg/dL; High Density Lipoprotein Cholesterol: 75.0 mg/dL; Systolic Blood Pressure: 137.0 mmHg; Diastolic Blood Pressure: 74.0 mmHg; Systolic Blood Pressure: 116.0 mmHg; Diastolic Blood Pressure: 84.0 mmHg. Immunizations: Influenza seasonal injectable preservative free; Td (adult) preservative free.",0
b3ee93ab-9a09-40c6-ba0d-31a49e11cb00,"Demographics: born 1941-07-27, gender M, race black, ethnicity african. Encounters: Death Certification. Medications: Penicillin V Potassium 500 MG; Fluticasone propionate 0.25 MG/ACTUAT / salmeterol 0.05 MG/ACTUAT [Advair]; 24 HR Metformin hydrochloride 500 MG Extended Release Oral Tablet; insulin human isophane 70 UNT/ML / Regular Insulin Human 30 UNT/ML Injectable Suspension [Humulin]; Alendronic acid 10 MG [Fosamax]. Observations: Pulmonary emphysema (disorder).",1
246f2ea1-f196-4fcc-b229-c75b9d0d75c6,"Demographics: born 1995-08-03, gender F, race black, ethnicity dominican. Encounters: Outpatient Encounter; Encounter for symptom; Emergency room admission; Non-urgent orthopedic admission. Medications: Acetaminophen 160 MG; Meperidine Hydrochloride 50 MG Oral Tablet; Ibuprofen 200 MG Oral Tablet. Procedures: Plain chest X-ray (procedure); Documentation of current medications; Surgical manipulation of joint of knee. Observations: Body Height: 161.34 cm; Body Weight: 46.61 kg; Body Mass Index: 17.91 kg/m2; Systolic Blood Pressure: 122.0 mmHg; Diastolic Blood Pressure: 80.0 mmHg; Body Height: 162.19 cm; Body Weight: 48.89 kg; Body Mass Index: 18.58 kg/m2; Systolic Blood Pressure: 114.0 mmHg; Diastolic Blood Pressure: 76.0 mmHg; Body Height: 162.58 cm; Body Weight: 50.3 kg; Body Mass Index: 19.03 kg/m2; Systolic Blood Pressure: 118.0 mmHg; Diastolic Blood Pressure: 88.0 mmHg; Body Height: 162.82 cm; Body Weight: 51.41 kg; Body Mass Index: 19.39 kg/m2; Systolic Blood Pressure: 121.0 mmHg; Diastolic Blood Pressure: 78.0 mmHg; Body Height: 162.95 cm; Body Weight: 52.34 kg; Body Mass Index: 19.71 kg/m2; Systolic Blood Pressure: 199.0 mmHg; Diastolic Blood Pressure: 90.0 mmHg; Estimated Glomerular Filtration Rate: 60.0 mL/min/{1.73_m2}; Body Height: 163.04 cm; Body Weight: 54.32 kg; Body Mass Index: 20.44 kg/m2; Systolic Blood Pressure: 185.0 mmHg; Diastolic Blood Pressure: 104.0 mmHg. Immunizations: Influenza seasonal injectable preservative free; meningococcal MCV4P.",1
32a36457-306c-4228-be05-388af56c10d8,"Demographics: born 1938-04-18, gender F, race black, ethnicity dominican. Encounters: Outpatient Encounter; Encounter for 'check-up'. Medications: Penicillin V Potassium 250 MG; Hydrocortisone 10 MG/ML Topical Cream; Penicillin V Potassium 500 MG; Galantamine 4 MG [Razadyne]. Procedures: Colonoscopy; Documentation of current medications; Fecal occult blood test; Rectal polypectomy. Observations: Hemoglobin A1c/Hemoglobin.total in Blood: 6.1 %; Body Height: 164.58 cm; Body Weight: 96.3 kg; Body Mass Index: 35.55 kg/m2; Systolic Blood Pressure: 136.0 mmHg; Diastolic Blood Pressure: 71.0 mmHg; Glucose: 88.0 mg/dL; Urea Nitrogen: 9.0 mg/dL; Creatinine: 1.0 mg/dL; Calcium: 8.89 mg/dL; Sodium: 144.0 mmol/L; Potassium: 4.17 mmol/L; Chloride: 111.0 mmol/L; Carbon Dioxide: 24.0 mmol/L; Total Cholesterol: 177.0 mg/dL; Triglycerides: 127.0 mg/dL; Low Density Lipoprotein Cholesterol: 76.0 mg/dL; High Density Lipoprotein Cholesterol: 75.0 mg/dL; Hemoglobin A1c/Hemoglobin.total in Blood: 6.2 %; Body Weight: 94.52 kg; Body Mass Index: 34.9 kg/m2; Systolic Blood Pressure: 112.0 mmHg; Glucose: 98.0 mg/dL; Urea Nitrogen: 19.0 mg/dL; Calcium: 8.84 mg/dL; Sodium: 143.0 mmol/L; Potassium: 3.85 mmol/L; Chloride: 110.0 mmol/L; Carbon Dioxide: 28.0 mmol/L; Hemoglobin A1c/Hemoglobin.total in Blood: 5.9 %; Body Weight: 92.89 kg; Body Mass Index: 34.29 kg/m2; Systolic Blood Pressure: 114.0 mmHg; Diastolic Blood Pressure: 73.0 mmHg; Glucose: 84.0 mg/dL; Urea Nitrogen: 16.0 mg/dL; Calcium: 9.66 mg/dL; Sodium: 137.0 mmol/L; Potassium: 4.48 mmol/L; Carbon Dioxide: 21.0 mmol/L. Immunizations: Influenza seasonal injectable preservative free.",0
abfd3b91-3032-460f-b727-2230f08c562e,"Demographics: born 1950-07-11, gender F, race black, ethnicity dominican. Encounters: Encounter for 'check-up'; Outpatient Encounter; Asthma follow-up; Encounter for symptom; Encounter for problem; Emergency hospital admission for asthma. Medications: Chlorpheniramine 2 MG Chewable Tablet; 120 ACTUAT Fluticasone propionate 0.044 MG/ACTUAT Metered Dose Inhaler; 200 ACTUAT Albuterol 0.09 MG/ACTUAT Metered Dose Inhaler; Penicillin V Potassium 500 MG. Procedures: Colonoscopy; Documentation of current medications; Fecal occult blood test; Rectal polypectomy; Biopsy of colon; Throat culture (procedure). Observations: Hemoglobin A1c/Hemoglobin.total in Blood: 6.3 %; Body Height: 164.97 cm; Body Weight: 108.38 kg; Body Mass Index: 39.82 kg/m2; Systolic Blood Pressure: 146.0 mmHg; Diastolic Blood Pressure: 112.0 mmHg; Glucose: 72.0 mg/dL; Urea Nitrogen: 18.0 mg/dL; Creatinine: 1.0 mg/dL; Calcium: 9.6 mg/dL; Sodium: 138.0 mmol/L; Potassium: 5.13 mmol/L; Chloride: 101.0 mmol/L; Carbon Dioxide: 22.0 mmol/L; Estimated Glomerular Filtration Rate: 60.0 mL/min/{1.73_m2}; Hemoglobin A1c/Hemoglobin.total in Blood: 5.8 %; Body Weight: 106.81 kg; Body Mass Index: 39.25 kg/m2; Systolic Blood Pressure: 189.0 mmHg; Diastolic Blood Pressure: 115.0 mmHg; Glucose: 99.0 mg/dL; Urea Nitrogen: 11.0 mg/dL; Calcium: 9.58 mg/dL; Sodium: 142.0 mmol/L; Potassium: 4.26 mmol/L; Chloride: 106.0 mmol/L; Total Cholesterol: 163.0 mg/dL; Triglycerides: 122.0 mg/dL; Low Density Lipoprotein Cholesterol: 78.0 mg/dL; High Density Lipoprotein Cholesterol: 60.0 mg/dL; Body Weight: 105.65 kg; Body Mass Index: 38.82 kg/m2; Systolic Blood Pressure: 198.0 mmHg; Diastolic Blood Pressure: 93.0 mmHg; Glucose: 82.0 mg/dL; Calcium: 8.91 mg/dL; Sodium: 141.0 mmol/L; Potassium: 3.75 mmol/L; Chloride: 109.0 mmol/L; Carbon Dioxide: 26.0 mmol/L. Allergies: Allergy to tree pollen; Allergy to bee venom. Immunizations: Influenza seasonal injectable preservative free; zoster; Td (adult) preservative free; Pneumococcal conjugate PCV 13; pneumococcal polysaccharide vaccine 23 valent.",1
d357f599-0d6a-43bd-8198-0411026e2200,"Demographics: born 1945-03-06, gender F, race black, ethnicity dominican. Encounters: Outpatient Encounter; Emergency room admission; Encounter for 'check-up'; Encounter for symptom. Medications: Acetaminophen 325 MG / oxyCODONE Hydrochloride 5 MG Oral Tablet; Naproxen sodium 220 MG Oral Tablet; Amoxicillin 250 MG / Clavulanate 125 MG [Augmentin]. Procedures: Admission to orthopedic department; Bone density scan (procedure); Documentation of current medications; Colonoscopy. Observations: Hemoglobin A1c/Hemoglobin.total in Blood: 5.9 %; Body Height: 163.25 cm; Body Weight: 104.58 kg; Body Mass Index: 39.24 kg/m2; Systolic Blood Pressure: 104.0 mmHg; Diastolic Blood Pressure: 78.0 mmHg; Glucose: 64.0 mg/dL; Urea Nitrogen: 14.0 mg/dL; Creatinine: 1.0 mg/dL; Calcium: 9.51 mg/dL; Sodium: 137.0 mmol/L; Potassium: 3.95 mmol/L; Chloride: 107.0 mmol/L; Carbon Dioxide: 24.0 mmol/L; Total Cholesterol: 200.0 mg/dL; Triglycerides: 130.0 mg/dL; Low Density Lipoprotein Cholesterol: 104.0 mg/dL; High Density Lipoprotein Cholesterol: 70.0 mg/dL; DXA [T-score] Bone density: 0.08 {T-score}; Hemoglobin A1c/Hemoglobin.total in Blood: 6.2 %; Body Weight: 103.08 kg; Body Mass Index: 38.68 kg/m2; Systolic Blood Pressure: 106.0 mmHg; Glucose: 93.0 mg/dL; Urea Nitrogen: 18.0 mg/dL; Calcium: 9.87 mg/dL; Sodium: 143.0 mmol/L; Potassium: 4.71 mmol/L; Chloride: 104.0 mmol/L; Carbon Dioxide: 21.0 mmol/L; Body Weight: 101.47 kg; Body Mass Index: 38.08 kg/m2; Systolic Blood Pressure: 121.0 mmHg; Diastolic Blood Pressure: 71.0 mmHg; Glucose: 80.0 mg/dL; Urea Nitrogen: 9.0 mg/dL; Calcium: 8.93 mg/dL; Sodium: 142.0 mmol/L; Potassium: 4.1 mmol/L; Chloride: 101.0 mmol/L. Immunizations: Pneumococcal conjugate PCV 13; Influenza seasonal injectable preservative free; pneumococcal polysaccharide vaccine 23 valent; Td (adult) preservative free.",0
d34b4a3b-f162-40cd-a832-b14ba15eab79,"Demographics: born 1951-02-01, gender M, race asian, ethnicity asian_indian. Encounters: Death Certification. Medications: Penicillin V Potassium 250 MG; Nitroglycerin 0.4 MG/ACTUAT [Nitrolingual]; Acetaminophen 325 MG / HYDROcodone Bitartrate 7.5 MG Oral Tablet. Observations: Myocardial Infarction.",0
c3987448-b39e-4d96-966a-01de44cb1e57,"Demographics: born 1973-09-07, gender F, race white, ethnicity french. Encounters: Encounter for symptom; Outpatient Encounter; Patient encounter procedure. Medications: Implanon 68 MG Drug Implant. Procedures: Replacement of subcutaneous contraceptive; Documentation of current medications. Observations: Body Height: 175.17 cm; Body Weight: 76.0 kg; Body Mass Index: 24.77 kg/m2; Systolic Blood Pressure: 102.0 mmHg; Diastolic Blood Pressure: 78.0 mmHg; Total Cholesterol: 175.0 mg/dL; Triglycerides: 138.0 mg/dL; Low Density Lipoprotein Cholesterol: 69.0 mg/dL; High Density Lipoprotein Cholesterol: 78.0 mg/dL; Body Weight: 79.74 kg; Body Mass Index: 25.99 kg/m2; Systolic Blood Pressure: 112.0 mmHg; Diastolic Blood Pressure: 72.0 mmHg; Total Cholesterol: 183.0 mg/dL; Triglycerides: 135.0 mg/dL; Low Density Lipoprotein Cholesterol: 96.0 mg/dL; High Density Lipoprotein Cholesterol: 60.0 mg/dL; Oral temperature: 37.0 Cel; Body Weight: 80.94 kg; Body Mass Index: 26.38 kg/m2; Systolic Blood Pressure: 136.0 mmHg; Diastolic Blood Pressure: 71.0 mmHg; Body Weight: 84.64 kg; Body Mass Index: 27.59 kg/m2; Systolic Blood Pressure: 128.0 mmHg; Diastolic Blood Pressure: 73.0 mmHg; Total Cholesterol: 184.0 mg/dL; Triglycerides: 107.0 mg/dL; Low Density Lipoprotein Cholesterol: 87.0 mg/dL; High Density Lipoprotein Cholesterol: 75.0 mg/dL. Immunizations: Influenza seasonal injectable preservative free; Td (adult) preservative free.",0
68edd5af-338c-4bfe-889f-5797ed47dcca,"Demographics: born 1926-08-26, gender F, race white, ethnicity irish.",0
441cce3c-d042-45e4-ad13-c57254b4f535,"Demographics: born 1943-04-18, gender F, race white, ethnicity swedish. Encounters: Encounter for symptom; Outpatient Encounter; Encounter for 'check-up'; Emergency room admission. Medications: Penicillin V Potassium 500 MG; Amoxicillin 250 MG / Clavulanate 125 MG [Augmentin]; Naproxen sodium 220 MG Oral Tablet. Procedures: Throat culture (procedure); Documentation of current medications; Colonoscopy; Bone immobilization; Bone density scan (procedure). Observations: Oral temperature: 37.0 Cel; Body Height: 170.96 cm; Body Weight: 85.21 kg; Body Mass Index: 29.15 kg/m2; Systolic Blood Pressure: 127.0 mmHg; Diastolic Blood Pressure: 70.0 mmHg; Body Weight: 83.24 kg; Body Mass Index: 28.48 kg/m2; Systolic Blood Pressure: 110.0 mmHg; Diastolic Blood Pressure: 84.0 mmHg; Total Cholesterol: 171.0 mg/dL; Triglycerides: 121.0 mg/dL; Low Density Lipoprotein Cholesterol: 86.0 mg/dL; High Density Lipoprotein Cholesterol: 60.0 mg/dL; Body Weight: 81.33 kg; Body Mass Index: 27.83 kg/m2; Systolic Blood Pressure: 133.0 mmHg; Diastolic Blood Pressure: 89.0 mmHg; Body Weight: 79.4 kg; Body Mass Index: 27.17 kg/m2; Systolic Blood Pressure: 111.0 mmHg; Diastolic Blood Pressure: 88.0 mmHg; Body Weight: 78.13 kg; Body Mass Index: 26.73 kg/m2; Systolic Blood Pressure: 113.0 mmHg; Diastolic Blood Pressure: 80.0 mmHg; Total Cholesterol: 189.0 mg/dL; Triglycerides: 147.0 mg/dL; Low Density Lipoprotein Cholesterol: 92.0 mg/dL; High Density Lipoprotein Cholesterol: 67.0 mg/dL; Body Weight: 76.91 kg; Body Mass Index: 26.31 kg/m2; Diastolic Blood Pressure: 83.0 mmHg; DXA [T-score] Bone density: 0.37 {T-score}; Body Weight: 75.74 kg; Body Mass Index: 25.91 kg/m2; Diastolic Blood Pressure: 72.0 mmHg. Immunizations: Pneumococcal conjugate PCV 13; Influenza seasonal injectable preservative free; Td (adult) preservative free.",0
bf0af3c4-5bf5-41cf-9249-12f4c06b9a92,"Demographics: born 1937-06-28, gender F, race hispanic, ethnicity mexican. Encounters: Emergency room admission; Encounter for 'check-up'; Outpatient Encounter. Medications: 24 HR Metformin hydrochloride 500 MG Extended Release Oral Tablet; Penicillin V Potassium 500 MG; insulin human isophane 70 UNT/ML / Regular Insulin Human 30 UNT/ML Injectable Suspension [Humulin]; Acetaminophen 325 MG / oxyCODONE Hydrochloride 5 MG Oral Tablet; Naproxen sodium 220 MG Oral Tablet. Procedures: Bone immobilization; Bone density scan (procedure); Documentation of current medications. Observations: DXA [T-score] Bone density: 0.0 {T-score}; Hemoglobin A1c/Hemoglobin.total in Blood: 2.9 %; Body Height: 173.59 cm; Body Weight: 89.36 kg; Body Mass Index: 29.66 kg/m2; Systolic Blood Pressure: 195.0 mmHg; Diastolic Blood Pressure: 113.0 mmHg; Glucose: 141.0 mg/dL; Urea Nitrogen: 17.0 mg/dL; Creatinine: 1.0 mg/dL; Calcium: 9.41 mg/dL; Sodium: 143.0 mmol/L; Potassium: 4.99 mmol/L; Chloride: 106.0 mmol/L; Carbon Dioxide: 26.0 mmol/L; Total Cholesterol: 257.0 mg/dL; Triglycerides: 388.0 mg/dL; Low Density Lipoprotein Cholesterol: 157.0 mg/dL; High Density Lipoprotein Cholesterol: 22.0 mg/dL; Microalbumin Creatine Ratio: 288.0 mg/g; Estimated Glomerular Filtration Rate: 60.0 mL/min/{1.73_m2}; Hemoglobin A1c/Hemoglobin.total in Blood: 2.7 %; Body Weight: 86.58 kg; Body Mass Index: 28.73 kg/m2; Systolic Blood Pressure: 178.0 mmHg; Diastolic Blood Pressure: 97.0 mmHg; Glucose: 145.0 mg/dL; Urea Nitrogen: 12.0 mg/dL; Calcium: 9.8 mg/dL; Potassium: 4.98 mmol/L; Chloride: 105.0 mmol/L; Total Cholesterol: 242.0 mg/dL; Triglycerides: 366.0 mg/dL; Low Density Lipoprotein Cholesterol: 137.0 mg/dL; High Density Lipoprotein Cholesterol: 31.0 mg/dL; Microalbumin Creatine Ratio: 206.0 mg/g; Hemoglobin A1c/Hemoglobin.total in Blood: 2.6 %; Body Weight: 85.3 kg; Body Mass Index: 28.31 kg/m2; Systolic Blood Pressure: 179.0 mmHg. Immunizations: Influenza seasonal injectable preservative free.",1
fb33415a-adb3-4972-94b4-b95ecdd9717d,"Demographics: born 1960-08-24, gender F, race white, ethnicity irish. Encounters: Encounter for 'check-up'; Outpatient Encounter; Encounter for symptom. Medications: Acetaminophen 160 MG; Amoxicillin 250 MG / Clavulanate 125 MG [Augmentin]. Procedures: Colonoscopy; Documentation of current medications. Observations: Body Height: 170.17 cm; Body Weight: 98.44 kg; Body Mass Index: 33.99 kg/m2; Systolic Blood Pressure: 198.0 mmHg; Diastolic Blood Pressure: 110.0 mmHg; Total Cholesterol: 173.0 mg/dL; Triglycerides: 146.0 mg/dL; Low Density Lipoprotein Cholesterol: 79.0 mg/dL; High Density Lipoprotein Cholesterol: 64.0 mg/dL; Estimated Glomerular Filtration Rate: 60.0 mL/min/{1.73_m2}; Systolic Blood Pressure: 181.0 mmHg; Diastolic Blood Pressure: 105.0 mmHg; Systolic Blood Pressure: 164.0 mmHg; Diastolic Blood Pressure: 93.0 mmHg; Systolic Blood Pressure: 143.0 mmHg; Diastolic Blood Pressure: 103.0 mmHg; Total Cholesterol: 188.0 mg/dL; Triglycerides: 140.0 mg/dL; Low Density Lipoprotein Cholesterol: 88.0 mg/dL; High Density Lipoprotein Cholesterol: 72.0 mg/dL; Systolic Blood Pressure: 151.0 mmHg; Systolic Blood Pressure: 170.0 mmHg; Diastolic Blood Pressure: 96.0 mmHg. Immunizations: Influenza seasonal injectable preservative free; Td (adult) preservative free.",1
1740fac5-6803-4cf7-9aaf-5e90b2e5986a,"Demographics: born 1998-05-25, gender F, race white, ethnicity polish. Encounters: Outpatient Encounter; Emergency room admission; Encounter for symptom. Medications: Naproxen sodium 220 MG Oral Tablet; Penicillin V Potassium 250 MG; Acetaminophen 160 MG. Procedures: Documentation of current medications; Sputum examination (procedure). Observations: Body Height: 152.8 cm; Body Weight: 63.9 kg; Body Mass Index: 27.37 kg/m2; Systolic Blood Pressure: 118.0 mmHg; Diastolic Blood Pressure: 88.0 mmHg; Body Height: 156.16 cm; Body Weight: 68.17 kg; Body Mass Index: 27.96 kg/m2; Systolic Blood Pressure: 111.0 mmHg; Diastolic Blood Pressure: 72.0 mmHg; Body Height: 157.86 cm; Body Weight: 71.56 kg; Body Mass Index: 28.72 kg/m2; Systolic Blood Pressure: 112.0 mmHg; Diastolic Blood Pressure: 74.0 mmHg; Oral temperature: 37.24 Cel; Body Height: 158.53 cm; Body Weight: 73.43 kg; Body Mass Index: 29.22 kg/m2; Systolic Blood Pressure: 136.0 mmHg; Diastolic Blood Pressure: 76.0 mmHg; Body Height: 158.99 cm; Body Weight: 75.02 kg; Body Mass Index: 29.68 kg/m2; Systolic Blood Pressure: 113.0 mmHg; Diastolic Blood Pressure: 75.0 mmHg; Body Height: 159.21 cm; Body Weight: 76.11 kg; Body Mass Index: 30.03 kg/m2; Systolic Blood Pressure: 121.0 mmHg; Diastolic Blood Pressure: 84.0 mmHg; Body Height: 159.35 cm; Body Weight: 77.43 kg; Body Mass Index: 30.49 kg/m2; Systolic Blood Pressure: 157.0 mmHg; Diastolic Blood Pressure: 116.0 mmHg; Estimated Glomerular Filtration Rate: 57.0 mL/min/{1.73_m2}. Immunizations: Influenza seasonal injectable preservative free; HPV quadrivalent; meningococcal MCV4P.",1
07d062b3-6a1c-4e69-af57-d700d4300117,"Demographics: born 1948-06-24, gender F, race white, ethnicity polish. Encounters: Outpatient Encounter; Encounter for symptom; Emergency room admission. Medications: Alendronic acid 10 MG [Fosamax]; Naproxen sodium 220 MG Oral Tablet. Procedures: Documentation of current medications. Observations: Hemoglobin A1c/Hemoglobin.total in Blood: 6.3 %; Body Height: 159.9 cm; Body Weight: 105.58 kg; Body Mass Index: 41.29 kg/m2; Systolic Blood Pressure: 158.0 mmHg; Diastolic Blood Pressure: 104.0 mmHg; Glucose: 77.0 mg/dL; Urea Nitrogen: 9.0 mg/dL; Creatinine: 1.0 mg/dL; Calcium: 9.07 mg/dL; Sodium: 138.0 mmol/L; Potassium: 4.18 mmol/L; Chloride: 105.0 mmol/L; Carbon Dioxide: 27.0 mmol/L; Estimated Glomerular Filtration Rate: 60.0 mL/min/{1.73_m2}; Hemoglobin A1c/Hemoglobin.total in Blood: 5.9 %; Body Weight: 104.43 kg; Body Mass Index: 40.84 kg/m2; Systolic Blood Pressure: 186.0 mmHg; Diastolic Blood Pressure: 107.0 mmHg; Glucose: 78.0 mg/dL; Urea Nitrogen: 13.0 mg/dL; Calcium: 9.14 mg/dL; Sodium: 144.0 mmol/L; Potassium: 4.12 mmol/L; Chloride: 102.0 mmol/L; Carbon Dioxide: 21.0 mmol/L; Total Cholesterol: 160.0 mg/dL; Triglycerides: 105.0 mg/dL; Low Density Lipoprotein Cholesterol: 60.0 mg/dL; High Density Lipoprotein Cholesterol: 79.0 mg/dL; Oral temperature: 38.0 Cel; Hemoglobin A1c/Hemoglobin.total in Blood: 6.1 %; Body Weight: 103.15 kg; Body Mass Index: 40.34 kg/m2; Systolic Blood Pressure: 168.0 mmHg; Diastolic Blood Pressure: 102.0 mmHg; Glucose: 89.0 mg/dL; Calcium: 10.06 mg/dL; Sodium: 137.0 mmol/L. Immunizations: Influenza seasonal injectable preservative free; Pneumococcal conjugate PCV 13; pneumococcal polysaccharide vaccine 23 valent.",1
688ff3b1-346f-4cd0-a535-3d086f215809,"Demographics: born 1944-07-14, gender M, race white, ethnicity english. Encounters: Outpatient Encounter; Encounter for symptom. Medications: Penicillin V Potassium 500 MG. Observations: Hemoglobin A1c/Hemoglobin.total in Blood: 6.2 %; Body Height: 178.64 cm; Body Weight: 90.63 kg; Body Mass Index: 28.4 kg/m2; Systolic Blood Pressure: 122.0 mmHg; Diastolic Blood Pressure: 75.0 mmHg; Glucose: 98.0 mg/dL; Urea Nitrogen: 9.0 mg/dL; Creatinine: 1.0 mg/dL; Calcium: 8.74 mg/dL; Sodium: 139.0 mmol/L; Potassium: 5.19 mmol/L; Chloride: 111.0 mmol/L; Carbon Dioxide: 25.0 mmol/L; Oral temperature: 37.0 Cel; Hemoglobin A1c/Hemoglobin.total in Blood: 6.4 %; Body Weight: 88.66 kg; Body Mass Index: 27.78 kg/m2; Systolic Blood Pressure: 102.0 mmHg; Diastolic Blood Pressure: 76.0 mmHg; Glucose: 80.0 mg/dL; Urea Nitrogen: 16.0 mg/dL; Calcium: 9.39 mg/dL; Sodium: 143.0 mmol/L; Potassium: 4.98 mmol/L; Chloride: 109.0 mmol/L; Carbon Dioxide: 29.0 mmol/L; Hemoglobin A1c/Hemoglobin.total in Blood: 6.1 %; Body Weight: 87.35 kg; Body Mass Index: 27.37 kg/m2; Systolic Blood Pressure: 101.0 mmHg; Diastolic Blood Pressure: 71.0 mmHg; Glucose: 69.0 mg/dL; Calcium: 8.73 mg/dL; Sodium: 138.0 mmol/L; Potassium: 4.77 mmol/L; Chloride: 104.0 mmol/L; Total Cholesterol: 176.0 mg/dL; Triglycerides: 144.0 mg/dL; Low Density Lipoprotein Cholesterol: 75.0 mg/dL. Immunizations: Pneumococcal conjugate PCV 13; Influenza seasonal injectable preservative free; pneumococcal polysaccharide vaccine 23 valent.",0
51ae29bf-6675-4c83-a00c-e7d16a041a71,"Demographics: born 1930-12-11, gender F, race white, ethnicity irish. Encounters: Outpatient Encounter; Encounter for symptom. Procedures: Documentation of current medications. Observations: Hemoglobin A1c/Hemoglobin.total in Blood: 5.9 %; Body Height: 167.32 cm; Body Weight: 61.88 kg; Body Mass Index: 22.1 kg/m2; Systolic Blood Pressure: 191.0 mmHg; Diastolic Blood Pressure: 115.0 mmHg; Glucose: 75.0 mg/dL; Urea Nitrogen: 16.0 mg/dL; Creatinine: 1.0 mg/dL; Calcium: 9.59 mg/dL; Sodium: 142.0 mmol/L; Potassium: 3.92 mmol/L; Chloride: 106.0 mmol/L; Carbon Dioxide: 26.0 mmol/L; Estimated Glomerular Filtration Rate: 60.0 mL/min/{1.73_m2}; Oral temperature: 37.0 Cel; Body Weight: 59.95 kg; Body Mass Index: 21.42 kg/m2; Systolic Blood Pressure: 170.0 mmHg; Diastolic Blood Pressure: 117.0 mmHg; Glucose: 91.0 mg/dL; Urea Nitrogen: 7.0 mg/dL; Calcium: 9.77 mg/dL; Sodium: 141.0 mmol/L; Potassium: 4.44 mmol/L; Chloride: 107.0 mmol/L; Carbon Dioxide: 21.0 mmol/L; Hemoglobin A1c/Hemoglobin.total in Blood: 5.8 %; Body Weight: 58.46 kg; Body Mass Index: 20.88 kg/m2; Systolic Blood Pressure: 155.0 mmHg; Diastolic Blood Pressure: 120.0 mmHg; Glucose: 87.0 mg/dL; Urea Nitrogen: 11.0 mg/dL; Calcium: 9.62 mg/dL; Sodium: 137.0 mmol/L; Potassium: 4.48 mmol/L; Chloride: 103.0 mmol/L; Carbon Dioxide: 24.0 mmol/L; Total Cholesterol: 198.0 mg/dL. Immunizations: Influenza seasonal injectable preservative free; Td (adult) preservative free.",1
cd941e17-2f95-4401-b607-80facf45f526,"Demographics: born 1939-01-15, gender F, race hispanic, ethnicity mexican. Encounters: Death Certification. Medications: Penicillin V Potassium 500 MG; Naproxen sodium 220 MG [Aleve]; Fluticasone propionate 0.25 MG/ACTUAT / salmeterol 0.05 MG/ACTUAT [Advair]. Observations: Pulmonary emphysema (disorder).",1
3f1e9ece-86ec-4f9b-ac56-0c9b71f27781,"Demographics: born 1960-11-23, gender M, race white, ethnicity french. Encounters: Outpatient Encounter; Encounter for symptom. Medications: 24 HR Metformin hydrochloride 500 MG Extended Release Oral Tablet. Procedures: Documentation of current medications. Observations: Body Height: 183.91 cm; Body Weight: 113.27 kg; Body Mass Index: 33.49 kg/m2; Systolic Blood Pressure: 163.0 mmHg; Diastolic Blood Pressure: 116.0 mmHg; Estimated Glomerular Filtration Rate: 60.0 mL/min/{1.73_m2}; Oral temperature: 37.0 Cel; Systolic Blood Pressure: 191.0 mmHg; Diastolic Blood Pressure: 101.0 mmHg; Total Cholesterol: 163.0 mg/dL; Triglycerides: 110.0 mg/dL; Low Density Lipoprotein Cholesterol: 61.0 mg/dL; High Density Lipoprotein Cholesterol: 80.0 mg/dL; Hemoglobin A1c/Hemoglobin.total in Blood: 8.4 %; Systolic Blood Pressure: 159.0 mmHg; Diastolic Blood Pressure: 98.0 mmHg; Glucose: 92.0 mg/dL; Urea Nitrogen: 17.0 mg/dL; Creatinine: 1.0 mg/dL; Calcium: 9.89 mg/dL; Sodium: 138.0 mmol/L; Potassium: 4.89 mmol/L; Chloride: 110.0 mmol/L; Carbon Dioxide: 26.0 mmol/L; Total Cholesterol: 162.0 mg/dL; Triglycerides: 118.0 mg/dL; High Density Lipoprotein Cholesterol: 77.0 mg/dL; Microalbumin Creatine Ratio: 3.0 mg/g; Hemoglobin A1c/Hemoglobin.total in Blood: 6.9 %; Systolic Blood Pressure: 147.0 mmHg; Diastolic Blood Pressure: 112.0 mmHg; Glucose: 130.0 mg/dL; Urea Nitrogen: 18.0 mg/dL; Calcium: 9.46 mg/dL; Sodium: 136.0 mmol/L; Potassium: 4.46 mmol/L; Chloride: 102.0 mmol/L; Carbon Dioxide: 24.0 mmol/L; Total Cholesterol: 241.0 mg/dL; Triglycerides: 300.0 mg/dL. Immunizations: Influenza seasonal injectable preservative free; Td (adult) preservative free.",1
5732786a-38b7-4035-abcb-c5820e2bf2f0,"Demographics: born 1953-07-02, gender M, race black, ethnicity dominican. Encounters: Outpatient Encounter; Encounter for 'check-up'; Encounter for problem. Medications: Penicillin V Potassium 250 MG; Naproxen sodium 220 MG [Aleve]. Procedures: Documentation of current medications; Colonoscopy. Observations: Body Height: 173.6 cm; Body Weight: 110.79 kg; Body Mass Index: 36.76 kg/m2; Systolic Blood Pressure: 181.0 mmHg; Diastolic Blood Pressure: 96.0 mmHg; Total Cholesterol: 162.0 mg/dL; Triglycerides: 122.0 mg/dL; Low Density Lipoprotein Cholesterol: 68.0 mg/dL; High Density Lipoprotein Cholesterol: 69.0 mg/dL; Estimated Glomerular Filtration Rate: 60.0 mL/min/{1.73_m2}; Systolic Blood Pressure: 145.0 mmHg; Diastolic Blood Pressure: 120.0 mmHg; Systolic Blood Pressure: 149.0 mmHg; Diastolic Blood Pressure: 116.0 mmHg; Body Weight: 109.08 kg; Body Mass Index: 36.19 kg/m2; Systolic Blood Pressure: 170.0 mmHg; Diastolic Blood Pressure: 105.0 mmHg; Body Weight: 107.61 kg; Body Mass Index: 35.71 kg/m2; Systolic Blood Pressure: 187.0 mmHg; Diastolic Blood Pressure: 106.0 mmHg; Total Cholesterol: 185.0 mg/dL; Triglycerides: 131.0 mg/dL; Low Density Lipoprotein Cholesterol: 98.0 mg/dL; High Density Lipoprotein Cholesterol: 60.0 mg/dL; Body Weight: 105.89 kg; Body Mass Index: 35.13 kg/m2; Systolic Blood Pressure: 146.0 mmHg; Diastolic Blood Pressure: 118.0 mmHg; Body Weight: 104.45 kg; Body Mass Index: 34.66 kg/m2; Systolic Blood Pressure: 156.0 mmHg; Diastolic Blood Pressure: 99.0 mmHg. Immunizations: Influenza seasonal injectable preservative free; zoster; Td (adult) preservative free.",1
5ddeb3e6-8462-4e62-98fd-d5eddbccb1d0,"Demographics: born 1983-06-15, gender M, race white, ethnicity italian. Encounters: Encounter for symptom; Outpatient Encounter. Medications: Acetaminophen 160 MG. Procedures: Measurement of respiratory function (procedure); Documentation of current medications. Observations: Body Height: 173.11 cm; Body Weight: 65.57 kg; Body Mass Index: 21.88 kg/m2; Systolic Blood Pressure: 188.0 mmHg; Diastolic Blood Pressure: 119.0 mmHg; Estimated Glomerular Filtration Rate: 60.0 mL/min/{1.73_m2}; Body Weight: 69.58 kg; Body Mass Index: 23.22 kg/m2; Systolic Blood Pressure: 161.0 mmHg; Diastolic Blood Pressure: 98.0 mmHg; Total Cholesterol: 195.0 mg/dL; Triglycerides: 135.0 mg/dL; Low Density Lipoprotein Cholesterol: 88.0 mg/dL; High Density Lipoprotein Cholesterol: 80.0 mg/dL. Immunizations: Influenza seasonal injectable preservative free; Td (adult) preservative free.",1
fa5c6c3b-f5f5-40d9-a87b-21ab3a27508b,"Demographics: born 1975-11-15, gender M, race white, ethnicity american. Encounters: Encounter for symptom; Outpatient Encounter; Encounter for problem; Encounter for 'check-up'. Medications: Penicillin V Potassium 250 MG. Observations: Oral temperature: 38.0 Cel; Body Height: 179.49 cm; Body Weight: 96.36 kg; Body Mass Index: 29.91 kg/m2; Systolic Blood Pressure: 109.0 mmHg; Diastolic Blood Pressure: 77.0 mmHg; Total Cholesterol: 178.0 mg/dL; Triglycerides: 149.0 mg/dL; Low Density Lipoprotein Cholesterol: 69.0 mg/dL; High Density Lipoprotein Cholesterol: 79.0 mg/dL; Body Weight: 100.89 kg; Body Mass Index: 31.32 kg/m2; Systolic Blood Pressure: 129.0 mmHg; Diastolic Blood Pressure: 81.0 mmHg. Immunizations: Influenza seasonal injectable preservative free.",0
a722f0d9-43c3-4e42-80d3-e106797bf670,"Demographics: born 1963-12-02, gender M, race white, ethnicity italian. Encounters: Encounter for symptom; Outpatient Encounter. Medications: Penicillin V Potassium 250 MG; Acetaminophen 160 MG. Procedures: Sputum examination (procedure); Documentation of current medications. Observations: Body Height: 183.6 cm; Body Weight: 98.82 kg; Body Mass Index: 29.32 kg/m2; Systolic Blood Pressure: 125.0 mmHg; Diastolic Blood Pressure: 73.0 mmHg; Total Cholesterol: 176.0 mg/dL; Triglycerides: 137.0 mg/dL; Low Density Lipoprotein Cholesterol: 73.0 mg/dL; High Density Lipoprotein Cholesterol: 75.0 mg/dL; Body Weight: 101.33 kg; Body Mass Index: 30.06 kg/m2; Systolic Blood Pressure: 108.0 mmHg; Diastolic Blood Pressure: 75.0 mmHg; Systolic Blood Pressure: 132.0 mmHg; Diastolic Blood Pressure: 89.0 mmHg; Total Cholesterol: 174.0 mg/dL; Triglycerides: 145.0 mg/dL; Low Density Lipoprotein Cholesterol: 77.0 mg/dL; High Density Lipoprotein Cholesterol: 68.0 mg/dL; Systolic Blood Pressure: 123.0 mmHg; Diastolic Blood Pressure: 85.0 mmHg; Systolic Blood Pressure: 103.0 mmHg; Systolic Blood Pressure: 113.0 mmHg. Immunizations: Influenza seasonal injectable preservative free; Td (adult) preservative free.",0
a484797b-5e32-4c22-9458-ac5e6be76507,"Demographics: born 1959-03-23, gender F, race white, ethnicity polish. Encounters: Encounter for symptom; Outpatient Encounter; Emergency room admission; Encounter for 'check-up'; Encounter for problem. Medications: Penicillin V Potassium 250 MG; Chlorpheniramine 2 MG Chewable Tablet; Ibuprofen 200 MG Oral Tablet; Naproxen sodium 220 MG Oral Tablet; Leucovorin 100 MG Injection; oxaliplatin 5 MG/ML [Eloxatin]. Procedures: Suture open wound; Documentation of current medications; Colonoscopy; Fecal occult blood test; Rectal polypectomy; Partial resection of colon; Combined chemotherapy and radiation therapy (procedure). Observations: Hemoglobin A1c/Hemoglobin.total in Blood: 6.0 %; Body Height: 162.55 cm; Body Weight: 106.95 kg; Body Mass Index: 40.48 kg/m2; Systolic Blood Pressure: 157.0 mmHg; Diastolic Blood Pressure: 92.0 mmHg; Glucose: 83.0 mg/dL; Urea Nitrogen: 10.0 mg/dL; Creatinine: 1.0 mg/dL; Calcium: 8.73 mg/dL; Sodium: 141.0 mmol/L; Potassium: 4.28 mmol/L; Chloride: 102.0 mmol/L; Carbon Dioxide: 22.0 mmol/L; Estimated Glomerular Filtration Rate: 60.0 mL/min/{1.73_m2}; Hemoglobin A1c/Hemoglobin.total in Blood: 5.9 %; Systolic Blood Pressure: 144.0 mmHg; Diastolic Blood Pressure: 118.0 mmHg; Glucose: 91.0 mg/dL; Urea Nitrogen: 8.0 mg/dL; Calcium: 9.62 mg/dL; Sodium: 138.0 mmol/L; Potassium: 4.62 mmol/L; Chloride: 111.0 mmol/L; Carbon Dioxide: 25.0 mmol/L; Total Cholesterol: 185.0 mg/dL; Triglycerides: 108.0 mg/dL; Low Density Lipoprotein Cholesterol: 103.0 mg/dL; High Density Lipoprotein Cholesterol: 60.0 mg/dL; Hemoglobin A1c/Hemoglobin.total in Blood: 6.2 %; Systolic Blood Pressure: 177.0 mmHg; Diastolic Blood Pressure: 97.0 mmHg; Glucose: 98.0 mg/dL; Urea Nitrogen: 7.0 mg/dL; Calcium: 9.34 mg/dL; Sodium: 139.0 mmol/L; Potassium: 4.61 mmol/L; Chloride: 103.0 mmol/L; Carbon Dioxide: 24.0 mmol/L; Systolic Blood Pressure: 174.0 mmHg. Allergies: Allergy to peanuts; Shellfish allergy; Allergy to grass pollen; House dust mite allergy; Allergy to mould; Allergy to bee venom. Immunizations: Influenza seasonal injectable preservative free.",1
65d711ce-820a-4f4b-aedf-2dcf6e00d53a,"Demographics: born 1959-01-31, gender M, race white, ethnicity polish. Encounters: Outpatient Encounter; Encounter for symptom; Encounter for 'check-up'. Medications: Ibuprofen 200 MG Oral Tablet; Acetaminophen 160 MG. Procedures: Documentation of current medications; Colonoscopy; Measurement of respiratory function (procedure). Observations: Hemoglobin A1c/Hemoglobin.total in Blood: 6.4 %; Body Height: 172.96 cm; Body Weight: 117.28 kg; Body Mass Index: 39.21 kg/m2; Systolic Blood Pressure: 159.0 mmHg; Diastolic Blood Pressure: 99.0 mmHg; Glucose: 80.0 mg/dL; Urea Nitrogen: 14.0 mg/dL; Creatinine: 1.0 mg/dL; Calcium: 9.79 mg/dL; Sodium: 138.0 mmol/L; Potassium: 4.33 mmol/L; Chloride: 106.0 mmol/L; Carbon Dioxide: 20.0 mmol/L; Estimated Glomerular Filtration Rate: 60.0 mL/min/{1.73_m2}; Hemoglobin A1c/Hemoglobin.total in Blood: 5.9 %; Systolic Blood Pressure: 144.0 mmHg; Diastolic Blood Pressure: 97.0 mmHg; Glucose: 99.0 mg/dL; Urea Nitrogen: 10.0 mg/dL; Calcium: 9.77 mg/dL; Sodium: 137.0 mmol/L; Potassium: 4.66 mmol/L; Chloride: 101.0 mmol/L; Carbon Dioxide: 25.0 mmol/L; Total Cholesterol: 164.0 mg/dL; Triglycerides: 135.0 mg/dL; Low Density Lipoprotein Cholesterol: 75.0 mg/dL; High Density Lipoprotein Cholesterol: 62.0 mg/dL; Hemoglobin A1c/Hemoglobin.total in Blood: 6.2 %; Systolic Blood Pressure: 165.0 mmHg; Diastolic Blood Pressure: 93.0 mmHg; Glucose: 90.0 mg/dL; Urea Nitrogen: 17.0 mg/dL; Calcium: 9.5 mg/dL; Potassium: 4.93 mmol/L; Chloride: 102.0 mmol/L; Carbon Dioxide: 22.0 mmol/L; Hemoglobin A1c/Hemoglobin.total in Blood: 6.3 %; Systolic Blood Pressure: 169.0 mmHg. Immunizations: Influenza seasonal injectable preservative free; Td (adult) preservative free.",1
aa206536-ff9c-49af-adb4-2dda601bc660,"Demographics: born 1983-12-17, gender M, race black, ethnicity african. Encounters: Outpatient Encounter; Domiciliary or rest home patient evaluation and management; Encounter for symptom; Emergency room admission. Medications: Penicillin V Potassium 250 MG; Fluticasone propionate 0.25 MG/ACTUAT / salmeterol 0.05 MG/ACTUAT [Advair]; Acetaminophen 325 MG Oral Tablet. Procedures: Documentation of current medications; Spirometry (procedure); Information gathering (procedure). Observations: Hemoglobin A1c/Hemoglobin.total in Blood: 6.0 %; Body Height: 163.33 cm; Body Weight: 78.9 kg; Body Mass Index: 29.58 kg/m2; Systolic Blood Pressure: 164.0 mmHg; Diastolic Blood Pressure: 106.0 mmHg; Glucose: 65.0 mg/dL; Urea Nitrogen: 11.0 mg/dL; Creatinine: 1.0 mg/dL; Calcium: 8.81 mg/dL; Sodium: 142.0 mmol/L; Potassium: 4.98 mmol/L; Chloride: 105.0 mmol/L; Carbon Dioxide: 23.0 mmol/L; Estimated Glomerular Filtration Rate: 60.0 mL/min/{1.73_m2}; FEV1/​FVC: 48.0 %; Body Weight: 83.6 kg; Body Mass Index: 31.34 kg/m2; Systolic Blood Pressure: 197.0 mmHg; Diastolic Blood Pressure: 90.0 mmHg; Glucose: 73.0 mg/dL; Urea Nitrogen: 13.0 mg/dL; Calcium: 9.11 mg/dL; Sodium: 138.0 mmol/L; Potassium: 4.15 mmol/L; Chloride: 111.0 mmol/L; Carbon Dioxide: 28.0 mmol/L; Sexual orientation: heterosexual {nominal}; HIV status: not HIV positive {nominal}; Abuse Status [OMAHA]: Severe signs/symptoms {nominal}; Housing status: Patient is homeless {nominal}; Are you covered by health insurance or some other kind of health care plan [PhenX]: Yes {nominal}; History of Hospitalizations+​Outpatient visits: 10.0 {count}; Abuse Status [OMAHA]: No signs/symptoms {nominal}; History of Hospitalizations+​Outpatient visits: 5.0 {count}; HIV status: HIV positive {nominal}; Are you covered by health insurance or some other kind of health care plan [PhenX]: No {nominal}; History of Hospitalizations+​Outpatient visits: 3.0 {count}; History of Hospitalizations+​Outpatient visits: 4.0 {count}; FEV1/​FVC: 34.0 %. Immunizations: Influenza seasonal injectable preservative free; Td (adult) preservative free.",1
9058f4fa-5a65-4b41-a869-7ae448c1d0cf,"Demographics: born 1975-08-11, gender M, race white, ethnicity french. Encounters: Outpatient Encounter; Encounter for symptom; Emergency room admission. Medications: Dextromethorphan Hydrobromide 1 MG/ML; Naproxen sodium 220 MG Oral Tablet. Procedures: Measurement of respiratory function (procedure); Documentation of current medications. Observations: Hemoglobin A1c/Hemoglobin.total in Blood: 6.4 %; Body Height: 179.19 cm; Body Weight: 98.92 kg; Body Mass Index: 30.81 kg/m2; Systolic Blood Pressure: 132.0 mmHg; Diastolic Blood Pressure: 88.0 mmHg; Glucose: 67.0 mg/dL; Urea Nitrogen: 13.0 mg/dL; Creatinine: 1.0 mg/dL; Calcium: 9.07 mg/dL; Sodium: 142.0 mmol/L; Potassium: 4.0 mmol/L; Chloride: 107.0 mmol/L; Carbon Dioxide: 28.0 mmol/L; Total Cholesterol: 191.0 mg/dL; Triglycerides: 133.0 mg/dL; Low Density Lipoprotein Cholesterol: 85.0 mg/dL; High Density Lipoprotein Cholesterol: 79.0 mg/dL; Hemoglobin A1c/Hemoglobin.total in Blood: 6.2 %; Body Weight: 103.93 kg; Body Mass Index: 32.37 kg/m2; Systolic Blood Pressure: 137.0 mmHg; Diastolic Blood Pressure: 70.0 mmHg; Glucose: 95.0 mg/dL; Urea Nitrogen: 16.0 mg/dL; Calcium: 9.52 mg/dL; Sodium: 141.0 mmol/L; Potassium: 5.01 mmol/L; Chloride: 110.0 mmol/L; Carbon Dioxide: 29.0 mmol/L; Hemoglobin A1c/Hemoglobin.total in Blood: 6.0 %; Body Weight: 107.98 kg; Body Mass Index: 33.63 kg/m2; Systolic Blood Pressure: 134.0 mmHg; Diastolic Blood Pressure: 82.0 mmHg; Glucose: 86.0 mg/dL; Urea Nitrogen: 18.0 mg/dL; Calcium: 9.68 mg/dL; Sodium: 139.0 mmol/L; Potassium: 3.96 mmol/L. Immunizations: Influenza seasonal injectable preservative free; Td (adult) preservative free.",0
b3ae553c-a4af-42f4-abb1-9a057d9ff094,"Demographics: born 1973-03-03, gender M, race white, ethnicity scottish. Encounters: Encounter for symptom; Outpatient Encounter. Medications: Penicillin V Potassium 500 MG; Acetaminophen 160 MG. Procedures: Measurement of respiratory function (procedure); Documentation of current medications. Observations: Body Height: 174.32 cm; Body Weight: 103.66 kg; Body Mass Index: 34.11 kg/m2; Systolic Blood Pressure: 156.0 mmHg; Diastolic Blood Pressure: 119.0 mmHg; Total Cholesterol: 183.0 mg/dL; Triglycerides: 117.0 mg/dL; Low Density Lipoprotein Cholesterol: 93.0 mg/dL; High Density Lipoprotein Cholesterol: 66.0 mg/dL; Estimated Glomerular Filtration Rate: 60.0 mL/min/{1.73_m2}; Body Weight: 107.39 kg; Body Mass Index: 35.34 kg/m2; Systolic Blood Pressure: 153.0 mmHg; Diastolic Blood Pressure: 115.0 mmHg. Immunizations: Influenza seasonal injectable preservative free; Td (adult) preservative free.",1
0ed872ce-97c1-4fc5-8938-dae77a94b9b8,"Demographics: born 1973-08-04, gender M, race black, ethnicity african. Encounters: Asthma follow-up; Outpatient Encounter. Medications: diphenhydrAMINE Hydrochloride 25 MG Oral Tablet; 120 ACTUAT Fluticasone propionate 0.044 MG/ACTUAT Metered Dose Inhaler; 200 ACTUAT Albuterol 0.09 MG/ACTUAT Metered Dose Inhaler. Procedures: Documentation of current medications. Observations: Body Height: 172.74 cm; Body Weight: 95.92 kg; Body Mass Index: 32.14 kg/m2; Systolic Blood Pressure: 148.0 mmHg; Diastolic Blood Pressure: 101.0 mmHg; Total Cholesterol: 177.0 mg/dL; Triglycerides: 139.0 mg/dL; Low Density Lipoprotein Cholesterol: 89.0 mg/dL; High Density Lipoprotein Cholesterol: 60.0 mg/dL; Estimated Glomerular Filtration Rate: 60.0 mL/min/{1.73_m2}; Hemoglobin A1c/Hemoglobin.total in Blood: 6.3 %; Body Weight: 98.68 kg; Body Mass Index: 33.07 kg/m2; Systolic Blood Pressure: 164.0 mmHg; Diastolic Blood Pressure: 99.0 mmHg; Glucose: 95.0 mg/dL; Urea Nitrogen: 20.0 mg/dL; Creatinine: 1.0 mg/dL; Calcium: 9.85 mg/dL; Sodium: 142.0 mmol/L; Potassium: 4.02 mmol/L; Chloride: 110.0 mmol/L; Carbon Dioxide: 21.0 mmol/L; Body Weight: 103.23 kg; Body Mass Index: 34.59 kg/m2; Systolic Blood Pressure: 161.0 mmHg; Glucose: 81.0 mg/dL; Calcium: 8.73 mg/dL; Sodium: 144.0 mmol/L; Potassium: 4.89 mmol/L; Chloride: 104.0 mmol/L; Carbon Dioxide: 20.0 mmol/L; Total Cholesterol: 183.0 mg/dL; Triglycerides: 149.0 mg/dL; Low Density Lipoprotein Cholesterol: 74.0 mg/dL; High Density Lipoprotein Cholesterol: 79.0 mg/dL. Allergies: Allergy to peanuts; Allergy to tree pollen; Dander (animal) allergy; Allergy to mould. Immunizations: Influenza seasonal injectable preservative free; Td (adult) preservative free.",1
8d42945d-e489-47f4-8668-f3a2ba2a7b4a,"Demographics: born 1967-09-01, gender F, race white, ethnicity italian. Encounters: Outpatient Encounter; Encounter for symptom. Medications: Penicillin V Potassium 250 MG; 24 HR Metformin hydrochloride 500 MG Extended Release Oral Tablet; 3 ML liraglutide 6 MG/ML Pen Injector. Procedures: Documentation of current medications. Observations: Body Height: 163.04 cm; Body Weight: 96.19 kg; Body Mass Index: 36.19 kg/m2; Systolic Blood Pressure: 146.0 mmHg; Diastolic Blood Pressure: 117.0 mmHg; Estimated Glomerular Filtration Rate: 60.0 mL/min/{1.73_m2}; Hemoglobin A1c/Hemoglobin.total in Blood: 9.3 %; Body Weight: 99.12 kg; Body Mass Index: 37.29 kg/m2; Systolic Blood Pressure: 178.0 mmHg; Diastolic Blood Pressure: 98.0 mmHg; Glucose: 65.0 mg/dL; Urea Nitrogen: 16.0 mg/dL; Creatinine: 1.0 mg/dL; Calcium: 9.75 mg/dL; Sodium: 144.0 mmol/L; Potassium: 4.65 mmol/L; Chloride: 103.0 mmol/L; Carbon Dioxide: 24.0 mmol/L; Total Cholesterol: 192.0 mg/dL; Triglycerides: 130.0 mg/dL; Low Density Lipoprotein Cholesterol: 105.0 mg/dL; High Density Lipoprotein Cholesterol: 61.0 mg/dL; Microalbumin Creatine Ratio: 10.0 mg/g; Hemoglobin A1c/Hemoglobin.total in Blood: 7.6 %; Body Weight: 102.19 kg; Body Mass Index: 38.44 kg/m2; Systolic Blood Pressure: 196.0 mmHg; Diastolic Blood Pressure: 92.0 mmHg; Glucose: 136.0 mg/dL; Urea Nitrogen: 17.0 mg/dL; Calcium: 8.57 mg/dL; Chloride: 107.0 mmol/L; Carbon Dioxide: 25.0 mmol/L; Total Cholesterol: 263.0 mg/dL; Triglycerides: 540.0 mg/dL; Low Density Lipoprotein Cholesterol: 145.0 mg/dL; High Density Lipoprotein Cholesterol: 10.0 mg/dL; Microalbumin Creatine Ratio: 3.0 mg/g. Immunizations: Influenza seasonal injectable preservative free.",1
324dd3be-c8b2-4cfc-9c1a-a35734f64767,"Demographics: born 1995-09-27, gender M, race white, ethnicity irish. Encounters: Outpatient Encounter; Encounter for symptom. Observations: Body Height: 173.53 cm; Body Weight: 48.1 kg; Body Mass Index: 15.97 kg/m2; Systolic Blood Pressure: 100.0 mmHg; Diastolic Blood Pressure: 77.0 mmHg; Oral temperature: 38.0 Cel; Body Height: 175.96 cm; Body Weight: 52.08 kg; Body Mass Index: 16.82 kg/m2; Systolic Blood Pressure: 133.0 mmHg; Body Height: 177.07 cm; Body Weight: 54.84 kg; Body Mass Index: 17.49 kg/m2; Diastolic Blood Pressure: 80.0 mmHg; Body Height: 177.65 cm; Body Weight: 56.76 kg; Body Mass Index: 17.98 kg/m2; Systolic Blood Pressure: 129.0 mmHg; Diastolic Blood Pressure: 70.0 mmHg; Body Height: 178.0 cm; Body Weight: 58.23 kg; Body Mass Index: 18.38 kg/m2; Systolic Blood Pressure: 111.0 mmHg; Diastolic Blood Pressure: 84.0 mmHg; Body Height: 178.13 cm; Body Weight: 60.58 kg; Body Mass Index: 19.09 kg/m2; Systolic Blood Pressure: 109.0 mmHg; Diastolic Blood Pressure: 75.0 mmHg. Immunizations: Influenza seasonal injectable preservative free; meningococcal MCV4P.",0
26409235-53bd-45e2-ae95-b52c7355cf49,"Demographics: born 1981-07-08, gender M, race hispanic, ethnicity puerto_rican. Encounters: Encounter for symptom; Outpatient Encounter; Emergency room admission. Medications: Acetaminophen 160 MG; Acetaminophen 325 MG Oral Tablet; Naproxen sodium 220 MG Oral Tablet; Dextromethorphan Hydrobromide 1 MG/ML; 24 HR Metformin hydrochloride 500 MG Extended Release Oral Tablet. Procedures: Sputum examination (procedure); Documentation of current medications; Suture open wound; Plain chest X-ray (procedure). Observations: Hemoglobin A1c/Hemoglobin.total in Blood: 6.0 %; Body Height: 170.77 cm; Body Weight: 93.04 kg; Body Mass Index: 31.9 kg/m2; Systolic Blood Pressure: 110.0 mmHg; Diastolic Blood Pressure: 82.0 mmHg; Glucose: 84.0 mg/dL; Urea Nitrogen: 19.0 mg/dL; Creatinine: 1.0 mg/dL; Calcium: 8.71 mg/dL; Sodium: 142.0 mmol/L; Potassium: 4.22 mmol/L; Chloride: 109.0 mmol/L; Carbon Dioxide: 24.0 mmol/L; Total Cholesterol: 197.0 mg/dL; Triglycerides: 118.0 mg/dL; Low Density Lipoprotein Cholesterol: 109.0 mg/dL; High Density Lipoprotein Cholesterol: 64.0 mg/dL; Hemoglobin A1c/Hemoglobin.total in Blood: 6.2 %; Body Weight: 95.99 kg; Body Mass Index: 32.91 kg/m2; Systolic Blood Pressure: 106.0 mmHg; Diastolic Blood Pressure: 70.0 mmHg; Glucose: 74.0 mg/dL; Urea Nitrogen: 10.0 mg/dL; Calcium: 8.59 mg/dL; Sodium: 140.0 mmol/L; Potassium: 4.15 mmol/L; Carbon Dioxide: 21.0 mmol/L; Hemoglobin A1c/Hemoglobin.total in Blood: 8.6 %; Body Weight: 100.84 kg; Body Mass Index: 34.58 kg/m2; Systolic Blood Pressure: 167.0 mmHg; Diastolic Blood Pressure: 100.0 mmHg; Glucose: 65.0 mg/dL; Urea Nitrogen: 14.0 mg/dL; Calcium: 8.6 mg/dL; Sodium: 138.0 mmol/L; Potassium: 5.18 mmol/L; Chloride: 101.0 mmol/L. Immunizations: Influenza seasonal injectable preservative free; Td (adult) preservative free.",0
0e86bea7-4497-41bb-9103-73107be0b8f5,"Demographics: born 1983-07-26, gender M, race white, ethnicity irish. Encounters: Outpatient Encounter; Encounter for symptom. Medications: Terfenadine 60 MG Oral Tablet; Penicillin V Potassium 250 MG; Acetaminophen 160 MG. Procedures: Sputum examination (procedure). Observations: Body Height: 176.02 cm; Body Weight: 87.1 kg; Body Mass Index: 28.11 kg/m2; Systolic Blood Pressure: 194.0 mmHg; Diastolic Blood Pressure: 100.0 mmHg; Estimated Glomerular Filtration Rate: 60.0 mL/min/{1.73_m2}; Body Weight: 91.88 kg; Body Mass Index: 29.66 kg/m2; Systolic Blood Pressure: 176.0 mmHg; Diastolic Blood Pressure: 116.0 mmHg; Total Cholesterol: 188.0 mg/dL; Triglycerides: 129.0 mg/dL; Low Density Lipoprotein Cholesterol: 101.0 mg/dL; High Density Lipoprotein Cholesterol: 61.0 mg/dL. Allergies: Allergy to tree pollen; Allergy to grass pollen; Dander (animal) allergy; House dust mite allergy; Allergy to mould; Allergy to bee venom. Immunizations: Influenza seasonal injectable preservative free; Td (adult) preservative free.",1
8384b391-e469-4fd0-9078-6a6da45e91a1,"Demographics: born 1978-10-18, gender F, race white, ethnicity english. Encounters: Patient encounter procedure; Encounter for problem; Outpatient Encounter; Consultation for treatment; Admission to surgical department; Encounter for symptom. Medications: Penicillin V Potassium 250 MG; Levonorgestrel 0.00354 MG/HR [Norplant]; Naproxen sodium 220 MG [Aleve]; Acetaminophen 160 MG. Procedures: Replacement of subcutaneous contraceptive; Bilateral tubal ligation; Measurement of respiratory function (procedure); Documentation of current medications. Observations: Body Height: 163.43 cm; Body Weight: 66.09 kg; Body Mass Index: 24.74 kg/m2; Systolic Blood Pressure: 104.0 mmHg; Diastolic Blood Pressure: 77.0 mmHg; Body Weight: 70.53 kg; Body Mass Index: 26.41 kg/m2; Systolic Blood Pressure: 112.0 mmHg; Diastolic Blood Pressure: 78.0 mmHg; Total Cholesterol: 168.0 mg/dL; Triglycerides: 128.0 mg/dL; Low Density Lipoprotein Cholesterol: 64.0 mg/dL; High Density Lipoprotein Cholesterol: 78.0 mg/dL. Immunizations: Influenza seasonal injectable preservative free; Td (adult) preservative free.",0
d6edc15d-7ca7-4571-a335-8e98f56d91e9,"Demographics: born 1991-02-20, gender M, race white, ethnicity english. Encounters: Outpatient Encounter; Encounter for symptom; Emergency Encounter; Death Certification. Medications: Clopidogrel 75 MG Oral Tablet; Simvastatin 20 MG Oral Tablet; Amlodipine 5 MG Oral Tablet; Nitroglycerin 0.4 MG/ACTUAT [Nitrolingual]; Dextromethorphan Hydrobromide 1 MG/ML; Atorvastatin 80 MG Oral Tablet; Captopril 25 MG Oral Tablet. Procedures: Documentation of current medications; Measurement of respiratory function (procedure); Percutaneous coronary intervention; Coronary artery bypass grafting. Observations: Body Height: 178.81 cm; Body Weight: 60.81 kg; Body Mass Index: 19.02 kg/m2; Systolic Blood Pressure: 104.0 mmHg; Diastolic Blood Pressure: 78.0 mmHg; Myocardial Infarction. Immunizations: Influenza seasonal injectable preservative free.",0
4ea98412-934d-4ebc-96b7-66ac228e562a,"Demographics: born 2013-06-05, gender M, race white, ethnicity italian. Encounters: Outpatient Encounter; Encounter for symptom. Medications: Amoxicillin 200 MG Oral Tablet; Acetaminophen 160 MG Oral Tablet. Procedures: Documentation of current medications. Observations: Body Height: 58.68 cm; Body Weight: 4.51 kg; Systolic Blood Pressure: 112.0 mmHg; Diastolic Blood Pressure: 81.0 mmHg; Body Height: 61.67 cm; Body Weight: 5.27 kg; Systolic Blood Pressure: 115.0 mmHg; Diastolic Blood Pressure: 71.0 mmHg; Body Height: 66.34 cm; Body Weight: 6.58 kg; Systolic Blood Pressure: 104.0 mmHg; Diastolic Blood Pressure: 78.0 mmHg; Body Height: 70.05 cm; Body Weight: 7.66 kg; Systolic Blood Pressure: 138.0 mmHg; Diastolic Blood Pressure: 72.0 mmHg; Body Height: 76.01 cm; Body Weight: 9.25 kg; Systolic Blood Pressure: 132.0 mmHg; Diastolic Blood Pressure: 83.0 mmHg; Body Height: 79.73 cm; Body Weight: 10.11 kg; Body Height: 83.02 cm; Body Weight: 10.76 kg; Systolic Blood Pressure: 109.0 mmHg; Diastolic Blood Pressure: 80.0 mmHg; Body Height: 86.01 cm; Body Weight: 11.29 kg; Systolic Blood Pressure: 117.0 mmHg; Diastolic Blood Pressure: 79.0 mmHg; Body Height: 90.51 cm; Body Weight: 12.14 kg; Body Mass Index: 14.82 kg/m2; Systolic Blood Pressure: 125.0 mmHg; Diastolic Blood Pressure: 77.0 mmHg; Body Height: 95.78 cm; Body Weight: 13.03 kg; Body Mass Index: 14.21 kg/m2; Systolic Blood Pressure: 139.0 mmHg; Body Height: 99.74 cm. Immunizations: Hep B adolescent or pediatric; rotavirus monovalent; DTaP; Hib (PRP-OMP); Pneumococcal conjugate PCV 13; IPV; Influenza seasonal injectable preservative free; MMR; varicella; Hep A ped/adol 2 dose.",0
ac12b62a-d234-477c-8e2a-50b0675b1f45,"Demographics: born 1971-09-30, gender F, race white, ethnicity american. Encounters: Outpatient Encounter; Patient encounter procedure; Encounter for symptom; Prenatal initial visit; Prenatal visit; Obstetric emergency hospital admission. Medications: Penicillin V Potassium 250 MG; 0.65 ML depo-subQ provera 160 MG/ML Prefilled Syringe. Procedures: Documentation of current medications; Intramuscular injection; Standard pregnancy test; Episiotomy; Childbirth. Observations: Hemoglobin A1c/Hemoglobin.total in Blood: 6.2 %; Body Height: 156.47 cm; Body Weight: 116.26 kg; Body Mass Index: 47.49 kg/m2; Systolic Blood Pressure: 169.0 mmHg; Diastolic Blood Pressure: 99.0 mmHg; Glucose: 98.0 mg/dL; Urea Nitrogen: 18.0 mg/dL; Creatinine: 1.0 mg/dL; Calcium: 9.7 mg/dL; Sodium: 143.0 mmol/L; Potassium: 4.72 mmol/L; Chloride: 104.0 mmol/L; Carbon Dioxide: 21.0 mmol/L; Total Cholesterol: 190.0 mg/dL; Triglycerides: 120.0 mg/dL; Low Density Lipoprotein Cholesterol: 105.0 mg/dL; High Density Lipoprotein Cholesterol: 61.0 mg/dL; Estimated Glomerular Filtration Rate: 60.0 mL/min/{1.73_m2}; Hemoglobin A1c/Hemoglobin.total in Blood: 6.4 %; Body Weight: 120.8 kg; Body Mass Index: 49.34 kg/m2; Systolic Blood Pressure: 173.0 mmHg; Diastolic Blood Pressure: 118.0 mmHg; Glucose: 100.0 mg/dL; Urea Nitrogen: 9.0 mg/dL; Calcium: 9.58 mg/dL; Sodium: 139.0 mmol/L; Potassium: 4.68 mmol/L; Carbon Dioxide: 20.0 mmol/L; Hemoglobin A1c/Hemoglobin.total in Blood: 6.3 %; Body Weight: 122.66 kg; Body Mass Index: 50.1 kg/m2; Systolic Blood Pressure: 164.0 mmHg; Diastolic Blood Pressure: 102.0 mmHg; Glucose: 64.0 mg/dL; Urea Nitrogen: 11.0 mg/dL; Calcium: 8.93 mg/dL; Sodium: 144.0 mmol/L; Potassium: 4.49 mmol/L. Immunizations: Influenza seasonal injectable preservative free; Td (adult) preservative free.",1
001cc778-a3d6-47da-a881-264283b03d6e,"Demographics: born 2005-11-28, gender M, race white, ethnicity italian. Encounters: Encounter for symptom; Outpatient Encounter. Medications: Amoxicillin 250 MG / Clavulanate 125 MG [Augmentin]; Dextromethorphan Hydrobromide 1 MG/ML; Penicillin V Potassium 250 MG. Procedures: Documentation of current medications. Observations: Body Height: 112.3 cm; Body Weight: 17.43 kg; Body Mass Index: 13.82 kg/m2; Systolic Blood Pressure: 122.0 mmHg; Diastolic Blood Pressure: 84.0 mmHg; Body Height: 118.95 cm; Body Weight: 19.47 kg; Body Mass Index: 13.76 kg/m2; Systolic Blood Pressure: 119.0 mmHg; Diastolic Blood Pressure: 82.0 mmHg; Body Height: 125.98 cm; Body Weight: 21.78 kg; Body Mass Index: 13.73 kg/m2; Systolic Blood Pressure: 136.0 mmHg; Diastolic Blood Pressure: 73.0 mmHg; Body Height: 133.12 cm; Body Weight: 24.52 kg; Body Mass Index: 13.84 kg/m2; Systolic Blood Pressure: 126.0 mmHg; Diastolic Blood Pressure: 88.0 mmHg; Body Height: 138.68 cm; Body Weight: 27.17 kg; Body Mass Index: 14.13 kg/m2; Systolic Blood Pressure: 101.0 mmHg; Diastolic Blood Pressure: 75.0 mmHg; Oral temperature: 37.93 Cel; Body Height: 144.65 cm; Body Weight: 30.79 kg; Body Mass Index: 14.72 kg/m2. Immunizations: Influenza seasonal injectable preservative free.",0
4d0ee7d2-3f39-49b7-993c-619043fc2127,"Demographics: born 1957-05-09, gender F, race white, ethnicity german. Encounters: Outpatient Encounter; Encounter for symptom; Encounter for 'check-up'. Medications: Penicillin V Potassium 250 MG; Nitrofurantoin 5 MG/ML [Furadantin]; Phenazopyridine hydrochloride 100 MG [Pyridium]; NITROFURANTOIN MACROCRYSTALS 50 MG [Macrodantin]; Acetaminophen 160 MG. Procedures: Documentation of current medications; Colonoscopy. Observations: Body Height: 168.65 cm; Body Weight: 95.4 kg; Body Mass Index: 33.54 kg/m2; Systolic Blood Pressure: 194.0 mmHg; Diastolic Blood Pressure: 109.0 mmHg; Total Cholesterol: 161.0 mg/dL; Triglycerides: 106.0 mg/dL; Low Density Lipoprotein Cholesterol: 63.0 mg/dL; High Density Lipoprotein Cholesterol: 76.0 mg/dL; Estimated Glomerular Filtration Rate: 60.0 mL/min/{1.73_m2}; Hemoglobin A1c/Hemoglobin.total in Blood: 6.2 %; Systolic Blood Pressure: 166.0 mmHg; Diastolic Blood Pressure: 112.0 mmHg; Glucose: 100.0 mg/dL; Urea Nitrogen: 9.0 mg/dL; Creatinine: 1.0 mg/dL; Calcium: 8.94 mg/dL; Sodium: 143.0 mmol/L; Potassium: 4.16 mmol/L; Chloride: 109.0 mmol/L; Carbon Dioxide: 25.0 mmol/L; Hemoglobin A1c/Hemoglobin.total in Blood: 5.9 %; Systolic Blood Pressure: 153.0 mmHg; Diastolic Blood Pressure: 92.0 mmHg; Glucose: 88.0 mg/dL; Urea Nitrogen: 10.0 mg/dL; Calcium: 9.26 mg/dL; Sodium: 136.0 mmol/L; Potassium: 5.16 mmol/L; Chloride: 101.0 mmol/L; Carbon Dioxide: 21.0 mmol/L; Hemoglobin A1c/Hemoglobin.total in Blood: 6.4 %; Systolic Blood Pressure: 183.0 mmHg; Diastolic Blood Pressure: 102.0 mmHg; Glucose: 86.0 mg/dL; Urea Nitrogen: 14.0 mg/dL; Sodium: 142.0 mmol/L; Potassium: 3.73 mmol/L; Chloride: 102.0 mmol/L; Carbon Dioxide: 24.0 mmol/L. Immunizations: Influenza seasonal injectable preservative free.",1
bb716401-ef01-4662-aab6-0f65be78a9db,"Demographics: born 2008-06-03, gender M, race hispanic, ethnicity puerto_rican. Encounters: Outpatient Encounter; Encounter for symptom. Medications: Acetaminophen 160 MG. Procedures: Documentation of current medications. Observations: Body Height: 90.11 cm; Body Weight: 13.99 kg; Body Mass Index: 17.23 kg/m2; Systolic Blood Pressure: 115.0 mmHg; Diastolic Blood Pressure: 76.0 mmHg; Body Height: 95.16 cm; Body Weight: 15.05 kg; Body Mass Index: 16.62 kg/m2; Diastolic Blood Pressure: 72.0 mmHg; Body Height: 99.67 cm; Body Weight: 16.22 kg; Body Mass Index: 16.32 kg/m2; Systolic Blood Pressure: 128.0 mmHg; Diastolic Blood Pressure: 81.0 mmHg; Body Height: 107.96 cm; Body Weight: 18.94 kg; Body Mass Index: 16.25 kg/m2; Systolic Blood Pressure: 119.0 mmHg; Diastolic Blood Pressure: 84.0 mmHg; Oral temperature: 38.0 Cel; Body Height: 114.7 cm; Body Weight: 21.54 kg; Body Mass Index: 16.37 kg/m2; Systolic Blood Pressure: 135.0 mmHg; Diastolic Blood Pressure: 87.0 mmHg; Body Height: 121.87 cm; Body Weight: 24.51 kg; Body Mass Index: 16.5 kg/m2; Systolic Blood Pressure: 114.0 mmHg; Diastolic Blood Pressure: 77.0 mmHg; Body Height: 128.28 cm; Body Weight: 27.45 kg; Body Mass Index: 16.68 kg/m2; Systolic Blood Pressure: 126.0 mmHg; Diastolic Blood Pressure: 74.0 mmHg; Body Height: 135.72 cm; Body Weight: 31.68 kg; Body Mass Index: 17.2 kg/m2; Systolic Blood Pressure: 116.0 mmHg; Diastolic Blood Pressure: 75.0 mmHg. Immunizations: Pneumococcal conjugate PCV 13; Hep A ped/adol 2 dose; Influenza seasonal injectable preservative free; DTaP; IPV; MMR; varicella.",0
7e78cf8e-5ce9-466a-92b2-a00d2491b94a,"Demographics: born 1959-06-02, gender M, race white, ethnicity italian. Encounters: Encounter for problem; Death Certification; Outpatient Encounter; Encounter for symptom. Medications: Penicillin V Potassium 250 MG; Clopidogrel 75 MG Oral Tablet; Simvastatin 20 MG Oral Tablet; Amlodipine 5 MG Oral Tablet; Nitroglycerin 0.4 MG/ACTUAT [Nitrolingual]; Cisplatin 50 MG Injection; PACLitaxel 100 MG Injection. Procedures: Thoracentesis (procedure); Magnetic resonance imaging for measurement of brain volume (procedure); Combined chemotherapy and radiation therapy (procedure); Documentation of current medications. Observations: Non-small cell lung cancer (disorder); Hemoglobin A1c/Hemoglobin.total in Blood: 6.3 %; Body Height: 190.18 cm; Body Weight: 114.94 kg; Body Mass Index: 31.78 kg/m2; Systolic Blood Pressure: 113.0 mmHg; Diastolic Blood Pressure: 77.0 mmHg; Glucose: 85.0 mg/dL; Urea Nitrogen: 16.0 mg/dL; Creatinine: 1.0 mg/dL; Calcium: 9.72 mg/dL; Sodium: 137.0 mmol/L; Potassium: 4.4 mmol/L; Chloride: 101.0 mmol/L; Carbon Dioxide: 25.0 mmol/L; Hemoglobin A1c/Hemoglobin.total in Blood: 6.0 %; Systolic Blood Pressure: 111.0 mmHg; Diastolic Blood Pressure: 87.0 mmHg; Glucose: 74.0 mg/dL; Urea Nitrogen: 15.0 mg/dL; Calcium: 10.04 mg/dL; Sodium: 138.0 mmol/L; Potassium: 4.47 mmol/L; Carbon Dioxide: 22.0 mmol/L; Oral temperature: 37.0 Cel; Hemoglobin A1c/Hemoglobin.total in Blood: 6.2 %; Systolic Blood Pressure: 133.0 mmHg; Diastolic Blood Pressure: 74.0 mmHg; Glucose: 83.0 mg/dL; Urea Nitrogen: 20.0 mg/dL; Calcium: 9.36 mg/dL; Sodium: 142.0 mmol/L; Potassium: 4.91 mmol/L; Chloride: 107.0 mmol/L. Immunizations: Influenza seasonal injectable preservative free; Td (adult) preservative free.",0
946e21ae-2e5f-477a-a570-22fb9cb52790,"Demographics: born 1952-03-19, gender F, race white, ethnicity german.",0
2b016213-bca1-4d1a-afab-e92f8bade601,"Demographics: born 1925-01-05, gender M, race white, ethnicity portuguese. Encounters: Death Certification. Medications: Penicillin V Potassium 250 MG; Fluticasone propionate 0.25 MG/ACTUAT / salmeterol 0.05 MG/ACTUAT [Advair]; Penicillin V Potassium 500 MG. Observations: Pulmonary emphysema (disorder).",1
6a2a617d-8ae5-444a-8134-5ebe72c4edcf,"Demographics: born 1999-02-21, gender F, race hispanic, ethnicity puerto_rican. Encounters: Outpatient Encounter; Encounter for symptom. Medications: Penicillin V Potassium 250 MG; Acetaminophen 160 MG. Procedures: Measurement of respiratory function (procedure); Documentation of current medications; Throat culture (procedure). Observations: Body Height: 145.0 cm; Body Weight: 33.53 kg; Body Mass Index: 15.95 kg/m2; Systolic Blood Pressure: 130.0 mmHg; Diastolic Blood Pressure: 82.0 mmHg; Body Height: 152.01 cm; Body Weight: 37.31 kg; Body Mass Index: 16.15 kg/m2; Systolic Blood Pressure: 107.0 mmHg; Diastolic Blood Pressure: 83.0 mmHg; Body Height: 156.64 cm; Body Weight: 40.89 kg; Body Mass Index: 16.66 kg/m2; Systolic Blood Pressure: 112.0 mmHg; Diastolic Blood Pressure: 76.0 mmHg; Body Height: 158.83 cm; Body Weight: 43.97 kg; Body Mass Index: 17.43 kg/m2; Systolic Blood Pressure: 121.0 mmHg; Diastolic Blood Pressure: 89.0 mmHg; Oral temperature: 38.0 Cel; Body Height: 159.87 cm; Body Weight: 46.51 kg; Body Mass Index: 18.2 kg/m2; Systolic Blood Pressure: 127.0 mmHg; Diastolic Blood Pressure: 71.0 mmHg; Body Height: 160.32 cm; Body Weight: 48.13 kg; Body Mass Index: 18.72 kg/m2; Body Height: 160.56 cm; Body Weight: 49.15 kg; Body Mass Index: 19.07 kg/m2; Systolic Blood Pressure: 109.0 mmHg; Diastolic Blood Pressure: 86.0 mmHg. Immunizations: Influenza seasonal injectable preservative free; meningococcal MCV4P; Tdap; HPV quadrivalent.",0
cb5cfe72-7705-4fd3-b24e-2102541cf250,"Demographics: born 1958-04-23, gender M, race asian, ethnicity asian_indian. Encounters: Outpatient Encounter; Encounter for symptom; Encounter for 'check-up'. Medications: Penicillin V Potassium 250 MG; Naproxen sodium 220 MG [Aleve]; 24 HR Metformin hydrochloride 500 MG Extended Release Oral Tablet; Acetaminophen 160 MG; Dextromethorphan Hydrobromide 1 MG/ML. Procedures: Documentation of current medications; Colonoscopy. Observations: Hemoglobin A1c/Hemoglobin.total in Blood: 7.8 %; Body Height: 173.99 cm; Body Weight: 112.79 kg; Body Mass Index: 37.26 kg/m2; Systolic Blood Pressure: 151.0 mmHg; Diastolic Blood Pressure: 112.0 mmHg; Glucose: 183.0 mg/dL; Urea Nitrogen: 16.0 mg/dL; Creatinine: 1.0 mg/dL; Calcium: 9.81 mg/dL; Sodium: 137.0 mmol/L; Potassium: 4.31 mmol/L; Chloride: 103.0 mmol/L; Carbon Dioxide: 23.0 mmol/L; Total Cholesterol: 242.0 mg/dL; Triglycerides: 483.0 mg/dL; Low Density Lipoprotein Cholesterol: 111.0 mg/dL; High Density Lipoprotein Cholesterol: 34.0 mg/dL; Microalbumin Creatine Ratio: 4.0 mg/g; Estimated Glomerular Filtration Rate: 60.0 mL/min/{1.73_m2}; Systolic Blood Pressure: 182.0 mmHg; Diastolic Blood Pressure: 103.0 mmHg; Glucose: 163.0 mg/dL; Urea Nitrogen: 11.0 mg/dL; Calcium: 9.17 mg/dL; Sodium: 136.0 mmol/L; Potassium: 4.51 mmol/L; Chloride: 109.0 mmol/L; Carbon Dioxide: 27.0 mmol/L; Total Cholesterol: 255.0 mg/dL; Triglycerides: 425.0 mg/dL; Low Density Lipoprotein Cholesterol: 135.0 mg/dL; High Density Lipoprotein Cholesterol: 35.0 mg/dL; Microalbumin Creatine Ratio: 3.0 mg/g; Systolic Blood Pressure: 150.0 mmHg; Diastolic Blood Pressure: 105.0 mmHg; Glucose: 188.0 mg/dL; Calcium: 9.06 mg/dL; Sodium: 140.0 mmol/L; Potassium: 4.55 mmol/L. Immunizations: Influenza seasonal injectable preservative free.",1
07e8d6a9-4a18-4f9d-80d5-402be2e5716b,"Demographics: born 1996-01-19, gender F, race white, ethnicity polish. Encounters: Outpatient Encounter; Prenatal initial visit; Prenatal visit; Encounter for symptom; Obstetric emergency hospital admission. Procedures: Documentation of current medications; Standard pregnancy test; Spontaneous breech delivery; Childbirth. Observations: Body Height: 163.24 cm; Body Weight: 50.22 kg; Body Mass Index: 18.85 kg/m2; Systolic Blood Pressure: 106.0 mmHg; Diastolic Blood Pressure: 72.0 mmHg; Body Height: 164.13 cm; Body Weight: 52.38 kg; Body Mass Index: 19.44 kg/m2; Systolic Blood Pressure: 117.0 mmHg; Diastolic Blood Pressure: 84.0 mmHg; Body Height: 164.62 cm; Body Weight: 53.93 kg; Body Mass Index: 19.9 kg/m2; Systolic Blood Pressure: 109.0 mmHg; Diastolic Blood Pressure: 73.0 mmHg; Oral temperature: 37.0 Cel; Body Height: 164.86 cm; Body Weight: 55.0 kg; Body Mass Index: 20.24 kg/m2; Systolic Blood Pressure: 115.0 mmHg; Diastolic Blood Pressure: 80.0 mmHg; Body Height: 165.03 cm; Body Weight: 56.25 kg; Body Mass Index: 20.65 kg/m2; Systolic Blood Pressure: 110.0 mmHg; Body Height: 165.12 cm; Body Weight: 57.25 kg; Body Mass Index: 21.0 kg/m2; Systolic Blood Pressure: 123.0 mmHg; Diastolic Blood Pressure: 74.0 mmHg; Body Weight: 58.93 kg; Body Mass Index: 21.61 kg/m2; Systolic Blood Pressure: 124.0 mmHg; Diastolic Blood Pressure: 81.0 mmHg. Immunizations: Influenza seasonal injectable preservative free; meningococcal MCV4P; Td (adult) preservative free.",0
2e8169a1-5bdf-43bc-b352-19cc7702f0db,"Demographics: born 2013-05-05, gender F, race white, ethnicity portuguese. Encounters: Outpatient Encounter; Encounter for symptom. Medications: Amoxicillin 200 MG Oral Tablet; Acetaminophen 160 MG Oral Tablet. Procedures: Documentation of current medications. Observations: Body Height: 55.78 cm; Body Weight: 5.16 kg; Systolic Blood Pressure: 107.0 mmHg; Diastolic Blood Pressure: 70.0 mmHg; Body Height: 58.59 cm; Body Weight: 5.92 kg; Systolic Blood Pressure: 109.0 mmHg; Body Height: 63.05 cm; Body Weight: 7.25 kg; Systolic Blood Pressure: 124.0 mmHg; Diastolic Blood Pressure: 86.0 mmHg; Body Height: 66.65 cm; Body Weight: 8.37 kg; Systolic Blood Pressure: 112.0 mmHg; Diastolic Blood Pressure: 79.0 mmHg; Oral temperature: 37.0 Cel; Body Height: 72.5 cm; Body Weight: 10.12 kg; Systolic Blood Pressure: 114.0 mmHg; Diastolic Blood Pressure: 89.0 mmHg; Body Height: 76.17 cm; Body Weight: 11.11 kg; Diastolic Blood Pressure: 80.0 mmHg; Body Height: 78.39 cm; Body Weight: 11.67 kg; Systolic Blood Pressure: 117.0 mmHg; Diastolic Blood Pressure: 72.0 mmHg; Body Height: 81.46 cm; Body Weight: 12.4 kg; Systolic Blood Pressure: 126.0 mmHg; Diastolic Blood Pressure: 75.0 mmHg; Body Height: 86.11 cm; Body Weight: 13.63 kg; Body Mass Index: 18.38 kg/m2; Systolic Blood Pressure: 123.0 mmHg; Diastolic Blood Pressure: 87.0 mmHg; Body Height: 91.83 cm; Body Weight: 14.95 kg; Body Mass Index: 17.72 kg/m2; Systolic Blood Pressure: 113.0 mmHg. Immunizations: Hep B adolescent or pediatric; rotavirus monovalent; DTaP; Hib (PRP-OMP); Pneumococcal conjugate PCV 13; IPV; Influenza seasonal injectable preservative free; MMR; varicella; Hep A ped/adol 2 dose.",0
c0fc038c-88e1-4e72-98ef-6a9b71be236b,"Demographics: born 1983-07-25, gender F, race white, ethnicity italian. Encounters: Outpatient Encounter; Asthma follow-up; Prenatal initial visit; Patient-initiated encounter; Encounter for symptom; Prenatal visit; Obstetric emergency hospital admission; Consultation for treatment; Patient encounter procedure. Medications: diphenhydrAMINE Hydrochloride 25 MG Oral Tablet; 120 ACTUAT Fluticasone propionate 0.044 MG/ACTUAT Metered Dose Inhaler; 200 ACTUAT Albuterol 0.09 MG/ACTUAT Metered Dose Inhaler; Mirena 52 MG Intrauterine System. Procedures: Documentation of current medications; Standard pregnancy test; Induced termination of pregnancy; Cesarean section; Insertion of intrauterine contraceptive device. Observations: Body Height: 156.73 cm; Body Weight: 62.85 kg; Body Mass Index: 25.59 kg/m2; Systolic Blood Pressure: 130.0 mmHg; Diastolic Blood Pressure: 74.0 mmHg; Body Weight: 67.38 kg; Body Mass Index: 27.43 kg/m2; Systolic Blood Pressure: 128.0 mmHg; Diastolic Blood Pressure: 87.0 mmHg; Total Cholesterol: 161.0 mg/dL; Triglycerides: 149.0 mg/dL; Low Density Lipoprotein Cholesterol: 69.0 mg/dL; High Density Lipoprotein Cholesterol: 62.0 mg/dL. Allergies: Allergy to grass pollen; Dander (animal) allergy. Immunizations: Influenza seasonal injectable preservative free.",0
f84b3dab-1507-45c9-bb83-ffaead015088,"Demographics: born 2012-09-23, gender M, race black, ethnicity dominican. Encounters: Outpatient Encounter; Encounter for symptom. Procedures: Documentation of current medications. Observations: Body Height: 56.93 cm; Body Weight: 5.57 kg; Systolic Blood Pressure: 113.0 mmHg; Diastolic Blood Pressure: 80.0 mmHg; Body Height: 59.91 cm; Body Weight: 6.45 kg; Systolic Blood Pressure: 123.0 mmHg; Diastolic Blood Pressure: 72.0 mmHg; Body Height: 64.53 cm; Body Weight: 7.97 kg; Systolic Blood Pressure: 115.0 mmHg; Diastolic Blood Pressure: 74.0 mmHg; Body Height: 68.18 cm; Body Weight: 9.21 kg; Systolic Blood Pressure: 129.0 mmHg; Diastolic Blood Pressure: 79.0 mmHg; Body Height: 72.68 cm; Body Weight: 10.65 kg; Systolic Blood Pressure: 108.0 mmHg; Diastolic Blood Pressure: 70.0 mmHg; Body Height: 77.63 cm; Body Weight: 12.03 kg; Systolic Blood Pressure: 110.0 mmHg; Diastolic Blood Pressure: 88.0 mmHg; Body Height: 80.83 cm; Body Weight: 12.79 kg; Systolic Blood Pressure: 133.0 mmHg; Diastolic Blood Pressure: 82.0 mmHg; Body Height: 83.74 cm; Body Weight: 13.41 kg; Systolic Blood Pressure: 101.0 mmHg; Diastolic Blood Pressure: 81.0 mmHg; Body Height: 88.08 cm; Body Weight: 14.43 kg; Body Mass Index: 18.6 kg/m2; Systolic Blood Pressure: 116.0 mmHg; Body Height: 92.48 cm; Body Weight: 15.39 kg; Body Mass Index: 17.99 kg/m2; Diastolic Blood Pressure: 78.0 mmHg. Immunizations: Hep B adolescent or pediatric; rotavirus monovalent; DTaP; Hib (PRP-OMP); Pneumococcal conjugate PCV 13; IPV; Influenza seasonal injectable preservative free; MMR; varicella; Hep A ped/adol 2 dose.",0
4ee4eaeb-d611-415d-9642-7fef57084286,"Demographics: born 1966-05-21, gender F, race black, ethnicity african.",0
f52a9361-5802-4f2d-92dc-93ee3bb8f49a,"Demographics: born 1945-01-01, gender M, race white, ethnicity italian. Encounters: Outpatient Encounter; Encounter for 'check-up'; Encounter for symptom. Medications: Penicillin V Potassium 500 MG. Procedures: Documentation of current medications; Colonoscopy. Observations: Body Height: 179.04 cm; Body Weight: 101.63 kg; Body Mass Index: 31.7 kg/m2; Systolic Blood Pressure: 167.0 mmHg; Diastolic Blood Pressure: 93.0 mmHg; Total Cholesterol: 197.0 mg/dL; Triglycerides: 126.0 mg/dL; Low Density Lipoprotein Cholesterol: 97.0 mg/dL; High Density Lipoprotein Cholesterol: 74.0 mg/dL; Estimated Glomerular Filtration Rate: 60.0 mL/min/{1.73_m2}; Body Weight: 100.1 kg; Body Mass Index: 31.23 kg/m2; Systolic Blood Pressure: 191.0 mmHg; Diastolic Blood Pressure: 119.0 mmHg; Body Weight: 98.39 kg; Body Mass Index: 30.69 kg/m2; Systolic Blood Pressure: 187.0 mmHg; Diastolic Blood Pressure: 91.0 mmHg; Body Weight: 97.03 kg; Body Mass Index: 30.27 kg/m2; Systolic Blood Pressure: 180.0 mmHg; Body Weight: 95.11 kg; Body Mass Index: 29.67 kg/m2; Systolic Blood Pressure: 147.0 mmHg; Diastolic Blood Pressure: 97.0 mmHg; Total Cholesterol: 167.0 mg/dL; Triglycerides: 100.0 mg/dL; Low Density Lipoprotein Cholesterol: 72.0 mg/dL; High Density Lipoprotein Cholesterol: 75.0 mg/dL; Body Weight: 93.22 kg; Body Mass Index: 29.08 kg/m2; Systolic Blood Pressure: 172.0 mmHg; Diastolic Blood Pressure: 111.0 mmHg; Body Weight: 91.25 kg; Body Mass Index: 28.47 kg/m2; Systolic Blood Pressure: 188.0 mmHg; Diastolic Blood Pressure: 98.0 mmHg. Immunizations: Pneumococcal conjugate PCV 13; Influenza seasonal injectable preservative free; pneumococcal polysaccharide vaccine 23 valent; Td (adult) preservative free.",1
8ddcbab4-538c-451d-b16d-87c309c8dc2d,"Demographics: born 2014-01-15, gender M, race white, ethnicity irish. Encounters: Outpatient Encounter. Procedures: Documentation of current medications. Observations: Body Height: 57.62 cm; Body Weight: 4.9 kg; Systolic Blood Pressure: 125.0 mmHg; Diastolic Blood Pressure: 78.0 mmHg; Body Height: 60.6 cm; Body Weight: 5.69 kg; Systolic Blood Pressure: 137.0 mmHg; Diastolic Blood Pressure: 86.0 mmHg; Body Height: 65.23 cm; Body Weight: 7.07 kg; Systolic Blood Pressure: 117.0 mmHg; Diastolic Blood Pressure: 77.0 mmHg; Body Height: 68.91 cm; Body Weight: 8.19 kg; Systolic Blood Pressure: 133.0 mmHg; Diastolic Blood Pressure: 84.0 mmHg; Body Height: 72.04 cm; Body Weight: 9.11 kg; Systolic Blood Pressure: 131.0 mmHg; Diastolic Blood Pressure: 81.0 mmHg; Body Height: 76.07 cm; Body Weight: 10.19 kg; Systolic Blood Pressure: 118.0 mmHg; Body Height: 79.57 cm; Body Weight: 11.01 kg; Systolic Blood Pressure: 138.0 mmHg; Diastolic Blood Pressure: 70.0 mmHg; Body Height: 82.71 cm; Body Weight: 11.66 kg; Systolic Blood Pressure: 107.0 mmHg; Body Height: 87.35 cm; Body Weight: 12.49 kg; Systolic Blood Pressure: 105.0 mmHg; Diastolic Blood Pressure: 76.0 mmHg; Body Height: 91.36 cm; Body Weight: 13.33 kg; Body Mass Index: 15.97 kg/m2; Systolic Blood Pressure: 116.0 mmHg; Body Height: 95.52 cm; Body Weight: 14.16 kg. Immunizations: Hep B adolescent or pediatric; rotavirus monovalent; DTaP; Hib (PRP-OMP); Pneumococcal conjugate PCV 13; IPV; Influenza seasonal injectable preservative free; MMR; varicella; Hep A ped/adol 2 dose.",0
9caeb6a7-36a9-426e-9d11-4d4663b41953,"Demographics: born 1963-06-03, gender F, race asian, ethnicity chinese. Encounters: Outpatient Encounter; Encounter for symptom. Medications: Penicillin V Potassium 250 MG. Procedures: Documentation of current medications. Observations: Hemoglobin A1c/Hemoglobin.total in Blood: 5.9 %; Body Height: 162.48 cm; Body Weight: 106.51 kg; Body Mass Index: 40.35 kg/m2; Systolic Blood Pressure: 165.0 mmHg; Diastolic Blood Pressure: 115.0 mmHg; Glucose: 91.0 mg/dL; Urea Nitrogen: 20.0 mg/dL; Creatinine: 1.0 mg/dL; Calcium: 9.61 mg/dL; Sodium: 144.0 mmol/L; Potassium: 3.76 mmol/L; Chloride: 104.0 mmol/L; Carbon Dioxide: 27.0 mmol/L; Total Cholesterol: 177.0 mg/dL; Triglycerides: 110.0 mg/dL; Low Density Lipoprotein Cholesterol: 95.0 mg/dL; High Density Lipoprotein Cholesterol: 60.0 mg/dL; Estimated Glomerular Filtration Rate: 60.0 mL/min/{1.73_m2}; Hemoglobin A1c/Hemoglobin.total in Blood: 6.2 %; Body Weight: 109.72 kg; Body Mass Index: 41.56 kg/m2; Diastolic Blood Pressure: 91.0 mmHg; Glucose: 79.0 mg/dL; Urea Nitrogen: 18.0 mg/dL; Calcium: 9.9 mg/dL; Sodium: 136.0 mmol/L; Potassium: 3.84 mmol/L; Chloride: 105.0 mmol/L; Carbon Dioxide: 20.0 mmol/L; Hemoglobin A1c/Hemoglobin.total in Blood: 6.3 %; Systolic Blood Pressure: 156.0 mmHg; Diastolic Blood Pressure: 103.0 mmHg; Glucose: 94.0 mg/dL; Urea Nitrogen: 13.0 mg/dL; Calcium: 9.09 mg/dL; Sodium: 143.0 mmol/L; Potassium: 4.04 mmol/L; Chloride: 110.0 mmol/L; Total Cholesterol: 181.0 mg/dL. Immunizations: Influenza seasonal injectable preservative free; Td (adult) preservative free.",1
1ef49ac0-d916-4970-981b-07c75a386aa3,"Demographics: born 1996-02-03, gender M, race white, ethnicity irish. Encounters: Outpatient Encounter; Encounter for symptom. Medications: Penicillin V Potassium 250 MG. Procedures: Documentation of current medications. Observations: Body Height: 176.88 cm; Body Weight: 62.93 kg; Body Mass Index: 20.12 kg/m2; Systolic Blood Pressure: 138.0 mmHg; Diastolic Blood Pressure: 70.0 mmHg; Body Height: 179.93 cm; Body Weight: 67.88 kg; Body Mass Index: 20.97 kg/m2; Systolic Blood Pressure: 104.0 mmHg; Diastolic Blood Pressure: 86.0 mmHg; Oral temperature: 38.0 Cel; Body Height: 181.34 cm; Body Weight: 71.58 kg; Body Mass Index: 21.77 kg/m2; Systolic Blood Pressure: 120.0 mmHg; Diastolic Blood Pressure: 79.0 mmHg; Body Height: 181.98 cm; Body Weight: 74.0 kg; Body Mass Index: 22.34 kg/m2; Systolic Blood Pressure: 143.0 mmHg; Diastolic Blood Pressure: 104.0 mmHg; Estimated Glomerular Filtration Rate: 60.0 mL/min/{1.73_m2}; Body Height: 182.36 cm; Body Weight: 75.98 kg; Body Mass Index: 22.85 kg/m2; Systolic Blood Pressure: 186.0 mmHg; Diastolic Blood Pressure: 112.0 mmHg; Body Height: 182.47 cm; Body Weight: 77.77 kg; Body Mass Index: 23.36 kg/m2; Systolic Blood Pressure: 190.0 mmHg; Diastolic Blood Pressure: 101.0 mmHg. Immunizations: Influenza seasonal injectable preservative free; meningococcal MCV4P.",1
8335a681-8f83-45f4-8bf9-3015a371b822,"Demographics: born 1979-12-19, gender M, race white, ethnicity german. Encounters: Outpatient Encounter. Medications: Fluticasone propionate 0.25 MG/ACTUAT / salmeterol 0.05 MG/ACTUAT [Advair]. Procedures: Spirometry (procedure); Documentation of current medications. Observations: FEV1/​FVC: 50.0 %; Body Height: 187.79 cm; Body Weight: 83.99 kg; Body Mass Index: 23.82 kg/m2; Systolic Blood Pressure: 195.0 mmHg; Diastolic Blood Pressure: 104.0 mmHg; Total Cholesterol: 173.0 mg/dL; Triglycerides: 148.0 mg/dL; Low Density Lipoprotein Cholesterol: 69.0 mg/dL; High Density Lipoprotein Cholesterol: 74.0 mg/dL; Estimated Glomerular Filtration Rate: 60.0 mL/min/{1.73_m2}; FEV1/​FVC: 49.0 %; Body Weight: 87.87 kg; Body Mass Index: 24.92 kg/m2; Systolic Blood Pressure: 181.0 mmHg; Diastolic Blood Pressure: 94.0 mmHg. Immunizations: Influenza seasonal injectable preservative free; Td (adult) preservative free.",1
4fada5f5-f5b2-4385-a079-41104999dcb9,"Demographics: born 1960-08-04, gender F, race white, ethnicity english. Encounters: Encounter for 'check-up'; Patient encounter procedure; Outpatient Encounter; Encounter for symptom. Medications: Levonorgestrel 0.00354 MG/HR [Norplant]; Amoxicillin 250 MG / Clavulanate 125 MG [Augmentin]. Procedures: Colonoscopy; Removal of subcutaneous contraceptive; Documentation of current medications. Observations: Hemoglobin A1c/Hemoglobin.total in Blood: 6.0 %; Body Height: 163.28 cm; Body Weight: 96.56 kg; Body Mass Index: 36.22 kg/m2; Systolic Blood Pressure: 181.0 mmHg; Diastolic Blood Pressure: 98.0 mmHg; Glucose: 81.0 mg/dL; Urea Nitrogen: 20.0 mg/dL; Creatinine: 1.0 mg/dL; Calcium: 9.13 mg/dL; Sodium: 140.0 mmol/L; Potassium: 5.04 mmol/L; Chloride: 104.0 mmol/L; Carbon Dioxide: 21.0 mmol/L; Total Cholesterol: 169.0 mg/dL; Triglycerides: 130.0 mg/dL; Low Density Lipoprotein Cholesterol: 71.0 mg/dL; High Density Lipoprotein Cholesterol: 72.0 mg/dL; Estimated Glomerular Filtration Rate: 60.0 mL/min/{1.73_m2}; Hemoglobin A1c/Hemoglobin.total in Blood: 6.2 %; Systolic Blood Pressure: 173.0 mmHg; Diastolic Blood Pressure: 117.0 mmHg; Glucose: 92.0 mg/dL; Calcium: 8.58 mg/dL; Carbon Dioxide: 22.0 mmol/L; Hemoglobin A1c/Hemoglobin.total in Blood: 6.4 %; Systolic Blood Pressure: 190.0 mmHg; Diastolic Blood Pressure: 106.0 mmHg; Glucose: 80.0 mg/dL; Urea Nitrogen: 15.0 mg/dL; Calcium: 8.66 mg/dL; Sodium: 141.0 mmol/L; Potassium: 3.9 mmol/L; Hemoglobin A1c/Hemoglobin.total in Blood: 6.3 %; Systolic Blood Pressure: 163.0 mmHg; Diastolic Blood Pressure: 111.0 mmHg; Glucose: 82.0 mg/dL; Urea Nitrogen: 10.0 mg/dL; Calcium: 8.76 mg/dL; Sodium: 138.0 mmol/L. Immunizations: Influenza seasonal injectable preservative free; Td (adult) preservative free.",1
0f296bfb-9f5c-4eea-aebd-cbc4bed5263b,"Demographics: born 1992-12-23, gender M, race white, ethnicity french_canadian. Encounters: Outpatient Encounter; Encounter for symptom. Procedures: Documentation of current medications. Observations: Body Height: 175.92 cm; Body Weight: 64.93 kg; Body Mass Index: 20.98 kg/m2; Systolic Blood Pressure: 163.0 mmHg; Diastolic Blood Pressure: 114.0 mmHg; Estimated Glomerular Filtration Rate: 60.0 mL/min/{1.73_m2}; Body Height: 176.32 cm; Body Weight: 66.66 kg; Body Mass Index: 21.44 kg/m2; Systolic Blood Pressure: 192.0 mmHg; Diastolic Blood Pressure: 107.0 mmHg; Body Height: 176.57 cm; Body Weight: 68.09 kg; Body Mass Index: 21.84 kg/m2; Systolic Blood Pressure: 151.0 mmHg; Body Weight: 69.97 kg; Body Mass Index: 22.44 kg/m2; Systolic Blood Pressure: 150.0 mmHg; Diastolic Blood Pressure: 94.0 mmHg; Body Weight: 73.91 kg; Body Mass Index: 23.7 kg/m2; Systolic Blood Pressure: 144.0 mmHg; Diastolic Blood Pressure: 117.0 mmHg. Immunizations: Influenza seasonal injectable preservative free; Td (adult) preservative free.",1
7c941f38-d556-4288-bcd7-a9397648f3c2,"Demographics: born 2013-08-08, gender F, race white, ethnicity irish. Encounters: Outpatient Encounter; Encounter for symptom. Procedures: Documentation of current medications. Observations: Body Height: 55.37 cm; Body Weight: 3.82 kg; Systolic Blood Pressure: 124.0 mmHg; Diastolic Blood Pressure: 88.0 mmHg; Body Height: 58.18 cm; Body Weight: 4.44 kg; Systolic Blood Pressure: 115.0 mmHg; Diastolic Blood Pressure: 75.0 mmHg; Body Height: 62.62 cm; Body Weight: 5.54 kg; Systolic Blood Pressure: 139.0 mmHg; Diastolic Blood Pressure: 73.0 mmHg; Body Height: 66.21 cm; Body Weight: 6.47 kg; Systolic Blood Pressure: 119.0 mmHg; Diastolic Blood Pressure: 76.0 mmHg; Body Height: 72.02 cm; Body Weight: 7.93 kg; Systolic Blood Pressure: 135.0 mmHg; Diastolic Blood Pressure: 85.0 mmHg; Oral temperature: 37.0 Cel; Body Height: 75.66 cm; Body Weight: 8.77 kg; Diastolic Blood Pressure: 81.0 mmHg; Body Height: 78.91 cm; Body Weight: 9.43 kg; Systolic Blood Pressure: 132.0 mmHg; Body Height: 81.87 cm; Body Weight: 9.98 kg; Diastolic Blood Pressure: 84.0 mmHg; Body Height: 86.41 cm; Body Weight: 10.85 kg; Body Mass Index: 14.53 kg/m2; Systolic Blood Pressure: 103.0 mmHg; Diastolic Blood Pressure: 89.0 mmHg; Body Height: 91.18 cm; Body Weight: 11.59 kg; Body Mass Index: 13.94 kg/m2; Systolic Blood Pressure: 120.0 mmHg; Diastolic Blood Pressure: 74.0 mmHg. Immunizations: Hep B adolescent or pediatric; rotavirus monovalent; DTaP; Hib (PRP-OMP); Pneumococcal conjugate PCV 13; IPV; Influenza seasonal injectable preservative free; MMR; varicella; Hep A ped/adol 2 dose.",0
e2ae9e8b-4f60-49d1-985f-1c989262f0c1,"Demographics: born 1944-12-14, gender M, race white, ethnicity french. Encounters: Death Certification. Medications: Penicillin V Potassium 500 MG; Fluticasone propionate 0.25 MG/ACTUAT / salmeterol 0.05 MG/ACTUAT [Advair]. Observations: Non-small cell lung cancer (disorder).",0
80cafe9d-cc98-4816-816b-6689e0e959d7,"Demographics: born 1947-01-05, gender M, race white, ethnicity american. Encounters: Outpatient Encounter; Encounter for 'check-up'; Encounter for symptom. Procedures: Documentation of current medications; Colonoscopy. Observations: Body Height: 176.86 cm; Body Weight: 141.19 kg; Body Mass Index: 45.14 kg/m2; Systolic Blood Pressure: 139.0 mmHg; Diastolic Blood Pressure: 82.0 mmHg; Body Weight: 139.52 kg; Body Mass Index: 44.6 kg/m2; Systolic Blood Pressure: 136.0 mmHg; Diastolic Blood Pressure: 89.0 mmHg; Total Cholesterol: 163.0 mg/dL; Triglycerides: 137.0 mg/dL; Low Density Lipoprotein Cholesterol: 63.0 mg/dL; High Density Lipoprotein Cholesterol: 72.0 mg/dL; Body Weight: 137.98 kg; Body Mass Index: 44.11 kg/m2; Systolic Blood Pressure: 105.0 mmHg; Diastolic Blood Pressure: 87.0 mmHg; Body Weight: 136.49 kg; Body Mass Index: 43.63 kg/m2; Systolic Blood Pressure: 125.0 mmHg; Diastolic Blood Pressure: 72.0 mmHg; Body Weight: 132.89 kg; Body Mass Index: 42.48 kg/m2; Systolic Blood Pressure: 126.0 mmHg; Diastolic Blood Pressure: 86.0 mmHg; Total Cholesterol: 198.0 mg/dL; Triglycerides: 120.0 mg/dL; Low Density Lipoprotein Cholesterol: 109.0 mg/dL; High Density Lipoprotein Cholesterol: 65.0 mg/dL; Body Weight: 131.1 kg; Body Mass Index: 41.91 kg/m2; Systolic Blood Pressure: 115.0 mmHg; Body Weight: 129.56 kg; Body Mass Index: 41.42 kg/m2; Diastolic Blood Pressure: 78.0 mmHg. Immunizations: Influenza seasonal injectable preservative free; Pneumococcal conjugate PCV 13; pneumococcal polysaccharide vaccine 23 valent.",0
f4f2db27-7085-4818-8f7d-c96bb004f031,"Demographics: born 1994-10-31, gender F, race white, ethnicity italian. Encounters: Outpatient procedure; Outpatient Encounter; Allergic disorder follow-up assessment; Encounter for symptom. Medications: Loratadine 5 MG Chewable Tablet; 0.3 ML EPINEPHrine 0.5 MG/ML Auto-Injector; Errin 28 Day Pack; Acetaminophen 160 MG. Procedures: Subcutaneous immunotherapy; Documentation of current medications; Allergy screening test. Observations: Body Height: 155.81 cm; Body Weight: 47.55 kg; Body Mass Index: 19.58 kg/m2; Systolic Blood Pressure: 117.0 mmHg; Diastolic Blood Pressure: 83.0 mmHg; Body Height: 156.19 cm; Body Weight: 48.99 kg; Body Mass Index: 20.08 kg/m2; Systolic Blood Pressure: 104.0 mmHg; Diastolic Blood Pressure: 73.0 mmHg; Peanut IgE Ab in Serum: 0.16 kU/L; Walnut IgE Ab in Serum: 0.12 kU/L; Codfish IgE Ab in Serum: 0.33 kU/L; Shrimp IgE Ab in Serum: 69.94 kU/L; Wheat IgE Ab in Serum: 0.29 kU/L; Egg white IgE Ab in Serum: 0.29 kU/L; Soybean IgE Ab in Serum: 0.11 kU/L; Cow milk IgE Ab in Serum: 0.14 kU/L; White oak IgE Ab in Serum: 0.34 kU/L; Common Ragweed IgE Ab in Serum: 0.27 kU/L; Cat dander IgE Ab in Serum: 0.16 kU/L; American house dust mite IgE Ab in Serum: 93.72 kU/L; Cladosporium herbarum IgE Ab in Serum: 0.02 kU/L; Honey bee IgE Ab in Serum: 0.11 kU/L; Latex IgE Ab in Serum: 0.06 kU/L; Body Height: 156.43 cm; Body Weight: 50.09 kg; Body Mass Index: 20.47 kg/m2; Systolic Blood Pressure: 107.0 mmHg; Diastolic Blood Pressure: 87.0 mmHg; Oral temperature: 38.0 Cel; Body Height: 156.55 cm; Body Weight: 50.96 kg; Body Mass Index: 20.79 kg/m2; Systolic Blood Pressure: 120.0 mmHg; Diastolic Blood Pressure: 70.0 mmHg; Body Height: 156.64 cm; Body Weight: 51.61 kg; Body Mass Index: 21.03 kg/m2; Systolic Blood Pressure: 138.0 mmHg. Allergies: Shellfish allergy; House dust mite allergy. Immunizations: Influenza seasonal injectable preservative free; meningococcal MCV4P; Td (adult) preservative free.",0
30b2e64d-9a71-480a-9fc7-ff1ae74aabf9,"Demographics: born 1990-10-11, gender F, race white, ethnicity american. Encounters: Outpatient Encounter; Encounter for symptom; Prenatal initial visit; Prenatal visit; Obstetric emergency hospital admission; Consultation for treatment; Admission to surgical department. Medications: Seasonique 91 Day Pack; Jolivette 28 Day Pack. Procedures: Documentation of current medications; Standard pregnancy test; Childbirth; Bilateral tubal ligation. Observations: Body Height: 151.1 cm; Body Weight: 56.91 kg; Body Mass Index: 24.93 kg/m2; Systolic Blood Pressure: 191.0 mmHg; Diastolic Blood Pressure: 110.0 mmHg; Estimated Glomerular Filtration Rate: 60.0 mL/min/{1.73_m2}; Body Height: 151.11 cm; Body Weight: 58.81 kg; Body Mass Index: 25.76 kg/m2; Diastolic Blood Pressure: 118.0 mmHg; Body Weight: 63.34 kg; Body Mass Index: 27.74 kg/m2; Systolic Blood Pressure: 174.0 mmHg; Diastolic Blood Pressure: 111.0 mmHg; Oral temperature: 38.0 Cel; Body Weight: 67.56 kg; Body Mass Index: 29.59 kg/m2; Systolic Blood Pressure: 168.0 mmHg; Diastolic Blood Pressure: 115.0 mmHg; Oral temperature: 37.0 Cel. Immunizations: Influenza seasonal injectable preservative free; Td (adult) preservative free.",1
f7eb205e-e1d5-44f1-bebc-3d021589af1e,"Demographics: born 1971-07-15, gender M, race white, ethnicity irish.",0
69452ac3-4ae4-4c44-bc56-b8727b4fb32e,"Demographics: born 1925-02-05, gender M, race white, ethnicity french. Encounters: Outpatient Encounter. Medications: Penicillin V Potassium 250 MG; Penicillin V Potassium 500 MG. Observations: Hemoglobin A1c/Hemoglobin.total in Blood: 6.3 %; Body Height: 172.87 cm; Body Weight: 89.21 kg; Body Mass Index: 29.85 kg/m2; Systolic Blood Pressure: 162.0 mmHg; Diastolic Blood Pressure: 94.0 mmHg; Glucose: 72.0 mg/dL; Urea Nitrogen: 7.0 mg/dL; Creatinine: 1.0 mg/dL; Calcium: 10.02 mg/dL; Sodium: 137.0 mmol/L; Potassium: 4.67 mmol/L; Chloride: 108.0 mmol/L; Carbon Dioxide: 22.0 mmol/L; Total Cholesterol: 188.0 mg/dL; Triglycerides: 150.0 mg/dL; Low Density Lipoprotein Cholesterol: 99.0 mg/dL; High Density Lipoprotein Cholesterol: 59.0 mg/dL; Estimated Glomerular Filtration Rate: 60.0 mL/min/{1.73_m2}. Immunizations: Influenza seasonal injectable preservative free.",1
f43663eb-6bcc-4d28-bf4a-23ff808bae09,"Demographics: born 1958-07-05, gender F, race white, ethnicity polish. Encounters: Outpatient Encounter; Emergency room admission; Encounter for 'check-up'. Medications: Penicillin V Potassium 250 MG; Penicillin V Potassium 500 MG. Procedures: Documentation of current medications; Colonoscopy. Observations: Body Height: 169.47 cm; Body Weight: 99.33 kg; Body Mass Index: 34.59 kg/m2; Systolic Blood Pressure: 189.0 mmHg; Diastolic Blood Pressure: 91.0 mmHg; Estimated Glomerular Filtration Rate: 60.0 mL/min/{1.73_m2}; Systolic Blood Pressure: 142.0 mmHg; Diastolic Blood Pressure: 109.0 mmHg; Total Cholesterol: 199.0 mg/dL; Triglycerides: 131.0 mg/dL; Low Density Lipoprotein Cholesterol: 112.0 mg/dL; High Density Lipoprotein Cholesterol: 60.0 mg/dL; Systolic Blood Pressure: 191.0 mmHg; Diastolic Blood Pressure: 104.0 mmHg. Immunizations: Influenza seasonal injectable preservative free.",1
3eb9fa4c-a5e5-4fd8-8110-3fabc664907d,"Demographics: born 1987-03-05, gender F, race white, ethnicity english. Encounters: Outpatient Encounter; Encounter for symptom; Emergency room admission; Encounter Inpatient. Medications: Estrostep Fe 28 Day Pack; Penicillin V Potassium 250 MG; Acetaminophen 160 MG; Acetaminophen 325 MG Oral Tablet. Procedures: Measurement of respiratory function (procedure); Suture open wound; Appendectomy; Documentation of current medications. Observations: Body Height: 151.11 cm; Body Weight: 50.66 kg; Body Mass Index: 22.19 kg/m2; Systolic Blood Pressure: 181.0 mmHg; Diastolic Blood Pressure: 107.0 mmHg; Estimated Glomerular Filtration Rate: 60.0 mL/min/{1.73_m2}; Body Weight: 54.39 kg; Body Mass Index: 23.82 kg/m2; Oral temperature: 38.0 Cel; Body Weight: 59.11 kg; Body Mass Index: 25.89 kg/m2; Systolic Blood Pressure: 147.0 mmHg; Diastolic Blood Pressure: 110.0 mmHg. Immunizations: Influenza seasonal injectable preservative free; Td (adult) preservative free.",1
41ee715b-eb93-4709-ad8f-c08f158cef63,"Demographics: born 1997-05-29, gender M, race hispanic, ethnicity puerto_rican. Encounters: Allergic disorder initial assessment; Emergency room admission; Outpatient Encounter; Encounter for symptom. Medications: Fexofenadine hydrochloride 30 MG Oral Tablet; 0.3 ML EPINEPHrine 0.5 MG/ML Auto-Injector; Ibuprofen 200 MG Oral Tablet. Procedures: Documentation of current medications. Observations: Body Height: 157.27 cm; Body Weight: 48.16 kg; Body Mass Index: 19.47 kg/m2; Systolic Blood Pressure: 131.0 mmHg; Diastolic Blood Pressure: 70.0 mmHg; Body Height: 165.02 cm; Body Weight: 53.77 kg; Body Mass Index: 19.75 kg/m2; Systolic Blood Pressure: 114.0 mmHg; Diastolic Blood Pressure: 84.0 mmHg; Body Height: 171.37 cm; Body Weight: 59.58 kg; Body Mass Index: 20.29 kg/m2; Systolic Blood Pressure: 116.0 mmHg; Diastolic Blood Pressure: 89.0 mmHg; Body Height: 174.81 cm; Body Weight: 64.52 kg; Body Mass Index: 21.12 kg/m2; Systolic Blood Pressure: 119.0 mmHg; Body Height: 176.4 cm; Body Weight: 68.24 kg; Body Mass Index: 21.93 kg/m2; Diastolic Blood Pressure: 79.0 mmHg; Body Height: 177.14 cm; Body Weight: 70.84 kg; Body Mass Index: 22.57 kg/m2; Systolic Blood Pressure: 181.0 mmHg; Diastolic Blood Pressure: 90.0 mmHg; Estimated Glomerular Filtration Rate: 60.0 mL/min/{1.73_m2}; Body Height: 177.52 cm; Body Weight: 72.78 kg; Body Mass Index: 23.1 kg/m2; Systolic Blood Pressure: 172.0 mmHg; Diastolic Blood Pressure: 116.0 mmHg. Allergies: Shellfish allergy. Immunizations: Influenza seasonal injectable preservative free; HPV quadrivalent; meningococcal MCV4P.",1
cf132541-a61a-4d2e-8fd5-5f71aec22a4f,"Demographics: born 2005-05-09, gender M, race white, ethnicity polish. Encounters: Outpatient Encounter; Emergency room admission; Encounter for 'check-up'; Encounter for symptom. Medications: Ibuprofen 100 MG Oral Tablet; Penicillin V Potassium 250 MG. Procedures: Documentation of current medications; Admission to orthopedic department. Observations: Body Height: 111.18 cm; Body Weight: 23.73 kg; Body Mass Index: 19.2 kg/m2; Systolic Blood Pressure: 126.0 mmHg; Diastolic Blood Pressure: 74.0 mmHg; Body Height: 117.04 cm; Body Weight: 26.76 kg; Body Mass Index: 19.54 kg/m2; Systolic Blood Pressure: 100.0 mmHg; Diastolic Blood Pressure: 78.0 mmHg; Body Height: 123.29 cm; Body Weight: 30.35 kg; Body Mass Index: 19.97 kg/m2; Systolic Blood Pressure: 120.0 mmHg; Diastolic Blood Pressure: 76.0 mmHg; Body Height: 129.65 cm; Body Weight: 34.79 kg; Body Mass Index: 20.69 kg/m2; Systolic Blood Pressure: 121.0 mmHg; Diastolic Blood Pressure: 89.0 mmHg; Oral temperature: 38.38 Cel; Body Height: 133.7 cm; Body Weight: 38.31 kg; Body Mass Index: 21.43 kg/m2; Systolic Blood Pressure: 132.0 mmHg; Diastolic Blood Pressure: 71.0 mmHg; Body Height: 139.05 cm; Body Weight: 44.11 kg; Body Mass Index: 22.81 kg/m2; Body Height: 144.41 cm; Body Weight: 50.64 kg; Body Mass Index: 24.29 kg/m2; Systolic Blood Pressure: 131.0 mmHg; Diastolic Blood Pressure: 85.0 mmHg. Immunizations: Influenza seasonal injectable preservative free; meningococcal MCV4P; Tdap; HPV quadrivalent.",0
8becfb09-4ad1-4095-b97e-996739bf1f68,"Demographics: born 1986-03-15, gender F, race white, ethnicity italian. Encounters: Consultation for treatment; Admission to surgical department; Encounter for symptom; Outpatient Encounter; Encounter Inpatient. Medications: NuvaRing 0.12/0.015 MG per 24HR 21 Day Vaginal Ring; oxyCODONE Hydrochloride 15 MG [OxyCONTIN]. Procedures: Bilateral tubal ligation. Observations: Hemoglobin A1c/Hemoglobin.total in Blood: 6.4 %; Body Height: 165.72 cm; Body Weight: 61.84 kg; Body Mass Index: 22.52 kg/m2; Systolic Blood Pressure: 199.0 mmHg; Diastolic Blood Pressure: 107.0 mmHg; Glucose: 100.0 mg/dL; Urea Nitrogen: 16.0 mg/dL; Creatinine: 1.0 mg/dL; Calcium: 9.1 mg/dL; Sodium: 143.0 mmol/L; Potassium: 4.31 mmol/L; Chloride: 102.0 mmol/L; Carbon Dioxide: 21.0 mmol/L; Estimated Glomerular Filtration Rate: 60.0 mL/min/{1.73_m2}; Body Weight: 66.3 kg; Body Mass Index: 24.14 kg/m2; Systolic Blood Pressure: 146.0 mmHg; Diastolic Blood Pressure: 99.0 mmHg; Urea Nitrogen: 7.0 mg/dL; Calcium: 9.18 mg/dL; Sodium: 144.0 mmol/L; Potassium: 5.04 mmol/L; Chloride: 110.0 mmol/L; Carbon Dioxide: 29.0 mmol/L; Oral temperature: 38.0 Cel. Immunizations: Influenza seasonal injectable preservative free.",1
6857841e-fbe2-4bd2-80d3-8c43182bbdf9,"Demographics: born 1949-03-07, gender M, race white, ethnicity english. Encounters: Outpatient Encounter; Encounter for symptom; Encounter for 'check-up'. Medications: Clopidogrel 75 MG Oral Tablet; Simvastatin 20 MG Oral Tablet; Amlodipine 5 MG Oral Tablet; Nitroglycerin 0.4 MG/ACTUAT [Nitrolingual]; Acetaminophen 160 MG. Procedures: Documentation of current medications; Colonoscopy; Measurement of respiratory function (procedure). Observations: Hemoglobin A1c/Hemoglobin.total in Blood: 6.2 %; Body Height: 185.56 cm; Body Weight: 115.33 kg; Body Mass Index: 33.5 kg/m2; Systolic Blood Pressure: 105.0 mmHg; Diastolic Blood Pressure: 78.0 mmHg; Glucose: 72.0 mg/dL; Urea Nitrogen: 20.0 mg/dL; Creatinine: 1.0 mg/dL; Calcium: 10.12 mg/dL; Sodium: 140.0 mmol/L; Potassium: 4.18 mmol/L; Chloride: 106.0 mmol/L; Carbon Dioxide: 20.0 mmol/L; Total Cholesterol: 193.0 mg/dL; Triglycerides: 118.0 mg/dL; Low Density Lipoprotein Cholesterol: 95.0 mg/dL; High Density Lipoprotein Cholesterol: 74.0 mg/dL; Hemoglobin A1c/Hemoglobin.total in Blood: 5.8 %; Body Weight: 113.82 kg; Body Mass Index: 33.06 kg/m2; Systolic Blood Pressure: 115.0 mmHg; Diastolic Blood Pressure: 85.0 mmHg; Glucose: 70.0 mg/dL; Urea Nitrogen: 8.0 mg/dL; Calcium: 9.69 mg/dL; Potassium: 4.61 mmol/L; Chloride: 109.0 mmol/L; Carbon Dioxide: 28.0 mmol/L; Hemoglobin A1c/Hemoglobin.total in Blood: 6.4 %; Body Weight: 112.38 kg; Body Mass Index: 32.64 kg/m2; Systolic Blood Pressure: 124.0 mmHg; Diastolic Blood Pressure: 89.0 mmHg; Glucose: 78.0 mg/dL; Urea Nitrogen: 17.0 mg/dL; Calcium: 9.76 mg/dL; Potassium: 4.48 mmol/L; Chloride: 102.0 mmol/L; Carbon Dioxide: 21.0 mmol/L. Immunizations: Influenza seasonal injectable preservative free; Td (adult) preservative free; Pneumococcal conjugate PCV 13; pneumococcal polysaccharide vaccine 23 valent.",0
ef1b878e-bf75-4072-9c29-93a2842a07d7,"Demographics: born 1944-08-23, gender F, race white, ethnicity irish. Encounters: Outpatient Encounter; Encounter for 'check-up'; Emergency room admission. Medications: Penicillin V Potassium 250 MG; Naproxen sodium 220 MG [Aleve]; Acetaminophen 325 MG Oral Tablet. Procedures: Documentation of current medications; Colonoscopy; Suture open wound. Observations: Hemoglobin A1c/Hemoglobin.total in Blood: 6.1 %; Body Height: 160.87 cm; Body Weight: 87.01 kg; Body Mass Index: 33.62 kg/m2; Systolic Blood Pressure: 195.0 mmHg; Diastolic Blood Pressure: 94.0 mmHg; Glucose: 87.0 mg/dL; Urea Nitrogen: 18.0 mg/dL; Creatinine: 1.0 mg/dL; Calcium: 8.51 mg/dL; Sodium: 144.0 mmol/L; Potassium: 3.89 mmol/L; Chloride: 101.0 mmol/L; Carbon Dioxide: 24.0 mmol/L; Total Cholesterol: 189.0 mg/dL; Triglycerides: 139.0 mg/dL; Low Density Lipoprotein Cholesterol: 87.0 mg/dL; High Density Lipoprotein Cholesterol: 74.0 mg/dL; Estimated Glomerular Filtration Rate: 60.0 mL/min/{1.73_m2}; Body Weight: 85.84 kg; Body Mass Index: 33.17 kg/m2; Systolic Blood Pressure: 190.0 mmHg; Diastolic Blood Pressure: 112.0 mmHg; Glucose: 65.0 mg/dL; Urea Nitrogen: 17.0 mg/dL; Calcium: 10.06 mg/dL; Sodium: 137.0 mmol/L; Potassium: 4.28 mmol/L; Chloride: 103.0 mmol/L; Carbon Dioxide: 20.0 mmol/L; Hemoglobin A1c/Hemoglobin.total in Blood: 6.3 %; Body Weight: 84.41 kg; Body Mass Index: 32.62 kg/m2; Systolic Blood Pressure: 168.0 mmHg; Diastolic Blood Pressure: 95.0 mmHg; Glucose: 83.0 mg/dL; Urea Nitrogen: 10.0 mg/dL; Calcium: 8.52 mg/dL; Sodium: 142.0 mmol/L; Potassium: 4.94 mmol/L. Immunizations: Pneumococcal conjugate PCV 13; Influenza seasonal injectable preservative free; pneumococcal polysaccharide vaccine 23 valent; Td (adult) preservative free.",1
90aa7f86-cb9c-405a-ba4a-4885dbbf1ac2,"Demographics: born 1988-09-29, gender M, race white, ethnicity irish. Encounters: Outpatient Encounter; Emergency room admission. Medications: Terfenadine 60 MG Oral Tablet; 0.3 ML EPINEPHrine 0.5 MG/ML Auto-Injector; Acetaminophen 325 MG / HYDROcodone Bitartrate 7.5 MG Oral Tablet; Ibuprofen 200 MG Oral Tablet; Naproxen sodium 220 MG Oral Tablet. Procedures: Documentation of current medications. Observations: Body Height: 175.64 cm; Body Weight: 64.34 kg; Body Mass Index: 20.86 kg/m2; Systolic Blood Pressure: 175.0 mmHg; Diastolic Blood Pressure: 106.0 mmHg; Estimated Glomerular Filtration Rate: 60.0 mL/min/{1.73_m2}; Body Weight: 68.96 kg; Body Mass Index: 22.35 kg/m2; Systolic Blood Pressure: 142.0 mmHg; Diastolic Blood Pressure: 105.0 mmHg. Allergies: Allergy to nut; Dander (animal) allergy. Immunizations: Influenza seasonal injectable preservative free; Td (adult) preservative free.",1
46ccb245-9d2a-4df3-a7f3-ff531c13057c,"Demographics: born 1938-04-23, gender M, race white, ethnicity american. Encounters: Outpatient Encounter; Encounter for symptom; Emergency room admission; Encounter for 'check-up'. Medications: Naproxen sodium 220 MG [Aleve]; Alendronic acid 10 MG [Fosamax]; Acetaminophen 160 MG. Procedures: Documentation of current medications; Sputum examination (procedure). Observations: Body Height: 172.64 cm; Body Weight: 84.6 kg; Body Mass Index: 28.38 kg/m2; Systolic Blood Pressure: 192.0 mmHg; Diastolic Blood Pressure: 100.0 mmHg; Estimated Glomerular Filtration Rate: 60.0 mL/min/{1.73_m2}; Body Weight: 82.91 kg; Body Mass Index: 27.82 kg/m2; Systolic Blood Pressure: 189.0 mmHg; Diastolic Blood Pressure: 117.0 mmHg; Total Cholesterol: 176.0 mg/dL; Triglycerides: 116.0 mg/dL; Low Density Lipoprotein Cholesterol: 78.0 mg/dL; High Density Lipoprotein Cholesterol: 74.0 mg/dL; Body Weight: 81.83 kg; Body Mass Index: 27.46 kg/m2; Systolic Blood Pressure: 159.0 mmHg; Diastolic Blood Pressure: 110.0 mmHg; Body Weight: 80.16 kg; Body Mass Index: 26.89 kg/m2; Systolic Blood Pressure: 157.0 mmHg; Diastolic Blood Pressure: 109.0 mmHg; Body Weight: 78.61 kg; Body Mass Index: 26.37 kg/m2; Systolic Blood Pressure: 143.0 mmHg; Diastolic Blood Pressure: 116.0 mmHg; Body Weight: 77.27 kg; Body Mass Index: 25.92 kg/m2; Systolic Blood Pressure: 191.0 mmHg; Diastolic Blood Pressure: 101.0 mmHg; Total Cholesterol: 170.0 mg/dL; Triglycerides: 137.0 mg/dL; Low Density Lipoprotein Cholesterol: 66.0 mg/dL; High Density Lipoprotein Cholesterol: 76.0 mg/dL; Body Weight: 75.73 kg; Body Mass Index: 25.41 kg/m2; Systolic Blood Pressure: 165.0 mmHg; Diastolic Blood Pressure: 99.0 mmHg; Systolic Blood Pressure: 141.0 mmHg; Diastolic Blood Pressure: 95.0 mmHg. Immunizations: Influenza seasonal injectable preservative free.",1
2290e044-26b6-499a-b045-8521a944174c,"Demographics: born 1985-12-30, gender F, race asian, ethnicity asian_indian. Encounters: Prenatal initial visit; Prenatal visit; Outpatient Encounter; Obstetric emergency hospital admission; Encounter for symptom; Emergency room admission. Medications: Estrostep Fe 28 Day Pack; Nitrofurantoin 5 MG/ML [Furadantin]; Phenazopyridine hydrochloride 100 MG [Pyridium]; Naproxen sodium 220 MG Oral Tablet; Amoxicillin 500 MG Oral Tablet. Procedures: Standard pregnancy test; Documentation of current medications; Epidural anesthesia; Cesarean section. Observations: Body Height: 166.19 cm; Body Weight: 69.29 kg; Body Mass Index: 25.09 kg/m2; Systolic Blood Pressure: 166.0 mmHg; Diastolic Blood Pressure: 95.0 mmHg; Estimated Glomerular Filtration Rate: 60.0 mL/min/{1.73_m2}; Body Weight: 74.32 kg; Body Mass Index: 26.91 kg/m2; Systolic Blood Pressure: 190.0 mmHg; Diastolic Blood Pressure: 105.0 mmHg. Immunizations: Influenza seasonal injectable preservative free.",1
7989e916-e097-40d9-a55f-4de8fc58f1d3,"Demographics: born 1930-11-02, gender M, race white, ethnicity italian. Encounters: Death Certification. Medications: Penicillin V Potassium 250 MG; 120 ACTUAT Fluticasone propionate 0.044 MG/ACTUAT Metered Dose Inhaler; 200 ACTUAT Albuterol 0.09 MG/ACTUAT Metered Dose Inhaler; Simvastatin 20 MG Oral Tablet; Amlodipine 5 MG Oral Tablet; Nitroglycerin 0.4 MG/ACTUAT [Nitrolingual]; Clopidogrel 75 MG Oral Tablet. Observations: Myocardial Infarction.",1
4d194eaf-dfe6-41f0-bdd7-4b295458b6c8,"Demographics: born 1950-05-27, gender M, race hispanic, ethnicity puerto_rican. Encounters: Death Certification. Medications: Penicillin V Potassium 250 MG; Fluticasone propionate 0.25 MG/ACTUAT / salmeterol 0.05 MG/ACTUAT [Advair]; Simvastatin 20 MG Oral Tablet; Amlodipine 5 MG Oral Tablet; Nitroglycerin 0.4 MG/ACTUAT [Nitrolingual]; Clopidogrel 75 MG Oral Tablet. Observations: Cardiac Arrest.",1
7bbdb24a-569b-4182-b9ec-311e081a4127,"Demographics: born 1996-11-10, gender M, race white, ethnicity french. Encounters: Outpatient procedure; Outpatient Encounter; Encounter for symptom; Allergic disorder follow-up assessment. Medications: Loratadine 5 MG Chewable Tablet; 0.3 ML EPINEPHrine 0.5 MG/ML Auto-Injector; Acetaminophen 160 MG. Procedures: Subcutaneous immunotherapy; Documentation of current medications; Allergy screening test. Observations: Body Height: 162.86 cm; Body Weight: 40.38 kg; Body Mass Index: 15.23 kg/m2; Systolic Blood Pressure: 126.0 mmHg; Diastolic Blood Pressure: 71.0 mmHg; Oral temperature: 37.0 Cel; Body Height: 168.15 cm; Body Weight: 43.94 kg; Body Mass Index: 15.54 kg/m2; Systolic Blood Pressure: 127.0 mmHg; Diastolic Blood Pressure: 89.0 mmHg; Body Height: 172.71 cm; Body Weight: 48.24 kg; Body Mass Index: 16.17 kg/m2; Systolic Blood Pressure: 139.0 mmHg; Diastolic Blood Pressure: 79.0 mmHg; Body Height: 175.44 cm; Body Weight: 52.37 kg; Body Mass Index: 17.01 kg/m2; Systolic Blood Pressure: 117.0 mmHg; Diastolic Blood Pressure: 81.0 mmHg; Peanut IgE Ab in Serum: 0.02 kU/L; Walnut IgE Ab in Serum: 44.92 kU/L; Codfish IgE Ab in Serum: 0.03 kU/L; Shrimp IgE Ab in Serum: 0.32 kU/L; Wheat IgE Ab in Serum: 5.97 kU/L; Egg white IgE Ab in Serum: 0.3 kU/L; Soybean IgE Ab in Serum: 0.02 kU/L; Cow milk IgE Ab in Serum: 0.32 kU/L; White oak IgE Ab in Serum: 0.2 kU/L; Common Ragweed IgE Ab in Serum: 0.25 kU/L; Cat dander IgE Ab in Serum: 0.21 kU/L; American house dust mite IgE Ab in Serum: 0.29 kU/L; Cladosporium herbarum IgE Ab in Serum: 0.03 kU/L; Honey bee IgE Ab in Serum: 0.16 kU/L; Latex IgE Ab in Serum: 0.21 kU/L; Body Height: 176.78 cm; Body Weight: 55.52 kg; Body Mass Index: 17.76 kg/m2; Systolic Blood Pressure: 135.0 mmHg. Allergies: Allergy to nut; Allergy to wheat; Allergy to tree pollen; Allergy to grass pollen; Dander (animal) allergy; House dust mite allergy; Allergy to mould. Immunizations: Influenza seasonal injectable preservative free; HPV quadrivalent; meningococcal MCV4P.",1
4daeadb6-0505-43de-9e01-a6e89e3e5b13,"Demographics: born 1973-08-26, gender M, race white, ethnicity irish. Encounters: Encounter for symptom; Outpatient Encounter. Medications: Dextromethorphan Hydrobromide 1 MG/ML. Procedures: Measurement of respiratory function (procedure); Documentation of current medications. Observations: Oral temperature: 37.0 Cel; Body Height: 176.38 cm; Body Weight: 110.81 kg; Body Mass Index: 35.62 kg/m2; Systolic Blood Pressure: 119.0 mmHg; Diastolic Blood Pressure: 77.0 mmHg; Total Cholesterol: 187.0 mg/dL; Triglycerides: 140.0 mg/dL; Low Density Lipoprotein Cholesterol: 81.0 mg/dL; High Density Lipoprotein Cholesterol: 78.0 mg/dL; Body Weight: 112.73 kg; Body Mass Index: 36.24 kg/m2; Systolic Blood Pressure: 123.0 mmHg; Diastolic Blood Pressure: 80.0 mmHg. Immunizations: Influenza seasonal injectable preservative free; Td (adult) preservative free.",0
a23dc742-5006-4865-9f2d-9052b5cac724,"Demographics: born 2012-09-30, gender F, race white, ethnicity irish. Encounters: Outpatient Encounter; Encounter for symptom; Emergency room admission; Encounter for 'check-up'. Medications: Penicillin V Potassium 250 MG; Ibuprofen 100 MG Oral Tablet; Amoxicillin 200 MG Oral Tablet; Acetaminophen 160 MG Oral Tablet. Procedures: Documentation of current medications; Admission to orthopedic department. Observations: Body Height: 56.96 cm; Body Weight: 4.76 kg; Systolic Blood Pressure: 107.0 mmHg; Diastolic Blood Pressure: 88.0 mmHg; Body Height: 59.77 cm; Body Weight: 5.47 kg; Systolic Blood Pressure: 124.0 mmHg; Diastolic Blood Pressure: 87.0 mmHg; Oral temperature: 37.0 Cel; Body Height: 64.26 cm; Body Weight: 6.71 kg; Systolic Blood Pressure: 111.0 mmHg; Diastolic Blood Pressure: 74.0 mmHg; Body Height: 67.9 cm; Body Weight: 7.76 kg; Systolic Blood Pressure: 121.0 mmHg; Oral temperature: 38.81 Cel; Body Height: 72.48 cm; Body Weight: 9.04 kg; Systolic Blood Pressure: 119.0 mmHg; Diastolic Blood Pressure: 79.0 mmHg; Body Height: 76.4 cm; Body Weight: 10.04 kg; Systolic Blood Pressure: 136.0 mmHg; Diastolic Blood Pressure: 86.0 mmHg; Body Height: 79.87 cm; Body Weight: 10.85 kg; Systolic Blood Pressure: 125.0 mmHg; Diastolic Blood Pressure: 75.0 mmHg; Body Height: 83.02 cm; Body Weight: 11.51 kg; Systolic Blood Pressure: 116.0 mmHg; Body Height: 87.8 cm; Body Weight: 12.61 kg; Body Mass Index: 16.36 kg/m2; Systolic Blood Pressure: 104.0 mmHg; Diastolic Blood Pressure: 78.0 mmHg; Body Height: 92.16 cm; Body Weight: 13.43 kg; Body Mass Index: 15.81 kg/m2. Immunizations: Hep B adolescent or pediatric; rotavirus monovalent; DTaP; Hib (PRP-OMP); Pneumococcal conjugate PCV 13; IPV; Influenza seasonal injectable preservative free; MMR; varicella; Hep A ped/adol 2 dose.",0
94aceab6-8044-4cc5-859e-41c50c146a00,"Demographics: born 1984-01-29, gender F, race white, ethnicity french. Encounters: Outpatient Encounter; Patient encounter procedure; Encounter for symptom. Medications: Penicillin V Potassium 250 MG; Penicillin V Potassium 500 MG; Mirena 52 MG Intrauterine System. Procedures: Documentation of current medications; Replacement of contraceptive intrauterine device. Observations: Hemoglobin A1c/Hemoglobin.total in Blood: 6.0 %; Body Height: 175.04 cm; Body Weight: 70.42 kg; Body Mass Index: 22.99 kg/m2; Systolic Blood Pressure: 138.0 mmHg; Diastolic Blood Pressure: 83.0 mmHg; Glucose: 67.0 mg/dL; Urea Nitrogen: 9.0 mg/dL; Creatinine: 1.0 mg/dL; Calcium: 9.89 mg/dL; Sodium: 142.0 mmol/L; Potassium: 4.33 mmol/L; Chloride: 107.0 mmol/L; Carbon Dioxide: 28.0 mmol/L; Hemoglobin A1c/Hemoglobin.total in Blood: 6.6 %; Body Weight: 73.31 kg; Body Mass Index: 23.93 kg/m2; Systolic Blood Pressure: 197.0 mmHg; Diastolic Blood Pressure: 101.0 mmHg; Glucose: 87.0 mg/dL; Urea Nitrogen: 13.0 mg/dL; Calcium: 9.44 mg/dL; Potassium: 4.9 mmol/L; Chloride: 110.0 mmol/L; Carbon Dioxide: 22.0 mmol/L; Total Cholesterol: 198.0 mg/dL; Triglycerides: 111.0 mg/dL; Low Density Lipoprotein Cholesterol: 100.0 mg/dL; High Density Lipoprotein Cholesterol: 75.0 mg/dL; Microalbumin Creatine Ratio: 11.0 mg/g; Estimated Glomerular Filtration Rate: 60.0 mL/min/{1.73_m2}. Immunizations: Influenza seasonal injectable preservative free.",0
6969f702-f72c-43dc-8c13-23e4560de001,"Demographics: born 2009-11-15, gender M, race white, ethnicity russian. Encounters: Outpatient Encounter; Encounter for problem; Encounter for symptom. Medications: Loratadine 5 MG Chewable Tablet; 0.3 ML EPINEPHrine 0.5 MG/ML Auto-Injector; Cefuroxime 250 MG Oral Tablet; Ibuprofen 100 MG Oral Tablet. Procedures: Allergy screening test; Documentation of current medications; Nasal sinus endoscopy (procedure); Throat culture (procedure). Observations: Body Height: 68.96 cm; Body Weight: 8.6 kg; Systolic Blood Pressure: 132.0 mmHg; Diastolic Blood Pressure: 74.0 mmHg; Body Height: 73.51 cm; Body Weight: 9.97 kg; Diastolic Blood Pressure: 70.0 mmHg; Peanut IgE Ab in Serum: 0.1 kU/L; Walnut IgE Ab in Serum: 0.16 kU/L; Codfish IgE Ab in Serum: 0.19 kU/L; Shrimp IgE Ab in Serum: 58.78 kU/L; Wheat IgE Ab in Serum: 0.12 kU/L; Egg white IgE Ab in Serum: 0.18 kU/L; Soybean IgE Ab in Serum: 0.1 kU/L; Cow milk IgE Ab in Serum: 0.25 kU/L; White oak IgE Ab in Serum: 0.01 kU/L; Common Ragweed IgE Ab in Serum: 0.23 kU/L; Cat dander IgE Ab in Serum: 0.14 kU/L; American house dust mite IgE Ab in Serum: 0.05 kU/L; Cladosporium herbarum IgE Ab in Serum: 0.27 kU/L; Honey bee IgE Ab in Serum: 0.11 kU/L; Latex IgE Ab in Serum: 0.15 kU/L; Body Height: 78.51 cm; Body Weight: 11.28 kg; Systolic Blood Pressure: 131.0 mmHg; Body Height: 81.76 cm; Body Weight: 12.0 kg; Systolic Blood Pressure: 116.0 mmHg; Diastolic Blood Pressure: 87.0 mmHg; Body Height: 85.63 cm; Body Weight: 12.75 kg; Systolic Blood Pressure: 117.0 mmHg; Diastolic Blood Pressure: 86.0 mmHg; Body Height: 89.11 cm; Body Weight: 13.53 kg; Body Mass Index: 17.04 kg/m2; Systolic Blood Pressure: 118.0 mmHg; Body Height: 94.26 cm; Body Weight: 14.55 kg; Body Mass Index: 16.37 kg/m2. Allergies: Shellfish allergy. Immunizations: Hep B adolescent or pediatric; DTaP; Pneumococcal conjugate PCV 13; IPV; Influenza seasonal injectable preservative free; Hib (PRP-OMP); MMR; varicella; Hep A ped/adol 2 dose.",0
e036d756-a39c-4d16-928d-9355c851bd88,"Demographics: born 1954-06-23, gender M, race hispanic, ethnicity puerto_rican. Encounters: Encounter for symptom; Outpatient Encounter; Encounter for 'check-up'. Procedures: Documentation of current medications; Colonoscopy. Observations: Oral temperature: 37.0 Cel; Hemoglobin A1c/Hemoglobin.total in Blood: 6.1 %; Body Height: 172.71 cm; Body Weight: 106.68 kg; Body Mass Index: 35.76 kg/m2; Systolic Blood Pressure: 133.0 mmHg; Diastolic Blood Pressure: 88.0 mmHg; Glucose: 80.0 mg/dL; Urea Nitrogen: 15.0 mg/dL; Creatinine: 1.0 mg/dL; Calcium: 9.93 mg/dL; Sodium: 138.0 mmol/L; Potassium: 4.84 mmol/L; Chloride: 103.0 mmol/L; Carbon Dioxide: 24.0 mmol/L; Total Cholesterol: 186.0 mg/dL; Triglycerides: 132.0 mg/dL; Low Density Lipoprotein Cholesterol: 90.0 mg/dL; High Density Lipoprotein Cholesterol: 69.0 mg/dL; Hemoglobin A1c/Hemoglobin.total in Blood: 6.3 %; Systolic Blood Pressure: 138.0 mmHg; Diastolic Blood Pressure: 81.0 mmHg; Glucose: 67.0 mg/dL; Urea Nitrogen: 14.0 mg/dL; Calcium: 8.81 mg/dL; Sodium: 142.0 mmol/L; Potassium: 4.21 mmol/L; Chloride: 109.0 mmol/L; Carbon Dioxide: 20.0 mmol/L; Hemoglobin A1c/Hemoglobin.total in Blood: 6.2 %; Systolic Blood Pressure: 116.0 mmHg; Diastolic Blood Pressure: 78.0 mmHg; Glucose: 69.0 mg/dL; Urea Nitrogen: 10.0 mg/dL; Calcium: 9.65 mg/dL; Sodium: 143.0 mmol/L; Potassium: 4.17 mmol/L; Carbon Dioxide: 25.0 mmol/L; Systolic Blood Pressure: 107.0 mmHg; Diastolic Blood Pressure: 76.0 mmHg. Immunizations: Influenza seasonal injectable preservative free; zoster; Td (adult) preservative free.",0
4b0196da-de94-4591-b3cb-97909f864425,"Demographics: born 1968-02-01, gender F, race hispanic, ethnicity puerto_rican. Encounters: Encounter for symptom; Outpatient Encounter; Patient encounter procedure. Medications: Dextromethorphan Hydrobromide 1 MG/ML. Procedures: Measurement of respiratory function (procedure); Documentation of current medications; Replacement of contraceptive intrauterine device. Observations: Hemoglobin A1c/Hemoglobin.total in Blood: 6.0 %; Body Height: 151.11 cm; Body Weight: 91.82 kg; Body Mass Index: 40.21 kg/m2; Systolic Blood Pressure: 173.0 mmHg; Diastolic Blood Pressure: 102.0 mmHg; Glucose: 72.0 mg/dL; Urea Nitrogen: 7.0 mg/dL; Creatinine: 1.0 mg/dL; Calcium: 9.38 mg/dL; Sodium: 143.0 mmol/L; Potassium: 4.95 mmol/L; Chloride: 106.0 mmol/L; Carbon Dioxide: 28.0 mmol/L; Total Cholesterol: 174.0 mg/dL; Triglycerides: 116.0 mg/dL; Low Density Lipoprotein Cholesterol: 71.0 mg/dL; High Density Lipoprotein Cholesterol: 79.0 mg/dL; Estimated Glomerular Filtration Rate: 60.0 mL/min/{1.73_m2}; Hemoglobin A1c/Hemoglobin.total in Blood: 6.1 %; Body Weight: 94.97 kg; Body Mass Index: 41.59 kg/m2; Systolic Blood Pressure: 148.0 mmHg; Diastolic Blood Pressure: 99.0 mmHg; Glucose: 76.0 mg/dL; Calcium: 9.2 mg/dL; Sodium: 139.0 mmol/L; Potassium: 4.63 mmol/L; Chloride: 110.0 mmol/L; Carbon Dioxide: 21.0 mmol/L; Body Weight: 96.46 kg; Body Mass Index: 42.24 kg/m2; Systolic Blood Pressure: 144.0 mmHg; Diastolic Blood Pressure: 95.0 mmHg; Glucose: 92.0 mg/dL; Urea Nitrogen: 12.0 mg/dL; Calcium: 8.76 mg/dL; Potassium: 3.77 mmol/L; Chloride: 107.0 mmol/L; Total Cholesterol: 165.0 mg/dL. Immunizations: Influenza seasonal injectable preservative free.",1
04f08e78-526f-4481-9922-a44e63e86440,"Demographics: born 2007-03-22, gender F, race white, ethnicity italian. Encounters: Outpatient Encounter; Encounter for symptom. Medications: Dextromethorphan Hydrobromide 1 MG/ML; Penicillin V Potassium 250 MG. Procedures: Documentation of current medications; Sputum examination (procedure). Observations: Body Height: 94.1 cm; Body Weight: 21.87 kg; Body Mass Index: 24.7 kg/m2; Systolic Blood Pressure: 138.0 mmHg; Diastolic Blood Pressure: 88.0 mmHg; Body Height: 99.35 cm; Body Weight: 24.94 kg; Body Mass Index: 25.27 kg/m2; Systolic Blood Pressure: 123.0 mmHg; Diastolic Blood Pressure: 71.0 mmHg; Body Height: 106.81 cm; Body Weight: 29.62 kg; Body Mass Index: 25.97 kg/m2; Systolic Blood Pressure: 135.0 mmHg; Diastolic Blood Pressure: 77.0 mmHg; Body Height: 112.83 cm; Body Weight: 34.17 kg; Body Mass Index: 26.85 kg/m2; Systolic Blood Pressure: 120.0 mmHg; Diastolic Blood Pressure: 85.0 mmHg; Body Height: 118.49 cm; Body Weight: 39.96 kg; Body Mass Index: 28.46 kg/m2; Systolic Blood Pressure: 116.0 mmHg; Diastolic Blood Pressure: 86.0 mmHg; Body Height: 122.9 cm; Body Weight: 46.23 kg; Body Mass Index: 30.61 kg/m2; Systolic Blood Pressure: 131.0 mmHg; Diastolic Blood Pressure: 79.0 mmHg; Oral temperature: 38.68 Cel. Immunizations: DTaP; Pneumococcal conjugate PCV 13; IPV; Influenza seasonal injectable preservative free; MMR; varicella.",0
cb1d568b-1216-4949-96f1-23e21dff2b11,"Demographics: born 1959-11-25, gender F, race hispanic, ethnicity mexican. Encounters: Outpatient Encounter; Encounter for symptom; Encounter for 'check-up'. Procedures: Documentation of current medications; Colonoscopy. Observations: Body Height: 151.11 cm; Body Weight: 113.69 kg; Body Mass Index: 49.79 kg/m2; Systolic Blood Pressure: 196.0 mmHg; Diastolic Blood Pressure: 98.0 mmHg; Total Cholesterol: 178.0 mg/dL; Triglycerides: 105.0 mg/dL; Low Density Lipoprotein Cholesterol: 98.0 mg/dL; High Density Lipoprotein Cholesterol: 59.0 mg/dL; Estimated Glomerular Filtration Rate: 60.0 mL/min/{1.73_m2}; Oral temperature: 38.0 Cel; Systolic Blood Pressure: 188.0 mmHg; Diastolic Blood Pressure: 117.0 mmHg; Systolic Blood Pressure: 189.0 mmHg; Diastolic Blood Pressure: 100.0 mmHg; Systolic Blood Pressure: 197.0 mmHg; Diastolic Blood Pressure: 105.0 mmHg; Systolic Blood Pressure: 142.0 mmHg; Diastolic Blood Pressure: 113.0 mmHg; Total Cholesterol: 170.0 mg/dL; Triglycerides: 107.0 mg/dL; Low Density Lipoprotein Cholesterol: 84.0 mg/dL; High Density Lipoprotein Cholesterol: 64.0 mg/dL; Systolic Blood Pressure: 164.0 mmHg; Diastolic Blood Pressure: 112.0 mmHg; Systolic Blood Pressure: 145.0 mmHg; Diastolic Blood Pressure: 101.0 mmHg; Systolic Blood Pressure: 175.0 mmHg; Diastolic Blood Pressure: 118.0 mmHg. Immunizations: Influenza seasonal injectable preservative free; Td (adult) preservative free.",1
bc57c8b5-f42b-4c3b-9767-22936ea3b54f,"Demographics: born 1940-11-20, gender M, race white, ethnicity portuguese.",0
b7161134-809b-4697-856e-062a379b2125,"Demographics: born 1951-04-22, gender M, race white, ethnicity irish. Encounters: Outpatient Encounter; Encounter for 'check-up'; Encounter for symptom. Procedures: Documentation of current medications; Colonoscopy. Observations: Hemoglobin A1c/Hemoglobin.total in Blood: 6.3 %; Body Height: 181.01 cm; Body Weight: 113.79 kg; Body Mass Index: 34.73 kg/m2; Systolic Blood Pressure: 152.0 mmHg; Diastolic Blood Pressure: 107.0 mmHg; Glucose: 78.0 mg/dL; Urea Nitrogen: 7.0 mg/dL; Creatinine: 1.0 mg/dL; Calcium: 8.6 mg/dL; Sodium: 139.0 mmol/L; Potassium: 4.61 mmol/L; Chloride: 106.0 mmol/L; Carbon Dioxide: 24.0 mmol/L; Estimated Glomerular Filtration Rate: 60.0 mL/min/{1.73_m2}; Hemoglobin A1c/Hemoglobin.total in Blood: 6.0 %; Body Weight: 112.42 kg; Body Mass Index: 34.31 kg/m2; Systolic Blood Pressure: 188.0 mmHg; Diastolic Blood Pressure: 100.0 mmHg; Glucose: 91.0 mg/dL; Urea Nitrogen: 20.0 mg/dL; Calcium: 9.19 mg/dL; Sodium: 137.0 mmol/L; Potassium: 4.03 mmol/L; Chloride: 103.0 mmol/L; Carbon Dioxide: 26.0 mmol/L; Total Cholesterol: 167.0 mg/dL; Triglycerides: 144.0 mg/dL; Low Density Lipoprotein Cholesterol: 63.0 mg/dL; High Density Lipoprotein Cholesterol: 75.0 mg/dL; Body Weight: 110.73 kg; Body Mass Index: 33.8 kg/m2; Systolic Blood Pressure: 200.0 mmHg; Diastolic Blood Pressure: 105.0 mmHg; Glucose: 75.0 mg/dL; Urea Nitrogen: 18.0 mg/dL; Calcium: 9.81 mg/dL; Sodium: 138.0 mmol/L; Potassium: 4.82 mmol/L. Immunizations: Influenza seasonal injectable preservative free; zoster; Td (adult) preservative free; Pneumococcal conjugate PCV 13.",1
89f3f16e-7e6d-4c63-9ee1-5b847546fe05,"Demographics: born 1955-02-17, gender M, race white, ethnicity italian. Encounters: Outpatient Encounter; Encounter for symptom. Medications: Acetaminophen 160 MG. Procedures: Documentation of current medications; Sputum examination (procedure). Observations: Hemoglobin A1c/Hemoglobin.total in Blood: 6.1 %; Body Height: 170.39 cm; Body Weight: 100.58 kg; Body Mass Index: 34.64 kg/m2; Systolic Blood Pressure: 153.0 mmHg; Diastolic Blood Pressure: 108.0 mmHg; Glucose: 83.0 mg/dL; Urea Nitrogen: 15.0 mg/dL; Creatinine: 1.0 mg/dL; Calcium: 9.05 mg/dL; Sodium: 144.0 mmol/L; Potassium: 4.71 mmol/L; Chloride: 107.0 mmol/L; Carbon Dioxide: 26.0 mmol/L; Estimated Glomerular Filtration Rate: 60.0 mL/min/{1.73_m2}; Hemoglobin A1c/Hemoglobin.total in Blood: 6.3 %; Systolic Blood Pressure: 145.0 mmHg; Glucose: 96.0 mg/dL; Urea Nitrogen: 11.0 mg/dL; Calcium: 8.95 mg/dL; Sodium: 143.0 mmol/L; Potassium: 4.76 mmol/L; Carbon Dioxide: 29.0 mmol/L; Total Cholesterol: 178.0 mg/dL; Triglycerides: 107.0 mg/dL; Low Density Lipoprotein Cholesterol: 89.0 mg/dL; High Density Lipoprotein Cholesterol: 67.0 mg/dL; Systolic Blood Pressure: 170.0 mmHg; Diastolic Blood Pressure: 101.0 mmHg; Glucose: 70.0 mg/dL; Urea Nitrogen: 10.0 mg/dL; Calcium: 9.04 mg/dL; Potassium: 4.39 mmol/L; Chloride: 104.0 mmol/L; Hemoglobin A1c/Hemoglobin.total in Blood: 5.9 %; Systolic Blood Pressure: 161.0 mmHg; Diastolic Blood Pressure: 90.0 mmHg; Glucose: 80.0 mg/dL; Urea Nitrogen: 9.0 mg/dL; Calcium: 8.84 mg/dL. Immunizations: Influenza seasonal injectable preservative free; zoster; Td (adult) preservative free.",1
d2578bb8-b523-4077-bc7b-fcd4ad38eac9,"Demographics: born 1982-02-10, gender M, race hispanic, ethnicity puerto_rican. Encounters: Outpatient Encounter; Emergency room admission; Encounter for symptom. Medications: Acetaminophen 325 MG Oral Tablet; Acetaminophen 160 MG; insulin human isophane 70 UNT/ML / Regular Insulin Human 30 UNT/ML Injectable Suspension [Humulin]. Procedures: Documentation of current medications; Measurement of respiratory function (procedure). Observations: Hemoglobin A1c/Hemoglobin.total in Blood: 6.6 %; Body Height: 184.35 cm; Body Weight: 85.13 kg; Body Mass Index: 25.05 kg/m2; Systolic Blood Pressure: 148.0 mmHg; Diastolic Blood Pressure: 106.0 mmHg; Glucose: 111.0 mg/dL; Urea Nitrogen: 15.0 mg/dL; Creatinine: 1.0 mg/dL; Calcium: 9.23 mg/dL; Sodium: 136.0 mmol/L; Potassium: 3.88 mmol/L; Chloride: 111.0 mmol/L; Carbon Dioxide: 24.0 mmol/L; Total Cholesterol: 210.0 mg/dL; Triglycerides: 190.0 mg/dL; Low Density Lipoprotein Cholesterol: 121.0 mg/dL; High Density Lipoprotein Cholesterol: 51.0 mg/dL; Microalbumin Creatine Ratio: 14.0 mg/g; Estimated Glomerular Filtration Rate: 60.0 mL/min/{1.73_m2}; Oral temperature: 37.0 Cel; Body Weight: 89.97 kg; Body Mass Index: 26.47 kg/m2; Systolic Blood Pressure: 171.0 mmHg; Diastolic Blood Pressure: 119.0 mmHg; Glucose: 114.0 mg/dL; Urea Nitrogen: 7.0 mg/dL; Calcium: 9.92 mg/dL; Sodium: 141.0 mmol/L; Potassium: 4.77 mmol/L; Chloride: 106.0 mmol/L; Carbon Dioxide: 27.0 mmol/L; Total Cholesterol: 221.0 mg/dL; Triglycerides: 169.0 mg/dL; Low Density Lipoprotein Cholesterol: 129.0 mg/dL; High Density Lipoprotein Cholesterol: 58.0 mg/dL; Microalbumin Creatine Ratio: 15.0 mg/g; Hemoglobin A1c/Hemoglobin.total in Blood: 6.9 %; Body Weight: 93.28 kg; Body Mass Index: 27.45 kg/m2. Immunizations: Influenza seasonal injectable preservative free; Td (adult) preservative free.",1
c578735f-3cc0-419c-8c4a-6660c07a952b,"Demographics: born 1993-03-18, gender F, race white, ethnicity english. Encounters: Encounter for problem; Outpatient Encounter; Prenatal initial visit; Patient-initiated encounter; Consultation for treatment. Medications: Seasonique 91 Day Pack. Procedures: Cognitive and behavioral therapy; Documentation of current medications; Standard pregnancy test; Induced termination of pregnancy. Observations: Body Height: 164.41 cm; Body Weight: 43.7 kg; Body Mass Index: 16.17 kg/m2; Systolic Blood Pressure: 127.0 mmHg; Diastolic Blood Pressure: 88.0 mmHg; Body Height: 164.55 cm; Body Weight: 44.3 kg; Body Mass Index: 16.36 kg/m2; Systolic Blood Pressure: 122.0 mmHg; Diastolic Blood Pressure: 84.0 mmHg; Body Height: 164.67 cm; Body Weight: 44.83 kg; Body Mass Index: 16.53 kg/m2; Systolic Blood Pressure: 136.0 mmHg; Diastolic Blood Pressure: 78.0 mmHg; Body Height: 164.74 cm; Body Weight: 46.9 kg; Body Mass Index: 17.28 kg/m2; Systolic Blood Pressure: 123.0 mmHg; Diastolic Blood Pressure: 85.0 mmHg; Body Weight: 52.09 kg; Body Mass Index: 19.19 kg/m2. Immunizations: Influenza seasonal injectable preservative free; Td (adult) preservative free.",0
4047d500-c147-483c-8095-03ff8f0acb25,"Demographics: born 1932-09-27, gender M, race white, ethnicity polish. Encounters: Outpatient Encounter. Medications: Penicillin V Potassium 250 MG. Procedures: Documentation of current medications. Observations: Hemoglobin A1c/Hemoglobin.total in Blood: 5.9 %; Body Height: 166.73 cm; Body Weight: 87.98 kg; Body Mass Index: 31.65 kg/m2; Systolic Blood Pressure: 156.0 mmHg; Diastolic Blood Pressure: 114.0 mmHg; Glucose: 66.0 mg/dL; Urea Nitrogen: 10.0 mg/dL; Creatinine: 1.0 mg/dL; Calcium: 9.69 mg/dL; Sodium: 141.0 mmol/L; Potassium: 5.04 mmol/L; Chloride: 106.0 mmol/L; Carbon Dioxide: 21.0 mmol/L; Estimated Glomerular Filtration Rate: 60.0 mL/min/{1.73_m2}; Hemoglobin A1c/Hemoglobin.total in Blood: 6.2 %; Body Weight: 86.47 kg; Body Mass Index: 31.11 kg/m2; Systolic Blood Pressure: 149.0 mmHg; Diastolic Blood Pressure: 118.0 mmHg; Glucose: 74.0 mg/dL; Urea Nitrogen: 11.0 mg/dL; Calcium: 9.78 mg/dL; Sodium: 137.0 mmol/L; Potassium: 3.84 mmol/L; Chloride: 104.0 mmol/L; Carbon Dioxide: 25.0 mmol/L; Total Cholesterol: 176.0 mg/dL; Triglycerides: 113.0 mg/dL; Low Density Lipoprotein Cholesterol: 92.0 mg/dL; High Density Lipoprotein Cholesterol: 61.0 mg/dL; Hemoglobin A1c/Hemoglobin.total in Blood: 6.4 %; Body Weight: 84.93 kg; Body Mass Index: 30.55 kg/m2; Systolic Blood Pressure: 173.0 mmHg; Diastolic Blood Pressure: 92.0 mmHg; Glucose: 85.0 mg/dL; Urea Nitrogen: 8.0 mg/dL; Calcium: 9.38 mg/dL; Sodium: 144.0 mmol/L. Immunizations: Influenza seasonal injectable preservative free; Td (adult) preservative free.",1
0759b26d-fc5a-401e-af71-e662344bcfc6,"Demographics: born 1931-09-23, gender F, race white, ethnicity italian. Encounters: Outpatient Encounter; Encounter for symptom; Emergency room admission; Encounter for 'check-up'. Medications: Acetaminophen 325 MG / oxyCODONE Hydrochloride 5 MG Oral Tablet; Acetaminophen 325 MG Oral Tablet. Procedures: Documentation of current medications; Bone immobilization; Bone density scan (procedure). Observations: Hemoglobin A1c/Hemoglobin.total in Blood: 6.1 %; Body Height: 165.51 cm; Body Weight: 75.26 kg; Body Mass Index: 27.47 kg/m2; Systolic Blood Pressure: 144.0 mmHg; Diastolic Blood Pressure: 116.0 mmHg; Glucose: 74.0 mg/dL; Urea Nitrogen: 12.0 mg/dL; Creatinine: 1.0 mg/dL; Calcium: 8.94 mg/dL; Sodium: 137.0 mmol/L; Potassium: 4.06 mmol/L; Chloride: 110.0 mmol/L; Carbon Dioxide: 22.0 mmol/L; Total Cholesterol: 178.0 mg/dL; Triglycerides: 128.0 mg/dL; Low Density Lipoprotein Cholesterol: 78.0 mg/dL; High Density Lipoprotein Cholesterol: 74.0 mg/dL; Estimated Glomerular Filtration Rate: 60.0 mL/min/{1.73_m2}; Hemoglobin A1c/Hemoglobin.total in Blood: 5.9 %; Body Weight: 73.94 kg; Body Mass Index: 26.99 kg/m2; Systolic Blood Pressure: 186.0 mmHg; Diastolic Blood Pressure: 95.0 mmHg; Glucose: 82.0 mg/dL; Urea Nitrogen: 8.0 mg/dL; Calcium: 9.02 mg/dL; Sodium: 136.0 mmol/L; Potassium: 4.9 mmol/L; Chloride: 107.0 mmol/L; Carbon Dioxide: 24.0 mmol/L; Hemoglobin A1c/Hemoglobin.total in Blood: 6.0 %; Body Weight: 72.05 kg; Body Mass Index: 26.3 kg/m2; Systolic Blood Pressure: 157.0 mmHg; Diastolic Blood Pressure: 105.0 mmHg; Glucose: 88.0 mg/dL; Urea Nitrogen: 13.0 mg/dL; Calcium: 9.54 mg/dL; Sodium: 139.0 mmol/L. Immunizations: Influenza seasonal injectable preservative free; Td (adult) preservative free.",1
66418481-fd89-4f37-8601-3b72f2830e5d,"Demographics: born 1972-11-01, gender F, race white, ethnicity irish. Encounters: Patient encounter procedure; Outpatient Encounter; Encounter for symptom; Emergency room admission. Medications: Jolivette 28 Day Pack; Acetaminophen 160 MG; Naproxen sodium 220 MG Oral Tablet. Procedures: Intramuscular injection; Documentation of current medications; Throat culture (procedure); Measurement of respiratory function (procedure); Suture open wound; Injection of tetanus antitoxin. Observations: Hemoglobin A1c/Hemoglobin.total in Blood: 6.2 %; Body Height: 161.64 cm; Body Weight: 96.56 kg; Body Mass Index: 36.96 kg/m2; Systolic Blood Pressure: 105.0 mmHg; Diastolic Blood Pressure: 80.0 mmHg; Glucose: 81.0 mg/dL; Urea Nitrogen: 7.0 mg/dL; Creatinine: 1.0 mg/dL; Calcium: 9.28 mg/dL; Sodium: 136.0 mmol/L; Potassium: 3.88 mmol/L; Chloride: 109.0 mmol/L; Carbon Dioxide: 21.0 mmol/L; Total Cholesterol: 180.0 mg/dL; Triglycerides: 149.0 mg/dL; Low Density Lipoprotein Cholesterol: 84.0 mg/dL; High Density Lipoprotein Cholesterol: 66.0 mg/dL; Oral temperature: 37.0 Cel; Oral temperature: 38.0 Cel; Hemoglobin A1c/Hemoglobin.total in Blood: 5.9 %; Body Weight: 101.55 kg; Body Mass Index: 38.87 kg/m2; Systolic Blood Pressure: 133.0 mmHg; Diastolic Blood Pressure: 73.0 mmHg; Glucose: 68.0 mg/dL; Urea Nitrogen: 14.0 mg/dL; Calcium: 10.1 mg/dL; Sodium: 140.0 mmol/L; Potassium: 5.07 mmol/L; Chloride: 104.0 mmol/L; Carbon Dioxide: 26.0 mmol/L; Hemoglobin A1c/Hemoglobin.total in Blood: 6.1 %; Body Weight: 103.92 kg; Body Mass Index: 39.78 kg/m2; Systolic Blood Pressure: 127.0 mmHg; Diastolic Blood Pressure: 84.0 mmHg; Glucose: 65.0 mg/dL; Urea Nitrogen: 17.0 mg/dL; Calcium: 9.68 mg/dL. Immunizations: Influenza seasonal injectable preservative free; Td (adult) preservative free.",0
6a505c6f-817d-477a-af48-7caaf3b0a2cf,"Demographics: born 1956-10-04, gender F, race white, ethnicity portuguese. Encounters: Outpatient Encounter; Encounter for symptom; Encounter for 'check-up'. Medications: Amoxicillin 250 MG / Clavulanate 125 MG [Augmentin]. Procedures: Documentation of current medications; Colonoscopy. Observations: Body Height: 158.95 cm; Body Weight: 96.88 kg; Body Mass Index: 38.34 kg/m2; Systolic Blood Pressure: 132.0 mmHg; Diastolic Blood Pressure: 74.0 mmHg; Total Cholesterol: 174.0 mg/dL; Triglycerides: 124.0 mg/dL; Low Density Lipoprotein Cholesterol: 87.0 mg/dL; High Density Lipoprotein Cholesterol: 62.0 mg/dL; Oral temperature: 37.0 Cel; Systolic Blood Pressure: 114.0 mmHg; Diastolic Blood Pressure: 79.0 mmHg; Systolic Blood Pressure: 115.0 mmHg; Diastolic Blood Pressure: 71.0 mmHg; Diastolic Blood Pressure: 73.0 mmHg; Total Cholesterol: 192.0 mg/dL; Triglycerides: 100.0 mg/dL; Low Density Lipoprotein Cholesterol: 103.0 mg/dL; High Density Lipoprotein Cholesterol: 69.0 mg/dL; Systolic Blood Pressure: 129.0 mmHg; Systolic Blood Pressure: 113.0 mmHg; Diastolic Blood Pressure: 85.0 mmHg; Body Weight: 95.26 kg; Body Mass Index: 37.7 kg/m2; Systolic Blood Pressure: 103.0 mmHg; Diastolic Blood Pressure: 72.0 mmHg; Triglycerides: 142.0 mg/dL; Low Density Lipoprotein Cholesterol: 93.0 mg/dL; High Density Lipoprotein Cholesterol: 70.0 mg/dL. Immunizations: Influenza seasonal injectable preservative free; zoster.",0
3796f41d-740e-4617-a34b-342532caca7e,"Demographics: born 2005-12-16, gender F, race white, ethnicity english. Encounters: Encounter for symptom; Encounter for problem; Outpatient Encounter. Medications: Acetaminophen 160 MG; Loratadine 5 MG Chewable Tablet; 0.3 ML EPINEPHrine 0.5 MG/ML Auto-Injector; Amoxicillin 250 MG / Clavulanate 125 MG [Augmentin]; Dextromethorphan Hydrobromide 1 MG/ML. Procedures: Allergy screening test; Documentation of current medications. Observations: Peanut IgE Ab in Serum: 0.15 kU/L; Walnut IgE Ab in Serum: 0.01 kU/L; Codfish IgE Ab in Serum: 0.19 kU/L; Shrimp IgE Ab in Serum: 0.21 kU/L; Wheat IgE Ab in Serum: 0.09 kU/L; Egg white IgE Ab in Serum: 0.06 kU/L; Soybean IgE Ab in Serum: 0.03 kU/L; Cow milk IgE Ab in Serum: 0.01 kU/L; White oak IgE Ab in Serum: 0.24 kU/L; Common Ragweed IgE Ab in Serum: 0.31 kU/L; Cat dander IgE Ab in Serum: 0.16 kU/L; American house dust mite IgE Ab in Serum: 0.21 kU/L; Cladosporium herbarum IgE Ab in Serum: 0.21 kU/L; Honey bee IgE Ab in Serum: 0.18 kU/L; Latex IgE Ab in Serum: 0.16 kU/L; Body Height: 108.92 cm; Body Weight: 25.58 kg; Body Mass Index: 21.56 kg/m2; Systolic Blood Pressure: 124.0 mmHg; Diastolic Blood Pressure: 70.0 mmHg; Body Height: 115.94 cm; Body Weight: 29.62 kg; Body Mass Index: 22.04 kg/m2; Systolic Blood Pressure: 105.0 mmHg; Diastolic Blood Pressure: 76.0 mmHg; Body Height: 122.59 cm; Body Weight: 34.17 kg; Body Mass Index: 22.74 kg/m2; Systolic Blood Pressure: 111.0 mmHg; Diastolic Blood Pressure: 80.0 mmHg; Body Height: 128.04 cm; Body Weight: 39.0 kg; Body Mass Index: 23.79 kg/m2; Systolic Blood Pressure: 119.0 mmHg; Diastolic Blood Pressure: 77.0 mmHg; Oral temperature: 37.0 Cel; Body Height: 133.28 cm; Body Weight: 45.13 kg; Body Mass Index: 25.4 kg/m2; Systolic Blood Pressure: 104.0 mmHg. Immunizations: Influenza seasonal injectable preservative free.",0
bfd32e97-19f9-4a0b-a798-987c03d68dd6,"Demographics: born 1923-06-20, gender M, race white, ethnicity italian. Encounters: Outpatient Encounter; Emergency Encounter; Death Certification. Medications: Penicillin V Potassium 500 MG; Alendronic acid 10 MG [Fosamax]; Clopidogrel 75 MG Oral Tablet; Alteplase 1 MG/ML Injectable Solution. Procedures: Documentation of current medications; Percutaneous mechanical thrombectomy of portal vein using fluoroscopic guidance. Observations: Body Height: 163.33 cm; Body Weight: 76.15 kg; Body Mass Index: 28.55 kg/m2; Systolic Blood Pressure: 156.0 mmHg; Diastolic Blood Pressure: 97.0 mmHg; Estimated Glomerular Filtration Rate: 60.0 mL/min/{1.73_m2}; Stroke. Immunizations: Influenza seasonal injectable preservative free.",1
c94c4c86-5aef-478d-8e82-8081b86226e7,"Demographics: born 2017-05-12, gender F, race hispanic, ethnicity puerto_rican. Encounters: Outpatient Encounter. Immunizations: Hep B adolescent or pediatric.",0
50a993a3-986a-4517-a9c9-5f20564dd904,"Demographics: born 1984-05-16, gender F, race white, ethnicity english. Encounters: Outpatient Encounter; Patient encounter procedure; Encounter for symptom. Medications: Penicillin V Potassium 250 MG; Mirena 52 MG Intrauterine System; Amoxicillin 500 MG Oral Tablet; Acetaminophen 325 MG Oral Tablet. Procedures: Replacement of contraceptive intrauterine device; Documentation of current medications. Observations: Body Height: 160.1 cm; Body Weight: 68.0 kg; Body Mass Index: 26.53 kg/m2; Systolic Blood Pressure: 111.0 mmHg; Diastolic Blood Pressure: 86.0 mmHg; Body Weight: 72.94 kg; Body Mass Index: 28.46 kg/m2; Systolic Blood Pressure: 132.0 mmHg; Diastolic Blood Pressure: 88.0 mmHg; Total Cholesterol: 186.0 mg/dL; Triglycerides: 130.0 mg/dL; Low Density Lipoprotein Cholesterol: 86.0 mg/dL; High Density Lipoprotein Cholesterol: 74.0 mg/dL. Immunizations: Influenza seasonal injectable preservative free.",0
fc43ca43-c3dc-48f2-8b26-f80fe6afaa36,"Demographics: born 1953-10-24, gender M, race white, ethnicity irish. Encounters: Death Certification. Medications: Fluticasone propionate 0.25 MG/ACTUAT / salmeterol 0.05 MG/ACTUAT [Advair]. Observations: Pulmonary emphysema (disorder).",0
72edd9f2-40f9-47bc-a7fd-7ed3057617b7,"Demographics: born 1914-10-16, gender M, race black, ethnicity dominican.",0
bf5d7a20-3a8c-444a-90a2-23bb6fc44aea,"Demographics: born 1928-04-04, gender M, race white, ethnicity american. Encounters: Death Certification. Medications: Penicillin V Potassium 500 MG. Observations: Non-small cell lung cancer (disorder).",1
d3177875-b8da-4607-bad6-09abd098be4a,"Demographics: born 1996-05-09, gender M, race hispanic, ethnicity puerto_rican. Encounters: Outpatient Encounter. Procedures: Documentation of current medications. Observations: Body Height: 166.12 cm; Body Weight: 58.51 kg; Body Mass Index: 21.2 kg/m2; Systolic Blood Pressure: 117.0 mmHg; Diastolic Blood Pressure: 82.0 mmHg; Body Height: 171.46 cm; Body Weight: 63.89 kg; Body Mass Index: 21.73 kg/m2; Diastolic Blood Pressure: 79.0 mmHg; Body Height: 174.04 cm; Body Weight: 67.75 kg; Body Mass Index: 22.37 kg/m2; Systolic Blood Pressure: 109.0 mmHg; Diastolic Blood Pressure: 74.0 mmHg; Body Height: 175.66 cm; Body Weight: 71.4 kg; Body Mass Index: 23.14 kg/m2; Systolic Blood Pressure: 113.0 mmHg; Body Height: 176.41 cm; Body Weight: 73.85 kg; Body Mass Index: 23.73 kg/m2; Systolic Blood Pressure: 152.0 mmHg; Diastolic Blood Pressure: 105.0 mmHg; Estimated Glomerular Filtration Rate: 60.0 mL/min/{1.73_m2}; Body Height: 176.81 cm; Body Weight: 75.7 kg; Body Mass Index: 24.21 kg/m2; Systolic Blood Pressure: 151.0 mmHg; Diastolic Blood Pressure: 96.0 mmHg; Body Height: 177.05 cm; Body Weight: 77.23 kg; Body Mass Index: 24.64 kg/m2; Systolic Blood Pressure: 197.0 mmHg; Diastolic Blood Pressure: 118.0 mmHg; Body Height: 177.06 cm; Body Weight: 78.95 kg; Body Mass Index: 25.18 kg/m2; Systolic Blood Pressure: 167.0 mmHg. Immunizations: Influenza seasonal injectable preservative free; meningococcal MCV4P.",1
1bd09f54-3abd-4392-adea-6ce2c2b85700,"Demographics: born 1998-05-28, gender M, race white, ethnicity portuguese. Encounters: Outpatient Encounter; Allergic disorder initial assessment; Encounter for symptom; Outpatient procedure; Allergic disorder follow-up assessment. Medications: Fexofenadine hydrochloride 30 MG Oral Tablet; 0.3 ML EPINEPHrine 0.5 MG/ML Auto-Injector; Acetaminophen 160 MG; Penicillin V Potassium 250 MG. Procedures: Allergy screening test; Measurement of respiratory function (procedure); Subcutaneous immunotherapy. Observations: Body Height: 136.59 cm; Body Weight: 34.15 kg; Body Mass Index: 18.3 kg/m2; Systolic Blood Pressure: 128.0 mmHg; Diastolic Blood Pressure: 87.0 mmHg; Peanut IgE Ab in Serum: 0.21 kU/L; Walnut IgE Ab in Serum: 0.27 kU/L; Codfish IgE Ab in Serum: 0.01 kU/L; Shrimp IgE Ab in Serum: 49.06 kU/L; Wheat IgE Ab in Serum: 86.95 kU/L; Egg white IgE Ab in Serum: 0.04 kU/L; Soybean IgE Ab in Serum: 0.22 kU/L; Cow milk IgE Ab in Serum: 0.14 kU/L; White oak IgE Ab in Serum: 80.31 kU/L; Common Ragweed IgE Ab in Serum: 78.36 kU/L; Cat dander IgE Ab in Serum: 36.57 kU/L; American house dust mite IgE Ab in Serum: 61.09 kU/L; Cladosporium herbarum IgE Ab in Serum: 5.58 kU/L; Honey bee IgE Ab in Serum: 0.06 kU/L; Latex IgE Ab in Serum: 1.95 kU/L; Body Height: 144.55 cm; Body Weight: 39.52 kg; Body Mass Index: 18.91 kg/m2; Systolic Blood Pressure: 121.0 mmHg; Oral temperature: 38.64 Cel; Body Height: 151.75 cm; Body Weight: 44.67 kg; Body Mass Index: 19.4 kg/m2; Systolic Blood Pressure: 106.0 mmHg; Diastolic Blood Pressure: 77.0 mmHg; Body Height: 157.32 cm; Body Weight: 49.68 kg; Body Mass Index: 20.07 kg/m2; Systolic Blood Pressure: 118.0 mmHg; Diastolic Blood Pressure: 86.0 mmHg; Oral temperature: 38.0 Cel; Body Height: 160.97 cm; Body Weight: 54.42 kg; Body Mass Index: 21.0 kg/m2; Systolic Blood Pressure: 119.0 mmHg. Allergies: Shellfish allergy; Allergy to wheat; Allergy to tree pollen; Allergy to grass pollen; Dander (animal) allergy; House dust mite allergy; Allergy to mould; Latex allergy. Immunizations: Influenza seasonal injectable preservative free; HPV quadrivalent; meningococcal MCV4P.",0
36f28586-1654-46fd-8110-52b46949c77f,"Demographics: born 1932-03-10, gender F, race white, ethnicity polish. Encounters: Encounter for 'check-up'; Outpatient Encounter; Encounter for symptom; Asthma follow-up; Emergency room admission; Death Certification. Medications: 120 ACTUAT Fluticasone propionate 0.044 MG/ACTUAT Metered Dose Inhaler; 200 ACTUAT Albuterol 0.09 MG/ACTUAT Metered Dose Inhaler; Penicillin V Potassium 500 MG; Naproxen sodium 220 MG [Aleve]; Alendronic acid 10 MG [Fosamax]; Clopidogrel 75 MG Oral Tablet; Simvastatin 20 MG Oral Tablet; Amlodipine 5 MG Oral Tablet; Nitroglycerin 0.4 MG/ACTUAT [Nitrolingual]; Ibuprofen 200 MG Oral Tablet; Acetaminophen 160 MG; Fluticasone propionate 0.25 MG/ACTUAT / salmeterol 0.05 MG/ACTUAT [Advair]. Procedures: Measurement of respiratory function (procedure); Spirometry (procedure); Documentation of current medications. Observations: Body Height: 168.37 cm; Body Weight: 76.05 kg; Body Mass Index: 26.83 kg/m2; Systolic Blood Pressure: 185.0 mmHg; Diastolic Blood Pressure: 104.0 mmHg; Estimated Glomerular Filtration Rate: 60.0 mL/min/{1.73_m2}; Body Weight: 74.45 kg; Body Mass Index: 26.26 kg/m2; Systolic Blood Pressure: 170.0 mmHg; Diastolic Blood Pressure: 109.0 mmHg; Total Cholesterol: 169.0 mg/dL; Triglycerides: 144.0 mg/dL; Low Density Lipoprotein Cholesterol: 80.0 mg/dL; High Density Lipoprotein Cholesterol: 60.0 mg/dL; Body Weight: 72.87 kg; Body Mass Index: 25.7 kg/m2; Systolic Blood Pressure: 173.0 mmHg; Diastolic Blood Pressure: 116.0 mmHg; Body Weight: 71.29 kg; Body Mass Index: 25.15 kg/m2; Systolic Blood Pressure: 148.0 mmHg; Diastolic Blood Pressure: 119.0 mmHg; FEV1/​FVC: 79.0 %; Body Weight: 69.56 kg; Body Mass Index: 24.54 kg/m2; Systolic Blood Pressure: 142.0 mmHg; Diastolic Blood Pressure: 113.0 mmHg; FEV1/​FVC: 60.0 %; Systolic Blood Pressure: 172.0 mmHg; Diastolic Blood Pressure: 94.0 mmHg; Total Cholesterol: 178.0 mg/dL; Triglycerides: 150.0 mg/dL; Low Density Lipoprotein Cholesterol: 74.0 mg/dL; High Density Lipoprotein Cholesterol: 74.0 mg/dL; FEV1/​FVC: 76.0 %; Pulmonary emphysema (disorder); Body Weight: 68.45 kg; Body Mass Index: 24.15 kg/m2; Systolic Blood Pressure: 192.0 mmHg; Diastolic Blood Pressure: 98.0 mmHg. Immunizations: Influenza seasonal injectable preservative free; Td (adult) preservative free.",1
19e9270e-d8a4-4824-9399-8a92b9ab4ade,"Demographics: born 1933-04-25, gender F, race white, ethnicity polish.",0
7f686bc3-5929-41cd-b17e-cd6a794e89d4,"Demographics: born 1927-11-27, gender M, race white, ethnicity italian.",0
9ff146ac-463b-401d-917a-8143b618c154,"Demographics: born 1953-12-05, gender F, race hispanic, ethnicity puerto_rican. Encounters: Death Certification. Observations: Non-small cell lung cancer (disorder). Allergies: Allergy to nut.",1
65bc1a41-0840-463b-9349-33830c038651,"Demographics: born 2008-02-09, gender M, race white, ethnicity scottish. Encounters: Outpatient Encounter; Encounter for symptom. Medications: Amoxicillin 200 MG Oral Tablet; Acetaminophen 160 MG Oral Tablet; Acetaminophen 160 MG. Procedures: Documentation of current medications; Plain chest X-ray (procedure). Observations: Body Height: 87.89 cm; Body Weight: 13.91 kg; Body Mass Index: 18.0 kg/m2; Systolic Blood Pressure: 126.0 mmHg; Diastolic Blood Pressure: 89.0 mmHg; Body Height: 92.27 cm; Body Weight: 14.93 kg; Body Mass Index: 17.54 kg/m2; Systolic Blood Pressure: 139.0 mmHg; Diastolic Blood Pressure: 87.0 mmHg; Body Height: 100.38 cm; Body Weight: 17.5 kg; Body Mass Index: 17.36 kg/m2; Systolic Blood Pressure: 117.0 mmHg; Diastolic Blood Pressure: 70.0 mmHg; Body Height: 105.96 cm; Body Weight: 19.6 kg; Body Mass Index: 17.46 kg/m2; Systolic Blood Pressure: 119.0 mmHg; Diastolic Blood Pressure: 79.0 mmHg; Body Height: 111.5 cm; Body Weight: 21.79 kg; Body Mass Index: 17.52 kg/m2; Systolic Blood Pressure: 114.0 mmHg; Diastolic Blood Pressure: 77.0 mmHg; Body Height: 117.48 cm; Body Weight: 24.29 kg; Body Mass Index: 17.6 kg/m2; Systolic Blood Pressure: 124.0 mmHg; Body Height: 123.1 cm; Body Weight: 27.04 kg; Body Mass Index: 17.84 kg/m2; Systolic Blood Pressure: 121.0 mmHg; Diastolic Blood Pressure: 80.0 mmHg. Immunizations: Pneumococcal conjugate PCV 13; Influenza seasonal injectable preservative free; DTaP; IPV; MMR; varicella.",0
ebf883e3-5359-4b57-a7f3-c9a04c0bda05,"Demographics: born 1950-10-30, gender M, race white, ethnicity american. Encounters: Outpatient Encounter; Encounter for 'check-up'; Encounter for symptom; Asthma follow-up. Medications: 120 ACTUAT Fluticasone propionate 0.044 MG/ACTUAT Metered Dose Inhaler; 200 ACTUAT Albuterol 0.09 MG/ACTUAT Metered Dose Inhaler; Penicillin V Potassium 250 MG. Procedures: Colonoscopy; Documentation of current medications. Observations: Body Height: 190.18 cm; Body Weight: 143.72 kg; Body Mass Index: 39.74 kg/m2; Systolic Blood Pressure: 133.0 mmHg; Diastolic Blood Pressure: 76.0 mmHg; Oral temperature: 37.0 Cel; Body Weight: 141.8 kg; Body Mass Index: 39.2 kg/m2; Systolic Blood Pressure: 132.0 mmHg; Total Cholesterol: 191.0 mg/dL; Triglycerides: 128.0 mg/dL; Low Density Lipoprotein Cholesterol: 102.0 mg/dL; High Density Lipoprotein Cholesterol: 63.0 mg/dL; Body Weight: 140.8 kg; Body Mass Index: 38.93 kg/m2; Systolic Blood Pressure: 115.0 mmHg; Diastolic Blood Pressure: 86.0 mmHg; Body Weight: 137.75 kg; Body Mass Index: 38.08 kg/m2; Systolic Blood Pressure: 113.0 mmHg; Diastolic Blood Pressure: 72.0 mmHg; Body Weight: 135.76 kg; Body Mass Index: 37.53 kg/m2; Systolic Blood Pressure: 101.0 mmHg; Diastolic Blood Pressure: 71.0 mmHg; Total Cholesterol: 181.0 mg/dL; Triglycerides: 115.0 mg/dL; Low Density Lipoprotein Cholesterol: 94.0 mg/dL; High Density Lipoprotein Cholesterol: 64.0 mg/dL; Body Weight: 134.64 kg; Body Mass Index: 37.22 kg/m2; Systolic Blood Pressure: 128.0 mmHg; Diastolic Blood Pressure: 75.0 mmHg. Immunizations: Influenza seasonal injectable preservative free; zoster; Td (adult) preservative free; Pneumococcal conjugate PCV 13.",0
3b41efd2-7887-454a-a38a-f39a880f0449,"Demographics: born 2012-07-02, gender M, race hispanic, ethnicity puerto_rican. Encounters: Outpatient Encounter; Encounter for symptom. Medications: Acetaminophen 160 MG. Procedures: Documentation of current medications; Sputum examination (procedure). Observations: Body Height: 59.35 cm; Body Weight: 3.61 kg; Systolic Blood Pressure: 133.0 mmHg; Diastolic Blood Pressure: 79.0 mmHg; Body Height: 62.36 cm; Body Weight: 4.34 kg; Systolic Blood Pressure: 100.0 mmHg; Diastolic Blood Pressure: 71.0 mmHg; Body Height: 67.04 cm; Body Weight: 5.58 kg; Systolic Blood Pressure: 122.0 mmHg; Diastolic Blood Pressure: 86.0 mmHg; Body Height: 70.78 cm; Body Weight: 6.56 kg; Systolic Blood Pressure: 126.0 mmHg; Diastolic Blood Pressure: 70.0 mmHg; Body Height: 75.42 cm; Body Weight: 7.7 kg; Diastolic Blood Pressure: 76.0 mmHg; Body Height: 80.53 cm; Body Weight: 8.76 kg; Systolic Blood Pressure: 139.0 mmHg; Body Height: 83.86 cm; Body Weight: 9.34 kg; Systolic Blood Pressure: 109.0 mmHg; Body Height: 86.87 cm; Body Weight: 9.8 kg; Diastolic Blood Pressure: 82.0 mmHg; Body Height: 91.41 cm; Body Weight: 10.56 kg; Body Mass Index: 12.64 kg/m2; Systolic Blood Pressure: 119.0 mmHg; Body Height: 96.07 cm; Body Weight: 11.24 kg; Body Mass Index: 12.18 kg/m2; Systolic Blood Pressure: 108.0 mmHg; Diastolic Blood Pressure: 78.0 mmHg; Body Height: 100.78 cm; Body Weight: 12.06 kg; Body Mass Index: 11.87 kg/m2. Immunizations: Hep B adolescent or pediatric; rotavirus monovalent; DTaP; Hib (PRP-OMP); Pneumococcal conjugate PCV 13; IPV; Influenza seasonal injectable preservative free; MMR; varicella; Hep A ped/adol 2 dose.",0
39b80310-3d73-40ca-be3e-9ad6a9f1a022,"Demographics: born 2012-03-26, gender F, race black, ethnicity dominican. Encounters: Outpatient Encounter; Encounter for symptom. Procedures: Documentation of current medications. Observations: Body Height: 52.69 cm; Body Weight: 4.44 kg; Systolic Blood Pressure: 131.0 mmHg; Diastolic Blood Pressure: 74.0 mmHg; Body Height: 55.44 cm; Body Weight: 5.11 kg; Systolic Blood Pressure: 127.0 mmHg; Diastolic Blood Pressure: 71.0 mmHg; Body Height: 57.74 cm; Body Weight: 5.73 kg; Systolic Blood Pressure: 134.0 mmHg; Diastolic Blood Pressure: 73.0 mmHg; Body Height: 61.55 cm; Body Weight: 6.82 kg; Systolic Blood Pressure: 135.0 mmHg; Diastolic Blood Pressure: 80.0 mmHg; Body Height: 64.72 cm; Body Weight: 7.74 kg; Systolic Blood Pressure: 118.0 mmHg; Diastolic Blood Pressure: 86.0 mmHg; Body Height: 68.75 cm; Body Weight: 8.87 kg; Diastolic Blood Pressure: 77.0 mmHg; Body Height: 72.21 cm; Body Weight: 9.75 kg; Systolic Blood Pressure: 138.0 mmHg; Diastolic Blood Pressure: 85.0 mmHg; Body Height: 74.3 cm; Body Weight: 10.25 kg; Systolic Blood Pressure: 125.0 mmHg; Diastolic Blood Pressure: 72.0 mmHg; Body Height: 77.18 cm; Body Weight: 10.88 kg; Systolic Blood Pressure: 139.0 mmHg; Body Height: 82.35 cm; Body Weight: 12.05 kg; Body Mass Index: 17.78 kg/m2; Systolic Blood Pressure: 100.0 mmHg; Diastolic Blood Pressure: 79.0 mmHg; Body Height: 86.85 cm. Immunizations: Hep B adolescent or pediatric; rotavirus monovalent; DTaP; Hib (PRP-OMP); Pneumococcal conjugate PCV 13; IPV; Influenza seasonal injectable preservative free; MMR; varicella; Hep A ped/adol 2 dose.",0
7e36fdd0-3301-46cc-9cf7-19a4aab944fd,"Demographics: born 1968-10-27, gender F, race white, ethnicity english. Encounters: Outpatient Encounter; Emergency room admission; Encounter for 'check-up'; Encounter for symptom; Patient encounter procedure. Medications: Penicillin V Potassium 250 MG; Levonorgestrel 0.00354 MG/HR [Norplant]. Procedures: Documentation of current medications; Replacement of contraceptive intrauterine device. Observations: Body Height: 161.52 cm; Body Weight: 90.34 kg; Body Mass Index: 34.63 kg/m2; Systolic Blood Pressure: 131.0 mmHg; Diastolic Blood Pressure: 77.0 mmHg; Body Weight: 93.64 kg; Body Mass Index: 35.9 kg/m2; Systolic Blood Pressure: 119.0 mmHg; Diastolic Blood Pressure: 73.0 mmHg; Total Cholesterol: 168.0 mg/dL; Triglycerides: 105.0 mg/dL; Low Density Lipoprotein Cholesterol: 86.0 mg/dL; High Density Lipoprotein Cholesterol: 61.0 mg/dL; Body Weight: 96.58 kg; Body Mass Index: 37.02 kg/m2; Systolic Blood Pressure: 128.0 mmHg; Diastolic Blood Pressure: 72.0 mmHg. Immunizations: Influenza seasonal injectable preservative free; Td (adult) preservative free.",0
0779c6b4-6e01-4e2b-a2f1-35061b6157e3,"Demographics: born 2006-11-03, gender F, race black, ethnicity african. Encounters: Encounter for symptom; Outpatient Encounter. Procedures: Documentation of current medications. Observations: Body Height: 102.37 cm; Body Weight: 15.13 kg; Body Mass Index: 14.44 kg/m2; Systolic Blood Pressure: 137.0 mmHg; Diastolic Blood Pressure: 77.0 mmHg; Body Height: 109.31 cm; Body Weight: 17.07 kg; Body Mass Index: 14.29 kg/m2; Systolic Blood Pressure: 118.0 mmHg; Diastolic Blood Pressure: 86.0 mmHg; Body Height: 116.3 cm; Body Weight: 19.14 kg; Body Mass Index: 14.15 kg/m2; Systolic Blood Pressure: 116.0 mmHg; Diastolic Blood Pressure: 72.0 mmHg; Body Height: 122.36 cm; Body Weight: 21.19 kg; Body Mass Index: 14.16 kg/m2; Systolic Blood Pressure: 103.0 mmHg; Diastolic Blood Pressure: 87.0 mmHg; Body Height: 127.8 cm; Body Weight: 23.48 kg; Body Mass Index: 14.38 kg/m2; Systolic Blood Pressure: 104.0 mmHg; Diastolic Blood Pressure: 82.0 mmHg; Body Height: 133.02 cm; Body Weight: 26.36 kg; Body Mass Index: 14.9 kg/m2; Systolic Blood Pressure: 135.0 mmHg; Diastolic Blood Pressure: 75.0 mmHg; Body Height: 137.21 cm; Body Weight: 29.12 kg; Body Mass Index: 15.47 kg/m2; Diastolic Blood Pressure: 79.0 mmHg. Immunizations: DTaP; Pneumococcal conjugate PCV 13; IPV; Influenza seasonal injectable preservative free; MMR; varicella.",0
d098edf5-1067-4614-8ba2-eae69bcd9132,"Demographics: born 2014-07-27, gender M, race white, ethnicity irish. Encounters: Outpatient Encounter; Encounter for symptom. Medications: Amoxicillin 200 MG Oral Tablet; Ibuprofen 100 MG Oral Tablet. Procedures: Documentation of current medications. Observations: Body Height: 56.54 cm; Body Weight: 5.24 kg; Systolic Blood Pressure: 123.0 mmHg; Diastolic Blood Pressure: 74.0 mmHg; Body Height: 59.52 cm; Body Weight: 6.07 kg; Systolic Blood Pressure: 103.0 mmHg; Diastolic Blood Pressure: 85.0 mmHg; Body Height: 64.12 cm; Body Weight: 7.51 kg; Systolic Blood Pressure: 120.0 mmHg; Diastolic Blood Pressure: 75.0 mmHg; Body Height: 67.76 cm; Body Weight: 8.69 kg; Systolic Blood Pressure: 133.0 mmHg; Diastolic Blood Pressure: 78.0 mmHg; Body Height: 72.24 cm; Body Weight: 10.07 kg; Systolic Blood Pressure: 100.0 mmHg; Diastolic Blood Pressure: 77.0 mmHg; Body Height: 76.01 cm; Body Weight: 11.1 kg; Systolic Blood Pressure: 106.0 mmHg; Diastolic Blood Pressure: 88.0 mmHg; Body Height: 79.31 cm; Body Weight: 11.89 kg; Body Height: 83.22 cm; Body Weight: 12.7 kg; Systolic Blood Pressure: 122.0 mmHg; Diastolic Blood Pressure: 81.0 mmHg; Body Height: 87.52 cm; Body Weight: 13.66 kg; Body Mass Index: 17.83 kg/m2; Body Height: 91.88 cm; Body Weight: 14.54 kg; Body Mass Index: 17.22 kg/m2; Systolic Blood Pressure: 134.0 mmHg; Diastolic Blood Pressure: 89.0 mmHg. Immunizations: Hep B adolescent or pediatric; rotavirus monovalent; DTaP; Hib (PRP-OMP); Pneumococcal conjugate PCV 13; IPV; Influenza seasonal injectable preservative free; MMR; varicella; Hep A ped/adol 2 dose.",0
7e44a6a7-f28f-4c0f-a324-0e1ec3b6b570,"Demographics: born 1993-02-09, gender M, race white, ethnicity irish. Encounters: Outpatient Encounter; Encounter for symptom. Medications: Amoxicillin 250 MG / Clavulanate 125 MG [Augmentin]. Procedures: Documentation of current medications. Observations: Body Height: 179.58 cm; Body Weight: 55.26 kg; Body Mass Index: 17.14 kg/m2; Systolic Blood Pressure: 135.0 mmHg; Diastolic Blood Pressure: 78.0 mmHg; Body Height: 180.07 cm; Body Weight: 57.07 kg; Body Mass Index: 17.6 kg/m2; Systolic Blood Pressure: 114.0 mmHg; Diastolic Blood Pressure: 74.0 mmHg; Body Height: 180.37 cm; Body Weight: 58.34 kg; Body Mass Index: 17.93 kg/m2; Systolic Blood Pressure: 108.0 mmHg; Diastolic Blood Pressure: 86.0 mmHg; Body Height: 180.38 cm; Body Weight: 59.41 kg; Body Mass Index: 18.26 kg/m2; Systolic Blood Pressure: 116.0 mmHg; Diastolic Blood Pressure: 89.0 mmHg; Body Weight: 64.82 kg; Body Mass Index: 19.92 kg/m2; Systolic Blood Pressure: 123.0 mmHg; Diastolic Blood Pressure: 81.0 mmHg. Immunizations: Influenza seasonal injectable preservative free; Td (adult) preservative free.",0
97b4aae7-a9f3-4c03-932c-70fe52e37e30,"Demographics: born 2011-09-22, gender F, race white, ethnicity portuguese. Encounters: Outpatient Encounter; Encounter for symptom; Encounter for problem. Medications: Dextromethorphan Hydrobromide 1 MG/ML; Amoxicillin 200 MG Oral Tablet; Ibuprofen 100 MG Oral Tablet; Acetaminophen 160 MG; cetirizine hydrochloride 5 MG Oral Tablet; 0.3 ML EPINEPHrine 0.5 MG/ML Auto-Injector; Acetaminophen 160 MG Oral Tablet. Procedures: Documentation of current medications; Measurement of respiratory function (procedure); Throat culture (procedure); Allergy screening test. Observations: Body Height: 55.24 cm; Body Weight: 4.76 kg; Systolic Blood Pressure: 126.0 mmHg; Diastolic Blood Pressure: 87.0 mmHg; Body Height: 58.04 cm; Body Weight: 5.47 kg; Systolic Blood Pressure: 106.0 mmHg; Diastolic Blood Pressure: 70.0 mmHg; Body Height: 62.48 cm; Body Weight: 6.71 kg; Systolic Blood Pressure: 118.0 mmHg; Diastolic Blood Pressure: 72.0 mmHg; Body Height: 66.06 cm; Body Weight: 7.76 kg; Systolic Blood Pressure: 103.0 mmHg; Diastolic Blood Pressure: 73.0 mmHg; Body Height: 70.53 cm; Body Weight: 9.04 kg; Systolic Blood Pressure: 101.0 mmHg; Diastolic Blood Pressure: 74.0 mmHg; Body Height: 74.33 cm; Body Weight: 10.04 kg; Systolic Blood Pressure: 112.0 mmHg; Body Height: 76.61 cm; Body Weight: 10.59 kg; Diastolic Blood Pressure: 77.0 mmHg; Body Height: 79.75 cm; Body Weight: 11.3 kg; Systolic Blood Pressure: 139.0 mmHg; Body Height: 82.62 cm; Body Weight: 11.9 kg; Diastolic Blood Pressure: 86.0 mmHg; Body Height: 86.22 cm; Body Weight: 12.78 kg; Body Mass Index: 17.19 kg/m2; Systolic Blood Pressure: 110.0 mmHg; Body Height: 90.97 cm; Body Weight: 13.74 kg; Body Mass Index: 16.61 kg/m2; Systolic Blood Pressure: 138.0 mmHg. Immunizations: Hep B adolescent or pediatric; rotavirus monovalent; DTaP; Hib (PRP-OMP); Pneumococcal conjugate PCV 13; IPV; Influenza seasonal injectable preservative free; MMR; varicella; Hep A ped/adol 2 dose.",0
37e73aae-26ad-4f2b-b150-e78b7860e019,"Demographics: born 1935-04-04, gender F, race white, ethnicity italian.",0
999b4554-06f6-4863-846f-aa7423cd0137,"Demographics: born 1978-12-11, gender F, race white, ethnicity french. Encounters: Outpatient Encounter; Prenatal initial visit; Prenatal visit; Obstetric emergency hospital admission; Consultation for treatment; Encounter for symptom. Medications: Penicillin V Potassium 500 MG; Fluticasone propionate 0.25 MG/ACTUAT / salmeterol 0.05 MG/ACTUAT [Advair]; Jolivette 28 Day Pack; Acetaminophen 160 MG. Procedures: Spirometry (procedure); Standard pregnancy test; Premature birth of newborn. Observations: FEV1/​FVC: 63.0 %; Body Height: 164.81 cm; Body Weight: 106.97 kg; Body Mass Index: 39.38 kg/m2; Systolic Blood Pressure: 177.0 mmHg; Diastolic Blood Pressure: 104.0 mmHg; Total Cholesterol: 178.0 mg/dL; Triglycerides: 139.0 mg/dL; Low Density Lipoprotein Cholesterol: 89.0 mg/dL; High Density Lipoprotein Cholesterol: 61.0 mg/dL; Estimated Glomerular Filtration Rate: 60.0 mL/min/{1.73_m2}; FEV1/​FVC: 78.0 %; Body Weight: 110.8 kg; Body Mass Index: 40.79 kg/m2; Systolic Blood Pressure: 168.0 mmHg; Diastolic Blood Pressure: 103.0 mmHg; FEV1/​FVC: 77.0 %; Hemoglobin A1c/Hemoglobin.total in Blood: 6.4 %; Body Weight: 115.86 kg; Body Mass Index: 42.66 kg/m2; Systolic Blood Pressure: 169.0 mmHg; Diastolic Blood Pressure: 111.0 mmHg; Glucose: 94.0 mg/dL; Urea Nitrogen: 16.0 mg/dL; Creatinine: 1.0 mg/dL; Calcium: 10.08 mg/dL; Sodium: 140.0 mmol/L; Potassium: 4.67 mmol/L; Chloride: 102.0 mmol/L; Carbon Dioxide: 24.0 mmol/L; Total Cholesterol: 163.0 mg/dL; Triglycerides: 121.0 mg/dL; Low Density Lipoprotein Cholesterol: 69.0 mg/dL; High Density Lipoprotein Cholesterol: 69.0 mg/dL. Immunizations: Influenza seasonal injectable preservative free; Td (adult) preservative free.",1
c9f38b82-4a7a-4a9f-bc00-2b7ffb03a1ca,"Demographics: born 1985-01-13, gender F, race white, ethnicity italian. Encounters: Outpatient Encounter; Prenatal initial visit; Prenatal visit; Obstetric emergency hospital admission; Consultation for treatment. Medications: Camila 28 Day Pack. Procedures: Standard pregnancy test; Epidural anesthesia; Childbirth; Spontaneous breech delivery; Premature birth of newborn; Episiotomy; Documentation of current medications. Observations: Body Height: 168.02 cm; Body Weight: 62.55 kg; Body Mass Index: 22.16 kg/m2; Systolic Blood Pressure: 186.0 mmHg; Diastolic Blood Pressure: 95.0 mmHg; Estimated Glomerular Filtration Rate: 60.0 mL/min/{1.73_m2}; Body Weight: 67.47 kg; Body Mass Index: 23.9 kg/m2; Systolic Blood Pressure: 170.0 mmHg; Diastolic Blood Pressure: 113.0 mmHg; Body Weight: 71.59 kg; Body Mass Index: 25.36 kg/m2; Systolic Blood Pressure: 168.0 mmHg; Diastolic Blood Pressure: 97.0 mmHg; Total Cholesterol: 177.0 mg/dL; Triglycerides: 123.0 mg/dL; Low Density Lipoprotein Cholesterol: 77.0 mg/dL; High Density Lipoprotein Cholesterol: 75.0 mg/dL. Immunizations: Influenza seasonal injectable preservative free; Td (adult) preservative free.",1
7c347087-7148-4858-94e7-549587745201,"Demographics: born 1934-05-10, gender F, race white, ethnicity irish. Encounters: Outpatient Encounter; Encounter for symptom; Emergency room admission; Encounter for 'check-up'. Medications: Penicillin V Potassium 250 MG; Penicillin V Potassium 500 MG; Meperidine Hydrochloride 50 MG Oral Tablet; Naproxen sodium 220 MG Oral Tablet. Procedures: Throat culture (procedure); Admission to orthopedic department; Bone density scan (procedure); Documentation of current medications. Observations: Hemoglobin A1c/Hemoglobin.total in Blood: 6.2 %; Body Height: 164.63 cm; Body Weight: 83.45 kg; Body Mass Index: 30.79 kg/m2; Systolic Blood Pressure: 193.0 mmHg; Diastolic Blood Pressure: 116.0 mmHg; Glucose: 89.0 mg/dL; Urea Nitrogen: 15.0 mg/dL; Creatinine: 1.0 mg/dL; Calcium: 8.98 mg/dL; Sodium: 142.0 mmol/L; Potassium: 5.1 mmol/L; Chloride: 107.0 mmol/L; Carbon Dioxide: 28.0 mmol/L; Total Cholesterol: 195.0 mg/dL; Triglycerides: 124.0 mg/dL; Low Density Lipoprotein Cholesterol: 95.0 mg/dL; High Density Lipoprotein Cholesterol: 75.0 mg/dL; Estimated Glomerular Filtration Rate: 60.0 mL/min/{1.73_m2}; Oral temperature: 39.36 Cel; Body Weight: 82.22 kg; Body Mass Index: 30.34 kg/m2; Systolic Blood Pressure: 156.0 mmHg; Diastolic Blood Pressure: 105.0 mmHg; Glucose: 93.0 mg/dL; Urea Nitrogen: 11.0 mg/dL; Calcium: 9.46 mg/dL; Sodium: 141.0 mmol/L; Potassium: 4.34 mmol/L; Chloride: 108.0 mmol/L; Carbon Dioxide: 25.0 mmol/L; DXA [T-score] Bone density: -0.15 {T-score}; Hemoglobin A1c/Hemoglobin.total in Blood: 5.9 %; Body Weight: 81.17 kg; Body Mass Index: 29.95 kg/m2; Systolic Blood Pressure: 198.0 mmHg; Diastolic Blood Pressure: 106.0 mmHg; Glucose: 79.0 mg/dL; Urea Nitrogen: 18.0 mg/dL; Calcium: 9.07 mg/dL. Immunizations: Influenza seasonal injectable preservative free.",1
8c8a5184-67fe-4a96-a4c2-c54e2b8d9f32,"Demographics: born 1932-12-24, gender F, race white, ethnicity french.",0
af7d1933-400d-4b0a-9187-e5812aa31500,"Demographics: born 2007-06-30, gender M, race white, ethnicity german. Encounters: Outpatient Encounter; Encounter for symptom. Procedures: Documentation of current medications. Observations: Body Height: 99.33 cm; Body Weight: 14.88 kg; Body Mass Index: 15.09 kg/m2; Systolic Blood Pressure: 110.0 mmHg; Diastolic Blood Pressure: 75.0 mmHg; Oral temperature: 38.0 Cel; Body Height: 107.13 cm; Body Weight: 17.06 kg; Body Mass Index: 14.87 kg/m2; Systolic Blood Pressure: 117.0 mmHg; Diastolic Blood Pressure: 88.0 mmHg; Body Height: 114.48 cm; Body Weight: 19.48 kg; Body Mass Index: 14.86 kg/m2; Systolic Blood Pressure: 128.0 mmHg; Diastolic Blood Pressure: 87.0 mmHg; Body Height: 121.69 cm; Body Weight: 22.02 kg; Systolic Blood Pressure: 125.0 mmHg; Diastolic Blood Pressure: 77.0 mmHg; Body Height: 128.68 cm; Body Weight: 24.72 kg; Body Mass Index: 14.93 kg/m2; Systolic Blood Pressure: 118.0 mmHg; Body Height: 135.21 cm; Body Weight: 27.75 kg; Body Mass Index: 15.18 kg/m2; Diastolic Blood Pressure: 82.0 mmHg; Body Height: 140.25 cm; Body Weight: 30.71 kg; Body Mass Index: 15.61 kg/m2; Systolic Blood Pressure: 130.0 mmHg. Immunizations: Pneumococcal conjugate PCV 13; DTaP; IPV; Influenza seasonal injectable preservative free; MMR; varicella.",0
a4ee7ce7-ec21-4939-b444-bfc934221533,"Demographics: born 1962-02-16, gender F, race white, ethnicity russian. Encounters: Prenatal initial visit; Prenatal visit; Outpatient Encounter; Obstetric emergency hospital admission; Consultation for treatment; Encounter for symptom; Encounter Inpatient. Medications: Penicillin V Potassium 500 MG; Camila 28 Day Pack; Acetaminophen 300 MG / HYDROcodone Bitartrate 5 MG [Vicodin]; Nitrofurantoin 5 MG/ML [Furadantin]; Phenazopyridine hydrochloride 100 MG [Pyridium]. Procedures: Standard pregnancy test; Documentation of current medications; Childbirth; Extraction of wisdom tooth. Observations: Body Height: 173.36 cm; Body Weight: 98.95 kg; Body Mass Index: 32.92 kg/m2; Systolic Blood Pressure: 118.0 mmHg; Diastolic Blood Pressure: 89.0 mmHg; Body Weight: 100.85 kg; Body Mass Index: 33.55 kg/m2; Systolic Blood Pressure: 106.0 mmHg; Diastolic Blood Pressure: 88.0 mmHg; Total Cholesterol: 173.0 mg/dL; Triglycerides: 110.0 mg/dL; Low Density Lipoprotein Cholesterol: 92.0 mg/dL; High Density Lipoprotein Cholesterol: 59.0 mg/dL; Oral temperature: 38.0 Cel; Systolic Blood Pressure: 124.0 mmHg; Diastolic Blood Pressure: 82.0 mmHg; Oral temperature: 37.0 Cel; Systolic Blood Pressure: 137.0 mmHg; Diastolic Blood Pressure: 85.0 mmHg; Systolic Blood Pressure: 116.0 mmHg; Diastolic Blood Pressure: 80.0 mmHg; Diastolic Blood Pressure: 81.0 mmHg; Total Cholesterol: 199.0 mg/dL; Triglycerides: 137.0 mg/dL; Low Density Lipoprotein Cholesterol: 96.0 mg/dL; High Density Lipoprotein Cholesterol: 75.0 mg/dL; Systolic Blood Pressure: 110.0 mmHg. Immunizations: Influenza seasonal injectable preservative free; Td (adult) preservative free.",0
af52ec7c-2877-4bab-bf7a-291322248b68,"Demographics: born 1967-12-04, gender F, race white, ethnicity irish. Encounters: Outpatient Encounter; Prenatal initial visit; Prenatal visit; Obstetric emergency hospital admission; Consultation for treatment; Admission to surgical department. Medications: Camila 28 Day Pack. Procedures: Documentation of current medications; Standard pregnancy test; Childbirth; Bilateral tubal ligation. Observations: Hemoglobin A1c/Hemoglobin.total in Blood: 6.3 %; Body Height: 161.82 cm; Body Weight: 95.04 kg; Body Mass Index: 36.3 kg/m2; Systolic Blood Pressure: 145.0 mmHg; Diastolic Blood Pressure: 115.0 mmHg; Glucose: 78.0 mg/dL; Urea Nitrogen: 9.0 mg/dL; Creatinine: 1.0 mg/dL; Calcium: 9.78 mg/dL; Sodium: 136.0 mmol/L; Potassium: 3.78 mmol/L; Chloride: 105.0 mmol/L; Carbon Dioxide: 21.0 mmol/L; Estimated Glomerular Filtration Rate: 60.0 mL/min/{1.73_m2}; Hemoglobin A1c/Hemoglobin.total in Blood: 5.8 %; Body Weight: 97.82 kg; Body Mass Index: 37.36 kg/m2; Systolic Blood Pressure: 152.0 mmHg; Diastolic Blood Pressure: 111.0 mmHg; Glucose: 86.0 mg/dL; Urea Nitrogen: 14.0 mg/dL; Calcium: 9.3 mg/dL; Sodium: 144.0 mmol/L; Potassium: 4.29 mmol/L; Chloride: 104.0 mmol/L; Carbon Dioxide: 27.0 mmol/L; Total Cholesterol: 176.0 mg/dL; Triglycerides: 148.0 mg/dL; Low Density Lipoprotein Cholesterol: 86.0 mg/dL; High Density Lipoprotein Cholesterol: 60.0 mg/dL; Hemoglobin A1c/Hemoglobin.total in Blood: 6.0 %; Body Weight: 101.23 kg; Body Mass Index: 38.66 kg/m2; Systolic Blood Pressure: 165.0 mmHg; Diastolic Blood Pressure: 104.0 mmHg; Glucose: 68.0 mg/dL; Urea Nitrogen: 17.0 mg/dL; Calcium: 10.1 mg/dL; Sodium: 143.0 mmol/L. Immunizations: Influenza seasonal injectable preservative free.",1
3e292994-3ce3-4858-927f-b57b91a2d216,"Demographics: born 1989-06-07, gender M, race white, ethnicity portuguese. Encounters: Outpatient Encounter; Emergency room admission. Medications: diphenhydrAMINE Hydrochloride 25 MG Oral Tablet; 0.3 ML EPINEPHrine 0.5 MG/ML Auto-Injector; Naproxen sodium 220 MG Oral Tablet. Procedures: Documentation of current medications. Observations: Body Height: 184.15 cm; Body Weight: 62.13 kg; Body Mass Index: 18.32 kg/m2; Systolic Blood Pressure: 141.0 mmHg; Diastolic Blood Pressure: 100.0 mmHg; Estimated Glomerular Filtration Rate: 60.0 mL/min/{1.73_m2}; Body Weight: 67.7 kg; Body Mass Index: 19.96 kg/m2; Systolic Blood Pressure: 199.0 mmHg; Diastolic Blood Pressure: 115.0 mmHg. Immunizations: Influenza seasonal injectable preservative free; Td (adult) preservative free.",1
baaf0622-2f97-4ab4-96b9-58a678285c60,"Demographics: born 1974-04-20, gender F, race white, ethnicity portuguese. Encounters: Outpatient Encounter; Encounter for symptom; Emergency room admission. Medications: diphenhydrAMINE Hydrochloride 25 MG Oral Tablet; Errin 28 Day Pack; Acetaminophen 325 MG Oral Tablet; Fluticasone propionate 0.25 MG/ACTUAT / salmeterol 0.05 MG/ACTUAT [Advair]. Procedures: Spirometry (procedure); Documentation of current medications. Observations: Body Height: 155.98 cm; Body Weight: 85.86 kg; Body Mass Index: 35.29 kg/m2; Systolic Blood Pressure: 122.0 mmHg; Diastolic Blood Pressure: 85.0 mmHg; Total Cholesterol: 181.0 mg/dL; Triglycerides: 148.0 mg/dL; Low Density Lipoprotein Cholesterol: 87.0 mg/dL; High Density Lipoprotein Cholesterol: 64.0 mg/dL; Oral temperature: 37.0 Cel; FEV1/​FVC: 60.0 %; Body Weight: 89.37 kg; Body Mass Index: 36.74 kg/m2; Systolic Blood Pressure: 102.0 mmHg; Diastolic Blood Pressure: 84.0 mmHg; FEV1/​FVC: 77.0 %; Body Weight: 92.67 kg; Body Mass Index: 38.09 kg/m2; Systolic Blood Pressure: 131.0 mmHg; Diastolic Blood Pressure: 75.0 mmHg; Total Cholesterol: 163.0 mg/dL; Triglycerides: 107.0 mg/dL; Low Density Lipoprotein Cholesterol: 67.0 mg/dL; High Density Lipoprotein Cholesterol: 74.0 mg/dL; FEV1/​FVC: 79.0 %; Systolic Blood Pressure: 117.0 mmHg; Diastolic Blood Pressure: 89.0 mmHg. Allergies: Allergy to mould. Immunizations: Influenza seasonal injectable preservative free; Td (adult) preservative free.",0
d2545e48-ecd5-487a-a89b-af269737bcaa,"Demographics: born 1944-07-01, gender F, race white, ethnicity irish. Encounters: Encounter for 'check-up'; Outpatient Encounter; Emergency Room Admission; Encounter for symptom. Medications: Penicillin V Potassium 500 MG; Naproxen sodium 220 MG Oral Tablet. Procedures: Colonoscopy; Suture open wound; Documentation of current medications. Observations: Body Height: 151.11 cm; Body Weight: 113.27 kg; Body Mass Index: 49.61 kg/m2; Systolic Blood Pressure: 188.0 mmHg; Diastolic Blood Pressure: 103.0 mmHg; Estimated Glomerular Filtration Rate: 60.0 mL/min/{1.73_m2}; Body Weight: 111.72 kg; Body Mass Index: 48.93 kg/m2; Systolic Blood Pressure: 140.0 mmHg; Diastolic Blood Pressure: 98.0 mmHg; Total Cholesterol: 199.0 mg/dL; Triglycerides: 145.0 mg/dL; Low Density Lipoprotein Cholesterol: 95.0 mg/dL; High Density Lipoprotein Cholesterol: 75.0 mg/dL; Body Weight: 110.67 kg; Body Mass Index: 48.47 kg/m2; Systolic Blood Pressure: 175.0 mmHg; Diastolic Blood Pressure: 101.0 mmHg; Oral temperature: 38.0 Cel; Body Weight: 109.39 kg; Body Mass Index: 47.91 kg/m2; Systolic Blood Pressure: 147.0 mmHg; Diastolic Blood Pressure: 91.0 mmHg; Estimated Glomerular Filtration Rate: 56.0 mL/min/{1.73_m2}; Body Weight: 107.89 kg; Body Mass Index: 47.25 kg/m2; Systolic Blood Pressure: 142.0 mmHg; Diastolic Blood Pressure: 109.0 mmHg; Total Cholesterol: 163.0 mg/dL; Triglycerides: 122.0 mg/dL; Low Density Lipoprotein Cholesterol: 62.0 mg/dL; High Density Lipoprotein Cholesterol: 76.0 mg/dL; Oral temperature: 37.0 Cel; Body Weight: 105.43 kg; Body Mass Index: 46.17 kg/m2; Systolic Blood Pressure: 190.0 mmHg; Diastolic Blood Pressure: 116.0 mmHg. Immunizations: Influenza seasonal injectable preservative free; pneumococcal polysaccharide vaccine 23 valent; Td (adult) preservative free.",1
15d25313-92bd-42aa-a846-dedda4d84b47,"Demographics: born 1940-11-07, gender M, race hispanic, ethnicity puerto_rican. Encounters: Outpatient Encounter; Encounter for symptom; Emergency room admission. Medications: Penicillin V Potassium 250 MG; Amoxicillin 250 MG / Clavulanate 125 MG [Augmentin]; Ibuprofen 200 MG Oral Tablet; Acetaminophen 325 MG Oral Tablet. Procedures: Documentation of current medications; Suture open wound. Observations: Body Height: 174.67 cm; Body Weight: 82.7 kg; Body Mass Index: 27.11 kg/m2; Systolic Blood Pressure: 190.0 mmHg; Diastolic Blood Pressure: 118.0 mmHg; Total Cholesterol: 184.0 mg/dL; Triglycerides: 102.0 mg/dL; Low Density Lipoprotein Cholesterol: 89.0 mg/dL; High Density Lipoprotein Cholesterol: 74.0 mg/dL; Estimated Glomerular Filtration Rate: 60.0 mL/min/{1.73_m2}; Systolic Blood Pressure: 142.0 mmHg; Diastolic Blood Pressure: 96.0 mmHg; Body Weight: 79.57 kg; Body Mass Index: 26.08 kg/m2; Systolic Blood Pressure: 184.0 mmHg; Diastolic Blood Pressure: 109.0 mmHg; Body Weight: 77.57 kg; Body Mass Index: 25.43 kg/m2; Systolic Blood Pressure: 168.0 mmHg; Diastolic Blood Pressure: 99.0 mmHg; Total Cholesterol: 195.0 mg/dL; Triglycerides: 116.0 mg/dL; Low Density Lipoprotein Cholesterol: 109.0 mg/dL; High Density Lipoprotein Cholesterol: 62.0 mg/dL; Body Weight: 75.62 kg; Body Mass Index: 24.79 kg/m2; Systolic Blood Pressure: 199.0 mmHg; Diastolic Blood Pressure: 103.0 mmHg; Body Weight: 74.08 kg; Body Mass Index: 24.28 kg/m2; Systolic Blood Pressure: 155.0 mmHg; Diastolic Blood Pressure: 92.0 mmHg; Body Weight: 72.98 kg; Body Mass Index: 23.92 kg/m2; Systolic Blood Pressure: 195.0 mmHg; Diastolic Blood Pressure: 95.0 mmHg; Total Cholesterol: 162.0 mg/dL; Low Density Lipoprotein Cholesterol: 77.0 mg/dL; High Density Lipoprotein Cholesterol: 64.0 mg/dL. Immunizations: Influenza seasonal injectable preservative free; Td (adult) preservative free.",1
456a081a-5471-4029-9fc4-030be2a98b18,"Demographics: born 1952-04-02, gender M, race white, ethnicity french.",0
3defdda5-52ec-4412-a957-ff6b5755131b,"Demographics: born 1949-12-03, gender M, race white, ethnicity irish. Encounters: Outpatient Encounter; Emergency room admission; Encounter for 'check-up'; Encounter for symptom. Medications: Acetaminophen 325 MG / oxyCODONE Hydrochloride 5 MG Oral Tablet; Naproxen sodium 220 MG Oral Tablet; Amoxicillin 500 MG Oral Tablet. Procedures: Documentation of current medications; Admission to orthopedic department; Bone density scan (procedure). Observations: Hemoglobin A1c/Hemoglobin.total in Blood: 6.2 %; Body Height: 170.96 cm; Body Weight: 97.94 kg; Body Mass Index: 33.51 kg/m2; Systolic Blood Pressure: 196.0 mmHg; Diastolic Blood Pressure: 109.0 mmHg; Glucose: 94.0 mg/dL; Urea Nitrogen: 11.0 mg/dL; Creatinine: 1.0 mg/dL; Calcium: 9.85 mg/dL; Sodium: 136.0 mmol/L; Potassium: 3.78 mmol/L; Chloride: 109.0 mmol/L; Carbon Dioxide: 22.0 mmol/L; Estimated Glomerular Filtration Rate: 60.0 mL/min/{1.73_m2}; DXA [T-score] Bone density: -0.26 {T-score}; Hemoglobin A1c/Hemoglobin.total in Blood: 6.4 %; Body Weight: 96.77 kg; Body Mass Index: 33.11 kg/m2; Systolic Blood Pressure: 155.0 mmHg; Diastolic Blood Pressure: 104.0 mmHg; Glucose: 84.0 mg/dL; Urea Nitrogen: 18.0 mg/dL; Calcium: 9.95 mg/dL; Sodium: 138.0 mmol/L; Potassium: 4.7 mmol/L; Carbon Dioxide: 23.0 mmol/L; Hemoglobin A1c/Hemoglobin.total in Blood: 6.3 %; Body Weight: 95.38 kg; Body Mass Index: 32.63 kg/m2; Systolic Blood Pressure: 156.0 mmHg; Diastolic Blood Pressure: 92.0 mmHg; Glucose: 89.0 mg/dL; Urea Nitrogen: 16.0 mg/dL; Calcium: 8.82 mg/dL; Sodium: 144.0 mmol/L; Potassium: 4.29 mmol/L; Chloride: 101.0 mmol/L; Carbon Dioxide: 24.0 mmol/L; Body Weight: 93.46 kg. Immunizations: Influenza seasonal injectable preservative free; Td (adult) preservative free; Pneumococcal conjugate PCV 13; pneumococcal polysaccharide vaccine 23 valent.",1
02e26abf-1393-4f6d-b44a-ed6bdcee3206,"Demographics: born 1996-10-23, gender F, race white, ethnicity italian. Encounters: Encounter for symptom; Consultation for treatment; Outpatient Encounter. Medications: Penicillin V Potassium 250 MG; Acetaminophen 160 MG; Jolivette 28 Day Pack. Procedures: Measurement of respiratory function (procedure); Documentation of current medications. Observations: Body Height: 163.2 cm; Body Weight: 53.64 kg; Body Mass Index: 20.14 kg/m2; Systolic Blood Pressure: 124.0 mmHg; Diastolic Blood Pressure: 79.0 mmHg; Body Height: 164.27 cm; Body Weight: 56.04 kg; Body Mass Index: 20.77 kg/m2; Systolic Blood Pressure: 115.0 mmHg; Body Height: 164.77 cm; Body Weight: 57.56 kg; Body Mass Index: 21.2 kg/m2; Diastolic Blood Pressure: 80.0 mmHg; Body Height: 165.01 cm; Body Weight: 58.55 kg; Body Mass Index: 21.5 kg/m2; Systolic Blood Pressure: 139.0 mmHg; Diastolic Blood Pressure: 87.0 mmHg; Oral temperature: 38.0 Cel; Body Height: 165.19 cm; Body Weight: 59.79 kg; Body Mass Index: 21.91 kg/m2; Systolic Blood Pressure: 186.0 mmHg; Diastolic Blood Pressure: 116.0 mmHg; Estimated Glomerular Filtration Rate: 60.0 mL/min/{1.73_m2}; Body Height: 165.29 cm; Body Weight: 61.07 kg; Body Mass Index: 22.35 kg/m2; Systolic Blood Pressure: 140.0 mmHg; Diastolic Blood Pressure: 108.0 mmHg. Immunizations: Influenza seasonal injectable preservative free; meningococcal MCV4P.",1
501524aa-878a-4959-a376-ce12a21cf222,"Demographics: born 1931-08-31, gender F, race white, ethnicity irish. Encounters: Death Certification. Observations: Non-small cell lung cancer (disorder).",0
3d83e03e-a01e-4d10-b570-f0a00508548e,"Demographics: born 1958-11-18, gender M, race white, ethnicity english. Encounters: Outpatient Encounter; Emergency room admission; Emergency Encounter; Death Certification. Medications: Nitroglycerin 0.4 MG/ACTUAT [Nitrolingual]; Simvastatin 20 MG Oral Tablet; Amlodipine 5 MG Oral Tablet; Clopidogrel 75 MG Oral Tablet; Fluticasone propionate 0.25 MG/ACTUAT / salmeterol 0.05 MG/ACTUAT [Advair]; Naproxen sodium 220 MG Oral Tablet; Atorvastatin 80 MG Oral Tablet; Captopril 25 MG Oral Tablet. Procedures: Spirometry (procedure); Documentation of current medications; Suture open wound; Percutaneous coronary intervention; Coronary artery bypass grafting. Observations: FEV1/​FVC: 70.0 %; Body Height: 185.74 cm; Body Weight: 131.89 kg; Body Mass Index: 38.23 kg/m2; Systolic Blood Pressure: 114.0 mmHg; Diastolic Blood Pressure: 70.0 mmHg; FEV1/​FVC: 74.0 %; Systolic Blood Pressure: 128.0 mmHg; Diastolic Blood Pressure: 78.0 mmHg; Myocardial Infarction. Immunizations: Influenza seasonal injectable preservative free; Td (adult) preservative free.",0
61cf2b46-0a94-4c45-83d3-65e8b72c8339,"Demographics: born 1986-12-21, gender M, race hispanic, ethnicity puerto_rican. Encounters: Outpatient Encounter; Emergency room admission; Encounter for symptom. Medications: Astemizole 10 MG Oral Tablet; 0.3 ML EPINEPHrine 0.5 MG/ML Auto-Injector; Naproxen sodium 220 MG Oral Tablet; Dextromethorphan Hydrobromide 1 MG/ML; 24 HR Metformin hydrochloride 500 MG Extended Release Oral Tablet; 3 ML liraglutide 6 MG/ML Pen Injector. Procedures: Documentation of current medications; Suture open wound; Injection of tetanus antitoxin; Measurement of respiratory function (procedure). Observations: Body Height: 176.71 cm; Body Weight: 107.04 kg; Body Mass Index: 34.28 kg/m2; Systolic Blood Pressure: 198.0 mmHg; Diastolic Blood Pressure: 96.0 mmHg; Estimated Glomerular Filtration Rate: 60.0 mL/min/{1.73_m2}; Body Weight: 111.49 kg; Body Mass Index: 35.7 kg/m2; Systolic Blood Pressure: 179.0 mmHg; Diastolic Blood Pressure: 119.0 mmHg; Hemoglobin A1c/Hemoglobin.total in Blood: 9.3 %; Body Weight: 115.7 kg; Body Mass Index: 37.05 kg/m2; Systolic Blood Pressure: 185.0 mmHg; Diastolic Blood Pressure: 99.0 mmHg; Glucose: 96.0 mg/dL; Urea Nitrogen: 19.0 mg/dL; Creatinine: 1.0 mg/dL; Calcium: 9.78 mg/dL; Sodium: 141.0 mmol/L; Potassium: 4.68 mmol/L; Chloride: 104.0 mmol/L; Carbon Dioxide: 21.0 mmol/L; Total Cholesterol: 200.0 mg/dL; Triglycerides: 135.0 mg/dL; Low Density Lipoprotein Cholesterol: 110.0 mg/dL; High Density Lipoprotein Cholesterol: 63.0 mg/dL; Microalbumin Creatine Ratio: 4.0 mg/g. Allergies: Dander (animal) allergy. Immunizations: Influenza seasonal injectable preservative free; Td (adult) preservative free.",1
3d8bfd81-f603-4f9f-9f6e-738fa3a61716,"Demographics: born 1974-10-16, gender F, race white, ethnicity english. Encounters: Outpatient Encounter; Encounter for symptom. Medications: Penicillin V Potassium 250 MG. Procedures: Documentation of current medications. Observations: Body Height: 173.67 cm; Body Weight: 74.9 kg; Body Mass Index: 24.84 kg/m2; Systolic Blood Pressure: 146.0 mmHg; Diastolic Blood Pressure: 99.0 mmHg; Total Cholesterol: 169.0 mg/dL; Triglycerides: 100.0 mg/dL; Low Density Lipoprotein Cholesterol: 87.0 mg/dL; High Density Lipoprotein Cholesterol: 62.0 mg/dL; Estimated Glomerular Filtration Rate: 60.0 mL/min/{1.73_m2}; Oral temperature: 38.0 Cel; Body Weight: 79.81 kg; Body Mass Index: 26.46 kg/m2; Systolic Blood Pressure: 187.0 mmHg; Diastolic Blood Pressure: 111.0 mmHg; Total Cholesterol: 193.0 mg/dL; Triglycerides: 147.0 mg/dL; Low Density Lipoprotein Cholesterol: 94.0 mg/dL; High Density Lipoprotein Cholesterol: 69.0 mg/dL; Body Weight: 82.04 kg; Body Mass Index: 27.2 kg/m2; Systolic Blood Pressure: 144.0 mmHg; Diastolic Blood Pressure: 95.0 mmHg. Immunizations: Influenza seasonal injectable preservative free; Td (adult) preservative free.",1
bc563143-58c7-43a8-8960-c57c251e0898,Encounters: Outpatient Encounter; Consultation for treatment; Patient encounter procedure; Encounter for symptom; Emergency room admission. Medications: Norinyl 1+50 28 Day Pack; 1 ML Depo-Provera 150 MG/ML Injection; Acetaminophen 160 MG; Acetaminophen 325 MG Oral Tablet; Acetaminophen 325 MG / oxyCODONE Hydrochloride 5 MG [Percocet]. Procedures: Documentation of current medications; Intramuscular injection; Sputum examination (procedure). Observations: Body Height: 159.33 cm; Body Weight: 60.88 kg; Body Mass Index: 23.98 kg/m2; Systolic Blood Pressure: 150.0 mmHg; Diastolic Blood Pressure: 111.0 mmHg; Estimated Glomerular Filtration Rate: 60.0 mL/min/{1.73_m2}; Body Weight: 64.02 kg; Body Mass Index: 25.22 kg/m2; Systolic Blood Pressure: 164.0 mmHg; Diastolic Blood Pressure: 92.0 mmHg; Body Weight: 68.18 kg; Body Mass Index: 26.86 kg/m2; Systolic Blood Pressure: 188.0 mmHg; Diastolic Blood Pressure: 104.0 mmHg. Immunizations: Influenza seasonal injectable preservative free; Td (adult) preservative free.,1
25d5e179-33c7-411c-89e0-de0755b70cea,"Demographics: born 1991-11-10, gender F, race white, ethnicity italian. Encounters: Outpatient Encounter; Encounter for symptom; Prenatal initial visit; Prenatal visit; Obstetric emergency hospital admission; Consultation for treatment. Medications: Penicillin V Potassium 250 MG; Penicillin V Potassium 500 MG; Errin 28 Day Pack; Acetaminophen 160 MG; Jolivette 28 Day Pack. Procedures: Documentation of current medications; Throat culture (procedure); Standard pregnancy test; Episiotomy; Childbirth; Measurement of respiratory function (procedure); Epidural anesthesia. Observations: Body Height: 158.68 cm; Body Weight: 88.42 kg; Body Mass Index: 35.12 kg/m2; Systolic Blood Pressure: 125.0 mmHg; Diastolic Blood Pressure: 74.0 mmHg; Body Height: 158.75 cm; Body Weight: 89.03 kg; Body Mass Index: 35.33 kg/m2; Systolic Blood Pressure: 127.0 mmHg; Diastolic Blood Pressure: 73.0 mmHg; Body Weight: 91.85 kg; Body Mass Index: 36.44 kg/m2; Systolic Blood Pressure: 108.0 mmHg; Diastolic Blood Pressure: 72.0 mmHg; Oral temperature: 37.52 Cel; Body Weight: 96.46 kg; Body Mass Index: 38.27 kg/m2; Systolic Blood Pressure: 124.0 mmHg; Diastolic Blood Pressure: 86.0 mmHg. Immunizations: Influenza seasonal injectable preservative free; Td (adult) preservative free.",0
3407399e-fcf6-4be2-9055-f11355f49b60,"Demographics: born 1990-01-27, gender F, race white, ethnicity portuguese. Encounters: Outpatient Encounter; Encounter for symptom. Medications: Penicillin V Potassium 250 MG; Acetaminophen 160 MG. Procedures: Documentation of current medications; Measurement of respiratory function (procedure). Observations: Body Height: 158.14 cm; Body Weight: 64.08 kg; Body Mass Index: 25.62 kg/m2; Systolic Blood Pressure: 119.0 mmHg; Diastolic Blood Pressure: 72.0 mmHg; Oral temperature: 37.0 Cel; Body Weight: 69.57 kg; Body Mass Index: 27.82 kg/m2; Systolic Blood Pressure: 108.0 mmHg; Diastolic Blood Pressure: 73.0 mmHg. Immunizations: Influenza seasonal injectable preservative free; Td (adult) preservative free.",0
549bb197-6488-4444-bb6c-64a785fa5789,"Demographics: born 1991-01-02, gender M, race white, ethnicity russian. Encounters: Encounter for symptom; Outpatient Encounter. Medications: Amoxicillin 250 MG / Clavulanate 125 MG [Augmentin]. Procedures: Documentation of current medications. Observations: Body Height: 178.46 cm; Body Weight: 101.97 kg; Body Mass Index: 32.02 kg/m2; Systolic Blood Pressure: 175.0 mmHg; Diastolic Blood Pressure: 116.0 mmHg; Estimated Glomerular Filtration Rate: 60.0 mL/min/{1.73_m2}; Body Weight: 105.1 kg; Body Mass Index: 33.0 kg/m2; Systolic Blood Pressure: 162.0 mmHg; Diastolic Blood Pressure: 119.0 mmHg; Body Weight: 109.54 kg; Body Mass Index: 34.4 kg/m2; Systolic Blood Pressure: 190.0 mmHg; Diastolic Blood Pressure: 101.0 mmHg. Immunizations: Influenza seasonal injectable preservative free; Td (adult) preservative free.",1
65376d06-6b76-4422-87a5-9608b1baa4ea,"Demographics: born 1967-05-26, gender M, race white, ethnicity american. Encounters: Outpatient Encounter; Encounter for symptom. Medications: Acetaminophen 160 MG. Procedures: Documentation of current medications; Plain chest X-ray (procedure); Measurement of respiratory function (procedure). Observations: Hemoglobin A1c/Hemoglobin.total in Blood: 5.9 %; Body Height: 184.77 cm; Body Weight: 93.66 kg; Body Mass Index: 27.43 kg/m2; Systolic Blood Pressure: 153.0 mmHg; Diastolic Blood Pressure: 113.0 mmHg; Glucose: 80.0 mg/dL; Urea Nitrogen: 7.0 mg/dL; Creatinine: 1.0 mg/dL; Calcium: 9.16 mg/dL; Sodium: 141.0 mmol/L; Potassium: 4.5 mmol/L; Chloride: 108.0 mmol/L; Carbon Dioxide: 28.0 mmol/L; Estimated Glomerular Filtration Rate: 60.0 mL/min/{1.73_m2}; Hemoglobin A1c/Hemoglobin.total in Blood: 6.2 %; Body Weight: 96.2 kg; Body Mass Index: 28.18 kg/m2; Systolic Blood Pressure: 188.0 mmHg; Diastolic Blood Pressure: 116.0 mmHg; Glucose: 67.0 mg/dL; Urea Nitrogen: 16.0 mg/dL; Calcium: 9.33 mg/dL; Sodium: 136.0 mmol/L; Potassium: 4.16 mmol/L; Chloride: 111.0 mmol/L; Total Cholesterol: 169.0 mg/dL; Triglycerides: 125.0 mg/dL; Low Density Lipoprotein Cholesterol: 71.0 mg/dL; High Density Lipoprotein Cholesterol: 73.0 mg/dL; Hemoglobin A1c/Hemoglobin.total in Blood: 5.8 %; Body Weight: 99.86 kg; Body Mass Index: 29.25 kg/m2; Systolic Blood Pressure: 158.0 mmHg; Diastolic Blood Pressure: 115.0 mmHg; Glucose: 82.0 mg/dL; Urea Nitrogen: 17.0 mg/dL; Calcium: 9.52 mg/dL; Sodium: 140.0 mmol/L; Potassium: 4.04 mmol/L. Immunizations: Influenza seasonal injectable preservative free.",1
e27e1dec-5537-4adc-a238-54c40ff5fc77,"Demographics: born 1973-02-15, gender M, race white, ethnicity irish. Encounters: Encounter for symptom; Outpatient Encounter; Emergency room admission. Medications: Ibuprofen 200 MG Oral Tablet; Amoxicillin 250 MG / Clavulanate 125 MG [Augmentin]. Procedures: Suture open wound; Documentation of current medications. Observations: Body Height: 179.51 cm; Body Weight: 114.03 kg; Body Mass Index: 35.39 kg/m2; Systolic Blood Pressure: 127.0 mmHg; Diastolic Blood Pressure: 86.0 mmHg; Body Weight: 118.44 kg; Body Mass Index: 36.75 kg/m2; Systolic Blood Pressure: 114.0 mmHg; Diastolic Blood Pressure: 87.0 mmHg; Total Cholesterol: 171.0 mg/dL; Triglycerides: 127.0 mg/dL; Low Density Lipoprotein Cholesterol: 84.0 mg/dL; High Density Lipoprotein Cholesterol: 61.0 mg/dL; Body Weight: 122.0 kg; Body Mass Index: 37.86 kg/m2; Systolic Blood Pressure: 137.0 mmHg; Diastolic Blood Pressure: 73.0 mmHg. Immunizations: Influenza seasonal injectable preservative free; Td (adult) preservative free.",0
9c6ce2e7-f97c-4087-942c-7157c70c1b39,"Demographics: born 1985-04-14, gender M, race white, ethnicity italian. Encounters: Outpatient Encounter; Emergency room admission; Encounter for symptom. Medications: Naproxen sodium 220 MG Oral Tablet; Acetaminophen 160 MG. Procedures: Documentation of current medications. Observations: Body Height: 168.91 cm; Body Weight: 74.98 kg; Body Mass Index: 26.28 kg/m2; Systolic Blood Pressure: 196.0 mmHg; Diastolic Blood Pressure: 93.0 mmHg; Estimated Glomerular Filtration Rate: 60.0 mL/min/{1.73_m2}; Body Weight: 80.1 kg; Body Mass Index: 28.07 kg/m2; Systolic Blood Pressure: 142.0 mmHg; Diastolic Blood Pressure: 109.0 mmHg; Oral temperature: 38.0 Cel; Body Weight: 84.85 kg; Body Mass Index: 29.74 kg/m2; Systolic Blood Pressure: 161.0 mmHg; Diastolic Blood Pressure: 112.0 mmHg; Total Cholesterol: 176.0 mg/dL; Triglycerides: 112.0 mg/dL; Low Density Lipoprotein Cholesterol: 87.0 mg/dL; High Density Lipoprotein Cholesterol: 66.0 mg/dL. Immunizations: Influenza seasonal injectable preservative free; Td (adult) preservative free.",1
34ed85d0-37ae-4733-9492-b369e94b0703,"Demographics: born 1920-10-04, gender F, race asian, ethnicity asian_indian. Encounters: Death Certification. Medications: Penicillin V Potassium 500 MG. Observations: Stroke.",0
ac4a99d6-14c5-419f-a95b-d4e8418b3630,"Demographics: born 1937-09-27, gender M, race asian, ethnicity chinese. Encounters: Outpatient Encounter; Encounter for symptom; Encounter for 'check-up'; Emergency room admission. Medications: Penicillin V Potassium 250 MG; 24 HR Metformin hydrochloride 500 MG Extended Release Oral Tablet; insulin human isophane 70 UNT/ML / Regular Insulin Human 30 UNT/ML Injectable Suspension [Humulin]; Naproxen sodium 220 MG [Aleve]; Meperidine Hydrochloride 50 MG Oral Tablet; Ibuprofen 200 MG Oral Tablet. Procedures: Documentation of current medications; Colonoscopy; Bone immobilization; Bone density scan (procedure). Observations: Hemoglobin A1c/Hemoglobin.total in Blood: 2.1 %; Body Height: 190.18 cm; Body Weight: 91.02 kg; Body Mass Index: 25.16 kg/m2; Systolic Blood Pressure: 161.0 mmHg; Diastolic Blood Pressure: 109.0 mmHg; Glucose: 89.0 mg/dL; Urea Nitrogen: 19.0 mg/dL; Creatinine: 1.0 mg/dL; Calcium: 9.67 mg/dL; Sodium: 139.0 mmol/L; Potassium: 5.16 mmol/L; Chloride: 105.0 mmol/L; Carbon Dioxide: 27.0 mmol/L; Total Cholesterol: 186.0 mg/dL; Triglycerides: 149.0 mg/dL; Low Density Lipoprotein Cholesterol: 87.0 mg/dL; High Density Lipoprotein Cholesterol: 69.0 mg/dL; Microalbumin Creatine Ratio: 196.0 mg/g; Estimated Glomerular Filtration Rate: 60.0 mL/min/{1.73_m2}; Body Weight: 89.82 kg; Body Mass Index: 24.83 kg/m2; Systolic Blood Pressure: 184.0 mmHg; Diastolic Blood Pressure: 114.0 mmHg; Glucose: 100.0 mg/dL; Urea Nitrogen: 18.0 mg/dL; Calcium: 9.08 mg/dL; Sodium: 138.0 mmol/L; Potassium: 4.42 mmol/L; Chloride: 103.0 mmol/L; Carbon Dioxide: 23.0 mmol/L; Total Cholesterol: 192.0 mg/dL; Triglycerides: 125.0 mg/dL; Low Density Lipoprotein Cholesterol: 107.0 mg/dL; High Density Lipoprotein Cholesterol: 60.0 mg/dL; Microalbumin Creatine Ratio: 126.0 mg/g; Body Weight: 88.59 kg; Body Mass Index: 24.49 kg/m2; Systolic Blood Pressure: 143.0 mmHg; Diastolic Blood Pressure: 110.0 mmHg. Allergies: Dander (animal) allergy. Immunizations: Influenza seasonal injectable preservative free.",1
479946f6-bf42-400d-b7c0-662d74ff2743,"Demographics: born 1971-09-19, gender F, race white, ethnicity irish. Encounters: Prenatal visit; Obstetric emergency hospital admission; Outpatient Encounter; Emergency room admission; Prenatal initial visit; Encounter for symptom. Medications: Ibuprofen 200 MG Oral Tablet. Procedures: Episiotomy; Cesarean section; Documentation of current medications; Suture open wound; Standard pregnancy test. Observations: Hemoglobin A1c/Hemoglobin.total in Blood: 6.3 %; Body Height: 153.24 cm; Body Weight: 118.29 kg; Body Mass Index: 50.37 kg/m2; Systolic Blood Pressure: 114.0 mmHg; Diastolic Blood Pressure: 86.0 mmHg; Glucose: 77.0 mg/dL; Urea Nitrogen: 13.0 mg/dL; Creatinine: 1.0 mg/dL; Calcium: 8.73 mg/dL; Sodium: 139.0 mmol/L; Potassium: 4.55 mmol/L; Chloride: 108.0 mmol/L; Carbon Dioxide: 22.0 mmol/L; Total Cholesterol: 160.0 mg/dL; Triglycerides: 122.0 mg/dL; Low Density Lipoprotein Cholesterol: 67.0 mg/dL; High Density Lipoprotein Cholesterol: 68.0 mg/dL; Hemoglobin A1c/Hemoglobin.total in Blood: 6.0 %; Body Weight: 122.79 kg; Body Mass Index: 52.29 kg/m2; Systolic Blood Pressure: 134.0 mmHg; Diastolic Blood Pressure: 80.0 mmHg; Glucose: 75.0 mg/dL; Calcium: 9.93 mg/dL; Sodium: 143.0 mmol/L; Potassium: 4.46 mmol/L; Chloride: 109.0 mmol/L; Carbon Dioxide: 25.0 mmol/L; Total Cholesterol: 195.0 mg/dL; Triglycerides: 125.0 mg/dL; Low Density Lipoprotein Cholesterol: 100.0 mg/dL; High Density Lipoprotein Cholesterol: 70.0 mg/dL; Hemoglobin A1c/Hemoglobin.total in Blood: 5.9 %; Body Weight: 125.74 kg; Body Mass Index: 53.55 kg/m2; Systolic Blood Pressure: 138.0 mmHg; Glucose: 65.0 mg/dL; Urea Nitrogen: 14.0 mg/dL; Calcium: 8.74 mg/dL. Immunizations: Influenza seasonal injectable preservative free; Td (adult) preservative free.",0
5d6102a7-620c-4154-acbc-e9ed56be8017,"Demographics: born 1968-01-26, gender F, race white, ethnicity irish. Encounters: Outpatient Encounter; Encounter for symptom; Emergency room admission; Encounter for 'check-up'. Medications: Hydrocortisone 10 MG/ML Topical Cream; Astemizole 10 MG Oral Tablet; 0.3 ML EPINEPHrine 0.5 MG/ML Auto-Injector; Acetaminophen 325 MG / oxyCODONE Hydrochloride 5 MG Oral Tablet; Naproxen sodium 220 MG Oral Tablet. Procedures: Documentation of current medications; Bone immobilization. Observations: Body Height: 153.89 cm; Body Weight: 104.08 kg; Body Mass Index: 43.95 kg/m2; Systolic Blood Pressure: 160.0 mmHg; Diastolic Blood Pressure: 114.0 mmHg; Estimated Glomerular Filtration Rate: 60.0 mL/min/{1.73_m2}; Hemoglobin A1c/Hemoglobin.total in Blood: 6.0 %; Body Weight: 107.51 kg; Body Mass Index: 45.4 kg/m2; Systolic Blood Pressure: 170.0 mmHg; Diastolic Blood Pressure: 95.0 mmHg; Glucose: 100.0 mg/dL; Urea Nitrogen: 20.0 mg/dL; Creatinine: 1.0 mg/dL; Calcium: 8.58 mg/dL; Sodium: 137.0 mmol/L; Potassium: 4.08 mmol/L; Chloride: 102.0 mmol/L; Carbon Dioxide: 24.0 mmol/L; Total Cholesterol: 173.0 mg/dL; Triglycerides: 123.0 mg/dL; Low Density Lipoprotein Cholesterol: 88.0 mg/dL; High Density Lipoprotein Cholesterol: 60.0 mg/dL; Oral temperature: 38.0 Cel; Body Weight: 110.48 kg; Body Mass Index: 46.65 kg/m2; Systolic Blood Pressure: 150.0 mmHg; Diastolic Blood Pressure: 119.0 mmHg; Glucose: 92.0 mg/dL; Urea Nitrogen: 16.0 mg/dL; Calcium: 9.63 mg/dL; Potassium: 4.53 mmol/L; Chloride: 107.0 mmol/L; Carbon Dioxide: 22.0 mmol/L; Body Weight: 111.7 kg; Body Mass Index: 47.17 kg/m2; Systolic Blood Pressure: 195.0 mmHg; Glucose: 83.0 mg/dL; Calcium: 8.89 mg/dL; Sodium: 140.0 mmol/L. Immunizations: Influenza seasonal injectable preservative free; Td (adult) preservative free.",1
d8a17651-3a2d-4f49-b901-b713e41e707f,"Demographics: born 1995-03-20, gender M, race white, ethnicity irish. Encounters: Outpatient Encounter; Encounter for symptom. Medications: Penicillin V Potassium 250 MG; Acetaminophen 160 MG. Procedures: Measurement of respiratory function (procedure). Observations: Body Height: 177.22 cm; Body Weight: 63.6 kg; Body Mass Index: 20.25 kg/m2; Systolic Blood Pressure: 121.0 mmHg; Diastolic Blood Pressure: 77.0 mmHg; Oral temperature: 38.39 Cel; Body Height: 180.1 cm; Body Weight: 68.46 kg; Body Mass Index: 21.11 kg/m2; Systolic Blood Pressure: 136.0 mmHg; Diastolic Blood Pressure: 81.0 mmHg; Body Height: 181.29 cm; Body Weight: 71.6 kg; Body Mass Index: 21.79 kg/m2; Diastolic Blood Pressure: 79.0 mmHg; Body Height: 181.96 cm; Body Weight: 74.09 kg; Body Mass Index: 22.38 kg/m2; Diastolic Blood Pressure: 73.0 mmHg; Body Height: 182.28 cm; Body Weight: 75.68 kg; Body Mass Index: 22.78 kg/m2; Systolic Blood Pressure: 114.0 mmHg; Diastolic Blood Pressure: 87.0 mmHg; Body Height: 182.49 cm; Body Weight: 78.89 kg; Body Mass Index: 23.69 kg/m2; Systolic Blood Pressure: 100.0 mmHg. Immunizations: Influenza seasonal injectable preservative free; meningococcal MCV4P.",0
9bb81de0-2632-4c7c-8897-f9b26484aa2d,"Demographics: born 1946-12-07, gender F, race white, ethnicity italian. Encounters: Outpatient Encounter; Encounter for symptom; Patient encounter procedure; Emergency room admission; Encounter for 'check-up'. Medications: Amoxicillin 250 MG / Clavulanate 125 MG [Augmentin]; Dextromethorphan Hydrobromide 1 MG/ML; Meperidine Hydrochloride 50 MG Oral Tablet; Ibuprofen 200 MG Oral Tablet. Procedures: Replacement of contraceptive intrauterine device; Documentation of current medications; Measurement of respiratory function (procedure); Admission to orthopedic department; Bone density scan (procedure). Observations: Hemoglobin A1c/Hemoglobin.total in Blood: 5.9 %; Body Height: 166.61 cm; Body Weight: 95.23 kg; Body Mass Index: 34.31 kg/m2; Systolic Blood Pressure: 197.0 mmHg; Diastolic Blood Pressure: 103.0 mmHg; Glucose: 80.0 mg/dL; Urea Nitrogen: 19.0 mg/dL; Creatinine: 1.0 mg/dL; Calcium: 9.25 mg/dL; Sodium: 144.0 mmol/L; Potassium: 4.5 mmol/L; Chloride: 109.0 mmol/L; Carbon Dioxide: 22.0 mmol/L; Estimated Glomerular Filtration Rate: 60.0 mL/min/{1.73_m2}; Body Weight: 93.79 kg; Body Mass Index: 33.79 kg/m2; Systolic Blood Pressure: 184.0 mmHg; Glucose: 71.0 mg/dL; Urea Nitrogen: 14.0 mg/dL; Calcium: 9.23 mg/dL; Sodium: 136.0 mmol/L; Potassium: 5.07 mmol/L; Chloride: 103.0 mmol/L; Carbon Dioxide: 21.0 mmol/L; Total Cholesterol: 195.0 mg/dL; Triglycerides: 140.0 mg/dL; Low Density Lipoprotein Cholesterol: 98.0 mg/dL; High Density Lipoprotein Cholesterol: 69.0 mg/dL; Hemoglobin A1c/Hemoglobin.total in Blood: 6.3 %; Body Weight: 91.95 kg; Body Mass Index: 33.12 kg/m2; Systolic Blood Pressure: 187.0 mmHg; Diastolic Blood Pressure: 119.0 mmHg; Glucose: 82.0 mg/dL; Sodium: 143.0 mmol/L; Potassium: 4.22 mmol/L; Chloride: 104.0 mmol/L; Body Weight: 90.04 kg; Body Mass Index: 32.44 kg/m2. Immunizations: Influenza seasonal injectable preservative free; Pneumococcal conjugate PCV 13; pneumococcal polysaccharide vaccine 23 valent.",1
6008b50f-f5d6-4291-bece-5a47dd378d4b,"Demographics: born 1963-12-05, gender M, race white, ethnicity irish. Encounters: Outpatient Encounter; Emergency room admission; Encounter for problem; Death Certification; Encounter for symptom. Medications: diphenhydrAMINE Hydrochloride 25 MG Oral Tablet; Penicillin V Potassium 250 MG; Insulin Lispro 100 UNT/ML Injectable Solution [Humalog]; Cisplatin 50 MG Injection; PACLitaxel 100 MG Injection. Procedures: Documentation of current medications; Plain chest X-ray (procedure); Computed tomography of chest and abdomen; Thoracentesis (procedure); Magnetic resonance imaging for measurement of brain volume (procedure); Combined chemotherapy and radiation therapy (procedure). Observations: Hemoglobin A1c/Hemoglobin.total in Blood: 3.3 %; Body Height: 172.86 cm; Body Weight: 111.33 kg; Body Mass Index: 37.26 kg/m2; Systolic Blood Pressure: 155.0 mmHg; Diastolic Blood Pressure: 112.0 mmHg; Glucose: 64.0 mg/dL; Urea Nitrogen: 10.0 mg/dL; Creatinine: 1.0 mg/dL; Calcium: 9.81 mg/dL; Sodium: 139.0 mmol/L; Potassium: 5.17 mmol/L; Chloride: 109.0 mmol/L; Carbon Dioxide: 29.0 mmol/L; Total Cholesterol: 182.0 mg/dL; Triglycerides: 147.0 mg/dL; Low Density Lipoprotein Cholesterol: 73.0 mg/dL; High Density Lipoprotein Cholesterol: 79.0 mg/dL; Microalbumin Creatine Ratio: 20.0 mg/g; Estimated Glomerular Filtration Rate: 60.0 mL/min/{1.73_m2}; Non-small cell lung cancer (disorder); Oral temperature: 38.0 Cel; Hemoglobin A1c/Hemoglobin.total in Blood: 3.4 %; Body Weight: 112.57 kg; Body Mass Index: 37.68 kg/m2; Systolic Blood Pressure: 147.0 mmHg; Diastolic Blood Pressure: 113.0 mmHg; Glucose: 79.0 mg/dL; Calcium: 9.78 mg/dL; Sodium: 138.0 mmol/L; Potassium: 4.3 mmol/L; Chloride: 110.0 mmol/L; Carbon Dioxide: 22.0 mmol/L; Total Cholesterol: 168.0 mg/dL; Triglycerides: 148.0 mg/dL; High Density Lipoprotein Cholesterol: 65.0 mg/dL; Microalbumin Creatine Ratio: 27.0 mg/g; Hemoglobin A1c/Hemoglobin.total in Blood: 3.6 %; Body Weight: 115.29 kg; Body Mass Index: 38.59 kg/m2. Allergies: Allergy to bee venom; Latex allergy. Immunizations: Influenza seasonal injectable preservative free.",1
ba3321b2-49b5-4f07-9548-2959a1d32d33,"Demographics: born 1919-10-19, gender M, race white, ethnicity swedish.",0
a8f8e733-d39c-4d1e-a3e2-6a7ec583a413,"Demographics: born 1973-10-23, gender F, race asian, ethnicity asian_indian. Encounters: Outpatient Encounter; Domiciliary or rest home patient evaluation and management; Encounter for symptom; Patient encounter procedure. Medications: Penicillin V Potassium 250 MG; Penicillin V Potassium 500 MG; Implanon 68 MG Drug Implant; Fluticasone propionate 0.25 MG/ACTUAT / salmeterol 0.05 MG/ACTUAT [Advair]. Procedures: Spirometry (procedure); Documentation of current medications; Information gathering (procedure); Replacement of subcutaneous contraceptive; Pulmonary rehabilitation (regime/therapy). Observations: FEV1/​FVC: 28.0 %; Body Height: 155.83 cm; Body Weight: 82.49 kg; Body Mass Index: 33.97 kg/m2; Systolic Blood Pressure: 134.0 mmHg; Diastolic Blood Pressure: 80.0 mmHg; Total Cholesterol: 169.0 mg/dL; Triglycerides: 112.0 mg/dL; Low Density Lipoprotein Cholesterol: 83.0 mg/dL; High Density Lipoprotein Cholesterol: 63.0 mg/dL; Sexual orientation: heterosexual {nominal}; HIV status: not HIV positive {nominal}; Abuse Status [OMAHA]: Severe signs/symptoms {nominal}; Housing status: Patient is homeless {nominal}; Are you covered by health insurance or some other kind of health care plan [PhenX]: No {nominal}; History of Hospitalizations+​Outpatient visits: 7.0 {count}; Oral temperature: 37.0 Cel; FEV1/​FVC: 12.0 %; Body Weight: 86.22 kg; Body Mass Index: 35.51 kg/m2; Systolic Blood Pressure: 121.0 mmHg; Diastolic Blood Pressure: 86.0 mmHg; Total Cholesterol: 170.0 mg/dL; Triglycerides: 149.0 mg/dL; Low Density Lipoprotein Cholesterol: 70.0 mg/dL; High Density Lipoprotein Cholesterol: 70.0 mg/dL; FEV1/​FVC: 13.0 %; Body Weight: 90.33 kg; Body Mass Index: 37.2 kg/m2; Systolic Blood Pressure: 120.0 mmHg; Diastolic Blood Pressure: 71.0 mmHg; Total Cholesterol: 163.0 mg/dL; Triglycerides: 105.0 mg/dL; High Density Lipoprotein Cholesterol: 72.0 mg/dL. Immunizations: Influenza seasonal injectable preservative free; Td (adult) preservative free.",0
f819dda2-97b9-4e89-8ed0-ac80ce05780e,"Demographics: born 1973-06-09, gender M, race white, ethnicity english. Encounters: Encounter for symptom; Outpatient Encounter. Medications: Penicillin V Potassium 250 MG. Procedures: Documentation of current medications. Observations: Body Height: 177.69 cm; Body Weight: 100.29 kg; Body Mass Index: 31.76 kg/m2; Systolic Blood Pressure: 135.0 mmHg; Diastolic Blood Pressure: 81.0 mmHg; Total Cholesterol: 194.0 mg/dL; Triglycerides: 139.0 mg/dL; Low Density Lipoprotein Cholesterol: 105.0 mg/dL; High Density Lipoprotein Cholesterol: 61.0 mg/dL; Body Weight: 105.66 kg; Body Mass Index: 33.46 kg/m2; Systolic Blood Pressure: 105.0 mmHg; Diastolic Blood Pressure: 73.0 mmHg; Body Weight: 108.38 kg; Body Mass Index: 34.32 kg/m2; Systolic Blood Pressure: 114.0 mmHg; Diastolic Blood Pressure: 84.0 mmHg; Total Cholesterol: 181.0 mg/dL; Triglycerides: 112.0 mg/dL; Low Density Lipoprotein Cholesterol: 85.0 mg/dL; High Density Lipoprotein Cholesterol: 73.0 mg/dL. Immunizations: Influenza seasonal injectable preservative free; Td (adult) preservative free.",0
6bc86ff8-f016-467c-8d84-97c3bb3d6858,"Demographics: born 1943-09-29, gender M, race white, ethnicity english. Encounters: Outpatient Encounter; Encounter for symptom. Medications: Alendronic acid 10 MG [Fosamax]; Clopidogrel 75 MG Oral Tablet; Simvastatin 20 MG Oral Tablet; Amlodipine 5 MG Oral Tablet; Nitroglycerin 0.4 MG/ACTUAT [Nitrolingual]. Procedures: Documentation of current medications. Observations: Hemoglobin A1c/Hemoglobin.total in Blood: 6.2 %; Body Height: 183.67 cm; Body Weight: 98.48 kg; Body Mass Index: 29.19 kg/m2; Systolic Blood Pressure: 164.0 mmHg; Diastolic Blood Pressure: 109.0 mmHg; Glucose: 85.0 mg/dL; Urea Nitrogen: 13.0 mg/dL; Creatinine: 1.0 mg/dL; Calcium: 9.37 mg/dL; Sodium: 137.0 mmol/L; Potassium: 3.89 mmol/L; Chloride: 102.0 mmol/L; Carbon Dioxide: 21.0 mmol/L; Total Cholesterol: 179.0 mg/dL; Triglycerides: 120.0 mg/dL; Low Density Lipoprotein Cholesterol: 82.0 mg/dL; High Density Lipoprotein Cholesterol: 73.0 mg/dL; Estimated Glomerular Filtration Rate: 60.0 mL/min/{1.73_m2}; Hemoglobin A1c/Hemoglobin.total in Blood: 6.0 %; Body Weight: 97.39 kg; Body Mass Index: 28.87 kg/m2; Diastolic Blood Pressure: 96.0 mmHg; Glucose: 97.0 mg/dL; Calcium: 10.14 mg/dL; Potassium: 3.73 mmol/L; Chloride: 106.0 mmol/L; Carbon Dioxide: 28.0 mmol/L; Hemoglobin A1c/Hemoglobin.total in Blood: 6.1 %; Body Weight: 96.01 kg; Body Mass Index: 28.46 kg/m2; Diastolic Blood Pressure: 115.0 mmHg; Glucose: 65.0 mg/dL; Urea Nitrogen: 16.0 mg/dL; Calcium: 9.88 mg/dL; Sodium: 139.0 mmol/L; Potassium: 4.91 mmol/L; Chloride: 108.0 mmol/L; Carbon Dioxide: 27.0 mmol/L; Hemoglobin A1c/Hemoglobin.total in Blood: 5.9 %. Immunizations: Pneumococcal conjugate PCV 13; Influenza seasonal injectable preservative free; pneumococcal polysaccharide vaccine 23 valent; Td (adult) preservative free.",1
9b20aaa8-1ffb-40e2-b111-96f3283829ae,"Demographics: born 1961-04-25, gender F, race asian, ethnicity chinese. Encounters: Outpatient Encounter; Encounter for 'check-up'; Encounter for symptom. Medications: diphenhydrAMINE Hydrochloride 25 MG Oral Tablet; Penicillin V Potassium 500 MG; 24 HR Metformin hydrochloride 500 MG Extended Release Oral Tablet; 3 ML liraglutide 6 MG/ML Pen Injector; Fluticasone propionate 0.25 MG/ACTUAT / salmeterol 0.05 MG/ACTUAT [Advair]. Procedures: Spirometry (procedure); Documentation of current medications; Colonoscopy. Observations: FEV1/​FVC: 71.0 %; Hemoglobin A1c/Hemoglobin.total in Blood: 10.0 %; Body Height: 151.11 cm; Body Weight: 134.69 kg; Body Mass Index: 58.99 kg/m2; Systolic Blood Pressure: 173.0 mmHg; Diastolic Blood Pressure: 117.0 mmHg; Glucose: 136.0 mg/dL; Urea Nitrogen: 8.0 mg/dL; Creatinine: 1.0 mg/dL; Calcium: 10.11 mg/dL; Sodium: 136.0 mmol/L; Potassium: 4.87 mmol/L; Chloride: 104.0 mmol/L; Carbon Dioxide: 20.0 mmol/L; Total Cholesterol: 272.0 mg/dL; Triglycerides: 522.0 mg/dL; Low Density Lipoprotein Cholesterol: 148.0 mg/dL; High Density Lipoprotein Cholesterol: 19.0 mg/dL; Microalbumin Creatine Ratio: 1.0 mg/g; Estimated Glomerular Filtration Rate: 60.0 mL/min/{1.73_m2}; FEV1/​FVC: 59.0 %; Systolic Blood Pressure: 142.0 mmHg; Diastolic Blood Pressure: 103.0 mmHg; Glucose: 192.0 mg/dL; Urea Nitrogen: 18.0 mg/dL; Calcium: 9.45 mg/dL; Sodium: 137.0 mmol/L; Potassium: 4.44 mmol/L; Chloride: 101.0 mmol/L; Carbon Dioxide: 21.0 mmol/L; Triglycerides: 536.0 mg/dL; Low Density Lipoprotein Cholesterol: 154.0 mg/dL; High Density Lipoprotein Cholesterol: 10.0 mg/dL; Microalbumin Creatine Ratio: 17.0 mg/g; FEV1/​FVC: 53.0 %; Systolic Blood Pressure: 164.0 mmHg; Diastolic Blood Pressure: 115.0 mmHg; Glucose: 163.0 mg/dL; Urea Nitrogen: 19.0 mg/dL. Immunizations: Influenza seasonal injectable preservative free; Td (adult) preservative free.",1
ca91d3e1-8454-47a0-97a3-ef205c06aefd,"Demographics: born 2007-04-12, gender F, race white, ethnicity french. Encounters: Outpatient Encounter; Encounter for symptom; Emergency room admission. Medications: Penicillin V Potassium 250 MG; Acetaminophen 160 MG Oral Tablet. Procedures: Throat culture (procedure); Documentation of current medications. Observations: Body Height: 101.94 cm; Body Weight: 14.39 kg; Body Mass Index: 13.84 kg/m2; Systolic Blood Pressure: 113.0 mmHg; Diastolic Blood Pressure: 89.0 mmHg; Oral temperature: 38.0 Cel; Body Height: 109.59 cm; Body Weight: 16.42 kg; Body Mass Index: 13.67 kg/m2; Diastolic Blood Pressure: 82.0 mmHg; Body Height: 117.38 cm; Body Weight: 18.66 kg; Body Mass Index: 13.54 kg/m2; Systolic Blood Pressure: 111.0 mmHg; Body Height: 124.56 cm; Body Weight: 20.86 kg; Body Mass Index: 13.45 kg/m2; Systolic Blood Pressure: 126.0 mmHg; Diastolic Blood Pressure: 78.0 mmHg; Body Height: 133.16 cm; Body Weight: 23.97 kg; Body Mass Index: 13.52 kg/m2; Systolic Blood Pressure: 118.0 mmHg; Diastolic Blood Pressure: 85.0 mmHg; Body Height: 139.14 cm; Body Weight: 26.8 kg; Systolic Blood Pressure: 112.0 mmHg; Diastolic Blood Pressure: 87.0 mmHg; Body Height: 145.01 cm; Body Weight: 30.4 kg; Body Mass Index: 14.46 kg/m2; Systolic Blood Pressure: 100.0 mmHg; Body Height: 150.42 cm; Body Weight: 34.19 kg; Body Mass Index: 15.11 kg/m2; Systolic Blood Pressure: 109.0 mmHg. Immunizations: Pneumococcal conjugate PCV 13; DTaP; IPV; Influenza seasonal injectable preservative free; MMR; varicella.",0
3baa2944-7993-4d20-a0dc-e9b9feae5045,"Demographics: born 1937-09-03, gender F, race white, ethnicity french.",0
f5216ac4-ed5f-4334-9093-cdc630583d14,"Demographics: born 1967-01-06, gender F, race hispanic, ethnicity puerto_rican. Encounters: Outpatient Encounter; Emergency room admission; Encounter for 'check-up'. Medications: Ibuprofen 200 MG Oral Tablet. Procedures: Documentation of current medications; Colonoscopy. Observations: Hemoglobin A1c/Hemoglobin.total in Blood: 6.3 %; Body Height: 169.33 cm; Body Weight: 92.76 kg; Body Mass Index: 32.35 kg/m2; Systolic Blood Pressure: 170.0 mmHg; Diastolic Blood Pressure: 95.0 mmHg; Glucose: 92.0 mg/dL; Urea Nitrogen: 16.0 mg/dL; Creatinine: 1.0 mg/dL; Calcium: 9.05 mg/dL; Sodium: 144.0 mmol/L; Potassium: 4.44 mmol/L; Chloride: 102.0 mmol/L; Carbon Dioxide: 24.0 mmol/L; Estimated Glomerular Filtration Rate: 60.0 mL/min/{1.73_m2}; Hemoglobin A1c/Hemoglobin.total in Blood: 6.4 %; Body Weight: 95.97 kg; Body Mass Index: 33.47 kg/m2; Systolic Blood Pressure: 195.0 mmHg; Diastolic Blood Pressure: 103.0 mmHg; Glucose: 67.0 mg/dL; Urea Nitrogen: 9.0 mg/dL; Calcium: 8.58 mg/dL; Sodium: 137.0 mmol/L; Potassium: 3.96 mmol/L; Chloride: 101.0 mmol/L; Carbon Dioxide: 22.0 mmol/L; Total Cholesterol: 188.0 mg/dL; Triglycerides: 125.0 mg/dL; Low Density Lipoprotein Cholesterol: 86.0 mg/dL; High Density Lipoprotein Cholesterol: 77.0 mg/dL; Hemoglobin A1c/Hemoglobin.total in Blood: 5.8 %; Body Weight: 97.74 kg; Body Mass Index: 34.09 kg/m2; Systolic Blood Pressure: 157.0 mmHg; Diastolic Blood Pressure: 115.0 mmHg; Glucose: 72.0 mg/dL; Urea Nitrogen: 7.0 mg/dL; Calcium: 8.74 mg/dL; Sodium: 141.0 mmol/L. Immunizations: Influenza seasonal injectable preservative free.",1
44b53575-fdb9-4ced-ad18-25e201b5c434,"Demographics: born 2009-01-19, gender M, race white, ethnicity english. Encounters: Outpatient Encounter; Encounter for symptom; Emergency room admission; Encounter for 'check-up'. Medications: Amoxicillin 200 MG Oral Tablet; Acetaminophen 160 MG Oral Tablet. Procedures: Documentation of current medications. Observations: Body Height: 80.09 cm; Body Weight: 11.76 kg; Systolic Blood Pressure: 112.0 mmHg; Diastolic Blood Pressure: 83.0 mmHg; Body Height: 82.83 cm; Body Weight: 12.29 kg; Systolic Blood Pressure: 136.0 mmHg; Diastolic Blood Pressure: 84.0 mmHg; Body Height: 87.63 cm; Body Weight: 13.32 kg; Body Mass Index: 17.34 kg/m2; Diastolic Blood Pressure: 87.0 mmHg; Body Height: 91.75 cm; Body Weight: 14.15 kg; Body Mass Index: 16.81 kg/m2; Systolic Blood Pressure: 118.0 mmHg; Diastolic Blood Pressure: 88.0 mmHg; Body Height: 96.11 cm; Body Weight: 15.2 kg; Body Mass Index: 16.46 kg/m2; Systolic Blood Pressure: 107.0 mmHg; Diastolic Blood Pressure: 82.0 mmHg; Body Height: 102.91 cm; Body Weight: 17.26 kg; Body Mass Index: 16.3 kg/m2; Systolic Blood Pressure: 115.0 mmHg; Diastolic Blood Pressure: 72.0 mmHg; Body Height: 109.31 cm; Body Weight: 19.54 kg; Body Mass Index: 16.35 kg/m2; Systolic Blood Pressure: 129.0 mmHg; Diastolic Blood Pressure: 77.0 mmHg; Body Height: 116.12 cm; Body Weight: 22.12 kg; Body Mass Index: 16.4 kg/m2; Body Height: 122.26 cm; Body Weight: 24.63 kg; Body Mass Index: 16.48 kg/m2. Immunizations: DTaP; Pneumococcal conjugate PCV 13; Influenza seasonal injectable preservative free; Hep A ped/adol 2 dose; IPV; MMR; varicella.",0
3ca32401-a5b4-4fa5-91bc-dc8fd888580d,"Demographics: born 1958-04-08, gender M, race hispanic, ethnicity puerto_rican. Encounters: Outpatient Encounter; Encounter for 'check-up'. Medications: Penicillin V Potassium 250 MG; Penicillin V Potassium 500 MG; 24 HR Metformin hydrochloride 500 MG Extended Release Oral Tablet; insulin human isophane 70 UNT/ML / Regular Insulin Human 30 UNT/ML Injectable Suspension [Humulin]. Procedures: Documentation of current medications; Colonoscopy. Observations: Hemoglobin A1c/Hemoglobin.total in Blood: 4.3 %; Body Height: 180.42 cm; Body Weight: 114.62 kg; Body Mass Index: 35.21 kg/m2; Systolic Blood Pressure: 151.0 mmHg; Diastolic Blood Pressure: 103.0 mmHg; Glucose: 101.0 mg/dL; Urea Nitrogen: 15.0 mg/dL; Creatinine: 1.0 mg/dL; Calcium: 8.76 mg/dL; Sodium: 140.0 mmol/L; Potassium: 4.38 mmol/L; Chloride: 110.0 mmol/L; Carbon Dioxide: 28.0 mmol/L; Total Cholesterol: 232.0 mg/dL; Triglycerides: 184.0 mg/dL; Low Density Lipoprotein Cholesterol: 144.0 mg/dL; High Density Lipoprotein Cholesterol: 51.0 mg/dL; Microalbumin Creatine Ratio: 8.0 mg/g; Estimated Glomerular Filtration Rate: 60.0 mL/min/{1.73_m2}; Systolic Blood Pressure: 190.0 mmHg; Diastolic Blood Pressure: 92.0 mmHg; Glucose: 115.0 mg/dL; Urea Nitrogen: 12.0 mg/dL; Calcium: 10.08 mg/dL; Sodium: 141.0 mmol/L; Potassium: 4.25 mmol/L; Chloride: 106.0 mmol/L; Total Cholesterol: 202.0 mg/dL; Triglycerides: 178.0 mg/dL; Low Density Lipoprotein Cholesterol: 124.0 mg/dL; High Density Lipoprotein Cholesterol: 42.0 mg/dL; Microalbumin Creatine Ratio: 14.0 mg/g; Systolic Blood Pressure: 148.0 mmHg; Diastolic Blood Pressure: 96.0 mmHg; Glucose: 119.0 mg/dL; Urea Nitrogen: 13.0 mg/dL; Calcium: 9.96 mg/dL; Sodium: 138.0 mmol/L; Potassium: 4.5 mmol/L. Immunizations: Influenza seasonal injectable preservative free.",1
e2614592-32c2-4ce5-936a-035ec99f7b4b,"Demographics: born 1936-06-08, gender M, race black, ethnicity african. Encounters: Death Certification. Medications: Penicillin V Potassium 500 MG; Nitroglycerin 0.4 MG/ACTUAT [Nitrolingual]; 24 HR Metformin hydrochloride 500 MG Extended Release Oral Tablet. Observations: Myocardial Infarction.",1
53308c6e-3a2c-463e-a6f0-e3d63da5c1a3,"Demographics: born 1985-04-24, gender M, race white, ethnicity irish. Encounters: Outpatient Encounter. Observations: Body Height: 181.66 cm; Body Weight: 85.7 kg; Body Mass Index: 25.97 kg/m2; Systolic Blood Pressure: 188.0 mmHg; Diastolic Blood Pressure: 92.0 mmHg; Estimated Glomerular Filtration Rate: 60.0 mL/min/{1.73_m2}; Body Weight: 89.58 kg; Body Mass Index: 27.14 kg/m2; Systolic Blood Pressure: 185.0 mmHg; Diastolic Blood Pressure: 99.0 mmHg; Total Cholesterol: 181.0 mg/dL; Triglycerides: 147.0 mg/dL; Low Density Lipoprotein Cholesterol: 85.0 mg/dL; High Density Lipoprotein Cholesterol: 66.0 mg/dL. Immunizations: Influenza seasonal injectable preservative free.",1
e41c2cc3-44ff-4067-a8de-bafd8c8e28fa,"Demographics: born 1983-11-02, gender F, race white, ethnicity irish. Encounters: Patient encounter procedure; Prenatal initial visit; Prenatal visit; Consultation for treatment; Outpatient Encounter; Encounter for symptom; Emergency room admission; Encounter for 'check-up'. Medications: 1 ML Depo-Provera 150 MG/ML Injection; Cefuroxime 250 MG Oral Tablet; Acetaminophen 325 MG / oxyCODONE Hydrochloride 5 MG Oral Tablet; Naproxen sodium 220 MG Oral Tablet. Procedures: Intramuscular injection; Standard pregnancy test; Throat culture (procedure). Observations: Body Height: 164.59 cm; Body Weight: 73.34 kg; Body Mass Index: 27.07 kg/m2; Systolic Blood Pressure: 144.0 mmHg; Diastolic Blood Pressure: 98.0 mmHg; Estimated Glomerular Filtration Rate: 60.0 mL/min/{1.73_m2}; Oral temperature: 37.0 Cel; Body Weight: 77.75 kg; Body Mass Index: 28.7 kg/m2; Systolic Blood Pressure: 140.0 mmHg; Diastolic Blood Pressure: 99.0 mmHg; Total Cholesterol: 183.0 mg/dL; Triglycerides: 119.0 mg/dL; Low Density Lipoprotein Cholesterol: 97.0 mg/dL; High Density Lipoprotein Cholesterol: 62.0 mg/dL. Immunizations: Influenza seasonal injectable preservative free; Td (adult) preservative free.",1
6b098be3-9131-4129-bfe9-5aca736ec669,"Demographics: born 1963-03-01, gender M, race white, ethnicity polish. Encounters: Drug addiction therapy; Outpatient Encounter; Encounter for symptom; Encounter for 'check-up'; Emergency room admission. Medications: Hydrocortisone 10 MG/ML Topical Cream; Terfenadine 60 MG Oral Tablet; Acetaminophen 160 MG; Naproxen sodium 220 MG Oral Tablet. Procedures: Documentation of current medications; Measurement of respiratory function (procedure); Colonoscopy; Bone immobilization; Bone density scan (procedure). Observations: Body Height: 176.14 cm; Body Weight: 107.94 kg; Body Mass Index: 34.79 kg/m2; Systolic Blood Pressure: 194.0 mmHg; Diastolic Blood Pressure: 114.0 mmHg; Total Cholesterol: 195.0 mg/dL; Triglycerides: 120.0 mg/dL; Low Density Lipoprotein Cholesterol: 97.0 mg/dL; High Density Lipoprotein Cholesterol: 74.0 mg/dL; Estimated Glomerular Filtration Rate: 60.0 mL/min/{1.73_m2}; Oral temperature: 37.0 Cel; Body Weight: 109.33 kg; Body Mass Index: 35.24 kg/m2; Systolic Blood Pressure: 167.0 mmHg; Diastolic Blood Pressure: 107.0 mmHg; Systolic Blood Pressure: 141.0 mmHg; DXA [T-score] Bone density: 0.2 {T-score}; Systolic Blood Pressure: 199.0 mmHg; Diastolic Blood Pressure: 95.0 mmHg; Total Cholesterol: 200.0 mg/dL; Triglycerides: 124.0 mg/dL; Low Density Lipoprotein Cholesterol: 110.0 mg/dL; High Density Lipoprotein Cholesterol: 65.0 mg/dL; Diastolic Blood Pressure: 101.0 mmHg; Systolic Blood Pressure: 178.0 mmHg; Diastolic Blood Pressure: 115.0 mmHg. Immunizations: Influenza seasonal injectable preservative free; Td (adult) preservative free.",1
71e80ae1-63d4-4bd2-a712-75ce167eb9b4,"Demographics: born 1937-01-14, gender F, race white, ethnicity polish. Encounters: Encounter for symptom; Outpatient Encounter. Medications: Penicillin V Potassium 500 MG; Acetaminophen 160 MG. Procedures: Plain chest X-ray (procedure); Documentation of current medications; Throat culture (procedure). Observations: Hemoglobin A1c/Hemoglobin.total in Blood: 5.8 %; Body Height: 151.11 cm; Body Weight: 83.25 kg; Body Mass Index: 36.46 kg/m2; Systolic Blood Pressure: 186.0 mmHg; Diastolic Blood Pressure: 98.0 mmHg; Glucose: 78.0 mg/dL; Urea Nitrogen: 15.0 mg/dL; Creatinine: 1.0 mg/dL; Calcium: 8.92 mg/dL; Sodium: 140.0 mmol/L; Potassium: 4.49 mmol/L; Chloride: 102.0 mmol/L; Carbon Dioxide: 24.0 mmol/L; Total Cholesterol: 199.0 mg/dL; Triglycerides: 145.0 mg/dL; Low Density Lipoprotein Cholesterol: 96.0 mg/dL; High Density Lipoprotein Cholesterol: 74.0 mg/dL; Estimated Glomerular Filtration Rate: 60.0 mL/min/{1.73_m2}; Hemoglobin A1c/Hemoglobin.total in Blood: 6.0 %; Body Weight: 82.19 kg; Body Mass Index: 36.0 kg/m2; Systolic Blood Pressure: 193.0 mmHg; Diastolic Blood Pressure: 114.0 mmHg; Glucose: 85.0 mg/dL; Urea Nitrogen: 20.0 mg/dL; Sodium: 139.0 mmol/L; Potassium: 4.03 mmol/L; Chloride: 103.0 mmol/L; Carbon Dioxide: 21.0 mmol/L; Hemoglobin A1c/Hemoglobin.total in Blood: 6.2 %; Body Weight: 80.75 kg; Body Mass Index: 35.36 kg/m2; Systolic Blood Pressure: 174.0 mmHg; Diastolic Blood Pressure: 111.0 mmHg; Glucose: 65.0 mg/dL; Urea Nitrogen: 16.0 mg/dL; Calcium: 9.08 mg/dL; Sodium: 137.0 mmol/L; Potassium: 5.18 mmol/L. Immunizations: Influenza seasonal injectable preservative free.",1
84e0c1eb-46c0-49bf-89b9-5dd799828a84,"Demographics: born 1950-08-01, gender M, race black, ethnicity dominican. Encounters: Encounter for 'check-up'; Asthma follow-up; Outpatient Encounter. Medications: 120 ACTUAT Fluticasone propionate 0.044 MG/ACTUAT Metered Dose Inhaler; 200 ACTUAT Albuterol 0.09 MG/ACTUAT Metered Dose Inhaler; Fluticasone propionate 0.25 MG/ACTUAT / salmeterol 0.05 MG/ACTUAT [Advair]; Penicillin V Potassium 500 MG. Procedures: Colonoscopy; Spirometry (procedure); Pulmonary rehabilitation (regime/therapy); Documentation of current medications. Observations: FEV1/​FVC: 16.0 %; Hemoglobin A1c/Hemoglobin.total in Blood: 6.1 %; Body Height: 179.02 cm; Body Weight: 116.75 kg; Body Mass Index: 36.43 kg/m2; Systolic Blood Pressure: 144.0 mmHg; Diastolic Blood Pressure: 98.0 mmHg; Glucose: 97.0 mg/dL; Urea Nitrogen: 10.0 mg/dL; Creatinine: 1.0 mg/dL; Calcium: 10.1 mg/dL; Sodium: 138.0 mmol/L; Potassium: 4.23 mmol/L; Chloride: 107.0 mmol/L; Carbon Dioxide: 29.0 mmol/L; Estimated Glomerular Filtration Rate: 60.0 mL/min/{1.73_m2}; FEV1/​FVC: 22.0 %; Hemoglobin A1c/Hemoglobin.total in Blood: 6.4 %; Body Weight: 113.31 kg; Body Mass Index: 35.36 kg/m2; Systolic Blood Pressure: 176.0 mmHg; Diastolic Blood Pressure: 109.0 mmHg; Glucose: 70.0 mg/dL; Urea Nitrogen: 14.0 mg/dL; Calcium: 10.17 mg/dL; Sodium: 142.0 mmol/L; Potassium: 4.1 mmol/L; Chloride: 106.0 mmol/L; Carbon Dioxide: 21.0 mmol/L; FEV1/​FVC: 11.0 %; Hemoglobin A1c/Hemoglobin.total in Blood: 6.3 %; Body Weight: 111.51 kg; Body Mass Index: 34.79 kg/m2; Systolic Blood Pressure: 188.0 mmHg; Diastolic Blood Pressure: 103.0 mmHg; Glucose: 81.0 mg/dL; Calcium: 9.08 mg/dL; Sodium: 139.0 mmol/L; Potassium: 4.47 mmol/L; Chloride: 110.0 mmol/L. Allergies: Allergy to nut; Allergy to tree pollen; House dust mite allergy. Immunizations: Influenza seasonal injectable preservative free; zoster; Td (adult) preservative free; Pneumococcal conjugate PCV 13.",1
07aaa14f-a705-4e63-a785-27f250bd7f6f,"Demographics: born 1932-05-29, gender M, race asian, ethnicity asian_indian.",0
ebed9e30-8c87-4786-9d56-2af4de7db32d,"Demographics: born 2006-04-03, gender M, race white, ethnicity polish. Encounters: Outpatient Encounter; Emergency room admission; Encounter for 'check-up'; Encounter for symptom. Medications: Acetaminophen 160 MG Oral Tablet. Procedures: Documentation of current medications; Bone immobilization. Observations: Body Height: 105.85 cm; Body Weight: 21.32 kg; Body Mass Index: 19.03 kg/m2; Systolic Blood Pressure: 126.0 mmHg; Diastolic Blood Pressure: 71.0 mmHg; Body Height: 112.21 cm; Body Weight: 24.4 kg; Body Mass Index: 19.38 kg/m2; Systolic Blood Pressure: 130.0 mmHg; Diastolic Blood Pressure: 81.0 mmHg; Body Height: 119.51 cm; Body Weight: 28.26 kg; Body Mass Index: 19.79 kg/m2; Diastolic Blood Pressure: 83.0 mmHg; Body Height: 126.47 cm; Body Weight: 32.63 kg; Body Mass Index: 20.4 kg/m2; Systolic Blood Pressure: 127.0 mmHg; Diastolic Blood Pressure: 77.0 mmHg; Body Height: 131.88 cm; Body Weight: 37.01 kg; Body Mass Index: 21.28 kg/m2; Systolic Blood Pressure: 133.0 mmHg; Diastolic Blood Pressure: 70.0 mmHg; Body Height: 137.17 cm; Body Weight: 42.56 kg; Body Mass Index: 22.62 kg/m2; Systolic Blood Pressure: 131.0 mmHg; Diastolic Blood Pressure: 89.0 mmHg. Immunizations: DTaP; IPV; Influenza seasonal injectable preservative free; MMR; varicella.",0
56add18d-34d7-4686-8bb5-07268a621150,"Demographics: born 1987-08-05, gender M, race white, ethnicity french. Encounters: Asthma follow-up; Outpatient Encounter; Emergency room admission; Encounter for symptom. Medications: Terfenadine 60 MG Oral Tablet; 0.3 ML EPINEPHrine 0.5 MG/ML Auto-Injector; 120 ACTUAT Fluticasone propionate 0.044 MG/ACTUAT Metered Dose Inhaler; 200 ACTUAT Albuterol 0.09 MG/ACTUAT Metered Dose Inhaler; Acetaminophen 325 MG Oral Tablet; Acetaminophen 160 MG. Procedures: Suture open wound; Documentation of current medications. Observations: Body Height: 166.45 cm; Body Weight: 67.76 kg; Body Mass Index: 24.46 kg/m2; Systolic Blood Pressure: 127.0 mmHg; Diastolic Blood Pressure: 89.0 mmHg; Body Weight: 71.92 kg; Body Mass Index: 25.96 kg/m2; Systolic Blood Pressure: 121.0 mmHg; Diastolic Blood Pressure: 75.0 mmHg; Body Weight: 76.58 kg; Body Mass Index: 27.64 kg/m2; Diastolic Blood Pressure: 82.0 mmHg. Allergies: Allergy to nut; Shellfish allergy; Allergy to grass pollen; Dander (animal) allergy; House dust mite allergy; Allergy to mould. Immunizations: Influenza seasonal injectable preservative free; Td (adult) preservative free.",0
5ef9fd97-97a4-4eaf-81d9-779fa5f3c02d,"Demographics: born 1944-07-26, gender M, race hispanic, ethnicity puerto_rican. Encounters: Death Certification. Medications: Penicillin V Potassium 250 MG. Observations: Non-small cell lung cancer (disorder).",1
88b414cd-9fb0-4ddd-bd3a-0451602053b4,"Demographics: born 1954-11-21, gender F, race black, ethnicity west_indian. Encounters: Outpatient Encounter; Encounter for symptom; Emergency room admission; Encounter for 'check-up'. Medications: Penicillin V Potassium 250 MG; Naproxen sodium 220 MG Oral Tablet. Procedures: Documentation of current medications; Bone immobilization; Bone density scan (procedure); Colonoscopy. Observations: Hemoglobin A1c/Hemoglobin.total in Blood: 6.4 %; Body Height: 161.04 cm; Body Weight: 133.02 kg; Body Mass Index: 51.29 kg/m2; Systolic Blood Pressure: 102.0 mmHg; Diastolic Blood Pressure: 84.0 mmHg; Glucose: 96.0 mg/dL; Urea Nitrogen: 12.0 mg/dL; Creatinine: 1.0 mg/dL; Calcium: 9.17 mg/dL; Sodium: 144.0 mmol/L; Potassium: 4.98 mmol/L; Chloride: 110.0 mmol/L; Carbon Dioxide: 29.0 mmol/L; Hemoglobin A1c/Hemoglobin.total in Blood: 5.8 %; Systolic Blood Pressure: 136.0 mmHg; Diastolic Blood Pressure: 80.0 mmHg; Glucose: 89.0 mg/dL; Urea Nitrogen: 14.0 mg/dL; Calcium: 8.91 mg/dL; Potassium: 4.68 mmol/L; Chloride: 108.0 mmol/L; Carbon Dioxide: 24.0 mmol/L; Oral temperature: 37.0 Cel; Hemoglobin A1c/Hemoglobin.total in Blood: 6.2 %; Systolic Blood Pressure: 134.0 mmHg; Diastolic Blood Pressure: 76.0 mmHg; Glucose: 100.0 mg/dL; Urea Nitrogen: 11.0 mg/dL; Calcium: 9.7 mg/dL; Sodium: 139.0 mmol/L; Potassium: 4.55 mmol/L; Chloride: 105.0 mmol/L; Carbon Dioxide: 23.0 mmol/L; Total Cholesterol: 196.0 mg/dL; Triglycerides: 100.0 mg/dL; Low Density Lipoprotein Cholesterol: 107.0 mg/dL; High Density Lipoprotein Cholesterol: 69.0 mg/dL; Hemoglobin A1c/Hemoglobin.total in Blood: 5.9 %; Systolic Blood Pressure: 119.0 mmHg. Immunizations: Influenza seasonal injectable preservative free; zoster; Td (adult) preservative free.",0
4a8c27d8-95bd-40fd-b22d-75df326f7b81,"Demographics: born 1961-07-11, gender M, race white, ethnicity french. Encounters: Encounter for 'check-up'; Outpatient Encounter; Emergency room admission. Procedures: Colonoscopy; Documentation of current medications. Observations: Hemoglobin A1c/Hemoglobin.total in Blood: 6.1 %; Body Height: 190.18 cm; Body Weight: 109.37 kg; Body Mass Index: 30.24 kg/m2; Systolic Blood Pressure: 164.0 mmHg; Diastolic Blood Pressure: 120.0 mmHg; Glucose: 88.0 mg/dL; Urea Nitrogen: 14.0 mg/dL; Creatinine: 1.0 mg/dL; Calcium: 10.17 mg/dL; Sodium: 140.0 mmol/L; Potassium: 4.61 mmol/L; Chloride: 105.0 mmol/L; Carbon Dioxide: 27.0 mmol/L; Total Cholesterol: 163.0 mg/dL; Triglycerides: 126.0 mg/dL; Low Density Lipoprotein Cholesterol: 78.0 mg/dL; High Density Lipoprotein Cholesterol: 59.0 mg/dL; Estimated Glomerular Filtration Rate: 60.0 mL/min/{1.73_m2}; Hemoglobin A1c/Hemoglobin.total in Blood: 6.3 %; Systolic Blood Pressure: 177.0 mmHg; Diastolic Blood Pressure: 106.0 mmHg; Glucose: 90.0 mg/dL; Urea Nitrogen: 16.0 mg/dL; Calcium: 9.15 mg/dL; Sodium: 142.0 mmol/L; Potassium: 5.2 mmol/L; Chloride: 109.0 mmol/L; Carbon Dioxide: 28.0 mmol/L; Hemoglobin A1c/Hemoglobin.total in Blood: 5.8 %; Systolic Blood Pressure: 191.0 mmHg; Diastolic Blood Pressure: 114.0 mmHg; Glucose: 100.0 mg/dL; Urea Nitrogen: 19.0 mg/dL; Calcium: 8.66 mg/dL; Sodium: 143.0 mmol/L; Potassium: 4.06 mmol/L; Chloride: 111.0 mmol/L; Carbon Dioxide: 23.0 mmol/L; Hemoglobin A1c/Hemoglobin.total in Blood: 5.9 %. Immunizations: Influenza seasonal injectable preservative free; Td (adult) preservative free.",1
405bef7e-8676-4bb4-b16e-d3b238706e2d,"Demographics: born 1949-05-02, gender M, race black, ethnicity african. Encounters: Outpatient Encounter; Encounter for symptom. Medications: Penicillin V Potassium 250 MG; Penicillin V Potassium 500 MG; Acetaminophen 160 MG. Procedures: Documentation of current medications; Sputum examination (procedure). Observations: Hemoglobin A1c/Hemoglobin.total in Blood: 6.0 %; Body Height: 186.29 cm; Body Weight: 106.95 kg; Body Mass Index: 30.82 kg/m2; Systolic Blood Pressure: 157.0 mmHg; Diastolic Blood Pressure: 116.0 mmHg; Glucose: 75.0 mg/dL; Urea Nitrogen: 11.0 mg/dL; Creatinine: 1.0 mg/dL; Calcium: 9.06 mg/dL; Sodium: 139.0 mmol/L; Potassium: 4.74 mmol/L; Chloride: 107.0 mmol/L; Carbon Dioxide: 22.0 mmol/L; Total Cholesterol: 197.0 mg/dL; Triglycerides: 105.0 mg/dL; Low Density Lipoprotein Cholesterol: 111.0 mg/dL; High Density Lipoprotein Cholesterol: 65.0 mg/dL; Estimated Glomerular Filtration Rate: 60.0 mL/min/{1.73_m2}; Hemoglobin A1c/Hemoglobin.total in Blood: 5.9 %; Body Weight: 105.72 kg; Body Mass Index: 30.46 kg/m2; Systolic Blood Pressure: 175.0 mmHg; Diastolic Blood Pressure: 112.0 mmHg; Glucose: 67.0 mg/dL; Urea Nitrogen: 13.0 mg/dL; Calcium: 8.87 mg/dL; Sodium: 144.0 mmol/L; Potassium: 4.78 mmol/L; Chloride: 101.0 mmol/L; Carbon Dioxide: 29.0 mmol/L; Body Weight: 103.89 kg; Body Mass Index: 29.93 kg/m2; Systolic Blood Pressure: 188.0 mmHg; Diastolic Blood Pressure: 94.0 mmHg; Glucose: 72.0 mg/dL; Urea Nitrogen: 19.0 mg/dL; Calcium: 9.7 mg/dL; Sodium: 137.0 mmol/L; Potassium: 4.45 mmol/L. Immunizations: Influenza seasonal injectable preservative free; Td (adult) preservative free; Pneumococcal conjugate PCV 13; pneumococcal polysaccharide vaccine 23 valent.",1
4dd9f908-1f55-482c-9bfe-fd82325bb940,"Demographics: born 1930-12-23, gender F, race white, ethnicity irish. Encounters: Outpatient Encounter; Encounter for 'check-up'; Encounter for problem; Encounter for symptom. Medications: Penicillin V Potassium 500 MG; Acetaminophen 160 MG. Procedures: Documentation of current medications; Colonoscopy; Rectal polypectomy; Partial resection of colon; Measurement of respiratory function (procedure). Observations: Hemoglobin A1c/Hemoglobin.total in Blood: 6.4 %; Body Height: 169.75 cm; Body Weight: 76.81 kg; Body Mass Index: 26.66 kg/m2; Systolic Blood Pressure: 138.0 mmHg; Diastolic Blood Pressure: 79.0 mmHg; Glucose: 73.0 mg/dL; Urea Nitrogen: 11.0 mg/dL; Creatinine: 1.0 mg/dL; Calcium: 9.07 mg/dL; Sodium: 142.0 mmol/L; Potassium: 4.9 mmol/L; Chloride: 109.0 mmol/L; Carbon Dioxide: 20.0 mmol/L; Hemoglobin A1c/Hemoglobin.total in Blood: 6.1 %; Body Weight: 75.24 kg; Body Mass Index: 26.11 kg/m2; Systolic Blood Pressure: 133.0 mmHg; Glucose: 68.0 mg/dL; Urea Nitrogen: 14.0 mg/dL; Calcium: 9.32 mg/dL; Sodium: 144.0 mmol/L; Potassium: 4.73 mmol/L; Chloride: 110.0 mmol/L; Carbon Dioxide: 27.0 mmol/L; Hemoglobin A1c/Hemoglobin.total in Blood: 6.0 %; Body Weight: 74.01 kg; Body Mass Index: 25.69 kg/m2; Systolic Blood Pressure: 104.0 mmHg; Diastolic Blood Pressure: 88.0 mmHg; Glucose: 90.0 mg/dL; Urea Nitrogen: 12.0 mg/dL; Calcium: 9.83 mg/dL; Sodium: 140.0 mmol/L; Potassium: 3.93 mmol/L; Chloride: 102.0 mmol/L; Total Cholesterol: 175.0 mg/dL; Triglycerides: 117.0 mg/dL; Low Density Lipoprotein Cholesterol: 90.0 mg/dL; High Density Lipoprotein Cholesterol: 61.0 mg/dL. Immunizations: Influenza seasonal injectable preservative free; Td (adult) preservative free.",0
5c6478b2-013e-4e1c-ad50-3d6250afbf1b,"Demographics: born 1961-08-19, gender M, race white, ethnicity english. Encounters: Death Certification; Encounter for problem. Medications: Penicillin V Potassium 250 MG; 24 HR Metformin hydrochloride 500 MG Extended Release Oral Tablet; Penicillin V Potassium 500 MG; Cisplatin 50 MG Injection; Etoposide 100 MG Injection. Procedures: Combined chemotherapy and radiation therapy (procedure). Observations: Small cell carcinoma of lung (disorder).",1
bf5e4c83-8fc4-42d0-9e6c-edf6d241137c,"Demographics: born 1949-10-28, gender F, race white, ethnicity german.",0
ade67561-6852-43de-b967-fe40d124209c,"Demographics: born 1987-05-17, gender F, race white, ethnicity french. Encounters: Outpatient Encounter; Consultation for treatment; Prenatal initial visit; Patient-initiated encounter; Encounter for symptom. Medications: Natazia 28 Day Pack. Procedures: Documentation of current medications; Standard pregnancy test; Induced termination of pregnancy. Observations: Body Height: 159.65 cm; Body Weight: 61.18 kg; Body Mass Index: 24.0 kg/m2; Systolic Blood Pressure: 112.0 mmHg; Diastolic Blood Pressure: 85.0 mmHg; Body Weight: 64.67 kg; Body Mass Index: 25.37 kg/m2; Systolic Blood Pressure: 123.0 mmHg; Diastolic Blood Pressure: 77.0 mmHg; Body Weight: 70.8 kg; Body Mass Index: 27.78 kg/m2; Systolic Blood Pressure: 105.0 mmHg; Diastolic Blood Pressure: 84.0 mmHg. Immunizations: Influenza seasonal injectable preservative free; Td (adult) preservative free.",0
9c87ad19-1eee-4b6e-9950-8dbde1fe082a,"Demographics: born 1977-09-12, gender M, race hispanic, ethnicity puerto_rican. Encounters: Encounter for symptom; Emergency room admission; Outpatient Encounter. Medications: Amoxicillin 250 MG / Clavulanate 125 MG [Augmentin]; Ibuprofen 200 MG Oral Tablet; Acetaminophen 160 MG. Procedures: Suture open wound; Injection of tetanus antitoxin; Measurement of respiratory function (procedure); Documentation of current medications. Observations: Body Height: 181.88 cm; Body Weight: 100.2 kg; Body Mass Index: 30.29 kg/m2; Systolic Blood Pressure: 116.0 mmHg; Diastolic Blood Pressure: 76.0 mmHg; Total Cholesterol: 165.0 mg/dL; Triglycerides: 122.0 mg/dL; Low Density Lipoprotein Cholesterol: 72.0 mg/dL; High Density Lipoprotein Cholesterol: 68.0 mg/dL; Body Weight: 103.85 kg; Body Mass Index: 31.39 kg/m2; Systolic Blood Pressure: 109.0 mmHg; Diastolic Blood Pressure: 81.0 mmHg; Oral temperature: 38.0 Cel. Immunizations: Influenza seasonal injectable preservative free.",0
53570e73-c11d-43f7-a819-b65c834cde8c,"Demographics: born 1931-04-08, gender M, race white, ethnicity portuguese. Encounters: Death Certification. Observations: Non-small cell lung cancer (disorder).",1
12c73bcd-bf37-4702-bf38-886e20ac7283,"Demographics: born 1938-02-25, gender M, race hispanic, ethnicity central_american. Encounters: Outpatient Encounter; Encounter for 'check-up'; Emergency room admission; Encounter for symptom; Office Visit. Medications: Penicillin V Potassium 250 MG; Clopidogrel 75 MG Oral Tablet; Simvastatin 20 MG Oral Tablet; Amlodipine 5 MG Oral Tablet; Nitroglycerin 0.4 MG/ACTUAT [Nitrolingual]; Meperidine Hydrochloride 50 MG Oral Tablet; Ibuprofen 200 MG Oral Tablet; Galantamine 4 MG [Razadyne]; Donepezil hydrochloride 10 MG / Memantine hydrochloride 28 MG [Namzaric]. Procedures: Colonoscopy; Documentation of current medications; Admission to orthopedic department; Bone density scan (procedure); Suture open wound. Observations: Hemoglobin A1c/Hemoglobin.total in Blood: 6.2 %; Body Height: 190.18 cm; Body Weight: 103.29 kg; Body Mass Index: 28.56 kg/m2; Systolic Blood Pressure: 147.0 mmHg; Diastolic Blood Pressure: 95.0 mmHg; Glucose: 94.0 mg/dL; Urea Nitrogen: 19.0 mg/dL; Creatinine: 1.0 mg/dL; Calcium: 8.56 mg/dL; Sodium: 141.0 mmol/L; Potassium: 4.59 mmol/L; Chloride: 104.0 mmol/L; Carbon Dioxide: 26.0 mmol/L; Total Cholesterol: 167.0 mg/dL; Triglycerides: 134.0 mg/dL; Low Density Lipoprotein Cholesterol: 72.0 mg/dL; High Density Lipoprotein Cholesterol: 68.0 mg/dL; Estimated Glomerular Filtration Rate: 60.0 mL/min/{1.73_m2}; Body Weight: 99.41 kg; Body Mass Index: 27.48 kg/m2; Systolic Blood Pressure: 154.0 mmHg; Diastolic Blood Pressure: 99.0 mmHg; Glucose: 83.0 mg/dL; Urea Nitrogen: 9.0 mg/dL; Calcium: 9.62 mg/dL; Sodium: 136.0 mmol/L; Potassium: 4.97 mmol/L; Chloride: 110.0 mmol/L; Carbon Dioxide: 29.0 mmol/L; Hemoglobin A1c/Hemoglobin.total in Blood: 5.9 %; Body Weight: 97.63 kg; Body Mass Index: 26.99 kg/m2; Systolic Blood Pressure: 195.0 mmHg; Diastolic Blood Pressure: 105.0 mmHg; Glucose: 93.0 mg/dL; Urea Nitrogen: 11.0 mg/dL; Calcium: 10.04 mg/dL; Potassium: 4.36 mmol/L; Chloride: 103.0 mmol/L. Immunizations: Influenza seasonal injectable preservative free.",1
adc3942e-f725-42ef-987d-dc67f259d965,"Demographics: born 2010-01-02, gender F, race white, ethnicity italian. Encounters: Outpatient Encounter; Encounter for symptom. Medications: Penicillin V Potassium 250 MG; Cefuroxime 250 MG Oral Tablet; Acetaminophen 160 MG Oral Tablet. Procedures: Documentation of current medications; Throat culture (procedure). Observations: Body Height: 63.43 cm; Body Weight: 7.15 kg; Systolic Blood Pressure: 117.0 mmHg; Diastolic Blood Pressure: 74.0 mmHg; Body Height: 67.05 cm; Body Weight: 8.26 kg; Systolic Blood Pressure: 136.0 mmHg; Diastolic Blood Pressure: 71.0 mmHg; Oral temperature: 37.53 Cel; Body Height: 72.93 cm; Body Weight: 9.98 kg; Systolic Blood Pressure: 118.0 mmHg; Diastolic Blood Pressure: 82.0 mmHg; Body Height: 76.62 cm; Body Weight: 10.96 kg; Systolic Blood Pressure: 102.0 mmHg; Body Height: 79.92 cm; Body Weight: 11.76 kg; Systolic Blood Pressure: 134.0 mmHg; Diastolic Blood Pressure: 86.0 mmHg; Oral temperature: 37.0 Cel; Body Height: 83.88 cm; Body Weight: 12.65 kg; Systolic Blood Pressure: 100.0 mmHg; Diastolic Blood Pressure: 70.0 mmHg; Body Height: 88.45 cm; Body Weight: 13.8 kg; Body Mass Index: 17.64 kg/m2; Systolic Blood Pressure: 121.0 mmHg; Diastolic Blood Pressure: 85.0 mmHg; Body Height: 93.12 cm; Body Weight: 14.89 kg; Body Mass Index: 17.17 kg/m2; Systolic Blood Pressure: 104.0 mmHg; Diastolic Blood Pressure: 87.0 mmHg; Body Height: 97.41 cm; Body Weight: 16.22 kg; Body Mass Index: 17.09 kg/m2; Systolic Blood Pressure: 113.0 mmHg; Diastolic Blood Pressure: 75.0 mmHg. Immunizations: rotavirus monovalent; DTaP; Hib (PRP-OMP); Pneumococcal conjugate PCV 13; IPV; Hep B adolescent or pediatric; Influenza seasonal injectable preservative free; MMR; varicella; Hep A ped/adol 2 dose.",0
eceb7528-98d2-4af8-9f7f-e90caf2a19d4,"Demographics: born 1964-05-24, gender M, race white, ethnicity irish. Encounters: Emergency room admission; Outpatient Encounter; Encounter for symptom; Encounter for 'check-up'. Medications: Penicillin V Potassium 250 MG; Acetaminophen 325 MG Oral Tablet; Acetaminophen 160 MG. Procedures: Documentation of current medications; Colonoscopy. Observations: Hemoglobin A1c/Hemoglobin.total in Blood: 6.1 %; Body Height: 173.45 cm; Body Weight: 109.51 kg; Body Mass Index: 36.4 kg/m2; Systolic Blood Pressure: 132.0 mmHg; Diastolic Blood Pressure: 87.0 mmHg; Glucose: 90.0 mg/dL; Urea Nitrogen: 13.0 mg/dL; Creatinine: 1.0 mg/dL; Calcium: 10.13 mg/dL; Sodium: 143.0 mmol/L; Potassium: 3.95 mmol/L; Chloride: 102.0 mmol/L; Carbon Dioxide: 26.0 mmol/L; Total Cholesterol: 199.0 mg/dL; Triglycerides: 133.0 mg/dL; Low Density Lipoprotein Cholesterol: 113.0 mg/dL; High Density Lipoprotein Cholesterol: 59.0 mg/dL; Body Weight: 112.1 kg; Body Mass Index: 37.26 kg/m2; Systolic Blood Pressure: 129.0 mmHg; Diastolic Blood Pressure: 84.0 mmHg; Glucose: 88.0 mg/dL; Urea Nitrogen: 16.0 mg/dL; Calcium: 9.46 mg/dL; Sodium: 138.0 mmol/L; Potassium: 4.11 mmol/L; Chloride: 103.0 mmol/L; Carbon Dioxide: 25.0 mmol/L; Hemoglobin A1c/Hemoglobin.total in Blood: 5.9 %; Systolic Blood Pressure: 111.0 mmHg; Diastolic Blood Pressure: 83.0 mmHg; Urea Nitrogen: 17.0 mg/dL; Calcium: 9.09 mg/dL; Sodium: 141.0 mmol/L; Potassium: 4.31 mmol/L; Chloride: 101.0 mmol/L; Carbon Dioxide: 29.0 mmol/L; Total Cholesterol: 191.0 mg/dL; Triglycerides: 120.0 mg/dL. Immunizations: Influenza seasonal injectable preservative free; Td (adult) preservative free.",0
2364b827-e215-4c7a-ab27-215412dfb49a,"Demographics: born 1933-12-08, gender F, race white, ethnicity polish. Encounters: Outpatient Encounter; Emergency room admission; Encounter for symptom. Medications: Naproxen sodium 220 MG [Aleve]; Penicillin V Potassium 500 MG; Ibuprofen 200 MG Oral Tablet; Acetaminophen 160 MG. Procedures: Documentation of current medications. Observations: Body Height: 163.99 cm; Body Weight: 62.08 kg; Body Mass Index: 23.08 kg/m2; Systolic Blood Pressure: 178.0 mmHg; Diastolic Blood Pressure: 110.0 mmHg; Estimated Glomerular Filtration Rate: 60.0 mL/min/{1.73_m2}; Body Weight: 60.09 kg; Body Mass Index: 22.35 kg/m2; Systolic Blood Pressure: 183.0 mmHg; Diastolic Blood Pressure: 105.0 mmHg; Total Cholesterol: 163.0 mg/dL; Triglycerides: 140.0 mg/dL; Low Density Lipoprotein Cholesterol: 76.0 mg/dL; High Density Lipoprotein Cholesterol: 59.0 mg/dL; Body Weight: 58.87 kg; Body Mass Index: 21.89 kg/m2; Systolic Blood Pressure: 170.0 mmHg; Diastolic Blood Pressure: 109.0 mmHg; Body Weight: 56.9 kg; Body Mass Index: 21.16 kg/m2; Systolic Blood Pressure: 194.0 mmHg; Diastolic Blood Pressure: 112.0 mmHg; Body Weight: 55.8 kg; Body Mass Index: 20.75 kg/m2; Systolic Blood Pressure: 176.0 mmHg; Total Cholesterol: 161.0 mg/dL; Triglycerides: 117.0 mg/dL; Low Density Lipoprotein Cholesterol: 59.0 mg/dL; High Density Lipoprotein Cholesterol: 78.0 mg/dL; Body Weight: 54.61 kg; Body Mass Index: 20.31 kg/m2; Systolic Blood Pressure: 152.0 mmHg; Diastolic Blood Pressure: 102.0 mmHg. Immunizations: Influenza seasonal injectable preservative free; Td (adult) preservative free.",1
4e89b3cf-46ef-4caf-8eb8-770aaae02628,"Demographics: born 2002-06-27, gender M, race white, ethnicity swedish. Encounters: Outpatient Encounter; Encounter for symptom. Medications: Acetaminophen 160 MG; Amoxicillin 250 MG / Clavulanate 125 MG [Augmentin]. Procedures: Documentation of current medications; Measurement of respiratory function (procedure). Observations: Body Height: 119.3 cm; Body Weight: 28.85 kg; Body Mass Index: 20.27 kg/m2; Systolic Blood Pressure: 106.0 mmHg; Diastolic Blood Pressure: 70.0 mmHg; Body Height: 124.08 cm; Body Weight: 32.11 kg; Body Mass Index: 20.86 kg/m2; Systolic Blood Pressure: 120.0 mmHg; Diastolic Blood Pressure: 87.0 mmHg; Body Height: 128.33 cm; Body Weight: 35.88 kg; Body Mass Index: 21.79 kg/m2; Systolic Blood Pressure: 107.0 mmHg; Body Height: 131.91 cm; Body Weight: 39.79 kg; Body Mass Index: 22.87 kg/m2; Systolic Blood Pressure: 101.0 mmHg; Diastolic Blood Pressure: 80.0 mmHg; Body Height: 136.48 cm; Body Weight: 45.08 kg; Body Mass Index: 24.2 kg/m2; Systolic Blood Pressure: 122.0 mmHg; Diastolic Blood Pressure: 88.0 mmHg; Body Height: 141.62 cm; Body Weight: 50.38 kg; Body Mass Index: 25.12 kg/m2; Systolic Blood Pressure: 133.0 mmHg; Diastolic Blood Pressure: 86.0 mmHg; Body Height: 147.9 cm; Body Weight: 55.9 kg; Body Mass Index: 25.55 kg/m2; Systolic Blood Pressure: 100.0 mmHg; Diastolic Blood Pressure: 81.0 mmHg; Body Height: 153.83 cm; Body Weight: 60.88 kg; Body Mass Index: 25.73 kg/m2; Systolic Blood Pressure: 112.0 mmHg; Diastolic Blood Pressure: 75.0 mmHg. Immunizations: Influenza seasonal injectable preservative free; meningococcal MCV4P; Tdap; HPV quadrivalent.",0
14172ff6-74d2-404f-aeb9-7556e5209a4b,"Demographics: born 1952-11-08, gender M, race white, ethnicity irish. Encounters: Outpatient Encounter; Encounter for symptom; Emergency room admission; Emergency Encounter. Medications: diphenhydrAMINE Hydrochloride 25 MG Oral Tablet; Penicillin V Potassium 500 MG; Fluticasone propionate 0.25 MG/ACTUAT / salmeterol 0.05 MG/ACTUAT [Advair]; Naproxen sodium 220 MG Oral Tablet; Amoxicillin 250 MG / Clavulanate 125 MG [Augmentin]; Clopidogrel 75 MG Oral Tablet; Alteplase 1 MG/ML Injectable Solution. Procedures: Spirometry (procedure); Documentation of current medications; Percutaneous mechanical thrombectomy of portal vein using fluoroscopic guidance. Observations: FEV1/​FVC: 56.0 %; Hemoglobin A1c/Hemoglobin.total in Blood: 5.8 %; Body Height: 187.73 cm; Body Weight: 103.91 kg; Body Mass Index: 29.49 kg/m2; Systolic Blood Pressure: 143.0 mmHg; Diastolic Blood Pressure: 109.0 mmHg; Glucose: 70.0 mg/dL; Urea Nitrogen: 14.0 mg/dL; Creatinine: 1.0 mg/dL; Calcium: 9.57 mg/dL; Sodium: 142.0 mmol/L; Potassium: 4.72 mmol/L; Chloride: 110.0 mmol/L; Carbon Dioxide: 22.0 mmol/L; Estimated Glomerular Filtration Rate: 60.0 mL/min/{1.73_m2}; FEV1/​FVC: 62.0 %; Hemoglobin A1c/Hemoglobin.total in Blood: 6.4 %; Systolic Blood Pressure: 178.0 mmHg; Diastolic Blood Pressure: 105.0 mmHg; Glucose: 78.0 mg/dL; Urea Nitrogen: 11.0 mg/dL; Calcium: 10.0 mg/dL; Sodium: 141.0 mmol/L; Potassium: 4.45 mmol/L; Chloride: 106.0 mmol/L; Carbon Dioxide: 23.0 mmol/L; FEV1/​FVC: 57.0 %; Hemoglobin A1c/Hemoglobin.total in Blood: 6.1 %; Body Weight: 102.08 kg; Body Mass Index: 28.97 kg/m2; Systolic Blood Pressure: 147.0 mmHg; Diastolic Blood Pressure: 91.0 mmHg; Glucose: 83.0 mg/dL; Urea Nitrogen: 15.0 mg/dL; Calcium: 9.33 mg/dL; Sodium: 143.0 mmol/L; Potassium: 5.0 mmol/L; Chloride: 111.0 mmol/L; Carbon Dioxide: 29.0 mmol/L. Allergies: Allergy to peanuts; Allergy to fish; Allergy to grass pollen; Dander (animal) allergy; House dust mite allergy; Allergy to mould. Immunizations: Influenza seasonal injectable preservative free; zoster; Td (adult) preservative free.",1
6df30574-685f-4b77-9e05-db9112743177,"Demographics: born 1975-01-05, gender M, race white, ethnicity irish. Encounters: Outpatient Encounter; Encounter for symptom; Emergency room admission. Medications: Penicillin V Potassium 500 MG; Dextromethorphan Hydrobromide 1 MG/ML; Ibuprofen 200 MG Oral Tablet; Amoxicillin 250 MG / Clavulanate 125 MG [Augmentin]. Procedures: Sputum examination (procedure); Documentation of current medications. Observations: Body Height: 178.12 cm; Body Weight: 87.34 kg; Body Mass Index: 27.53 kg/m2; Systolic Blood Pressure: 111.0 mmHg; Diastolic Blood Pressure: 79.0 mmHg; Body Weight: 91.55 kg; Body Mass Index: 28.86 kg/m2; Systolic Blood Pressure: 118.0 mmHg; Diastolic Blood Pressure: 84.0 mmHg; Total Cholesterol: 195.0 mg/dL; Triglycerides: 121.0 mg/dL; Low Density Lipoprotein Cholesterol: 101.0 mg/dL; High Density Lipoprotein Cholesterol: 69.0 mg/dL; Body Weight: 95.96 kg; Body Mass Index: 30.25 kg/m2; Systolic Blood Pressure: 137.0 mmHg; Diastolic Blood Pressure: 70.0 mmHg. Immunizations: Influenza seasonal injectable preservative free; Td (adult) preservative free.",0
8cdeb22a-c8d4-421a-ac7a-a991be03fe67,"Demographics: born 1933-03-18, gender F, race white, ethnicity italian. Encounters: Outpatient Encounter; Encounter for 'check-up'. Medications: Alendronic acid 10 MG [Fosamax]. Procedures: Colonoscopy; Documentation of current medications; Bone density scan (procedure). Observations: Hemoglobin A1c/Hemoglobin.total in Blood: 6.0 %; Body Height: 175.46 cm; Body Weight: 83.62 kg; Body Mass Index: 27.16 kg/m2; Systolic Blood Pressure: 145.0 mmHg; Diastolic Blood Pressure: 109.0 mmHg; Glucose: 64.0 mg/dL; Urea Nitrogen: 12.0 mg/dL; Creatinine: 1.0 mg/dL; Calcium: 8.76 mg/dL; Sodium: 141.0 mmol/L; Potassium: 4.36 mmol/L; Chloride: 102.0 mmol/L; Carbon Dioxide: 29.0 mmol/L; Total Cholesterol: 160.0 mg/dL; Triglycerides: 114.0 mg/dL; Low Density Lipoprotein Cholesterol: 63.0 mg/dL; High Density Lipoprotein Cholesterol: 74.0 mg/dL; Estimated Glomerular Filtration Rate: 60.0 mL/min/{1.73_m2}; Hemoglobin A1c/Hemoglobin.total in Blood: 5.8 %; Body Weight: 82.21 kg; Body Mass Index: 26.7 kg/m2; Systolic Blood Pressure: 197.0 mmHg; Diastolic Blood Pressure: 107.0 mmHg; Glucose: 69.0 mg/dL; Urea Nitrogen: 20.0 mg/dL; Calcium: 8.68 mg/dL; Sodium: 139.0 mmol/L; Potassium: 4.08 mmol/L; Chloride: 105.0 mmol/L; Carbon Dioxide: 22.0 mmol/L; Hemoglobin A1c/Hemoglobin.total in Blood: 6.1 %; Body Weight: 81.04 kg; Body Mass Index: 26.32 kg/m2; Systolic Blood Pressure: 155.0 mmHg; Diastolic Blood Pressure: 97.0 mmHg; Glucose: 85.0 mg/dL; Urea Nitrogen: 8.0 mg/dL; Calcium: 9.29 mg/dL; Sodium: 142.0 mmol/L. Immunizations: Influenza seasonal injectable preservative free; Td (adult) preservative free.",1
e7d08034-2b60-46f2-8db5-0a7999b17dc4,"Demographics: born 1985-08-21, gender M, race black, ethnicity dominican. Encounters: Encounter for symptom; Outpatient Encounter. Medications: Penicillin V Potassium 250 MG; Acetaminophen 160 MG. Procedures: Plain chest X-ray (procedure); Documentation of current medications. Observations: Body Height: 170.77 cm; Body Weight: 83.16 kg; Body Mass Index: 28.51 kg/m2; Systolic Blood Pressure: 143.0 mmHg; Diastolic Blood Pressure: 104.0 mmHg; Estimated Glomerular Filtration Rate: 60.0 mL/min/{1.73_m2}; Body Weight: 86.3 kg; Body Mass Index: 29.59 kg/m2; Systolic Blood Pressure: 145.0 mmHg; Diastolic Blood Pressure: 112.0 mmHg. Immunizations: Influenza seasonal injectable preservative free.",1
a6cb79a7-b91d-4a6b-8178-0ea126b532af,"Demographics: born 1978-08-02, gender M, race hispanic, ethnicity puerto_rican. Encounters: Outpatient Encounter; Encounter for symptom; Emergency room admission. Medications: Penicillin V Potassium 250 MG; Penicillin V Potassium 500 MG; Naproxen sodium 220 MG Oral Tablet. Procedures: Suture open wound; Documentation of current medications. Observations: Body Height: 163.33 cm; Body Weight: 80.32 kg; Body Mass Index: 30.11 kg/m2; Systolic Blood Pressure: 149.0 mmHg; Diastolic Blood Pressure: 117.0 mmHg; Estimated Glomerular Filtration Rate: 60.0 mL/min/{1.73_m2}; Body Weight: 85.0 kg; Body Mass Index: 31.86 kg/m2; Systolic Blood Pressure: 148.0 mmHg; Diastolic Blood Pressure: 97.0 mmHg; Total Cholesterol: 172.0 mg/dL; Triglycerides: 106.0 mg/dL; Low Density Lipoprotein Cholesterol: 78.0 mg/dL; High Density Lipoprotein Cholesterol: 72.0 mg/dL; Body Weight: 89.16 kg; Body Mass Index: 33.42 kg/m2; Systolic Blood Pressure: 186.0 mmHg; Diastolic Blood Pressure: 118.0 mmHg. Immunizations: Influenza seasonal injectable preservative free; Td (adult) preservative free.",1
6bc94076-ac7c-4aec-974f-565117cc271c,"Demographics: born 2001-08-11, gender M, race white, ethnicity english. Encounters: Emergency room admission; Outpatient Encounter. Medications: Acetaminophen 160 MG Oral Tablet. Procedures: Documentation of current medications. Observations: Body Height: 130.08 cm; Body Weight: 29.15 kg; Body Mass Index: 17.23 kg/m2; Systolic Blood Pressure: 126.0 mmHg; Diastolic Blood Pressure: 77.0 mmHg; Body Height: 135.42 cm; Body Weight: 33.26 kg; Body Mass Index: 18.13 kg/m2; Systolic Blood Pressure: 116.0 mmHg; Diastolic Blood Pressure: 75.0 mmHg; Body Height: 139.76 cm; Body Weight: 37.04 kg; Body Mass Index: 18.97 kg/m2; Systolic Blood Pressure: 102.0 mmHg; Diastolic Blood Pressure: 83.0 mmHg; Body Height: 146.66 cm; Body Weight: 42.59 kg; Body Mass Index: 19.8 kg/m2; Body Height: 154.65 cm; Body Weight: 48.28 kg; Body Mass Index: 20.19 kg/m2; Diastolic Blood Pressure: 86.0 mmHg; Body Height: 161.44 cm; Body Weight: 53.58 kg; Body Mass Index: 20.56 kg/m2; Systolic Blood Pressure: 138.0 mmHg; Diastolic Blood Pressure: 72.0 mmHg; Body Height: 166.27 cm; Body Weight: 58.78 kg; Body Mass Index: 21.26 kg/m2; Systolic Blood Pressure: 100.0 mmHg; Diastolic Blood Pressure: 79.0 mmHg. Immunizations: Influenza seasonal injectable preservative free; meningococcal MCV4P; Tdap; HPV quadrivalent.",0
d451d6a0-9f41-48d2-90bb-7d3471b19d69,"Demographics: born 1964-06-09, gender F, race asian, ethnicity asian_indian. Encounters: Outpatient Encounter; Encounter for symptom; Encounter for 'check-up'. Medications: Penicillin V Potassium 250 MG; Amoxicillin 250 MG / Clavulanate 125 MG [Augmentin]; Nitrofurantoin 5 MG/ML [Furadantin]; Phenazopyridine hydrochloride 100 MG [Pyridium]; NITROFURANTOIN MACROCRYSTALS 50 MG [Macrodantin]. Procedures: Documentation of current medications; Colonoscopy. Observations: Body Height: 153.14 cm; Body Weight: 98.79 kg; Body Mass Index: 42.12 kg/m2; Systolic Blood Pressure: 128.0 mmHg; Diastolic Blood Pressure: 82.0 mmHg; Total Cholesterol: 185.0 mg/dL; Triglycerides: 130.0 mg/dL; Low Density Lipoprotein Cholesterol: 95.0 mg/dL; High Density Lipoprotein Cholesterol: 64.0 mg/dL; Body Weight: 102.07 kg; Body Mass Index: 43.52 kg/m2; Systolic Blood Pressure: 122.0 mmHg; Diastolic Blood Pressure: 79.0 mmHg; Body Weight: 103.61 kg; Body Mass Index: 44.18 kg/m2; Systolic Blood Pressure: 113.0 mmHg; Diastolic Blood Pressure: 87.0 mmHg; Total Cholesterol: 198.0 mg/dL; Triglycerides: 133.0 mg/dL; Low Density Lipoprotein Cholesterol: 107.0 mg/dL; Systolic Blood Pressure: 101.0 mmHg; Diastolic Blood Pressure: 73.0 mmHg; Systolic Blood Pressure: 139.0 mmHg; Diastolic Blood Pressure: 81.0 mmHg. Immunizations: Influenza seasonal injectable preservative free; Td (adult) preservative free.",0
020084ea-3dc5-4fd6-ab83-96243ae53bb1,"Demographics: born 2013-10-02, gender F, race hispanic, ethnicity puerto_rican. Encounters: Outpatient Encounter; Encounter for problem. Medications: Loratadine 5 MG Chewable Tablet; 0.3 ML EPINEPHrine 0.5 MG/ML Auto-Injector. Procedures: Documentation of current medications; Allergy screening test. Observations: Body Height: 53.67 cm; Body Weight: 4.73 kg; Systolic Blood Pressure: 134.0 mmHg; Diastolic Blood Pressure: 73.0 mmHg; Body Height: 56.45 cm; Body Weight: 5.44 kg; Systolic Blood Pressure: 110.0 mmHg; Body Height: 60.82 cm; Body Weight: 6.68 kg; Systolic Blood Pressure: 107.0 mmHg; Diastolic Blood Pressure: 74.0 mmHg; Body Height: 62.65 cm; Body Weight: 7.22 kg; Systolic Blood Pressure: 113.0 mmHg; Diastolic Blood Pressure: 84.0 mmHg; Body Height: 67.32 cm; Body Weight: 8.6 kg; Systolic Blood Pressure: 127.0 mmHg; Body Height: 71.21 cm; Body Weight: 9.68 kg; Systolic Blood Pressure: 111.0 mmHg; Diastolic Blood Pressure: 76.0 mmHg; Peanut IgE Ab in Serum: 0.11 kU/L; Walnut IgE Ab in Serum: 0.09 kU/L; Codfish IgE Ab in Serum: 0.18 kU/L; Shrimp IgE Ab in Serum: 79.03 kU/L; Wheat IgE Ab in Serum: 0.06 kU/L; Egg white IgE Ab in Serum: 0.11 kU/L; Soybean IgE Ab in Serum: 0.33 kU/L; Cow milk IgE Ab in Serum: 0.11 kU/L; White oak IgE Ab in Serum: 89.29 kU/L; Common Ragweed IgE Ab in Serum: 85.2 kU/L; Cat dander IgE Ab in Serum: 64.06 kU/L; American house dust mite IgE Ab in Serum: 38.91 kU/L; Cladosporium herbarum IgE Ab in Serum: 80.84 kU/L; Honey bee IgE Ab in Serum: 73.76 kU/L; Latex IgE Ab in Serum: 0.26 kU/L; Percentage area affected by eczema Head and Neck: 8.0 %; Percentage area affected by eczema Trunk: 1.0 %; Percentage area affected by eczema Upper extremitiy - bilateral: 38.0 %. Allergies: Shellfish allergy; Allergy to tree pollen; Allergy to grass pollen; Dander (animal) allergy; House dust mite allergy; Allergy to mould; Allergy to bee venom. Immunizations: Hep B adolescent or pediatric; rotavirus monovalent; DTaP; Hib (PRP-OMP); Pneumococcal conjugate PCV 13; IPV; Influenza seasonal injectable preservative free; MMR; varicella; Hep A ped/adol 2 dose.",0
0eadff47-2e99-49d5-aa49-639bedd3761f,"Demographics: born 1910-12-24, gender F, race white, ethnicity portuguese.",0
55fd86eb-23e5-4c4e-97eb-23f2e66b0cbd,"Demographics: born 1942-09-06, gender F, race white, ethnicity english. Encounters: Outpatient Encounter; Emergency room admission; Encounter for 'check-up'; Encounter for symptom; Office Visit. Medications: Penicillin V Potassium 250 MG; Fluticasone propionate 0.25 MG/ACTUAT / salmeterol 0.05 MG/ACTUAT [Advair]; Acetaminophen 325 MG / HYDROcodone Bitartrate 7.5 MG Oral Tablet; Naproxen sodium 220 MG Oral Tablet; Galantamine 4 MG [Razadyne]; Donepezil hydrochloride 10 MG / Memantine hydrochloride 28 MG [Namzaric]. Procedures: Spirometry (procedure); Admission to orthopedic department; Bone density scan (procedure); Colonoscopy; Documentation of current medications; Suture open wound. Observations: FEV1/​FVC: 52.0 %; Body Height: 164.27 cm; Body Weight: 93.79 kg; Body Mass Index: 34.76 kg/m2; Systolic Blood Pressure: 124.0 mmHg; Diastolic Blood Pressure: 73.0 mmHg; FEV1/​FVC: 73.0 %; Body Weight: 92.1 kg; Body Mass Index: 34.13 kg/m2; Systolic Blood Pressure: 105.0 mmHg; Diastolic Blood Pressure: 75.0 mmHg; DXA [T-score] Bone density: 0.42 {T-score}; FEV1/​FVC: 54.0 %; Systolic Blood Pressure: 114.0 mmHg; Diastolic Blood Pressure: 81.0 mmHg; Total Cholesterol: 166.0 mg/dL; Triglycerides: 126.0 mg/dL; Low Density Lipoprotein Cholesterol: 66.0 mg/dL; High Density Lipoprotein Cholesterol: 74.0 mg/dL; FEV1/​FVC: 59.0 %; Body Weight: 90.76 kg; Body Mass Index: 33.63 kg/m2; Systolic Blood Pressure: 135.0 mmHg; Diastolic Blood Pressure: 84.0 mmHg; FEV1/​FVC: 66.0 %; Total score [MMSE]: 22.0 (score); Body Weight: 88.79 kg; Body Mass Index: 32.9 kg/m2; Systolic Blood Pressure: 110.0 mmHg; Diastolic Blood Pressure: 88.0 mmHg; FEV1/​FVC: 71.0 %; Body Weight: 87.36 kg; Body Mass Index: 32.37 kg/m2; Systolic Blood Pressure: 123.0 mmHg; Diastolic Blood Pressure: 80.0 mmHg; Total score [MMSE]: 13.0 (score); Body Weight: 86.23 kg; Body Mass Index: 31.95 kg/m2; Systolic Blood Pressure: 104.0 mmHg; Diastolic Blood Pressure: 82.0 mmHg. Immunizations: Pneumococcal conjugate PCV 13; Influenza seasonal injectable preservative free; Td (adult) preservative free.",0
4bcbb67f-d8bd-41fd-adb4-c8699806fddd,"Demographics: born 1951-10-23, gender F, race white, ethnicity english. Encounters: Outpatient Encounter; Encounter for 'check-up'; Patient encounter procedure; Encounter for symptom; Emergency room admission. Medications: Penicillin V Potassium 250 MG; Naproxen sodium 220 MG [Aleve]; Penicillin V Potassium 500 MG; Alendronic acid 10 MG [Fosamax]; Dextromethorphan Hydrobromide 1 MG/ML. Procedures: Colonoscopy; Replacement of contraceptive intrauterine device; Documentation of current medications; Bone density scan (procedure); Measurement of respiratory function (procedure). Observations: Hemoglobin A1c/Hemoglobin.total in Blood: 5.9 %; Body Height: 165.78 cm; Body Weight: 104.33 kg; Body Mass Index: 37.96 kg/m2; Systolic Blood Pressure: 173.0 mmHg; Diastolic Blood Pressure: 100.0 mmHg; Glucose: 89.0 mg/dL; Urea Nitrogen: 20.0 mg/dL; Creatinine: 1.0 mg/dL; Calcium: 8.64 mg/dL; Sodium: 139.0 mmol/L; Potassium: 3.9 mmol/L; Chloride: 110.0 mmol/L; Carbon Dioxide: 25.0 mmol/L; Estimated Glomerular Filtration Rate: 60.0 mL/min/{1.73_m2}; Hemoglobin A1c/Hemoglobin.total in Blood: 6.0 %; DXA [T-score] Bone density: -2.74 {T-score}; Body Weight: 102.87 kg; Body Mass Index: 37.43 kg/m2; Systolic Blood Pressure: 140.0 mmHg; Diastolic Blood Pressure: 102.0 mmHg; Glucose: 92.0 mg/dL; Calcium: 9.6 mg/dL; Sodium: 143.0 mmol/L; Potassium: 3.95 mmol/L; Chloride: 106.0 mmol/L; Carbon Dioxide: 20.0 mmol/L; Total Cholesterol: 195.0 mg/dL; Triglycerides: 140.0 mg/dL; Low Density Lipoprotein Cholesterol: 93.0 mg/dL; High Density Lipoprotein Cholesterol: 74.0 mg/dL; Body Weight: 101.49 kg; Body Mass Index: 36.93 kg/m2; Systolic Blood Pressure: 144.0 mmHg; Diastolic Blood Pressure: 101.0 mmHg; Glucose: 80.0 mg/dL; Urea Nitrogen: 10.0 mg/dL; Calcium: 8.96 mg/dL; Sodium: 137.0 mmol/L; Potassium: 4.05 mmol/L. Immunizations: Influenza seasonal injectable preservative free; zoster; Td (adult) preservative free; Pneumococcal conjugate PCV 13.",1
3ff862c7-c967-4293-ac70-c743592cb8b1,"Demographics: born 1965-02-26, gender F, race white, ethnicity italian. Encounters: Outpatient Encounter; Encounter for 'check-up'; Patient encounter procedure. Medications: 1 ML Depo-Provera 150 MG/ML Injection. Procedures: Documentation of current medications; Colonoscopy; Removal of intrauterine device. Observations: Body Height: 164.28 cm; Body Weight: 99.64 kg; Body Mass Index: 36.92 kg/m2; Systolic Blood Pressure: 121.0 mmHg; Diastolic Blood Pressure: 81.0 mmHg; Total Cholesterol: 160.0 mg/dL; Triglycerides: 149.0 mg/dL; Low Density Lipoprotein Cholesterol: 50.0 mg/dL; High Density Lipoprotein Cholesterol: 80.0 mg/dL; Body Weight: 104.22 kg; Body Mass Index: 38.62 kg/m2; Systolic Blood Pressure: 113.0 mmHg; Diastolic Blood Pressure: 84.0 mmHg; Body Weight: 105.34 kg; Body Mass Index: 39.04 kg/m2; Systolic Blood Pressure: 133.0 mmHg; Diastolic Blood Pressure: 89.0 mmHg; Total Cholesterol: 172.0 mg/dL; Triglycerides: 129.0 mg/dL; Low Density Lipoprotein Cholesterol: 71.0 mg/dL; High Density Lipoprotein Cholesterol: 75.0 mg/dL; Systolic Blood Pressure: 126.0 mmHg; Diastolic Blood Pressure: 80.0 mmHg. Immunizations: Influenza seasonal injectable preservative free; Td (adult) preservative free.",0
b72a5f0c-d5fa-4428-afc8-7b1604e47e88,"Demographics: born 2012-07-01, gender M, race white, ethnicity polish. Encounters: Outpatient Encounter; Encounter for symptom. Medications: Acetaminophen 160 MG. Procedures: Documentation of current medications; Throat culture (procedure); Measurement of respiratory function (procedure). Observations: Body Height: 56.85 cm; Body Weight: 3.61 kg; Systolic Blood Pressure: 129.0 mmHg; Diastolic Blood Pressure: 70.0 mmHg; Body Height: 59.83 cm; Body Weight: 4.34 kg; Systolic Blood Pressure: 118.0 mmHg; Diastolic Blood Pressure: 85.0 mmHg; Body Height: 64.44 cm; Body Weight: 5.58 kg; Systolic Blood Pressure: 112.0 mmHg; Diastolic Blood Pressure: 86.0 mmHg; Body Height: 68.09 cm; Body Weight: 6.56 kg; Systolic Blood Pressure: 108.0 mmHg; Diastolic Blood Pressure: 74.0 mmHg; Body Height: 72.59 cm; Body Weight: 7.7 kg; Systolic Blood Pressure: 125.0 mmHg; Body Height: 76.38 cm; Body Weight: 8.53 kg; Systolic Blood Pressure: 132.0 mmHg; Diastolic Blood Pressure: 71.0 mmHg; Body Height: 79.7 cm; Body Weight: 9.16 kg; Systolic Blood Pressure: 131.0 mmHg; Diastolic Blood Pressure: 79.0 mmHg; Body Height: 82.69 cm; Body Weight: 9.66 kg; Diastolic Blood Pressure: 89.0 mmHg; Oral temperature: 37.0 Cel; Body Height: 87.17 cm; Body Weight: 10.44 kg; Body Mass Index: 13.74 kg/m2; Systolic Blood Pressure: 120.0 mmHg; Diastolic Blood Pressure: 80.0 mmHg; Body Height: 91.66 cm; Body Weight: 11.13 kg; Body Mass Index: 13.25 kg/m2; Diastolic Blood Pressure: 82.0 mmHg. Immunizations: Hep B adolescent or pediatric; rotavirus monovalent; DTaP; Hib (PRP-OMP); Pneumococcal conjugate PCV 13; IPV; Influenza seasonal injectable preservative free; MMR; varicella; Hep A ped/adol 2 dose.",0
3607716c-5e0d-4037-8e42-4849ebbd83ac,"Demographics: born 1945-05-10, gender F, race white, ethnicity irish. Encounters: Death Certification. Medications: Penicillin V Potassium 250 MG. Observations: Non-small cell lung cancer (disorder).",1
48a8e28c-001b-46d2-81d3-094b6ec8b438,"Demographics: born 1952-04-16, gender F, race asian, ethnicity chinese. Encounters: Encounter for symptom; Outpatient Encounter; Encounter for 'check-up'. Medications: Naproxen sodium 220 MG [Aleve]; 24 HR Metformin hydrochloride 500 MG Extended Release Oral Tablet; Acetaminophen 160 MG. Procedures: Measurement of respiratory function (procedure); Colonoscopy. Observations: Hemoglobin A1c/Hemoglobin.total in Blood: 8.0 %; Body Height: 173.03 cm; Body Weight: 113.6 kg; Body Mass Index: 37.95 kg/m2; Systolic Blood Pressure: 195.0 mmHg; Diastolic Blood Pressure: 95.0 mmHg; Glucose: 185.0 mg/dL; Urea Nitrogen: 9.0 mg/dL; Creatinine: 1.0 mg/dL; Calcium: 10.0 mg/dL; Sodium: 137.0 mmol/L; Potassium: 4.92 mmol/L; Chloride: 104.0 mmol/L; Carbon Dioxide: 25.0 mmol/L; Total Cholesterol: 255.0 mg/dL; Triglycerides: 429.0 mg/dL; Low Density Lipoprotein Cholesterol: 142.0 mg/dL; High Density Lipoprotein Cholesterol: 27.0 mg/dL; Microalbumin Creatine Ratio: 11.0 mg/g; Estimated Glomerular Filtration Rate: 60.0 mL/min/{1.73_m2}; Systolic Blood Pressure: 146.0 mmHg; Diastolic Blood Pressure: 120.0 mmHg; Glucose: 169.0 mg/dL; Urea Nitrogen: 8.0 mg/dL; Calcium: 9.11 mg/dL; Sodium: 139.0 mmol/L; Potassium: 3.82 mmol/L; Chloride: 103.0 mmol/L; Carbon Dioxide: 22.0 mmol/L; Total Cholesterol: 246.0 mg/dL; Triglycerides: 478.0 mg/dL; Low Density Lipoprotein Cholesterol: 111.0 mg/dL; High Density Lipoprotein Cholesterol: 39.0 mg/dL; Microalbumin Creatine Ratio: 1.0 mg/g; Hemoglobin A1c/Hemoglobin.total in Blood: 7.9 %; Body Weight: 112.11 kg; Body Mass Index: 37.45 kg/m2; Systolic Blood Pressure: 175.0 mmHg; Diastolic Blood Pressure: 114.0 mmHg; Glucose: 151.0 mg/dL. Immunizations: Influenza seasonal injectable preservative free; zoster; Td (adult) preservative free; Pneumococcal conjugate PCV 13.",1
8d271946-8b1d-44ad-88a6-a8b3d067f996,"Demographics: born 1959-08-19, gender M, race white, ethnicity english. Encounters: Death Certification. Medications: Penicillin V Potassium 250 MG; Fluticasone propionate 0.25 MG/ACTUAT / salmeterol 0.05 MG/ACTUAT [Advair]. Observations: Chronic obstructive bronchitis (disorder).",0
34295bf9-a02b-4988-81ba-24171da5c48a,"Demographics: born 1990-10-02, gender F, race black, ethnicity west_indian. Encounters: Outpatient Encounter; Encounter for symptom; Prenatal initial visit; Patient-initiated encounter; Consultation for treatment; Patient encounter procedure. Medications: Penicillin V Potassium 250 MG; Yaz 28 Day Pack; Amoxicillin 250 MG / Clavulanate 125 MG [Augmentin]; Liletta 52 MG Intrauterine System; Acetaminophen 160 MG. Procedures: Documentation of current medications; Throat culture (procedure); Standard pregnancy test; Induced termination of pregnancy; Insertion of intrauterine contraceptive device; Sputum examination (procedure). Observations: Body Height: 151.11 cm; Body Weight: 63.69 kg; Body Mass Index: 27.89 kg/m2; Systolic Blood Pressure: 173.0 mmHg; Diastolic Blood Pressure: 93.0 mmHg; Estimated Glomerular Filtration Rate: 60.0 mL/min/{1.73_m2}; Body Weight: 67.03 kg; Body Mass Index: 29.36 kg/m2; Systolic Blood Pressure: 143.0 mmHg; Diastolic Blood Pressure: 109.0 mmHg; Oral temperature: 37.0 Cel; Body Weight: 72.38 kg; Body Mass Index: 31.7 kg/m2; Systolic Blood Pressure: 181.0 mmHg; Diastolic Blood Pressure: 114.0 mmHg. Immunizations: Influenza seasonal injectable preservative free; Td (adult) preservative free.",1
eadf9b0e-2187-447d-b884-d106a87a5cde,"Demographics: born 1979-12-27, gender F, race white, ethnicity italian. Encounters: Drug addiction therapy; Patient encounter procedure; Outpatient Encounter; Emergency room admission; Consultation for treatment; Admission to surgical department; Drug rehabilitation and detoxification; Encounter for symptom; Encounter for 'check-up'. Medications: Penicillin V Potassium 250 MG; Penicillin V Potassium 500 MG; 1 ML Depo-Provera 150 MG/ML Injection; Amoxicillin 500 MG Oral Tablet; Naproxen sodium 220 MG Oral Tablet; Amoxicillin 250 MG / Clavulanate 125 MG [Augmentin]. Procedures: Intramuscular injection; Documentation of current medications; Bilateral tubal ligation. Observations: Body Height: 158.41 cm; Body Weight: 92.83 kg; Body Mass Index: 36.99 kg/m2; Systolic Blood Pressure: 129.0 mmHg; Diastolic Blood Pressure: 80.0 mmHg; Total Cholesterol: 189.0 mg/dL; Triglycerides: 131.0 mg/dL; Low Density Lipoprotein Cholesterol: 100.0 mg/dL; High Density Lipoprotein Cholesterol: 62.0 mg/dL; Oral temperature: 37.0 Cel; Body Weight: 96.72 kg; Body Mass Index: 38.54 kg/m2; Systolic Blood Pressure: 107.0 mmHg; Diastolic Blood Pressure: 89.0 mmHg; Total Cholesterol: 160.0 mg/dL; Triglycerides: 103.0 mg/dL; Low Density Lipoprotein Cholesterol: 62.0 mg/dL; High Density Lipoprotein Cholesterol: 77.0 mg/dL. Immunizations: Influenza seasonal injectable preservative free; Td (adult) preservative free.",0
1bc2ffad-4cbc-47c6-afd4-3096dddefab1,"Demographics: born 2003-12-09, gender M, race white, ethnicity irish. Encounters: Outpatient Encounter; Emergency room admission; Encounter Inpatient; Encounter for symptom; Encounter for problem; Allergic disorder initial assessment. Medications: Loratadine 5 MG Chewable Tablet; 0.3 ML EPINEPHrine 0.5 MG/ML Auto-Injector. Procedures: Documentation of current medications; Appendectomy; Throat culture (procedure). Observations: Body Height: 120.7 cm; Body Weight: 21.72 kg; Body Mass Index: 14.91 kg/m2; Systolic Blood Pressure: 114.0 mmHg; Diastolic Blood Pressure: 89.0 mmHg; Body Height: 126.16 cm; Body Weight: 23.85 kg; Body Mass Index: 14.98 kg/m2; Systolic Blood Pressure: 111.0 mmHg; Diastolic Blood Pressure: 85.0 mmHg; Body Height: 131.63 cm; Body Weight: 26.42 kg; Body Mass Index: 15.25 kg/m2; Systolic Blood Pressure: 109.0 mmHg; Diastolic Blood Pressure: 73.0 mmHg; Body Height: 136.58 cm; Body Weight: 29.38 kg; Body Mass Index: 15.75 kg/m2; Systolic Blood Pressure: 100.0 mmHg; Body Height: 141.34 cm; Body Weight: 32.83 kg; Body Mass Index: 16.43 kg/m2; Systolic Blood Pressure: 127.0 mmHg; Diastolic Blood Pressure: 74.0 mmHg; Body Height: 146.27 cm; Body Weight: 36.51 kg; Body Mass Index: 17.07 kg/m2; Systolic Blood Pressure: 122.0 mmHg; Diastolic Blood Pressure: 78.0 mmHg; Oral temperature: 38.0 Cel; Body Height: 152.47 cm; Body Weight: 40.7 kg; Body Mass Index: 17.51 kg/m2; Systolic Blood Pressure: 104.0 mmHg; Diastolic Blood Pressure: 77.0 mmHg. Allergies: Shellfish allergy. Immunizations: Influenza seasonal injectable preservative free; meningococcal MCV4P; Tdap; HPV quadrivalent.",0
aaabb6fd-2a77-43de-a14f-a6af1e176994,"Demographics: born 1977-11-21, gender M, race white, ethnicity american. Encounters: Outpatient Encounter. Procedures: Documentation of current medications. Observations: Body Height: 180.84 cm; Body Weight: 121.38 kg; Body Mass Index: 37.11 kg/m2; Systolic Blood Pressure: 175.0 mmHg; Diastolic Blood Pressure: 112.0 mmHg; Estimated Glomerular Filtration Rate: 60.0 mL/min/{1.73_m2}; Body Weight: 125.06 kg; Body Mass Index: 38.24 kg/m2; Systolic Blood Pressure: 181.0 mmHg; Diastolic Blood Pressure: 90.0 mmHg; Total Cholesterol: 176.0 mg/dL; Triglycerides: 138.0 mg/dL; Low Density Lipoprotein Cholesterol: 88.0 mg/dL; High Density Lipoprotein Cholesterol: 60.0 mg/dL; Body Weight: 130.1 kg; Body Mass Index: 39.78 kg/m2; Diastolic Blood Pressure: 101.0 mmHg. Immunizations: Influenza seasonal injectable preservative free.",1
649f5faa-7c0f-4044-9d55-0f1ebab5c975,"Demographics: born 1952-01-31, gender F, race white, ethnicity irish. Encounters: Death Certification. Observations: Non-small cell lung cancer (disorder).",0
30638702-f6d4-4e0f-adaa-cce8a119b48a,"Demographics: born 1957-01-15, gender M, race white, ethnicity polish. Encounters: Outpatient Encounter; Encounter for symptom; Encounter for 'check-up'; Emergency room admission. Medications: Acetaminophen 325 MG Oral Tablet. Procedures: Documentation of current medications; Colonoscopy. Observations: Hemoglobin A1c/Hemoglobin.total in Blood: 6.2 %; Body Height: 190.18 cm; Body Weight: 107.54 kg; Body Mass Index: 29.73 kg/m2; Systolic Blood Pressure: 117.0 mmHg; Diastolic Blood Pressure: 74.0 mmHg; Glucose: 90.0 mg/dL; Urea Nitrogen: 20.0 mg/dL; Creatinine: 1.0 mg/dL; Calcium: 8.71 mg/dL; Sodium: 143.0 mmol/L; Potassium: 5.08 mmol/L; Chloride: 101.0 mmol/L; Carbon Dioxide: 27.0 mmol/L; Hemoglobin A1c/Hemoglobin.total in Blood: 6.3 %; Systolic Blood Pressure: 125.0 mmHg; Diastolic Blood Pressure: 87.0 mmHg; Glucose: 65.0 mg/dL; Urea Nitrogen: 19.0 mg/dL; Calcium: 9.99 mg/dL; Potassium: 3.95 mmol/L; Chloride: 107.0 mmol/L; Carbon Dioxide: 20.0 mmol/L; Total Cholesterol: 194.0 mg/dL; Triglycerides: 117.0 mg/dL; Low Density Lipoprotein Cholesterol: 92.0 mg/dL; High Density Lipoprotein Cholesterol: 78.0 mg/dL; Oral temperature: 37.0 Cel; Systolic Blood Pressure: 109.0 mmHg; Diastolic Blood Pressure: 76.0 mmHg; Glucose: 88.0 mg/dL; Urea Nitrogen: 9.0 mg/dL; Calcium: 9.54 mg/dL; Sodium: 140.0 mmol/L; Potassium: 4.55 mmol/L; Chloride: 109.0 mmol/L; Carbon Dioxide: 23.0 mmol/L; Hemoglobin A1c/Hemoglobin.total in Blood: 6.4 %; Systolic Blood Pressure: 114.0 mmHg; Diastolic Blood Pressure: 85.0 mmHg. Immunizations: Influenza seasonal injectable preservative free.",0
29234b46-72fb-4908-a2ac-2b65752ca50f,"Demographics: born 1991-09-07, gender M, race white, ethnicity italian. Encounters: Outpatient Encounter; Encounter for symptom. Medications: Dextromethorphan Hydrobromide 1 MG/ML. Procedures: Documentation of current medications. Observations: Body Height: 172.29 cm; Body Weight: 64.81 kg; Body Mass Index: 21.83 kg/m2; Systolic Blood Pressure: 115.0 mmHg; Diastolic Blood Pressure: 85.0 mmHg; Body Height: 172.52 cm; Body Weight: 66.05 kg; Body Mass Index: 22.19 kg/m2; Systolic Blood Pressure: 133.0 mmHg; Diastolic Blood Pressure: 76.0 mmHg; Body Height: 172.57 cm; Body Weight: 67.93 kg; Body Mass Index: 22.81 kg/m2; Systolic Blood Pressure: 101.0 mmHg; Body Weight: 71.29 kg; Body Mass Index: 23.94 kg/m2; Systolic Blood Pressure: 104.0 mmHg; Diastolic Blood Pressure: 79.0 mmHg. Immunizations: Influenza seasonal injectable preservative free; Td (adult) preservative free.",0
d6d1b115-1ed7-4bf4-81bb-9e89084fcb24,"Demographics: born 1982-02-06, gender M, race asian, ethnicity chinese. Encounters: Encounter for symptom; Outpatient Encounter. Medications: Acetaminophen 160 MG. Procedures: Throat culture (procedure); Documentation of current medications; Measurement of respiratory function (procedure). Observations: Oral temperature: 37.0 Cel; Body Height: 180.33 cm; Body Weight: 75.79 kg; Body Mass Index: 23.31 kg/m2; Systolic Blood Pressure: 126.0 mmHg; Diastolic Blood Pressure: 71.0 mmHg; Total Cholesterol: 183.0 mg/dL; Triglycerides: 120.0 mg/dL; Low Density Lipoprotein Cholesterol: 98.0 mg/dL; High Density Lipoprotein Cholesterol: 61.0 mg/dL; Body Weight: 81.15 kg; Body Mass Index: 24.95 kg/m2; Systolic Blood Pressure: 138.0 mmHg; Diastolic Blood Pressure: 73.0 mmHg; Total Cholesterol: 181.0 mg/dL; Triglycerides: 134.0 mg/dL; Low Density Lipoprotein Cholesterol: 89.0 mg/dL; High Density Lipoprotein Cholesterol: 65.0 mg/dL. Immunizations: Influenza seasonal injectable preservative free; Td (adult) preservative free.",0
28f7a788-dfdf-4170-9fdd-87fb21f85b99,"Demographics: born 1942-09-25, gender F, race black, ethnicity west_indian. Encounters: Death Certification. Medications: 24 HR Metformin hydrochloride 500 MG Extended Release Oral Tablet; 3 ML liraglutide 6 MG/ML Pen Injector; Nitroglycerin 0.4 MG/ACTUAT [Nitrolingual]; Simvastatin 20 MG Oral Tablet; Amlodipine 5 MG Oral Tablet; Clopidogrel 75 MG Oral Tablet; Penicillin V Potassium 500 MG. Observations: Stroke.",1
9e184043-e3a1-4a31-af19-2bc3106bdca0,"Demographics: born 1930-11-23, gender M, race white, ethnicity english. Encounters: Death Certification. Medications: Penicillin V Potassium 250 MG. Observations: Stroke.",1
a8ae5101-c243-486c-9921-0f3a8eab97b3,"Demographics: born 1983-12-02, gender M, race white, ethnicity german. Encounters: Outpatient Encounter. Medications: Penicillin V Potassium 250 MG. Procedures: Documentation of current medications. Observations: Body Height: 172.97 cm; Body Weight: 77.49 kg; Body Mass Index: 25.9 kg/m2; Systolic Blood Pressure: 129.0 mmHg; Diastolic Blood Pressure: 70.0 mmHg; Body Weight: 80.8 kg; Body Mass Index: 27.01 kg/m2; Systolic Blood Pressure: 131.0 mmHg; Diastolic Blood Pressure: 84.0 mmHg; Total Cholesterol: 185.0 mg/dL; Triglycerides: 141.0 mg/dL; Low Density Lipoprotein Cholesterol: 83.0 mg/dL; High Density Lipoprotein Cholesterol: 73.0 mg/dL. Immunizations: Influenza seasonal injectable preservative free; Td (adult) preservative free.",0
117d3d3d-c0d4-4f4d-b0d7-050c6c511adc,"Demographics: born 1996-05-01, gender F, race hispanic, ethnicity puerto_rican. Encounters: Encounter for 'check-up'; Outpatient Encounter; Encounter for symptom; Emergency room admission. Medications: Penicillin V Potassium 250 MG; Acetaminophen 325 MG Oral Tablet; Amoxicillin 250 MG / Clavulanate 125 MG [Augmentin]; Nitrofurantoin 5 MG/ML [Furadantin]; Phenazopyridine hydrochloride 100 MG [Pyridium]. Procedures: Documentation of current medications. Observations: Body Height: 160.08 cm; Body Weight: 47.94 kg; Body Mass Index: 18.71 kg/m2; Systolic Blood Pressure: 123.0 mmHg; Diastolic Blood Pressure: 89.0 mmHg; Body Height: 161.3 cm; Body Weight: 50.65 kg; Body Mass Index: 19.47 kg/m2; Systolic Blood Pressure: 127.0 mmHg; Diastolic Blood Pressure: 85.0 mmHg; Body Height: 161.78 cm; Body Weight: 52.19 kg; Body Mass Index: 19.94 kg/m2; Systolic Blood Pressure: 134.0 mmHg; Diastolic Blood Pressure: 86.0 mmHg; Body Height: 162.06 cm; Body Weight: 53.38 kg; Body Mass Index: 20.32 kg/m2; Systolic Blood Pressure: 108.0 mmHg; Body Height: 162.22 cm; Body Weight: 54.39 kg; Body Mass Index: 20.67 kg/m2; Systolic Blood Pressure: 192.0 mmHg; Diastolic Blood Pressure: 107.0 mmHg; Estimated Glomerular Filtration Rate: 60.0 mL/min/{1.73_m2}; Body Height: 162.32 cm; Body Weight: 55.36 kg; Body Mass Index: 21.01 kg/m2; Systolic Blood Pressure: 154.0 mmHg; Diastolic Blood Pressure: 90.0 mmHg; Body Height: 162.34 cm; Body Weight: 57.56 kg; Body Mass Index: 21.84 kg/m2; Systolic Blood Pressure: 184.0 mmHg; Diastolic Blood Pressure: 102.0 mmHg. Immunizations: Influenza seasonal injectable preservative free; meningococcal MCV4P.",1
cfc972b0-793a-4323-a57a-dfda4b3f6f8d,"Demographics: born 1941-12-20, gender F, race white, ethnicity italian. Encounters: Outpatient Encounter; Encounter for 'check-up'; Emergency room admission; Encounter Inpatient; Encounter for symptom. Medications: Penicillin V Potassium 250 MG; Hydrocortisone 10 MG/ML Topical Cream; Penicillin V Potassium 500 MG; Naproxen sodium 220 MG Oral Tablet; oxyCODONE Hydrochloride 15 MG [OxyCONTIN]. Procedures: Documentation of current medications; Colonoscopy; Suture open wound. Observations: Body Height: 172.76 cm; Body Weight: 92.33 kg; Body Mass Index: 30.93 kg/m2; Systolic Blood Pressure: 161.0 mmHg; Diastolic Blood Pressure: 92.0 mmHg; Total Cholesterol: 189.0 mg/dL; Triglycerides: 132.0 mg/dL; Low Density Lipoprotein Cholesterol: 94.0 mg/dL; High Density Lipoprotein Cholesterol: 68.0 mg/dL; Estimated Glomerular Filtration Rate: 60.0 mL/min/{1.73_m2}; Body Weight: 90.6 kg; Body Mass Index: 30.36 kg/m2; Systolic Blood Pressure: 190.0 mmHg; Diastolic Blood Pressure: 114.0 mmHg; Body Weight: 89.48 kg; Body Mass Index: 29.98 kg/m2; Systolic Blood Pressure: 164.0 mmHg; Diastolic Blood Pressure: 96.0 mmHg; Body Weight: 86.24 kg; Body Mass Index: 28.89 kg/m2; Systolic Blood Pressure: 145.0 mmHg; Diastolic Blood Pressure: 107.0 mmHg; Total Cholesterol: 161.0 mg/dL; Triglycerides: 130.0 mg/dL; Low Density Lipoprotein Cholesterol: 65.0 mg/dL; High Density Lipoprotein Cholesterol: 70.0 mg/dL; Body Weight: 84.27 kg; Body Mass Index: 28.23 kg/m2; Systolic Blood Pressure: 185.0 mmHg; Body Weight: 82.46 kg; Body Mass Index: 27.63 kg/m2; Systolic Blood Pressure: 188.0 mmHg. Immunizations: Pneumococcal conjugate PCV 13; Influenza seasonal injectable preservative free; Td (adult) preservative free.",1
b496e249-20d5-4fa3-8405-7de360927533,"Demographics: born 1926-03-22, gender M, race white, ethnicity swedish. Encounters: Death Certification. Medications: 24 HR Metformin hydrochloride 500 MG Extended Release Oral Tablet; Nitroglycerin 0.4 MG/ACTUAT [Nitrolingual]; Penicillin V Potassium 500 MG; insulin human isophane 70 UNT/ML / Regular Insulin Human 30 UNT/ML Injectable Suspension [Humulin]; Simvastatin 20 MG Oral Tablet. Observations: Cardiac Arrest.",0
4e7dda5c-13cb-4fd6-8b16-ecd7f0c31d41,"Demographics: born 1910-10-03, gender F, race hispanic, ethnicity puerto_rican.",0
c67a91b6-304d-4043-bc81-6eb2ba1cec57,"Demographics: born 2011-11-16, gender M, race white, ethnicity irish. Encounters: Outpatient Encounter; Domiciliary or rest home patient evaluation and management; Encounter for symptom. Medications: Dextromethorphan Hydrobromide 1 MG/ML; Amoxicillin 200 MG Oral Tablet; Acetaminophen 160 MG Oral Tablet. Procedures: Documentation of current medications; Information gathering (procedure); Measurement of respiratory function (procedure). Observations: Body Height: 56.13 cm; Body Weight: 4.85 kg; Systolic Blood Pressure: 129.0 mmHg; Diastolic Blood Pressure: 73.0 mmHg; Body Height: 59.11 cm; Body Weight: 5.64 kg; Systolic Blood Pressure: 136.0 mmHg; Diastolic Blood Pressure: 80.0 mmHg; Body Height: 63.71 cm; Body Weight: 7.0 kg; Systolic Blood Pressure: 139.0 mmHg; Diastolic Blood Pressure: 76.0 mmHg; Body Height: 67.33 cm; Body Weight: 8.12 kg; Systolic Blood Pressure: 131.0 mmHg; Diastolic Blood Pressure: 82.0 mmHg; Body Height: 71.79 cm; Body Weight: 9.42 kg; Systolic Blood Pressure: 126.0 mmHg; Diastolic Blood Pressure: 83.0 mmHg; Body Height: 75.53 cm; Body Weight: 10.4 kg; Systolic Blood Pressure: 124.0 mmHg; Diastolic Blood Pressure: 78.0 mmHg; Sexual orientation: heterosexual {nominal}; HIV status: not HIV positive {nominal}; Abuse Status [OMAHA]: Severe signs/symptoms {nominal}; Housing status: Patient is homeless {nominal}; Are you covered by health insurance or some other kind of health care plan [PhenX]: No {nominal}; History of Hospitalizations+​Outpatient visits: 7.0 {count}; Body Height: 77.75 cm; Body Weight: 10.92 kg; Systolic Blood Pressure: 117.0 mmHg; Diastolic Blood Pressure: 70.0 mmHg; Abuse Status [OMAHA]: No signs/symptoms {nominal}; Are you covered by health insurance or some other kind of health care plan [PhenX]: Yes {nominal}; History of Hospitalizations+​Outpatient visits: 1.0 {count}; History of Hospitalizations+​Outpatient visits: 6.0 {count}; Body Height: 80.8 cm; Body Weight: 11.56 kg. Immunizations: Hep B adolescent or pediatric; rotavirus monovalent; DTaP; Hib (PRP-OMP); Pneumococcal conjugate PCV 13; IPV; Influenza seasonal injectable preservative free; MMR; varicella; Hep A ped/adol 2 dose.",0
9ecb2510-3a26-4f4e-885c-66499a790b2c,"Demographics: born 1992-08-08, gender M, race white, ethnicity irish. Encounters: Outpatient Encounter; Encounter for symptom. Procedures: Documentation of current medications. Observations: Body Height: 178.47 cm; Body Weight: 83.64 kg; Body Mass Index: 26.26 kg/m2; Systolic Blood Pressure: 143.0 mmHg; Diastolic Blood Pressure: 118.0 mmHg; Estimated Glomerular Filtration Rate: 60.0 mL/min/{1.73_m2}; Body Height: 178.84 cm; Body Weight: 85.44 kg; Body Mass Index: 26.71 kg/m2; Systolic Blood Pressure: 173.0 mmHg; Diastolic Blood Pressure: 99.0 mmHg; Body Height: 179.04 cm; Body Weight: 88.53 kg; Body Mass Index: 27.62 kg/m2; Systolic Blood Pressure: 158.0 mmHg; Oral temperature: 37.0 Cel; Body Weight: 91.59 kg; Body Mass Index: 28.57 kg/m2; Systolic Blood Pressure: 157.0 mmHg; Diastolic Blood Pressure: 103.0 mmHg. Immunizations: Influenza seasonal injectable preservative free; Td (adult) preservative free.",1
59fdbc6c-87cb-4cf2-8618-f66552083b32,"Demographics: born 2002-06-27, gender F, race white, ethnicity french_canadian. Encounters: Outpatient Encounter; Encounter for symptom; Emergency room admission; Encounter for 'check-up'. Medications: Acetaminophen 160 MG; Ibuprofen 100 MG Oral Tablet; Penicillin V Potassium 250 MG; Acetaminophen 325 MG Oral Tablet. Procedures: Throat culture (procedure); Sputum examination (procedure); Documentation of current medications; Suture open wound; Bone immobilization. Observations: Body Height: 139.96 cm; Body Weight: 26.81 kg; Body Mass Index: 13.69 kg/m2; Systolic Blood Pressure: 104.0 mmHg; Diastolic Blood Pressure: 83.0 mmHg; Oral temperature: 38.0 Cel; Body Height: 146.53 cm; Body Weight: 30.91 kg; Body Mass Index: 14.4 kg/m2; Systolic Blood Pressure: 137.0 mmHg; Diastolic Blood Pressure: 88.0 mmHg; Body Height: 153.75 cm; Body Weight: 35.23 kg; Body Mass Index: 14.9 kg/m2; Systolic Blood Pressure: 126.0 mmHg; Diastolic Blood Pressure: 80.0 mmHg; Body Height: 160.32 cm; Body Weight: 39.02 kg; Body Mass Index: 15.18 kg/m2; Systolic Blood Pressure: 111.0 mmHg; Body Height: 166.26 cm; Body Weight: 43.6 kg; Body Mass Index: 15.77 kg/m2; Systolic Blood Pressure: 106.0 mmHg; Diastolic Blood Pressure: 72.0 mmHg; Oral temperature: 38.47 Cel; Body Height: 169.0 cm; Body Weight: 47.39 kg; Body Mass Index: 16.59 kg/m2; Systolic Blood Pressure: 100.0 mmHg. Immunizations: Influenza seasonal injectable preservative free; meningococcal MCV4P; Tdap; HPV quadrivalent.",0
d80876a1-dca8-41f0-9803-78aa5cbe00ac,"Demographics: born 1988-06-30, gender M, race white, ethnicity irish. Encounters: Emergency room admission; Outpatient Encounter. Medications: Penicillin V Potassium 250 MG; Ibuprofen 200 MG Oral Tablet. Procedures: Suture open wound. Observations: Body Height: 172.85 cm; Body Weight: 69.93 kg; Body Mass Index: 23.41 kg/m2; Systolic Blood Pressure: 138.0 mmHg; Diastolic Blood Pressure: 83.0 mmHg; Body Weight: 74.13 kg; Body Mass Index: 24.81 kg/m2; Systolic Blood Pressure: 136.0 mmHg; Diastolic Blood Pressure: 71.0 mmHg. Immunizations: Influenza seasonal injectable preservative free; Td (adult) preservative free.",0
27eb0cdf-7f16-4bb9-879d-c772e7c593b1,"Demographics: born 1955-03-22, gender M, race hispanic, ethnicity puerto_rican. Encounters: Death Certification. Medications: Acetaminophen 325 MG / oxyCODONE Hydrochloride 5 MG Oral Tablet; Nitroglycerin 0.4 MG/ACTUAT [Nitrolingual]. Observations: Myocardial Infarction.",1
a6c34e31-fa17-4afd-b92a-72ffe5a12f01,"Demographics: born 1961-07-17, gender M, race white, ethnicity french. Encounters: Asthma follow-up; Outpatient Encounter; Encounter for symptom; Emergency room admission. Medications: 120 ACTUAT Fluticasone propionate 0.044 MG/ACTUAT Metered Dose Inhaler; 200 ACTUAT Albuterol 0.09 MG/ACTUAT Metered Dose Inhaler; diphenhydrAMINE Hydrochloride 25 MG Oral Tablet; Penicillin V Potassium 250 MG; Naproxen sodium 220 MG [Aleve]; Acetaminophen 160 MG; Naproxen sodium 220 MG Oral Tablet. Procedures: Documentation of current medications; Sputum examination (procedure). Observations: Hemoglobin A1c/Hemoglobin.total in Blood: 6.0 %; Body Height: 163.33 cm; Body Weight: 108.46 kg; Body Mass Index: 40.66 kg/m2; Systolic Blood Pressure: 101.0 mmHg; Diastolic Blood Pressure: 77.0 mmHg; Glucose: 87.0 mg/dL; Urea Nitrogen: 10.0 mg/dL; Creatinine: 1.0 mg/dL; Calcium: 8.79 mg/dL; Sodium: 138.0 mmol/L; Potassium: 4.68 mmol/L; Chloride: 105.0 mmol/L; Carbon Dioxide: 28.0 mmol/L; Total Cholesterol: 165.0 mg/dL; Triglycerides: 106.0 mg/dL; Low Density Lipoprotein Cholesterol: 64.0 mg/dL; High Density Lipoprotein Cholesterol: 79.0 mg/dL; Hemoglobin A1c/Hemoglobin.total in Blood: 6.3 %; Systolic Blood Pressure: 114.0 mmHg; Diastolic Blood Pressure: 89.0 mmHg; Glucose: 83.0 mg/dL; Urea Nitrogen: 19.0 mg/dL; Calcium: 9.01 mg/dL; Sodium: 136.0 mmol/L; Potassium: 4.56 mmol/L; Chloride: 107.0 mmol/L; Carbon Dioxide: 26.0 mmol/L; Hemoglobin A1c/Hemoglobin.total in Blood: 5.9 %; Systolic Blood Pressure: 108.0 mmHg; Diastolic Blood Pressure: 78.0 mmHg; Glucose: 76.0 mg/dL; Urea Nitrogen: 14.0 mg/dL; Calcium: 9.46 mg/dL; Sodium: 139.0 mmol/L; Potassium: 3.78 mmol/L; Carbon Dioxide: 27.0 mmol/L; Hemoglobin A1c/Hemoglobin.total in Blood: 6.2 %; Systolic Blood Pressure: 111.0 mmHg; Diastolic Blood Pressure: 79.0 mmHg. Allergies: Allergy to nut; Allergy to tree pollen; Allergy to grass pollen. Immunizations: Influenza seasonal injectable preservative free; Td (adult) preservative free.",0
1112e9a7-ea34-4939-bd91-bdb350f28500,"Demographics: born 1951-09-17, gender F, race white, ethnicity german. Encounters: Outpatient Encounter; Encounter for 'check-up'; Encounter for symptom; Emergency Encounter. Medications: Naproxen sodium 220 MG [Aleve]; Penicillin V Potassium 500 MG; 24 HR Metformin hydrochloride 500 MG Extended Release Oral Tablet; Clopidogrel 75 MG Oral Tablet; Alteplase 1 MG/ML Injectable Solution. Procedures: Colonoscopy; Documentation of current medications; Percutaneous mechanical thrombectomy of portal vein using fluoroscopic guidance. Observations: Hemoglobin A1c/Hemoglobin.total in Blood: 7.6 %; Body Height: 162.94 cm; Body Weight: 96.54 kg; Body Mass Index: 36.36 kg/m2; Systolic Blood Pressure: 156.0 mmHg; Diastolic Blood Pressure: 90.0 mmHg; Glucose: 155.0 mg/dL; Urea Nitrogen: 15.0 mg/dL; Creatinine: 1.0 mg/dL; Calcium: 9.31 mg/dL; Sodium: 137.0 mmol/L; Potassium: 4.02 mmol/L; Chloride: 107.0 mmol/L; Carbon Dioxide: 24.0 mmol/L; Total Cholesterol: 241.0 mg/dL; Triglycerides: 219.0 mg/dL; Low Density Lipoprotein Cholesterol: 165.0 mg/dL; High Density Lipoprotein Cholesterol: 32.0 mg/dL; Microalbumin Creatine Ratio: 10.0 mg/g; Estimated Glomerular Filtration Rate: 60.0 mL/min/{1.73_m2}; Hemoglobin A1c/Hemoglobin.total in Blood: 7.5 %; Body Weight: 95.5 kg; Body Mass Index: 35.97 kg/m2; Systolic Blood Pressure: 167.0 mmHg; Diastolic Blood Pressure: 120.0 mmHg; Glucose: 125.0 mg/dL; Urea Nitrogen: 16.0 mg/dL; Calcium: 9.21 mg/dL; Sodium: 136.0 mmol/L; Potassium: 4.41 mmol/L; Chloride: 104.0 mmol/L; Carbon Dioxide: 22.0 mmol/L; Total Cholesterol: 240.0 mg/dL; Triglycerides: 309.0 mg/dL; Low Density Lipoprotein Cholesterol: 148.0 mg/dL; High Density Lipoprotein Cholesterol: 30.0 mg/dL; Microalbumin Creatine Ratio: 6.0 mg/g; Hemoglobin A1c/Hemoglobin.total in Blood: 7.3 %; Body Weight: 93.53 kg; Body Mass Index: 35.23 kg/m2. Immunizations: Influenza seasonal injectable preservative free; zoster; Td (adult) preservative free.",1
cf1a6103-def2-40cd-b25c-f9a01872de80,"Demographics: born 1937-06-18, gender M, race hispanic, ethnicity puerto_rican. Encounters: Death Certification. Medications: Penicillin V Potassium 250 MG; Penicillin V Potassium 500 MG; Fluticasone propionate 0.25 MG/ACTUAT / salmeterol 0.05 MG/ACTUAT [Advair]. Observations: Non-small cell lung cancer (disorder).",0
df712214-47b9-4cd7-b102-f0299f296800,"Demographics: born 1958-08-30, gender F, race white, ethnicity english. Encounters: Outpatient Encounter; Encounter for 'check-up'; Encounter for symptom; Emergency room admission. Medications: Penicillin V Potassium 250 MG; 24 HR Metformin hydrochloride 500 MG Extended Release Oral Tablet; Naproxen sodium 220 MG [Aleve]; Ibuprofen 200 MG Oral Tablet. Procedures: Colonoscopy; Documentation of current medications. Observations: Hemoglobin A1c/Hemoglobin.total in Blood: 8.1 %; Body Height: 160.59 cm; Body Weight: 99.19 kg; Body Mass Index: 38.46 kg/m2; Systolic Blood Pressure: 171.0 mmHg; Diastolic Blood Pressure: 113.0 mmHg; Glucose: 179.0 mg/dL; Urea Nitrogen: 10.0 mg/dL; Creatinine: 1.0 mg/dL; Calcium: 9.93 mg/dL; Sodium: 138.0 mmol/L; Potassium: 4.31 mmol/L; Chloride: 108.0 mmol/L; Carbon Dioxide: 24.0 mmol/L; Total Cholesterol: 254.0 mg/dL; Triglycerides: 436.0 mg/dL; Low Density Lipoprotein Cholesterol: 141.0 mg/dL; High Density Lipoprotein Cholesterol: 25.0 mg/dL; Microalbumin Creatine Ratio: 9.0 mg/g; Estimated Glomerular Filtration Rate: 60.0 mL/min/{1.73_m2}; Systolic Blood Pressure: 144.0 mmHg; Diastolic Blood Pressure: 100.0 mmHg; Glucose: 162.0 mg/dL; Calcium: 9.72 mg/dL; Potassium: 3.71 mmol/L; Chloride: 110.0 mmol/L; Carbon Dioxide: 28.0 mmol/L; Triglycerides: 250.0 mg/dL; Low Density Lipoprotein Cholesterol: 182.0 mg/dL; High Density Lipoprotein Cholesterol: 22.0 mg/dL; Microalbumin Creatine Ratio: 2.0 mg/g; Systolic Blood Pressure: 197.0 mmHg; Diastolic Blood Pressure: 99.0 mmHg; Glucose: 147.0 mg/dL; Urea Nitrogen: 17.0 mg/dL; Calcium: 9.09 mg/dL; Sodium: 142.0 mmol/L; Potassium: 4.14 mmol/L; Total Cholesterol: 246.0 mg/dL; Triglycerides: 364.0 mg/dL. Immunizations: Influenza seasonal injectable preservative free; Td (adult) preservative free.",1
d7e9770e-0f48-4f73-9e07-6fcd3cb00c41,"Demographics: born 1924-03-24, gender F, race white, ethnicity portuguese. Encounters: Outpatient Encounter; Encounter for symptom. Medications: Alendronic acid 10 MG [Fosamax]; Amoxicillin 250 MG / Clavulanate 125 MG [Augmentin]. Procedures: Documentation of current medications; Bone density scan (procedure). Observations: Body Height: 157.48 cm; Body Weight: 65.48 kg; Body Mass Index: 26.4 kg/m2; Systolic Blood Pressure: 100.0 mmHg; Diastolic Blood Pressure: 83.0 mmHg; Body Weight: 64.12 kg; Body Mass Index: 25.86 kg/m2; Systolic Blood Pressure: 121.0 mmHg; Diastolic Blood Pressure: 89.0 mmHg; Systolic Blood Pressure: 123.0 mmHg; Diastolic Blood Pressure: 72.0 mmHg; Total Cholesterol: 181.0 mg/dL; Triglycerides: 120.0 mg/dL; Low Density Lipoprotein Cholesterol: 97.0 mg/dL; High Density Lipoprotein Cholesterol: 60.0 mg/dL; Body Weight: 62.79 kg; Body Mass Index: 25.32 kg/m2; Systolic Blood Pressure: 127.0 mmHg; Diastolic Blood Pressure: 77.0 mmHg; Body Weight: 60.79 kg; Body Mass Index: 24.51 kg/m2; Systolic Blood Pressure: 115.0 mmHg; DXA [T-score] Bone density: -3.72 {T-score}; Body Weight: 59.39 kg; Body Mass Index: 23.95 kg/m2; Systolic Blood Pressure: 107.0 mmHg; Body Weight: 57.57 kg; Body Mass Index: 23.21 kg/m2; Systolic Blood Pressure: 139.0 mmHg; Diastolic Blood Pressure: 75.0 mmHg; Total Cholesterol: 165.0 mg/dL; Triglycerides: 116.0 mg/dL; Low Density Lipoprotein Cholesterol: 67.0 mg/dL; High Density Lipoprotein Cholesterol: 74.0 mg/dL; Body Weight: 55.63 kg; Body Mass Index: 22.43 kg/m2; Diastolic Blood Pressure: 76.0 mmHg. Allergies: Shellfish allergy. Immunizations: Influenza seasonal injectable preservative free; Td (adult) preservative free.",0
62767185-150e-4ce0-8d2f-053d3c7ebaa5,"Demographics: born 1962-08-07, gender M, race white, ethnicity italian. Encounters: Encounter for symptom; Outpatient Encounter; Emergency room admission; Encounter for 'check-up'. Medications: Penicillin V Potassium 250 MG; Penicillin V Potassium 500 MG. Observations: Body Height: 185.85 cm; Body Weight: 113.36 kg; Body Mass Index: 32.82 kg/m2; Systolic Blood Pressure: 189.0 mmHg; Diastolic Blood Pressure: 106.0 mmHg; Total Cholesterol: 173.0 mg/dL; Triglycerides: 118.0 mg/dL; Low Density Lipoprotein Cholesterol: 74.0 mg/dL; High Density Lipoprotein Cholesterol: 75.0 mg/dL; Estimated Glomerular Filtration Rate: 60.0 mL/min/{1.73_m2}; Systolic Blood Pressure: 196.0 mmHg; Diastolic Blood Pressure: 117.0 mmHg; Systolic Blood Pressure: 176.0 mmHg; Diastolic Blood Pressure: 91.0 mmHg; Systolic Blood Pressure: 200.0 mmHg; Diastolic Blood Pressure: 113.0 mmHg; Total Cholesterol: 174.0 mg/dL; Triglycerides: 113.0 mg/dL; High Density Lipoprotein Cholesterol: 77.0 mg/dL; Systolic Blood Pressure: 170.0 mmHg; Diastolic Blood Pressure: 105.0 mmHg. Immunizations: Influenza seasonal injectable preservative free; Td (adult) preservative free.",1
8ad7cda1-f97e-4adc-9992-50a2d7ea7077,"Demographics: born 1952-06-13, gender F, race white, ethnicity english. Encounters: Death Certification. Medications: diphenhydrAMINE Hydrochloride 25 MG Oral Tablet; Penicillin V Potassium 500 MG; Donepezil hydrochloride 10 MG [Aricept]; Memantine hydrochloride 2 MG/ML [Namenda]. Observations: Pneumonia. Allergies: Allergy to peanuts; Allergy to nut; Allergy to tree pollen; Allergy to grass pollen; Dander (animal) allergy; House dust mite allergy; Allergy to mould.",1
fccecd59-6249-47f9-8038-68cc5fa5a506,"Demographics: born 1944-10-27, gender M, race white, ethnicity italian. Encounters: Outpatient Encounter; Encounter for 'check-up'. Medications: Penicillin V Potassium 250 MG; Insulin Lispro 100 UNT/ML Injectable Solution [Humalog]; Naproxen sodium 220 MG [Aleve]. Procedures: Documentation of current medications; Colonoscopy. Observations: Hemoglobin A1c/Hemoglobin.total in Blood: 2.8 %; Body Height: 169.38 cm; Body Weight: 101.45 kg; Body Mass Index: 35.36 kg/m2; Systolic Blood Pressure: 150.0 mmHg; Diastolic Blood Pressure: 102.0 mmHg; Glucose: 99.0 mg/dL; Urea Nitrogen: 13.0 mg/dL; Creatinine: 1.0 mg/dL; Calcium: 8.52 mg/dL; Sodium: 140.0 mmol/L; Potassium: 4.33 mmol/L; Chloride: 104.0 mmol/L; Carbon Dioxide: 28.0 mmol/L; Total Cholesterol: 179.0 mg/dL; Triglycerides: 144.0 mg/dL; Low Density Lipoprotein Cholesterol: 84.0 mg/dL; High Density Lipoprotein Cholesterol: 66.0 mg/dL; Microalbumin Creatine Ratio: 218.0 mg/g; Estimated Glomerular Filtration Rate: 60.0 mL/min/{1.73_m2}; Hemoglobin A1c/Hemoglobin.total in Blood: 2.7 %; Body Weight: 99.91 kg; Body Mass Index: 34.83 kg/m2; Systolic Blood Pressure: 179.0 mmHg; Diastolic Blood Pressure: 110.0 mmHg; Glucose: 74.0 mg/dL; Urea Nitrogen: 8.0 mg/dL; Calcium: 8.51 mg/dL; Sodium: 136.0 mmol/L; Potassium: 4.96 mmol/L; Chloride: 101.0 mmol/L; Carbon Dioxide: 22.0 mmol/L; Triglycerides: 114.0 mg/dL; Low Density Lipoprotein Cholesterol: 81.0 mg/dL; High Density Lipoprotein Cholesterol: 75.0 mg/dL; Microalbumin Creatine Ratio: 76.0 mg/g; Hemoglobin A1c/Hemoglobin.total in Blood: 2.6 %; Body Weight: 98.79 kg; Body Mass Index: 34.44 kg/m2; Systolic Blood Pressure: 154.0 mmHg. Immunizations: Pneumococcal conjugate PCV 13; Influenza seasonal injectable preservative free; pneumococcal polysaccharide vaccine 23 valent; Td (adult) preservative free.",1
a8068698-75a2-4df0-995d-1ea078533474,"Demographics: born 1961-05-09, gender F, race white, ethnicity russian. Encounters: Encounter for 'check-up'; Encounter for symptom; Emergency room admission; Outpatient Encounter. Medications: Penicillin V Potassium 250 MG; Naproxen sodium 220 MG Oral Tablet; Amoxicillin 250 MG / Clavulanate 125 MG [Augmentin]. Procedures: Colonoscopy; Documentation of current medications. Observations: Hemoglobin A1c/Hemoglobin.total in Blood: 6.2 %; Body Height: 165.28 cm; Body Weight: 96.17 kg; Body Mass Index: 35.2 kg/m2; Systolic Blood Pressure: 120.0 mmHg; Diastolic Blood Pressure: 74.0 mmHg; Glucose: 100.0 mg/dL; Urea Nitrogen: 14.0 mg/dL; Creatinine: 1.0 mg/dL; Calcium: 8.78 mg/dL; Sodium: 142.0 mmol/L; Potassium: 5.15 mmol/L; Chloride: 101.0 mmol/L; Carbon Dioxide: 23.0 mmol/L; Total Cholesterol: 185.0 mg/dL; Triglycerides: 129.0 mg/dL; Low Density Lipoprotein Cholesterol: 86.0 mg/dL; High Density Lipoprotein Cholesterol: 73.0 mg/dL; Hemoglobin A1c/Hemoglobin.total in Blood: 6.1 %; Systolic Blood Pressure: 100.0 mmHg; Glucose: 94.0 mg/dL; Urea Nitrogen: 11.0 mg/dL; Calcium: 9.11 mg/dL; Sodium: 141.0 mmol/L; Potassium: 4.71 mmol/L; Chloride: 103.0 mmol/L; Hemoglobin A1c/Hemoglobin.total in Blood: 6.0 %; Systolic Blood Pressure: 115.0 mmHg; Diastolic Blood Pressure: 87.0 mmHg; Glucose: 69.0 mg/dL; Urea Nitrogen: 19.0 mg/dL; Calcium: 8.76 mg/dL; Sodium: 143.0 mmol/L; Potassium: 4.33 mmol/L; Chloride: 111.0 mmol/L; Carbon Dioxide: 20.0 mmol/L; Systolic Blood Pressure: 127.0 mmHg; Diastolic Blood Pressure: 89.0 mmHg; Glucose: 68.0 mg/dL; Urea Nitrogen: 18.0 mg/dL. Immunizations: Influenza seasonal injectable preservative free; Td (adult) preservative free.",0
00905b55-20ef-474b-aa73-e484df99dfe8,"Demographics: born 1992-11-01, gender F, race white, ethnicity italian. Encounters: Outpatient Encounter; Encounter for symptom; Prenatal initial visit; Patient-initiated encounter. Medications: Penicillin V Potassium 250 MG; Ortho Tri-Cyclen 28 Day Pack. Procedures: Documentation of current medications; Standard pregnancy test; Induced termination of pregnancy. Observations: Body Height: 155.69 cm; Body Weight: 53.66 kg; Body Mass Index: 22.14 kg/m2; Systolic Blood Pressure: 132.0 mmHg; Diastolic Blood Pressure: 89.0 mmHg; Body Height: 155.83 cm; Body Weight: 54.77 kg; Body Mass Index: 22.55 kg/m2; Systolic Blood Pressure: 187.0 mmHg; Diastolic Blood Pressure: 109.0 mmHg; Estimated Glomerular Filtration Rate: 60.0 mL/min/{1.73_m2}; Body Height: 155.91 cm; Body Weight: 55.6 kg; Body Mass Index: 22.87 kg/m2; Systolic Blood Pressure: 143.0 mmHg; Oral temperature: 38.0 Cel; Body Weight: 59.04 kg; Body Mass Index: 24.29 kg/m2; Systolic Blood Pressure: 191.0 mmHg; Diastolic Blood Pressure: 112.0 mmHg; Body Weight: 64.25 kg; Body Mass Index: 26.43 kg/m2; Systolic Blood Pressure: 180.0 mmHg; Diastolic Blood Pressure: 94.0 mmHg. Immunizations: Influenza seasonal injectable preservative free; Td (adult) preservative free.",1
10e9a11c-7eae-4bd5-b4a1-159cdab1a6d7,"Demographics: born 1946-03-16, gender M, race white, ethnicity french. Encounters: Death Certification; Encounter for symptom; Outpatient Encounter; Encounter for 'check-up'; Emergency Encounter. Medications: 24 HR Metformin hydrochloride 500 MG Extended Release Oral Tablet; insulin human isophane 70 UNT/ML / Regular Insulin Human 30 UNT/ML Injectable Suspension [Humulin]; Clopidogrel 75 MG Oral Tablet; Alteplase 1 MG/ML Injectable Solution. Procedures: Documentation of current medications; Colonoscopy; Percutaneous mechanical thrombectomy of portal vein using fluoroscopic guidance. Immunizations: Influenza seasonal injectable preservative free; Pneumococcal conjugate PCV 13.",1
09e4ff06-5048-4130-a7ba-23706355291b,"Demographics: born 1983-06-13, gender F, race white, ethnicity scottish. Encounters: Outpatient Encounter; Prenatal initial visit; Patient-initiated encounter; Encounter for symptom. Medications: Camila 28 Day Pack. Procedures: Documentation of current medications; Standard pregnancy test; Induced termination of pregnancy. Observations: Hemoglobin A1c/Hemoglobin.total in Blood: 6.0 %; Body Height: 175.46 cm; Body Weight: 66.12 kg; Body Mass Index: 21.48 kg/m2; Systolic Blood Pressure: 168.0 mmHg; Diastolic Blood Pressure: 119.0 mmHg; Glucose: 87.0 mg/dL; Urea Nitrogen: 16.0 mg/dL; Creatinine: 1.0 mg/dL; Calcium: 9.14 mg/dL; Sodium: 138.0 mmol/L; Potassium: 4.12 mmol/L; Chloride: 110.0 mmol/L; Carbon Dioxide: 24.0 mmol/L; Estimated Glomerular Filtration Rate: 60.0 mL/min/{1.73_m2}; Hemoglobin A1c/Hemoglobin.total in Blood: 6.1 %; Body Weight: 70.52 kg; Body Mass Index: 22.91 kg/m2; Systolic Blood Pressure: 145.0 mmHg; Diastolic Blood Pressure: 104.0 mmHg; Glucose: 99.0 mg/dL; Urea Nitrogen: 20.0 mg/dL; Calcium: 8.76 mg/dL; Sodium: 136.0 mmol/L; Potassium: 4.11 mmol/L; Chloride: 103.0 mmol/L; Carbon Dioxide: 28.0 mmol/L; Total Cholesterol: 170.0 mg/dL; Triglycerides: 136.0 mg/dL; Low Density Lipoprotein Cholesterol: 63.0 mg/dL; High Density Lipoprotein Cholesterol: 79.0 mg/dL; Hemoglobin A1c/Hemoglobin.total in Blood: 6.3 %; Body Weight: 75.23 kg; Body Mass Index: 24.44 kg/m2; Systolic Blood Pressure: 188.0 mmHg; Diastolic Blood Pressure: 101.0 mmHg; Urea Nitrogen: 14.0 mg/dL; Calcium: 9.64 mg/dL; Sodium: 144.0 mmol/L; Potassium: 4.16 mmol/L. Immunizations: Influenza seasonal injectable preservative free; Td (adult) preservative free.",1
25e1c98f-f192-4a5f-9441-3b536d41be2f,"Demographics: born 1939-10-10, gender F, race white, ethnicity irish. Encounters: Death Certification. Medications: Penicillin V Potassium 250 MG; Fluticasone propionate 0.25 MG/ACTUAT / salmeterol 0.05 MG/ACTUAT [Advair]; Naproxen sodium 220 MG [Aleve]. Observations: Pulmonary emphysema (disorder).",1
9d08276a-e0c9-4cf8-925e-86380f24dd14,"Demographics: born 1983-12-30, gender M, race white, ethnicity italian. Encounters: Outpatient Encounter; Emergency room admission; Encounter for symptom. Medications: Terfenadine 60 MG Oral Tablet; Penicillin V Potassium 500 MG; 24 HR Metformin hydrochloride 500 MG Extended Release Oral Tablet; Acetaminophen 325 MG Oral Tablet; Amoxicillin 250 MG / Clavulanate 125 MG [Augmentin]. Procedures: Documentation of current medications; Suture open wound. Observations: Hemoglobin A1c/Hemoglobin.total in Blood: 7.9 %; Body Height: 167.99 cm; Body Weight: 89.37 kg; Body Mass Index: 31.67 kg/m2; Systolic Blood Pressure: 149.0 mmHg; Diastolic Blood Pressure: 120.0 mmHg; Glucose: 76.0 mg/dL; Urea Nitrogen: 17.0 mg/dL; Creatinine: 1.0 mg/dL; Calcium: 8.58 mg/dL; Sodium: 143.0 mmol/L; Potassium: 4.78 mmol/L; Chloride: 108.0 mmol/L; Carbon Dioxide: 23.0 mmol/L; Total Cholesterol: 170.0 mg/dL; Triglycerides: 136.0 mg/dL; Low Density Lipoprotein Cholesterol: 81.0 mg/dL; High Density Lipoprotein Cholesterol: 61.0 mg/dL; Microalbumin Creatine Ratio: 2.0 mg/g; Estimated Glomerular Filtration Rate: 60.0 mL/min/{1.73_m2}; Hemoglobin A1c/Hemoglobin.total in Blood: 6.9 %; Body Weight: 95.05 kg; Body Mass Index: 33.68 kg/m2; Systolic Blood Pressure: 189.0 mmHg; Diastolic Blood Pressure: 114.0 mmHg; Glucose: 162.0 mg/dL; Calcium: 8.84 mg/dL; Sodium: 140.0 mmol/L; Potassium: 4.64 mmol/L; Chloride: 110.0 mmol/L; Carbon Dioxide: 26.0 mmol/L; Total Cholesterol: 251.0 mg/dL; Triglycerides: 456.0 mg/dL; Low Density Lipoprotein Cholesterol: 126.0 mg/dL; High Density Lipoprotein Cholesterol: 33.0 mg/dL; Microalbumin Creatine Ratio: 14.0 mg/g; Hemoglobin A1c/Hemoglobin.total in Blood: 7.2 %; Body Weight: 97.85 kg; Body Mass Index: 34.67 kg/m2; Systolic Blood Pressure: 147.0 mmHg. Immunizations: Influenza seasonal injectable preservative free; Td (adult) preservative free.",1
6d59a027-dedd-4b9c-9914-de85ed60b63e,"Demographics: born 2000-01-18, gender F, race white, ethnicity irish. Encounters: Outpatient Encounter; Emergency room admission; Encounter for symptom. Medications: Acetaminophen 325 MG Oral Tablet; Penicillin V Potassium 250 MG. Procedures: Documentation of current medications. Observations: Body Height: 143.64 cm; Body Weight: 38.28 kg; Body Mass Index: 18.55 kg/m2; Systolic Blood Pressure: 102.0 mmHg; Diastolic Blood Pressure: 80.0 mmHg; Body Height: 150.86 cm; Body Weight: 42.83 kg; Body Mass Index: 18.82 kg/m2; Systolic Blood Pressure: 126.0 mmHg; Body Height: 156.75 cm; Body Weight: 47.05 kg; Body Mass Index: 19.15 kg/m2; Systolic Blood Pressure: 124.0 mmHg; Diastolic Blood Pressure: 87.0 mmHg; Body Height: 159.92 cm; Body Weight: 50.59 kg; Body Mass Index: 19.78 kg/m2; Systolic Blood Pressure: 106.0 mmHg; Diastolic Blood Pressure: 82.0 mmHg; Body Height: 161.34 cm; Body Weight: 53.23 kg; Body Mass Index: 20.45 kg/m2; Systolic Blood Pressure: 136.0 mmHg; Diastolic Blood Pressure: 77.0 mmHg; Body Height: 162.02 cm; Body Weight: 55.02 kg; Body Mass Index: 20.96 kg/m2; Systolic Blood Pressure: 103.0 mmHg; Diastolic Blood Pressure: 78.0 mmHg; Oral temperature: 38.38 Cel; Body Height: 162.37 cm; Body Weight: 56.24 kg; Body Mass Index: 21.33 kg/m2; Systolic Blood Pressure: 110.0 mmHg. Immunizations: Influenza seasonal injectable preservative free; meningococcal MCV4P; Tdap; HPV quadrivalent.",0
62686d69-eb42-4c75-b9ad-da2d408269f3,"Demographics: born 2010-09-14, gender M, race black, ethnicity dominican. Encounters: Outpatient Encounter; Encounter for symptom; Emergency room admission. Medications: Amoxicillin 200 MG Oral Tablet; Ibuprofen 100 MG Oral Tablet; Acetaminophen 160 MG Oral Tablet. Procedures: Documentation of current medications. Observations: Body Height: 51.85 cm; Body Weight: 4.52 kg; Systolic Blood Pressure: 105.0 mmHg; Diastolic Blood Pressure: 85.0 mmHg; Body Height: 55.81 cm; Body Weight: 5.49 kg; Systolic Blood Pressure: 129.0 mmHg; Diastolic Blood Pressure: 86.0 mmHg; Body Height: 61.26 cm; Body Weight: 7.14 kg; Systolic Blood Pressure: 120.0 mmHg; Diastolic Blood Pressure: 87.0 mmHg; Body Height: 65.29 cm; Body Weight: 8.5 kg; Systolic Blood Pressure: 132.0 mmHg; Diastolic Blood Pressure: 81.0 mmHg; Body Height: 70.06 cm; Body Weight: 10.08 kg; Systolic Blood Pressure: 109.0 mmHg; Diastolic Blood Pressure: 82.0 mmHg; Body Height: 73.98 cm; Body Weight: 11.25 kg; Diastolic Blood Pressure: 89.0 mmHg; Body Height: 77.37 cm; Body Weight: 12.14 kg; Systolic Blood Pressure: 112.0 mmHg; Diastolic Blood Pressure: 77.0 mmHg; Body Height: 80.39 cm; Body Weight: 12.84 kg; Systolic Blood Pressure: 100.0 mmHg; Body Height: 83.15 cm; Body Weight: 13.42 kg; Systolic Blood Pressure: 131.0 mmHg; Diastolic Blood Pressure: 78.0 mmHg; Body Height: 86.48 cm; Body Weight: 14.24 kg; Body Mass Index: 19.04 kg/m2; Systolic Blood Pressure: 138.0 mmHg; Body Height: 90.1 cm; Body Weight: 15.02 kg. Immunizations: Hep B adolescent or pediatric; rotavirus monovalent; DTaP; Hib (PRP-OMP); Pneumococcal conjugate PCV 13; IPV; Influenza seasonal injectable preservative free; MMR; varicella; Hep A ped/adol 2 dose.",0
470566b0-c7b7-4eea-bfae-c00b1e6c0897,"Demographics: born 1975-05-07, gender M, race white, ethnicity american. Encounters: Encounter for symptom; Outpatient Encounter. Medications: Penicillin V Potassium 250 MG; Penicillin V Potassium 500 MG; Acetaminophen 160 MG. Procedures: Plain chest X-ray (procedure). Observations: Hemoglobin A1c/Hemoglobin.total in Blood: 6.3 %; Body Height: 174.35 cm; Body Weight: 79.16 kg; Body Mass Index: 26.04 kg/m2; Systolic Blood Pressure: 147.0 mmHg; Diastolic Blood Pressure: 109.0 mmHg; Glucose: 64.0 mg/dL; Urea Nitrogen: 19.0 mg/dL; Creatinine: 1.0 mg/dL; Calcium: 9.85 mg/dL; Sodium: 136.0 mmol/L; Potassium: 4.79 mmol/L; Chloride: 105.0 mmol/L; Carbon Dioxide: 29.0 mmol/L; Total Cholesterol: 197.0 mg/dL; Triglycerides: 130.0 mg/dL; Low Density Lipoprotein Cholesterol: 93.0 mg/dL; High Density Lipoprotein Cholesterol: 78.0 mg/dL; Estimated Glomerular Filtration Rate: 60.0 mL/min/{1.73_m2}; Hemoglobin A1c/Hemoglobin.total in Blood: 6.4 %; Body Weight: 83.9 kg; Body Mass Index: 27.6 kg/m2; Systolic Blood Pressure: 175.0 mmHg; Diastolic Blood Pressure: 95.0 mmHg; Glucose: 82.0 mg/dL; Urea Nitrogen: 14.0 mg/dL; Calcium: 9.55 mg/dL; Sodium: 142.0 mmol/L; Potassium: 4.34 mmol/L; Chloride: 108.0 mmol/L; Carbon Dioxide: 26.0 mmol/L; Total Cholesterol: 166.0 mg/dL; Triglycerides: 105.0 mg/dL; Low Density Lipoprotein Cholesterol: 76.0 mg/dL; High Density Lipoprotein Cholesterol: 69.0 mg/dL. Immunizations: Influenza seasonal injectable preservative free.",1
e6b14214-b67a-4c42-aad6-2fd78e0f86b8,"Demographics: born 1990-05-25, gender M, race white, ethnicity italian. Encounters: Encounter for symptom; Outpatient Encounter. Medications: Acetaminophen 160 MG. Procedures: Sputum examination (procedure). Observations: Body Height: 168.62 cm; Body Weight: 73.21 kg; Body Mass Index: 25.75 kg/m2; Systolic Blood Pressure: 170.0 mmHg; Diastolic Blood Pressure: 117.0 mmHg; Estimated Glomerular Filtration Rate: 60.0 mL/min/{1.73_m2}; Body Weight: 78.33 kg; Body Mass Index: 27.55 kg/m2; Systolic Blood Pressure: 163.0 mmHg; Diastolic Blood Pressure: 111.0 mmHg; Body Weight: 81.51 kg; Body Mass Index: 28.67 kg/m2; Systolic Blood Pressure: 191.0 mmHg; Diastolic Blood Pressure: 97.0 mmHg. Immunizations: Influenza seasonal injectable preservative free; Td (adult) preservative free.",1
6fac7b22-0f09-4368-91fa-5c3f9bfa01f3,"Demographics: born 1980-04-22, gender F, race white, ethnicity german. Encounters: Outpatient Encounter; Emergency Room Admission; Patient encounter procedure; Encounter for symptom; Consultation for treatment; Encounter for problem; Encounter for 'check-up'. Medications: Penicillin V Potassium 250 MG; Penicillin V Potassium 500 MG; Levonorgestrel 0.00354 MG/HR [Norplant]; Naproxen sodium 220 MG Oral Tablet; Liletta 52 MG Intrauterine System; Dextromethorphan Hydrobromide 1 MG/ML; Acetaminophen 325 MG / HYDROcodone Bitartrate 7.5 MG Oral Tablet. Procedures: Replacement of subcutaneous contraceptive; Throat culture (procedure); Insertion of intrauterine contraceptive device; Admission to neurosurgical department. Observations: Body Height: 161.44 cm; Body Weight: 91.63 kg; Body Mass Index: 35.16 kg/m2; Systolic Blood Pressure: 177.0 mmHg; Diastolic Blood Pressure: 106.0 mmHg; Total Cholesterol: 168.0 mg/dL; Triglycerides: 138.0 mg/dL; Low Density Lipoprotein Cholesterol: 61.0 mg/dL; High Density Lipoprotein Cholesterol: 79.0 mg/dL; Estimated Glomerular Filtration Rate: 60.0 mL/min/{1.73_m2}; Body Weight: 96.79 kg; Body Mass Index: 37.14 kg/m2; Systolic Blood Pressure: 180.0 mmHg; Diastolic Blood Pressure: 118.0 mmHg; Total Cholesterol: 160.0 mg/dL; Triglycerides: 110.0 mg/dL; Low Density Lipoprotein Cholesterol: 77.0 mg/dL; High Density Lipoprotein Cholesterol: 61.0 mg/dL; Oral temperature: 37.0 Cel; Body Weight: 100.6 kg; Body Mass Index: 38.6 kg/m2; Systolic Blood Pressure: 187.0 mmHg; Diastolic Blood Pressure: 113.0 mmHg; Total Cholesterol: 179.0 mg/dL; Low Density Lipoprotein Cholesterol: 91.0 mg/dL; High Density Lipoprotein Cholesterol: 60.0 mg/dL. Immunizations: Influenza seasonal injectable preservative free; Td (adult) preservative free.",1
b7958f5c-4ca9-495d-8b26-4fd0d5bd8ffe,"Demographics: born 1956-10-31, gender F, race hispanic, ethnicity mexican. Encounters: Outpatient Encounter; Encounter for 'check-up'; Encounter for symptom; Emergency room admission. Medications: Acetaminophen 325 MG Oral Tablet. Procedures: Documentation of current medications; Colonoscopy. Observations: Body Height: 163.37 cm; Body Weight: 111.5 kg; Body Mass Index: 41.78 kg/m2; Systolic Blood Pressure: 108.0 mmHg; Diastolic Blood Pressure: 78.0 mmHg; Total Cholesterol: 196.0 mg/dL; Triglycerides: 139.0 mg/dL; Low Density Lipoprotein Cholesterol: 93.0 mg/dL; High Density Lipoprotein Cholesterol: 75.0 mg/dL; Systolic Blood Pressure: 125.0 mmHg; Diastolic Blood Pressure: 74.0 mmHg; Systolic Blood Pressure: 133.0 mmHg; Diastolic Blood Pressure: 73.0 mmHg; Systolic Blood Pressure: 110.0 mmHg; Diastolic Blood Pressure: 89.0 mmHg; Systolic Blood Pressure: 126.0 mmHg; Diastolic Blood Pressure: 75.0 mmHg; Total Cholesterol: 191.0 mg/dL; Triglycerides: 130.0 mg/dL; Low Density Lipoprotein Cholesterol: 106.0 mg/dL; High Density Lipoprotein Cholesterol: 59.0 mg/dL; Systolic Blood Pressure: 136.0 mmHg; Diastolic Blood Pressure: 81.0 mmHg; Oral temperature: 37.0 Cel; Systolic Blood Pressure: 112.0 mmHg; Diastolic Blood Pressure: 85.0 mmHg; Body Weight: 110.07 kg; Body Mass Index: 41.24 kg/m2; Systolic Blood Pressure: 127.0 mmHg; Diastolic Blood Pressure: 82.0 mmHg. Immunizations: Influenza seasonal injectable preservative free; zoster.",0
bd95b60f-454e-45d0-9f6a-e9eeabba5284,"Demographics: born 2011-07-19, gender F, race white, ethnicity irish. Encounters: Outpatient Encounter; Emergency room admission; Encounter for problem; Encounter for symptom; Asthma follow-up. Medications: predniSONE 5 MG Oral Tablet; cetirizine hydrochloride 5 MG Oral Tablet; 0.3 ML EPINEPHrine 0.5 MG/ML Auto-Injector; Cefuroxime 250 MG Oral Tablet; Acetaminophen 160 MG Oral Tablet; 120 ACTUAT Fluticasone propionate 0.044 MG/ACTUAT Metered Dose Inhaler; 200 ACTUAT Albuterol 0.09 MG/ACTUAT Metered Dose Inhaler; Penicillin V Potassium 250 MG. Procedures: Documentation of current medications; Injection of adrenaline; Allergy screening test; Asthma screening. Observations: Body Height: 54.1 cm; Body Weight: 4.77 kg; Systolic Blood Pressure: 133.0 mmHg; Diastolic Blood Pressure: 79.0 mmHg; Body Height: 56.89 cm; Body Weight: 5.49 kg; Systolic Blood Pressure: 121.0 mmHg; Diastolic Blood Pressure: 86.0 mmHg; Body Height: 59.23 cm; Body Weight: 6.14 kg; Diastolic Blood Pressure: 82.0 mmHg; Body Height: 63.13 cm; Body Weight: 7.29 kg; Systolic Blood Pressure: 120.0 mmHg; Diastolic Blood Pressure: 71.0 mmHg; Body Height: 66.37 cm; Body Weight: 8.25 kg; Systolic Blood Pressure: 135.0 mmHg; Diastolic Blood Pressure: 88.0 mmHg; Body Height: 70.5 cm; Body Weight: 9.43 kg; Systolic Blood Pressure: 116.0 mmHg; Body Height: 74.06 cm; Body Weight: 10.36 kg; Systolic Blood Pressure: 100.0 mmHg; Diastolic Blood Pressure: 73.0 mmHg; Peanut IgE Ab in Serum: 0.05 kU/L; Walnut IgE Ab in Serum: 0.17 kU/L; Codfish IgE Ab in Serum: 0.35 kU/L; Shrimp IgE Ab in Serum: 0.24 kU/L; Wheat IgE Ab in Serum: 0.01 kU/L; Egg white IgE Ab in Serum: 37.45 kU/L; Soybean IgE Ab in Serum: 0.32 kU/L; Cow milk IgE Ab in Serum: 0.04 kU/L; White oak IgE Ab in Serum: 33.18 kU/L; Common Ragweed IgE Ab in Serum: 49.87 kU/L; Cat dander IgE Ab in Serum: 36.45 kU/L; American house dust mite IgE Ab in Serum: 49.31 kU/L; Cladosporium herbarum IgE Ab in Serum: 16.15 kU/L; Honey bee IgE Ab in Serum: 61.52 kU/L. Allergies: Allergy to eggs; Allergy to tree pollen; Allergy to grass pollen; Dander (animal) allergy; House dust mite allergy; Allergy to mould; Allergy to bee venom. Immunizations: Hep B adolescent or pediatric; rotavirus monovalent; DTaP; Hib (PRP-OMP); Pneumococcal conjugate PCV 13; IPV; Influenza seasonal injectable preservative free; MMR; varicella; Hep A ped/adol 2 dose.",0
2b21d50c-8830-431e-ba09-b507e2c78184,"Demographics: born 2000-10-23, gender M, race white, ethnicity irish. Encounters: Outpatient Encounter; Emergency room admission; Encounter for 'check-up'; Allergic disorder initial assessment; Encounter for problem. Medications: Fexofenadine hydrochloride 30 MG Oral Tablet; 0.3 ML EPINEPHrine 0.5 MG/ML Auto-Injector. Procedures: Documentation of current medications. Observations: Body Height: 139.7 cm; Body Weight: 28.68 kg; Body Mass Index: 14.7 kg/m2; Systolic Blood Pressure: 128.0 mmHg; Diastolic Blood Pressure: 72.0 mmHg; Body Height: 145.65 cm; Body Weight: 32.64 kg; Body Mass Index: 15.39 kg/m2; Systolic Blood Pressure: 101.0 mmHg; Diastolic Blood Pressure: 85.0 mmHg; Body Height: 151.67 cm; Body Weight: 37.03 kg; Body Mass Index: 16.1 kg/m2; Systolic Blood Pressure: 129.0 mmHg; Diastolic Blood Pressure: 84.0 mmHg; Body Height: 158.69 cm; Body Weight: 41.69 kg; Body Mass Index: 16.56 kg/m2; Systolic Blood Pressure: 114.0 mmHg; Diastolic Blood Pressure: 83.0 mmHg; Body Height: 167.17 cm; Body Weight: 47.21 kg; Body Mass Index: 16.9 kg/m2; Systolic Blood Pressure: 127.0 mmHg; Diastolic Blood Pressure: 89.0 mmHg; Body Height: 173.26 cm; Body Weight: 52.31 kg; Body Mass Index: 17.43 kg/m2; Systolic Blood Pressure: 132.0 mmHg; Body Height: 176.98 cm; Body Weight: 57.23 kg; Body Mass Index: 18.27 kg/m2; Systolic Blood Pressure: 119.0 mmHg; Diastolic Blood Pressure: 79.0 mmHg. Allergies: Allergy to fish; Allergy to tree pollen; Allergy to grass pollen; Dander (animal) allergy; House dust mite allergy; Allergy to mould. Immunizations: Influenza seasonal injectable preservative free; meningococcal MCV4P; Tdap; HPV quadrivalent.",0
385f0451-04e4-458a-a75c-4cb94da8318c,"Demographics: born 1977-07-21, gender F, race white, ethnicity russian. Encounters: Encounter for symptom; Prenatal initial visit; Prenatal visit; Outpatient Encounter; Obstetric emergency hospital admission; Consultation for treatment. Medications: Camila 28 Day Pack. Procedures: Standard pregnancy test; Documentation of current medications; Episiotomy; Childbirth. Observations: Oral temperature: 38.0 Cel; Body Height: 163.73 cm; Body Weight: 68.64 kg; Body Mass Index: 25.6 kg/m2; Systolic Blood Pressure: 131.0 mmHg; Diastolic Blood Pressure: 87.0 mmHg; Body Weight: 71.84 kg; Body Mass Index: 26.8 kg/m2; Systolic Blood Pressure: 118.0 mmHg; Diastolic Blood Pressure: 89.0 mmHg; Total Cholesterol: 191.0 mg/dL; Triglycerides: 113.0 mg/dL; Low Density Lipoprotein Cholesterol: 93.0 mg/dL; High Density Lipoprotein Cholesterol: 75.0 mg/dL; Body Weight: 75.95 kg; Body Mass Index: 28.33 kg/m2; Systolic Blood Pressure: 134.0 mmHg; Diastolic Blood Pressure: 88.0 mmHg; Total Cholesterol: 166.0 mg/dL; Triglycerides: 117.0 mg/dL; Low Density Lipoprotein Cholesterol: 74.0 mg/dL; High Density Lipoprotein Cholesterol: 68.0 mg/dL. Immunizations: Influenza seasonal injectable preservative free.",0
b261ac35-16c5-46de-894f-f62070c40a77,"Demographics: born 1938-10-20, gender F, race white, ethnicity italian. Encounters: Outpatient Encounter; Encounter for 'check-up'; Emergency room admission; Encounter for symptom. Medications: 24 HR Metformin hydrochloride 500 MG Extended Release Oral Tablet; Alendronic acid 10 MG [Fosamax]; Naproxen sodium 220 MG Oral Tablet; insulin human isophane 70 UNT/ML / Regular Insulin Human 30 UNT/ML Injectable Suspension [Humulin]; Acetaminophen 325 MG Oral Tablet. Procedures: Documentation of current medications; Colonoscopy. Observations: Hemoglobin A1c/Hemoglobin.total in Blood: 7.7 %; Body Height: 161.17 cm; Body Weight: 95.94 kg; Body Mass Index: 36.93 kg/m2; Systolic Blood Pressure: 117.0 mmHg; Diastolic Blood Pressure: 89.0 mmHg; Glucose: 172.0 mg/dL; Urea Nitrogen: 15.0 mg/dL; Creatinine: 1.0 mg/dL; Calcium: 9.32 mg/dL; Sodium: 140.0 mmol/L; Potassium: 4.82 mmol/L; Chloride: 104.0 mmol/L; Carbon Dioxide: 27.0 mmol/L; Total Cholesterol: 253.0 mg/dL; Triglycerides: 311.0 mg/dL; Low Density Lipoprotein Cholesterol: 150.0 mg/dL; High Density Lipoprotein Cholesterol: 40.0 mg/dL; Microalbumin Creatine Ratio: 5.0 mg/g; Estimated Glomerular Filtration Rate: 60.0 mL/min/{1.73_m2}; Systolic Blood Pressure: 134.0 mmHg; Diastolic Blood Pressure: 78.0 mmHg; Glucose: 135.0 mg/dL; Urea Nitrogen: 7.0 mg/dL; Calcium: 8.69 mg/dL; Sodium: 138.0 mmol/L; Potassium: 3.88 mmol/L; Chloride: 103.0 mmol/L; Carbon Dioxide: 22.0 mmol/L; Total Cholesterol: 252.0 mg/dL; Triglycerides: 435.0 mg/dL; Low Density Lipoprotein Cholesterol: 136.0 mg/dL; High Density Lipoprotein Cholesterol: 29.0 mg/dL; Microalbumin Creatine Ratio: 0.0 mg/g; Hemoglobin A1c/Hemoglobin.total in Blood: 7.6 %; Body Weight: 94.45 kg; Body Mass Index: 36.36 kg/m2; Systolic Blood Pressure: 112.0 mmHg; Diastolic Blood Pressure: 76.0 mmHg; Glucose: 154.0 mg/dL. Immunizations: Influenza seasonal injectable preservative free.",0
a9d69637-7927-4ee1-aee2-5d085c8b2b70,"Demographics: born 2012-09-20, gender F, race hispanic, ethnicity puerto_rican. Encounters: Outpatient Encounter; Encounter for symptom. Medications: Cefuroxime 250 MG Oral Tablet; Ibuprofen 100 MG Oral Tablet. Procedures: Documentation of current medications. Observations: Body Height: 48.93 cm; Body Weight: 3.73 kg; Systolic Blood Pressure: 100.0 mmHg; Diastolic Blood Pressure: 83.0 mmHg; Body Height: 55.23 cm; Body Weight: 5.14 kg; Systolic Blood Pressure: 134.0 mmHg; Diastolic Blood Pressure: 89.0 mmHg; Body Height: 59.53 cm; Body Weight: 6.33 kg; Diastolic Blood Pressure: 88.0 mmHg; Body Height: 61.33 cm; Body Weight: 6.86 kg; Systolic Blood Pressure: 103.0 mmHg; Diastolic Blood Pressure: 71.0 mmHg; Body Height: 65.9 cm; Body Weight: 8.19 kg; Systolic Blood Pressure: 120.0 mmHg; Diastolic Blood Pressure: 87.0 mmHg; Body Height: 69.7 cm; Body Weight: 9.23 kg; Systolic Blood Pressure: 111.0 mmHg; Body Height: 73.01 cm; Body Weight: 10.06 kg; Systolic Blood Pressure: 108.0 mmHg; Diastolic Blood Pressure: 86.0 mmHg; Body Height: 76.9 cm; Body Weight: 10.93 kg; Diastolic Blood Pressure: 77.0 mmHg; Body Height: 81.18 cm; Body Weight: 11.8 kg; Body Mass Index: 17.91 kg/m2; Systolic Blood Pressure: 107.0 mmHg; Diastolic Blood Pressure: 75.0 mmHg; Body Height: 85.84 cm; Body Weight: 12.84 kg; Body Mass Index: 17.43 kg/m2; Systolic Blood Pressure: 138.0 mmHg; Body Height: 88.98 cm; Body Weight: 13.57 kg. Immunizations: Hep B adolescent or pediatric; rotavirus monovalent; DTaP; Hib (PRP-OMP); Pneumococcal conjugate PCV 13; IPV; Influenza seasonal injectable preservative free; MMR; varicella; Hep A ped/adol 2 dose.",0
825cf6b0-e785-4ea5-88e0-78630c02f4c9,"Demographics: born 1970-06-07, gender F, race white, ethnicity english. Encounters: Patient encounter procedure; Encounter for symptom; Outpatient Encounter. Medications: Penicillin V Potassium 500 MG; insulin human isophane 70 UNT/ML / Regular Insulin Human 30 UNT/ML Injectable Suspension [Humulin]; Insulin Lispro 100 UNT/ML Injectable Solution [Humalog]; Amoxicillin 250 MG / Clavulanate 125 MG [Augmentin]. Procedures: Replacement of contraceptive intrauterine device; Documentation of current medications. Observations: Hemoglobin A1c/Hemoglobin.total in Blood: 5.3 %; Body Height: 162.64 cm; Body Weight: 87.72 kg; Body Mass Index: 33.16 kg/m2; Systolic Blood Pressure: 165.0 mmHg; Diastolic Blood Pressure: 101.0 mmHg; Glucose: 124.0 mg/dL; Urea Nitrogen: 15.0 mg/dL; Creatinine: 1.0 mg/dL; Calcium: 9.62 mg/dL; Sodium: 137.0 mmol/L; Potassium: 4.3 mmol/L; Chloride: 104.0 mmol/L; Carbon Dioxide: 20.0 mmol/L; Total Cholesterol: 205.0 mg/dL; Triglycerides: 197.0 mg/dL; Low Density Lipoprotein Cholesterol: 114.0 mg/dL; High Density Lipoprotein Cholesterol: 51.0 mg/dL; Microalbumin Creatine Ratio: 18.0 mg/g; Estimated Glomerular Filtration Rate: 60.0 mL/min/{1.73_m2}; Hemoglobin A1c/Hemoglobin.total in Blood: 5.4 %; Body Weight: 88.99 kg; Body Mass Index: 33.64 kg/m2; Systolic Blood Pressure: 199.0 mmHg; Diastolic Blood Pressure: 114.0 mmHg; Glucose: 108.0 mg/dL; Urea Nitrogen: 12.0 mg/dL; Calcium: 8.98 mg/dL; Sodium: 138.0 mmol/L; Potassium: 3.79 mmol/L; Chloride: 110.0 mmol/L; Carbon Dioxide: 24.0 mmol/L; Total Cholesterol: 239.0 mg/dL; Triglycerides: 195.0 mg/dL; Low Density Lipoprotein Cholesterol: 160.0 mg/dL; High Density Lipoprotein Cholesterol: 40.0 mg/dL; Oral temperature: 37.0 Cel; Hemoglobin A1c/Hemoglobin.total in Blood: 5.6 %; Body Weight: 90.65 kg; Body Mass Index: 34.27 kg/m2. Immunizations: Influenza seasonal injectable preservative free; Td (adult) preservative free.",1
b43f5f0e-ebb2-4ac8-94d9-aa1493657850,"Demographics: born 1956-11-29, gender F, race white, ethnicity italian. Encounters: Outpatient Encounter; Encounter for 'check-up'; Encounter for symptom; Emergency room admission; Non-urgent orthopedic admission. Medications: Nitrofurantoin 5 MG/ML [Furadantin]; Phenazopyridine hydrochloride 100 MG [Pyridium]; Acetaminophen 325 MG / HYDROcodone Bitartrate 7.5 MG Oral Tablet; Acetaminophen 325 MG Oral Tablet. Procedures: Documentation of current medications; Colonoscopy; Surgical manipulation of joint of knee. Observations: Body Height: 161.04 cm; Body Weight: 94.18 kg; Body Mass Index: 36.32 kg/m2; Systolic Blood Pressure: 136.0 mmHg; Diastolic Blood Pressure: 85.0 mmHg; Systolic Blood Pressure: 139.0 mmHg; Diastolic Blood Pressure: 78.0 mmHg; Systolic Blood Pressure: 108.0 mmHg; Diastolic Blood Pressure: 71.0 mmHg; Total Cholesterol: 187.0 mg/dL; Triglycerides: 115.0 mg/dL; Low Density Lipoprotein Cholesterol: 105.0 mg/dL; High Density Lipoprotein Cholesterol: 59.0 mg/dL; Systolic Blood Pressure: 105.0 mmHg; Systolic Blood Pressure: 116.0 mmHg; Diastolic Blood Pressure: 87.0 mmHg; Systolic Blood Pressure: 103.0 mmHg; Diastolic Blood Pressure: 81.0 mmHg; Systolic Blood Pressure: 124.0 mmHg; Diastolic Blood Pressure: 89.0 mmHg; Total Cholesterol: 171.0 mg/dL; Triglycerides: 125.0 mg/dL; Low Density Lipoprotein Cholesterol: 87.0 mg/dL. Immunizations: Influenza seasonal injectable preservative free.",0
712457f4-85f5-47c9-ace3-d533676ade64,"Demographics: born 1982-03-30, gender M, race white, ethnicity german. Encounters: Outpatient Encounter; Emergency room admission. Medications: Penicillin V Potassium 500 MG; Ibuprofen 200 MG Oral Tablet. Procedures: Documentation of current medications. Observations: Hemoglobin A1c/Hemoglobin.total in Blood: 6.0 %; Body Height: 173.23 cm; Body Weight: 82.99 kg; Body Mass Index: 27.66 kg/m2; Systolic Blood Pressure: 120.0 mmHg; Diastolic Blood Pressure: 79.0 mmHg; Glucose: 86.0 mg/dL; Urea Nitrogen: 18.0 mg/dL; Creatinine: 1.0 mg/dL; Calcium: 8.79 mg/dL; Sodium: 139.0 mmol/L; Potassium: 4.37 mmol/L; Chloride: 104.0 mmol/L; Carbon Dioxide: 23.0 mmol/L; Hemoglobin A1c/Hemoglobin.total in Blood: 5.9 %; Body Weight: 85.69 kg; Body Mass Index: 28.56 kg/m2; Systolic Blood Pressure: 127.0 mmHg; Diastolic Blood Pressure: 88.0 mmHg; Glucose: 100.0 mg/dL; Urea Nitrogen: 20.0 mg/dL; Calcium: 9.94 mg/dL; Sodium: 136.0 mmol/L; Potassium: 4.25 mmol/L; Chloride: 108.0 mmol/L; Carbon Dioxide: 29.0 mmol/L; Total Cholesterol: 168.0 mg/dL; Triglycerides: 108.0 mg/dL; Low Density Lipoprotein Cholesterol: 83.0 mg/dL; High Density Lipoprotein Cholesterol: 63.0 mg/dL; Hemoglobin A1c/Hemoglobin.total in Blood: 6.3 %; Body Weight: 92.54 kg; Body Mass Index: 30.84 kg/m2; Systolic Blood Pressure: 109.0 mmHg; Diastolic Blood Pressure: 84.0 mmHg; Glucose: 90.0 mg/dL; Urea Nitrogen: 16.0 mg/dL; Calcium: 9.75 mg/dL; Sodium: 142.0 mmol/L; Potassium: 5.17 mmol/L. Immunizations: Influenza seasonal injectable preservative free; Td (adult) preservative free.",0
6a7363ab-291b-4d5b-8dbf-e15a2e789c1f,"Demographics: born 1913-05-28, gender F, race white, ethnicity american.",0
ad81a263-d1e7-4a09-b275-e9ac419fcd24,"Demographics: born 1960-06-05, gender M, race black, ethnicity african. Encounters: Encounter for 'check-up'; Outpatient Encounter; Encounter for symptom. Procedures: Colonoscopy; Documentation of current medications. Observations: Body Height: 174.11 cm; Body Weight: 110.82 kg; Body Mass Index: 36.56 kg/m2; Systolic Blood Pressure: 126.0 mmHg; Diastolic Blood Pressure: 80.0 mmHg; Total Cholesterol: 184.0 mg/dL; Triglycerides: 146.0 mg/dL; Low Density Lipoprotein Cholesterol: 94.0 mg/dL; High Density Lipoprotein Cholesterol: 60.0 mg/dL; Systolic Blood Pressure: 128.0 mmHg; Diastolic Blood Pressure: 86.0 mmHg; Systolic Blood Pressure: 103.0 mmHg; Diastolic Blood Pressure: 71.0 mmHg; Systolic Blood Pressure: 123.0 mmHg; Total Cholesterol: 163.0 mg/dL; Triglycerides: 113.0 mg/dL; Low Density Lipoprotein Cholesterol: 69.0 mg/dL; High Density Lipoprotein Cholesterol: 71.0 mg/dL; Systolic Blood Pressure: 135.0 mmHg; Diastolic Blood Pressure: 81.0 mmHg; Oral temperature: 37.0 Cel; Systolic Blood Pressure: 119.0 mmHg; Diastolic Blood Pressure: 85.0 mmHg. Immunizations: Influenza seasonal injectable preservative free; Td (adult) preservative free.",0
104a1be5-22c2-45e8-9020-6039cb319203,"Demographics: born 1956-11-16, gender F, race white, ethnicity scottish. Encounters: Outpatient Encounter; Encounter for 'check-up'; Encounter for symptom. Procedures: Documentation of current medications; Colonoscopy. Observations: Body Height: 165.16 cm; Body Weight: 99.82 kg; Body Mass Index: 36.59 kg/m2; Systolic Blood Pressure: 113.0 mmHg; Diastolic Blood Pressure: 88.0 mmHg; Total Cholesterol: 200.0 mg/dL; Triglycerides: 134.0 mg/dL; Low Density Lipoprotein Cholesterol: 107.0 mg/dL; High Density Lipoprotein Cholesterol: 66.0 mg/dL; Diastolic Blood Pressure: 85.0 mmHg; Systolic Blood Pressure: 121.0 mmHg; Diastolic Blood Pressure: 71.0 mmHg; Systolic Blood Pressure: 101.0 mmHg; Total Cholesterol: 165.0 mg/dL; Triglycerides: 139.0 mg/dL; Low Density Lipoprotein Cholesterol: 66.0 mg/dL; High Density Lipoprotein Cholesterol: 71.0 mg/dL; Systolic Blood Pressure: 131.0 mmHg; Diastolic Blood Pressure: 78.0 mmHg; Diastolic Blood Pressure: 70.0 mmHg; Body Weight: 98.4 kg; Body Mass Index: 36.07 kg/m2; Systolic Blood Pressure: 112.0 mmHg; Diastolic Blood Pressure: 73.0 mmHg; Total Cholesterol: 184.0 mg/dL; Triglycerides: 124.0 mg/dL; Low Density Lipoprotein Cholesterol: 100.0 mg/dL; High Density Lipoprotein Cholesterol: 59.0 mg/dL. Immunizations: Influenza seasonal injectable preservative free; zoster.",0
b8201f16-0772-4eee-965c-4853da202d62,"Demographics: born 1951-09-20, gender F, race white, ethnicity french_canadian. Encounters: Outpatient Encounter; Encounter for symptom; Emergency room admission; Encounter for 'check-up'. Medications: Acetaminophen 160 MG; Penicillin V Potassium 500 MG; Naproxen sodium 220 MG Oral Tablet. Procedures: Sputum examination (procedure); Documentation of current medications; Throat culture (procedure). Observations: Hemoglobin A1c/Hemoglobin.total in Blood: 6.2 %; Body Height: 159.78 cm; Body Weight: 101.06 kg; Body Mass Index: 39.58 kg/m2; Systolic Blood Pressure: 172.0 mmHg; Diastolic Blood Pressure: 115.0 mmHg; Glucose: 93.0 mg/dL; Urea Nitrogen: 12.0 mg/dL; Creatinine: 1.0 mg/dL; Calcium: 8.99 mg/dL; Sodium: 137.0 mmol/L; Potassium: 4.93 mmol/L; Chloride: 107.0 mmol/L; Carbon Dioxide: 28.0 mmol/L; Estimated Glomerular Filtration Rate: 60.0 mL/min/{1.73_m2}; Hemoglobin A1c/Hemoglobin.total in Blood: 5.8 %; Body Weight: 99.65 kg; Body Mass Index: 39.03 kg/m2; Systolic Blood Pressure: 144.0 mmHg; Diastolic Blood Pressure: 116.0 mmHg; Glucose: 87.0 mg/dL; Urea Nitrogen: 14.0 mg/dL; Calcium: 9.1 mg/dL; Sodium: 138.0 mmol/L; Potassium: 4.11 mmol/L; Chloride: 110.0 mmol/L; Carbon Dioxide: 23.0 mmol/L; Total Cholesterol: 188.0 mg/dL; Triglycerides: 116.0 mg/dL; Low Density Lipoprotein Cholesterol: 102.0 mg/dL; High Density Lipoprotein Cholesterol: 62.0 mg/dL; Hemoglobin A1c/Hemoglobin.total in Blood: 5.9 %; Body Weight: 98.61 kg; Body Mass Index: 38.63 kg/m2; Systolic Blood Pressure: 171.0 mmHg; Diastolic Blood Pressure: 95.0 mmHg; Glucose: 76.0 mg/dL; Urea Nitrogen: 15.0 mg/dL; Calcium: 10.06 mg/dL; Sodium: 142.0 mmol/L. Immunizations: Influenza seasonal injectable preservative free; zoster; Td (adult) preservative free; Pneumococcal conjugate PCV 13.",1
069e0660-8727-4667-a2c1-fab6325c57ed,"Demographics: born 1987-10-09, gender F, race black, ethnicity dominican. Encounters: Patient-initiated encounter; Encounter for symptom; Outpatient Encounter; Emergency room admission; Prenatal initial visit; Prenatal visit. Medications: Penicillin V Potassium 250 MG; Acetaminophen 160 MG; Ibuprofen 200 MG Oral Tablet; Amoxicillin 500 MG Oral Tablet. Procedures: Induced termination of pregnancy; Documentation of current medications; Suture open wound; Injection of tetanus antitoxin; Standard pregnancy test. Observations: Oral temperature: 37.0 Cel; Body Height: 175.46 cm; Body Weight: 68.83 kg; Body Mass Index: 22.36 kg/m2; Systolic Blood Pressure: 127.0 mmHg; Diastolic Blood Pressure: 76.0 mmHg; Body Weight: 74.85 kg; Body Mass Index: 24.31 kg/m2; Systolic Blood Pressure: 113.0 mmHg; Diastolic Blood Pressure: 85.0 mmHg. Immunizations: Influenza seasonal injectable preservative free; Td (adult) preservative free.",0
