patient_id,text,label
d66c586b-79fe-43f2-9080-5df114499e77,"Demographics: born 1966-01-02, gender F, race hispanic, ethnicity puerto_rican. Encounters: Outpatient Encounter; Encounter for symptom; Encounter for 'check-up'. Medications: 24 HR Metformin hydrochloride 500 MG Extended Release Oral Tablet; insulin human isophane 70 UNT/ML / Regular Insulin Human 30 UNT/ML Injectable Suspension [Humulin]. Procedures: Documentation of current medications; Colonoscopy. Observations: Hemoglobin A1c/Hemoglobin.total in Blood: 4.9 %; Body Height: 157.48 cm; Body Weight: 92.98 kg; Body Mass Index: 37.49 kg/m2; Systolic Blood Pressure: 174.0 mmHg; Diastolic Blood Pressure: 103.0 mmHg; Glucose: 114.0 mg/dL; Urea Nitrogen: 11.0 mg/dL; Creatinine: 1.0 mg/dL; Calcium: 9.47 mg/dL; Sodium: 139.0 mmol/L; Potassium: 4.6 mmol/L; Chloride: 108.0 mmol/L; Carbon Dioxide: 21.0 mmol/L; Total Cholesterol: 231.0 mg/dL; Triglycerides: 185.0 mg/dL; Low Density Lipoprotein Cholesterol: 150.0 mg/dL; High Density Lipoprotein Cholesterol: 44.0 mg/dL; Microalbumin Creatine Ratio: 19.0 mg/g; Estimated Glomerular Filtration Rate: 60.0 mL/min/{1.73_m2}; Hemoglobin A1c/Hemoglobin.total in Blood: 5.3 %; Body Weight: 96.73 kg; Body Mass Index: 39.0 kg/m2; Systolic Blood Pressure: 192.0 mmHg; Diastolic Blood Pressure: 96.0 mmHg; Glucose: 120.0 mg/dL; Urea Nitrogen: 18.0 mg/dL; Calcium: 9.19 mg/dL; Sodium: 144.0 mmol/L; Potassium: 5.15 mmol/L; Chloride: 101.0 mmol/L; Carbon Dioxide: 25.0 mmol/L; Total Cholesterol: 237.0 mg/dL; Triglycerides: 170.0 mg/dL; Low Density Lipoprotein Cholesterol: 145.0 mg/dL; High Density Lipoprotein Cholesterol: 58.0 mg/dL; Microalbumin Creatine Ratio: 29.0 mg/g; Oral temperature: 38.0 Cel; Hemoglobin A1c/Hemoglobin.total in Blood: 5.5 %; Body Weight: 99.45 kg. Immunizations: Influenza seasonal injectable preservative free.",1
bb1c6dab-6f18-4dc4-8d5b-e1be55f3ac5f,"Demographics: born 1950-11-19, gender F, race white, ethnicity american. Encounters: Outpatient Encounter; Encounter for problem; Encounter for 'check-up'; Encounter for symptom. Medications: Penicillin V Potassium 500 MG. Procedures: Colonoscopy; Documentation of current medications. Observations: Body Height: 174.4 cm; Body Weight: 102.92 kg; Body Mass Index: 33.84 kg/m2; Systolic Blood Pressure: 149.0 mmHg; Diastolic Blood Pressure: 96.0 mmHg; Total Cholesterol: 195.0 mg/dL; Triglycerides: 110.0 mg/dL; Low Density Lipoprotein Cholesterol: 94.0 mg/dL; High Density Lipoprotein Cholesterol: 79.0 mg/dL; Estimated Glomerular Filtration Rate: 60.0 mL/min/{1.73_m2}; Body Weight: 101.37 kg; Body Mass Index: 33.33 kg/m2; Systolic Blood Pressure: 172.0 mmHg; Diastolic Blood Pressure: 91.0 mmHg; Estimated Glomerular Filtration Rate: 59.0 mL/min/{1.73_m2}; Body Weight: 100.17 kg; Body Mass Index: 32.93 kg/m2; Systolic Blood Pressure: 192.0 mmHg; Diastolic Blood Pressure: 114.0 mmHg; Body Weight: 99.11 kg; Body Mass Index: 32.59 kg/m2; Systolic Blood Pressure: 145.0 mmHg; Diastolic Blood Pressure: 112.0 mmHg; Body Weight: 97.53 kg; Body Mass Index: 32.07 kg/m2; Systolic Blood Pressure: 165.0 mmHg; Diastolic Blood Pressure: 103.0 mmHg; Total Cholesterol: 173.0 mg/dL; Triglycerides: 137.0 mg/dL; Low Density Lipoprotein Cholesterol: 82.0 mg/dL; High Density Lipoprotein Cholesterol: 63.0 mg/dL; Body Weight: 95.59 kg; Body Mass Index: 31.43 kg/m2; Systolic Blood Pressure: 162.0 mmHg; Diastolic Blood Pressure: 110.0 mmHg; Body Weight: 94.27 kg; Body Mass Index: 31.0 kg/m2; Systolic Blood Pressure: 151.0 mmHg; Diastolic Blood Pressure: 111.0 mmHg; Systolic Blood Pressure: 157.0 mmHg. Allergies: Allergy to fish. Immunizations: Influenza seasonal injectable preservative free; zoster; Td (adult) preservative free; Pneumococcal conjugate PCV 13.",0
657510f0-3871-49da-8438-7ed816fcd73f,"Demographics: born 1934-06-17, gender F, race asian, ethnicity chinese. Encounters: Encounter for symptom; Outpatient Encounter. Medications: 24 HR Metformin hydrochloride 500 MG Extended Release Oral Tablet; Clopidogrel 75 MG Oral Tablet; Simvastatin 20 MG Oral Tablet; Amlodipine 5 MG Oral Tablet; Nitroglycerin 0.4 MG/ACTUAT [Nitrolingual]; Amoxicillin 500 MG Oral Tablet; Naproxen sodium 220 MG Oral Tablet. Procedures: Documentation of current medications. Observations: Hemoglobin A1c/Hemoglobin.total in Blood: 5.5 %; Body Height: 151.11 cm; Body Weight: 64.16 kg; Body Mass Index: 28.1 kg/m2; Systolic Blood Pressure: 160.0 mmHg; Diastolic Blood Pressure: 96.0 mmHg; Glucose: 72.0 mg/dL; Urea Nitrogen: 8.0 mg/dL; Creatinine: 1.0 mg/dL; Calcium: 8.61 mg/dL; Sodium: 136.0 mmol/L; Potassium: 5.14 mmol/L; Chloride: 104.0 mmol/L; Carbon Dioxide: 28.0 mmol/L; Total Cholesterol: 163.0 mg/dL; Triglycerides: 146.0 mg/dL; Low Density Lipoprotein Cholesterol: 63.0 mg/dL; High Density Lipoprotein Cholesterol: 70.0 mg/dL; Microalbumin Creatine Ratio: 15.0 mg/g; Estimated Glomerular Filtration Rate: 60.0 mL/min/{1.73_m2}; Hemoglobin A1c/Hemoglobin.total in Blood: 5.4 %; Body Weight: 62.97 kg; Body Mass Index: 27.58 kg/m2; Systolic Blood Pressure: 156.0 mmHg; Diastolic Blood Pressure: 100.0 mmHg; Glucose: 78.0 mg/dL; Urea Nitrogen: 9.0 mg/dL; Calcium: 9.42 mg/dL; Sodium: 141.0 mmol/L; Potassium: 5.06 mmol/L; Carbon Dioxide: 20.0 mmol/L; Total Cholesterol: 195.0 mg/dL; Triglycerides: 103.0 mg/dL; Low Density Lipoprotein Cholesterol: 115.0 mg/dL; High Density Lipoprotein Cholesterol: 59.0 mg/dL; Microalbumin Creatine Ratio: 5.0 mg/g; Systolic Blood Pressure: 147.0 mmHg; Diastolic Blood Pressure: 106.0 mmHg; Glucose: 85.0 mg/dL; Urea Nitrogen: 7.0 mg/dL. Immunizations: Influenza seasonal injectable preservative free; Td (adult) preservative free.",1
555e4d58-74b2-429b-97d7-1c89a423f103,"Demographics: born 1970-09-16, gender F, race white, ethnicity polish. Encounters: Outpatient Encounter; Encounter for symptom. Medications: Acetaminophen 160 MG. Procedures: Documentation of current medications. Observations: Hemoglobin A1c/Hemoglobin.total in Blood: 6.3 %; Body Height: 163.86 cm; Body Weight: 85.11 kg; Body Mass Index: 31.7 kg/m2; Systolic Blood Pressure: 113.0 mmHg; Diastolic Blood Pressure: 74.0 mmHg; Glucose: 84.0 mg/dL; Urea Nitrogen: 9.0 mg/dL; Creatinine: 1.0 mg/dL; Calcium: 10.0 mg/dL; Sodium: 141.0 mmol/L; Potassium: 3.98 mmol/L; Chloride: 106.0 mmol/L; Carbon Dioxide: 23.0 mmol/L; Total Cholesterol: 172.0 mg/dL; Triglycerides: 120.0 mg/dL; Low Density Lipoprotein Cholesterol: 87.0 mg/dL; High Density Lipoprotein Cholesterol: 61.0 mg/dL; Hemoglobin A1c/Hemoglobin.total in Blood: 6.2 %; Body Weight: 86.43 kg; Body Mass Index: 32.19 kg/m2; Systolic Blood Pressure: 134.0 mmHg; Diastolic Blood Pressure: 82.0 mmHg; Glucose: 96.0 mg/dL; Urea Nitrogen: 12.0 mg/dL; Calcium: 9.29 mg/dL; Sodium: 136.0 mmol/L; Potassium: 4.76 mmol/L; Chloride: 101.0 mmol/L; Carbon Dioxide: 20.0 mmol/L; Body Weight: 89.6 kg; Body Mass Index: 33.37 kg/m2; Systolic Blood Pressure: 100.0 mmHg; Diastolic Blood Pressure: 88.0 mmHg; Glucose: 76.0 mg/dL; Urea Nitrogen: 15.0 mg/dL; Calcium: 10.14 mg/dL; Sodium: 142.0 mmol/L; Potassium: 3.76 mmol/L; Chloride: 102.0 mmol/L. Immunizations: Influenza seasonal injectable preservative free; Td (adult) preservative free.",0
bc39c0d1-ccfb-4c9d-9267-b8c7bbe2c087,"Demographics: born 2001-09-11, gender F, race hispanic, ethnicity central_american. Encounters: Outpatient Encounter; Encounter for symptom; Consultation for treatment. Medications: Penicillin V Potassium 250 MG; Seasonique 91 Day Pack. Procedures: Documentation of current medications. Observations: Body Height: 140.47 cm; Body Weight: 28.31 kg; Body Mass Index: 14.35 kg/m2; Systolic Blood Pressure: 129.0 mmHg; Diastolic Blood Pressure: 85.0 mmHg; Body Height: 146.32 cm; Body Weight: 31.94 kg; Body Mass Index: 14.92 kg/m2; Systolic Blood Pressure: 119.0 mmHg; Diastolic Blood Pressure: 72.0 mmHg; Oral temperature: 38.55 Cel; Oral temperature: 38.0 Cel; Body Height: 153.42 cm; Body Weight: 35.87 kg; Body Mass Index: 15.24 kg/m2; Systolic Blood Pressure: 118.0 mmHg; Diastolic Blood Pressure: 71.0 mmHg; Body Height: 159.97 cm; Body Weight: 39.82 kg; Body Mass Index: 15.56 kg/m2; Systolic Blood Pressure: 112.0 mmHg; Body Height: 163.93 cm; Body Weight: 43.45 kg; Body Mass Index: 16.17 kg/m2; Systolic Blood Pressure: 110.0 mmHg; Diastolic Blood Pressure: 74.0 mmHg; Body Height: 165.81 cm; Body Weight: 46.46 kg; Body Mass Index: 16.9 kg/m2; Systolic Blood Pressure: 117.0 mmHg; Diastolic Blood Pressure: 73.0 mmHg. Immunizations: Influenza seasonal injectable preservative free; meningococcal MCV4P; Tdap; HPV quadrivalent.",0
7a534754-836c-475b-ad10-2e7107688f5a,"Demographics: born 1931-09-16, gender M, race asian, ethnicity chinese. Encounters: Outpatient Encounter. Medications: Penicillin V Potassium 250 MG; Fluticasone propionate 0.25 MG/ACTUAT / salmeterol 0.05 MG/ACTUAT [Advair]; 24 HR Metformin hydrochloride 500 MG Extended Release Oral Tablet; Penicillin V Potassium 500 MG. Procedures: Spirometry (procedure); Pulmonary rehabilitation (regime/therapy). Observations: FEV1/​FVC: 26.0 %; Hemoglobin A1c/Hemoglobin.total in Blood: 5.7 %; Body Height: 177.39 cm; Body Weight: 90.05 kg; Body Mass Index: 28.62 kg/m2; Systolic Blood Pressure: 104.0 mmHg; Diastolic Blood Pressure: 86.0 mmHg; Glucose: 64.0 mg/dL; Urea Nitrogen: 10.0 mg/dL; Creatinine: 1.0 mg/dL; Calcium: 9.11 mg/dL; Sodium: 144.0 mmol/L; Potassium: 4.0 mmol/L; Chloride: 110.0 mmol/L; Carbon Dioxide: 23.0 mmol/L; Total Cholesterol: 160.0 mg/dL; Triglycerides: 117.0 mg/dL; Low Density Lipoprotein Cholesterol: 64.0 mg/dL; High Density Lipoprotein Cholesterol: 72.0 mg/dL; Microalbumin Creatine Ratio: 3.0 mg/g; Estimated Glomerular Filtration Rate: 60.0 mL/min/{1.73_m2}. Immunizations: Influenza seasonal injectable preservative free.",1
e8bac774-f2b8-4e45-ab39-ad9e9affb8c5,"Demographics: born 1959-10-04, gender M, race white, ethnicity swedish. Encounters: Outpatient Encounter; Emergency room admission; Encounter for problem; Death Certification. Medications: Penicillin V Potassium 250 MG; 24 HR Metformin hydrochloride 500 MG Extended Release Oral Tablet; Clopidogrel 75 MG Oral Tablet; Simvastatin 20 MG Oral Tablet; Amlodipine 5 MG Oral Tablet; Nitroglycerin 0.4 MG/ACTUAT [Nitrolingual]; Cisplatin 50 MG Injection; PACLitaxel 100 MG Injection. Procedures: Plain chest X-ray (procedure); Computed tomography of chest and abdomen; Fine needle aspiration biopsy of lung (procedure); Magnetic resonance imaging for measurement of brain volume (procedure); Combined chemotherapy and radiation therapy (procedure). Observations: Hemoglobin A1c/Hemoglobin.total in Blood: 8.9 %; Body Height: 175.71 cm; Body Weight: 128.56 kg; Body Mass Index: 41.64 kg/m2; Systolic Blood Pressure: 152.0 mmHg; Diastolic Blood Pressure: 107.0 mmHg; Glucose: 180.0 mg/dL; Urea Nitrogen: 10.0 mg/dL; Creatinine: 1.0 mg/dL; Calcium: 9.84 mg/dL; Sodium: 138.0 mmol/L; Potassium: 3.91 mmol/L; Chloride: 111.0 mmol/L; Carbon Dioxide: 28.0 mmol/L; Total Cholesterol: 239.0 mg/dL; Triglycerides: 216.0 mg/dL; Low Density Lipoprotein Cholesterol: 156.0 mg/dL; High Density Lipoprotein Cholesterol: 39.0 mg/dL; Microalbumin Creatine Ratio: 16.0 mg/g; Estimated Glomerular Filtration Rate: 60.0 mL/min/{1.73_m2}; Non-small cell lung cancer (disorder). Immunizations: Influenza seasonal injectable preservative free; Td (adult) preservative free.",1
5f9cc1c2-5f1b-4ca1-a127-16f2324c7199,"Demographics: born 1927-11-02, gender M, race asian, ethnicity asian_indian. Encounters: Death Certification. Medications: Penicillin V Potassium 250 MG; Penicillin V Potassium 500 MG. Observations: Non-small cell lung cancer (disorder).",0
14b48347-96ea-4757-8e97-e6e0cd704032,"Demographics: born 1973-12-26, gender F, race white, ethnicity french. Encounters: Outpatient Encounter; Encounter for symptom. Medications: Penicillin V Potassium 250 MG. Procedures: Documentation of current medications. Observations: Hemoglobin A1c/Hemoglobin.total in Blood: 6.8 %; Body Height: 167.42 cm; Body Weight: 75.73 kg; Body Mass Index: 27.02 kg/m2; Systolic Blood Pressure: 171.0 mmHg; Diastolic Blood Pressure: 102.0 mmHg; Glucose: 123.0 mg/dL; Urea Nitrogen: 8.0 mg/dL; Creatinine: 1.0 mg/dL; Calcium: 9.27 mg/dL; Sodium: 140.0 mmol/L; Potassium: 4.35 mmol/L; Chloride: 111.0 mmol/L; Carbon Dioxide: 28.0 mmol/L; Total Cholesterol: 205.0 mg/dL; Triglycerides: 164.0 mg/dL; Low Density Lipoprotein Cholesterol: 125.0 mg/dL; High Density Lipoprotein Cholesterol: 47.0 mg/dL; Microalbumin Creatine Ratio: 3.0 mg/g; Estimated Glomerular Filtration Rate: 60.0 mL/min/{1.73_m2}; Hemoglobin A1c/Hemoglobin.total in Blood: 7.1 %; Body Weight: 79.64 kg; Body Mass Index: 28.41 kg/m2; Systolic Blood Pressure: 182.0 mmHg; Diastolic Blood Pressure: 104.0 mmHg; Glucose: 115.0 mg/dL; Urea Nitrogen: 15.0 mg/dL; Calcium: 9.02 mg/dL; Sodium: 137.0 mmol/L; Potassium: 4.76 mmol/L; Carbon Dioxide: 24.0 mmol/L; Total Cholesterol: 208.0 mg/dL; Triglycerides: 188.0 mg/dL; Low Density Lipoprotein Cholesterol: 129.0 mg/dL; High Density Lipoprotein Cholesterol: 41.0 mg/dL; Microalbumin Creatine Ratio: 9.0 mg/g. Immunizations: Influenza seasonal injectable preservative free; Td (adult) preservative free.",1
908af88b-38dc-4571-b69a-f690f25a8391,"Demographics: born 1977-11-22, gender M, race white, ethnicity english. Encounters: Encounter for symptom; Emergency room admission; Outpatient Encounter. Medications: Naproxen sodium 220 MG Oral Tablet. Observations: Body Height: 163.33 cm; Body Weight: 97.63 kg; Body Mass Index: 36.6 kg/m2; Systolic Blood Pressure: 189.0 mmHg; Diastolic Blood Pressure: 118.0 mmHg; Estimated Glomerular Filtration Rate: 60.0 mL/min/{1.73_m2}; Body Weight: 102.81 kg; Body Mass Index: 38.54 kg/m2; Systolic Blood Pressure: 198.0 mmHg; Diastolic Blood Pressure: 98.0 mmHg; Total Cholesterol: 166.0 mg/dL; Triglycerides: 140.0 mg/dL; Low Density Lipoprotein Cholesterol: 59.0 mg/dL; High Density Lipoprotein Cholesterol: 79.0 mg/dL. Immunizations: Influenza seasonal injectable preservative free.",0
13180bfb-0321-407b-9ab2-22a9cd09262c,"Demographics: born 1991-12-02, gender M, race white, ethnicity scottish. Encounters: Outpatient Encounter; Emergency room admission; Encounter for symptom. Medications: Penicillin V Potassium 250 MG; Ibuprofen 200 MG Oral Tablet. Procedures: Documentation of current medications; Suture open wound. Observations: Body Height: 180.64 cm; Body Weight: 60.49 kg; Body Mass Index: 18.54 kg/m2; Systolic Blood Pressure: 130.0 mmHg; Diastolic Blood Pressure: 75.0 mmHg; Body Height: 180.77 cm; Body Weight: 62.66 kg; Body Mass Index: 19.18 kg/m2; Systolic Blood Pressure: 131.0 mmHg; Diastolic Blood Pressure: 70.0 mmHg; Oral temperature: 37.31 Cel; Body Weight: 66.39 kg; Body Mass Index: 20.31 kg/m2; Systolic Blood Pressure: 122.0 mmHg; Diastolic Blood Pressure: 79.0 mmHg. Immunizations: Influenza seasonal injectable preservative free; Td (adult) preservative free.",0
ba70429c-2174-43aa-92ca-c3adc25c4ef7,"Demographics: born 1953-06-27, gender M, race white, ethnicity italian. Encounters: Death Certification. Medications: Nitroglycerin 0.4 MG/ACTUAT [Nitrolingual]. Observations: Cardiac Arrest.",0
f2a92c26-54b3-4a41-b760-afc2dd42dd1a,"Demographics: born 1992-12-07, gender M, race white, ethnicity english. Encounters: Outpatient Encounter; Encounter for symptom; Emergency room admission; Non-urgent orthopedic admission. Medications: Naproxen sodium 220 MG Oral Tablet; Acetaminophen 160 MG; Acetaminophen 325 MG / oxyCODONE Hydrochloride 5 MG Oral Tablet. Procedures: Documentation of current medications; Suture open wound; Measurement of respiratory function (procedure); Surgical manipulation of joint of knee. Observations: Body Height: 168.7 cm; Body Weight: 60.65 kg; Body Mass Index: 21.31 kg/m2; Systolic Blood Pressure: 131.0 mmHg; Diastolic Blood Pressure: 74.0 mmHg; Body Height: 169.19 cm; Body Weight: 62.42 kg; Body Mass Index: 21.81 kg/m2; Systolic Blood Pressure: 111.0 mmHg; Diastolic Blood Pressure: 72.0 mmHg; Body Height: 169.42 cm; Body Weight: 63.57 kg; Body Mass Index: 22.15 kg/m2; Systolic Blood Pressure: 137.0 mmHg; Diastolic Blood Pressure: 79.0 mmHg; Body Weight: 65.43 kg; Body Mass Index: 22.79 kg/m2; Systolic Blood Pressure: 107.0 mmHg; Diastolic Blood Pressure: 71.0 mmHg; Body Weight: 69.75 kg; Body Mass Index: 24.3 kg/m2; Systolic Blood Pressure: 116.0 mmHg; Diastolic Blood Pressure: 83.0 mmHg. Immunizations: Influenza seasonal injectable preservative free; Td (adult) preservative free.",0
6db9949e-7f16-4f89-9b29-87047f8fdbda,"Demographics: born 1974-05-17, gender M, race asian, ethnicity asian_indian. Encounters: Outpatient Encounter. Medications: Penicillin V Potassium 250 MG; 24 HR Metformin hydrochloride 500 MG Extended Release Oral Tablet; insulin human isophane 70 UNT/ML / Regular Insulin Human 30 UNT/ML Injectable Suspension [Humulin]. Procedures: Documentation of current medications. Observations: Hemoglobin A1c/Hemoglobin.total in Blood: 4.7 %; Body Height: 163.33 cm; Body Weight: 98.01 kg; Body Mass Index: 36.74 kg/m2; Systolic Blood Pressure: 190.0 mmHg; Diastolic Blood Pressure: 99.0 mmHg; Glucose: 114.0 mg/dL; Urea Nitrogen: 11.0 mg/dL; Creatinine: 1.0 mg/dL; Calcium: 9.78 mg/dL; Sodium: 139.0 mmol/L; Potassium: 4.19 mmol/L; Chloride: 101.0 mmol/L; Carbon Dioxide: 28.0 mmol/L; Total Cholesterol: 201.0 mg/dL; Triglycerides: 165.0 mg/dL; Low Density Lipoprotein Cholesterol: 124.0 mg/dL; High Density Lipoprotein Cholesterol: 44.0 mg/dL; Microalbumin Creatine Ratio: 2.0 mg/g; Estimated Glomerular Filtration Rate: 60.0 mL/min/{1.73_m2}; Hemoglobin A1c/Hemoglobin.total in Blood: 5.1 %; Body Weight: 102.91 kg; Body Mass Index: 38.58 kg/m2; Systolic Blood Pressure: 144.0 mmHg; Diastolic Blood Pressure: 90.0 mmHg; Glucose: 122.0 mg/dL; Urea Nitrogen: 16.0 mg/dL; Calcium: 9.41 mg/dL; Potassium: 4.81 mmol/L; Chloride: 111.0 mmol/L; Carbon Dioxide: 25.0 mmol/L; Total Cholesterol: 209.0 mg/dL; Triglycerides: 154.0 mg/dL; Low Density Lipoprotein Cholesterol: 129.0 mg/dL; High Density Lipoprotein Cholesterol: 49.0 mg/dL; Microalbumin Creatine Ratio: 8.0 mg/g. Immunizations: Influenza seasonal injectable preservative free.",1
7cee4cb3-9a7b-4095-aff2-5e401f07c60c,"Demographics: born 1974-05-05, gender M, race white, ethnicity english. Encounters: Encounter for symptom; Outpatient Encounter. Medications: diphenhydrAMINE Hydrochloride 25 MG Oral Tablet; Penicillin V Potassium 250 MG; Dextromethorphan Hydrobromide 1 MG/ML. Procedures: Measurement of respiratory function (procedure); Documentation of current medications. Observations: Hemoglobin A1c/Hemoglobin.total in Blood: 6.4 %; Body Height: 166.33 cm; Body Weight: 90.06 kg; Body Mass Index: 32.55 kg/m2; Systolic Blood Pressure: 195.0 mmHg; Diastolic Blood Pressure: 96.0 mmHg; Glucose: 100.0 mg/dL; Urea Nitrogen: 12.0 mg/dL; Creatinine: 1.0 mg/dL; Calcium: 10.19 mg/dL; Sodium: 136.0 mmol/L; Potassium: 5.1 mmol/L; Chloride: 110.0 mmol/L; Carbon Dioxide: 26.0 mmol/L; Total Cholesterol: 166.0 mg/dL; Triglycerides: 124.0 mg/dL; Low Density Lipoprotein Cholesterol: 61.0 mg/dL; High Density Lipoprotein Cholesterol: 80.0 mg/dL; Estimated Glomerular Filtration Rate: 60.0 mL/min/{1.73_m2}; Hemoglobin A1c/Hemoglobin.total in Blood: 6.2 %; Body Weight: 94.12 kg; Body Mass Index: 34.02 kg/m2; Systolic Blood Pressure: 160.0 mmHg; Glucose: 76.0 mg/dL; Calcium: 9.09 mg/dL; Sodium: 139.0 mmol/L; Potassium: 4.87 mmol/L; Chloride: 109.0 mmol/L; Carbon Dioxide: 29.0 mmol/L; Total Cholesterol: 194.0 mg/dL; Triglycerides: 150.0 mg/dL; Low Density Lipoprotein Cholesterol: 85.0 mg/dL; High Density Lipoprotein Cholesterol: 79.0 mg/dL. Allergies: Allergy to fish; Allergy to tree pollen; Dander (animal) allergy; Allergy to mould. Immunizations: Influenza seasonal injectable preservative free.",0
dd95c879-4142-49c3-ad46-7f78d3e56ec0,"Demographics: born 1949-12-16, gender M, race white, ethnicity french. Encounters: Outpatient Encounter; Encounter for 'check-up'. Medications: insulin human isophane 70 UNT/ML / Regular Insulin Human 30 UNT/ML Injectable Suspension [Humulin]. Procedures: Documentation of current medications; Colonoscopy. Observations: Hemoglobin A1c/Hemoglobin.total in Blood: 4.0 %; Body Height: 190.18 cm; Body Weight: 101.95 kg; Body Mass Index: 28.19 kg/m2; Systolic Blood Pressure: 195.0 mmHg; Diastolic Blood Pressure: 113.0 mmHg; Glucose: 101.0 mg/dL; Urea Nitrogen: 10.0 mg/dL; Creatinine: 1.0 mg/dL; Calcium: 9.23 mg/dL; Sodium: 137.0 mmol/L; Potassium: 3.73 mmol/L; Chloride: 108.0 mmol/L; Carbon Dioxide: 26.0 mmol/L; Total Cholesterol: 201.0 mg/dL; Triglycerides: 176.0 mg/dL; Low Density Lipoprotein Cholesterol: 116.0 mg/dL; High Density Lipoprotein Cholesterol: 49.0 mg/dL; Microalbumin Creatine Ratio: 19.0 mg/g; Estimated Glomerular Filtration Rate: 60.0 mL/min/{1.73_m2}; Body Weight: 100.58 kg; Body Mass Index: 27.81 kg/m2; Systolic Blood Pressure: 173.0 mmHg; Diastolic Blood Pressure: 95.0 mmHg; Glucose: 117.0 mg/dL; Urea Nitrogen: 13.0 mg/dL; Calcium: 9.55 mg/dL; Sodium: 143.0 mmol/L; Potassium: 4.81 mmol/L; Chloride: 101.0 mmol/L; Total Cholesterol: 232.0 mg/dL; Triglycerides: 187.0 mg/dL; Low Density Lipoprotein Cholesterol: 137.0 mg/dL; High Density Lipoprotein Cholesterol: 57.0 mg/dL; Microalbumin Creatine Ratio: 24.0 mg/g; Hemoglobin A1c/Hemoglobin.total in Blood: 3.8 %; Body Weight: 98.86 kg; Body Mass Index: 27.33 kg/m2; Systolic Blood Pressure: 160.0 mmHg; Diastolic Blood Pressure: 104.0 mmHg. Immunizations: Influenza seasonal injectable preservative free; Td (adult) preservative free; Pneumococcal conjugate PCV 13; pneumococcal polysaccharide vaccine 23 valent.",1
adc02bcf-eedc-407f-83cd-5f7be3853264,"Demographics: born 1931-08-29, gender F, race white, ethnicity italian. Encounters: Death Certification. Medications: 24 HR Metformin hydrochloride 500 MG Extended Release Oral Tablet. Observations: Non-small cell lung cancer (disorder).",1
add628bd-f93c-494a-8f31-cb9cad8ea982,"Demographics: born 1977-04-08, gender M, race white, ethnicity american. Encounters: Outpatient Encounter; Encounter for symptom. Medications: Naproxen sodium 220 MG [Aleve]. Procedures: Documentation of current medications. Observations: Body Height: 166.79 cm; Body Weight: 94.76 kg; Body Mass Index: 34.06 kg/m2; Systolic Blood Pressure: 174.0 mmHg; Diastolic Blood Pressure: 100.0 mmHg; Estimated Glomerular Filtration Rate: 60.0 mL/min/{1.73_m2}; Body Weight: 99.16 kg; Body Mass Index: 35.65 kg/m2; Systolic Blood Pressure: 158.0 mmHg; Diastolic Blood Pressure: 109.0 mmHg; Total Cholesterol: 182.0 mg/dL; Triglycerides: 100.0 mg/dL; Low Density Lipoprotein Cholesterol: 98.0 mg/dL; High Density Lipoprotein Cholesterol: 64.0 mg/dL; Body Weight: 101.96 kg; Body Mass Index: 36.65 kg/m2; Systolic Blood Pressure: 192.0 mmHg; Diastolic Blood Pressure: 115.0 mmHg. Immunizations: Influenza seasonal injectable preservative free; Td (adult) preservative free.",0
a538a3fa-226c-4af1-9c0a-7b3437867b8f,"Demographics: born 1959-07-25, gender F, race white, ethnicity irish. Encounters: Outpatient Encounter; Encounter for symptom; Encounter for 'check-up'; Emergency room admission. Medications: Penicillin V Potassium 250 MG; Naproxen sodium 220 MG [Aleve]; 24 HR Metformin hydrochloride 500 MG Extended Release Oral Tablet; insulin human isophane 70 UNT/ML / Regular Insulin Human 30 UNT/ML Injectable Suspension [Humulin]; Penicillin V Potassium 500 MG; Dextromethorphan Hydrobromide 1 MG/ML; Meperidine Hydrochloride 50 MG Oral Tablet; Naproxen sodium 220 MG Oral Tablet. Procedures: Documentation of current medications; Throat culture (procedure); Colonoscopy; Sputum examination (procedure); Admission to orthopedic department; Bone density scan (procedure). Observations: Hemoglobin A1c/Hemoglobin.total in Blood: 7.2 %; Body Height: 168.42 cm; Body Weight: 98.98 kg; Body Mass Index: 34.89 kg/m2; Systolic Blood Pressure: 117.0 mmHg; Diastolic Blood Pressure: 85.0 mmHg; Glucose: 121.0 mg/dL; Urea Nitrogen: 7.0 mg/dL; Creatinine: 1.0 mg/dL; Calcium: 9.21 mg/dL; Sodium: 141.0 mmol/L; Potassium: 4.27 mmol/L; Chloride: 109.0 mmol/L; Carbon Dioxide: 24.0 mmol/L; Total Cholesterol: 208.0 mg/dL; Triglycerides: 169.0 mg/dL; Low Density Lipoprotein Cholesterol: 120.0 mg/dL; High Density Lipoprotein Cholesterol: 54.0 mg/dL; Microalbumin Creatine Ratio: 9.0 mg/g; Estimated Glomerular Filtration Rate: 60.0 mL/min/{1.73_m2}; Systolic Blood Pressure: 110.0 mmHg; Diastolic Blood Pressure: 71.0 mmHg; Glucose: 110.0 mg/dL; Urea Nitrogen: 11.0 mg/dL; Calcium: 9.22 mg/dL; Sodium: 139.0 mmol/L; Potassium: 5.08 mmol/L; Carbon Dioxide: 25.0 mmol/L; Total Cholesterol: 220.0 mg/dL; Triglycerides: 197.0 mg/dL; Low Density Lipoprotein Cholesterol: 131.0 mg/dL; High Density Lipoprotein Cholesterol: 49.0 mg/dL; Microalbumin Creatine Ratio: 6.0 mg/g; Hemoglobin A1c/Hemoglobin.total in Blood: 4.2 %; Systolic Blood Pressure: 115.0 mmHg; Diastolic Blood Pressure: 89.0 mmHg; Glucose: 116.0 mg/dL; Urea Nitrogen: 20.0 mg/dL; Calcium: 9.94 mg/dL; Sodium: 144.0 mmol/L. Immunizations: Influenza seasonal injectable preservative free; Td (adult) preservative free.",1
2076a7de-25d1-45c0-bc8d-fdd75c6fe84c,"Demographics: born 2001-02-06, gender F, race white, ethnicity german. Encounters: Outpatient Encounter; Consultation for treatment; Encounter for symptom. Medications: Penicillin V Potassium 250 MG; Natazia 28 Day Pack. Procedures: Documentation of current medications. Observations: Body Height: 132.26 cm; Body Weight: 29.06 kg; Body Mass Index: 16.61 kg/m2; Systolic Blood Pressure: 113.0 mmHg; Diastolic Blood Pressure: 76.0 mmHg; Body Height: 138.24 cm; Body Weight: 33.57 kg; Body Mass Index: 17.57 kg/m2; Systolic Blood Pressure: 130.0 mmHg; Diastolic Blood Pressure: 85.0 mmHg; Body Height: 144.26 cm; Body Weight: 37.41 kg; Body Mass Index: 17.98 kg/m2; Systolic Blood Pressure: 101.0 mmHg; Diastolic Blood Pressure: 80.0 mmHg; Body Height: 151.88 cm; Body Weight: 41.93 kg; Body Mass Index: 18.18 kg/m2; Diastolic Blood Pressure: 72.0 mmHg; Body Height: 156.78 cm; Body Weight: 45.99 kg; Body Mass Index: 18.71 kg/m2; Systolic Blood Pressure: 127.0 mmHg; Diastolic Blood Pressure: 82.0 mmHg; Body Height: 159.04 cm; Body Weight: 49.42 kg; Body Mass Index: 19.54 kg/m2; Diastolic Blood Pressure: 77.0 mmHg; Oral temperature: 38.0 Cel; Body Height: 159.85 cm; Body Weight: 51.47 kg; Body Mass Index: 20.14 kg/m2; Systolic Blood Pressure: 102.0 mmHg; Diastolic Blood Pressure: 73.0 mmHg. Immunizations: Influenza seasonal injectable preservative free; meningococcal MCV4P; Tdap; HPV quadrivalent.",0
ece85fec-cc34-4d95-808c-bfc18a7455d6,"Demographics: born 1970-02-23, gender M, race white, ethnicity irish. Encounters: Encounter for symptom; Outpatient Encounter. Medications: Penicillin V Potassium 500 MG. Procedures: Throat culture (procedure); Documentation of current medications. Observations: Oral temperature: 37.55 Cel; Body Height: 182.66 cm; Body Weight: 121.39 kg; Body Mass Index: 36.38 kg/m2; Systolic Blood Pressure: 136.0 mmHg; Diastolic Blood Pressure: 84.0 mmHg; Total Cholesterol: 196.0 mg/dL; Triglycerides: 102.0 mg/dL; Low Density Lipoprotein Cholesterol: 111.0 mg/dL; High Density Lipoprotein Cholesterol: 64.0 mg/dL; Body Weight: 124.3 kg; Body Mass Index: 37.25 kg/m2; Systolic Blood Pressure: 124.0 mmHg; Diastolic Blood Pressure: 73.0 mmHg; Body Weight: 126.93 kg; Body Mass Index: 38.04 kg/m2; Systolic Blood Pressure: 135.0 mmHg; Diastolic Blood Pressure: 70.0 mmHg; Total Cholesterol: 195.0 mg/dL; Triglycerides: 119.0 mg/dL; Low Density Lipoprotein Cholesterol: 100.0 mg/dL; High Density Lipoprotein Cholesterol: 71.0 mg/dL; Oral temperature: 38.0 Cel. Immunizations: Influenza seasonal injectable preservative free; Td (adult) preservative free.",0
96c0bfa3-7d7f-4dd9-b08c-e462c8ac4681,"Demographics: born 1982-08-04, gender M, race hispanic, ethnicity puerto_rican. Encounters: Outpatient Encounter; Encounter for symptom. Medications: Penicillin V Potassium 250 MG; insulin human isophane 70 UNT/ML / Regular Insulin Human 30 UNT/ML Injectable Suspension [Humulin]; Acetaminophen 160 MG. Procedures: Documentation of current medications; Measurement of respiratory function (procedure). Observations: Hemoglobin A1c/Hemoglobin.total in Blood: 6.6 %; Body Height: 176.38 cm; Body Weight: 79.59 kg; Body Mass Index: 25.58 kg/m2; Systolic Blood Pressure: 102.0 mmHg; Diastolic Blood Pressure: 77.0 mmHg; Glucose: 110.0 mg/dL; Urea Nitrogen: 7.0 mg/dL; Creatinine: 1.0 mg/dL; Calcium: 9.65 mg/dL; Sodium: 141.0 mmol/L; Potassium: 4.76 mmol/L; Chloride: 101.0 mmol/L; Carbon Dioxide: 21.0 mmol/L; Total Cholesterol: 211.0 mg/dL; Triglycerides: 176.0 mg/dL; Low Density Lipoprotein Cholesterol: 119.0 mg/dL; High Density Lipoprotein Cholesterol: 56.0 mg/dL; Microalbumin Creatine Ratio: 12.0 mg/g; Estimated Glomerular Filtration Rate: 60.0 mL/min/{1.73_m2}; Body Weight: 80.97 kg; Body Mass Index: 26.03 kg/m2; Systolic Blood Pressure: 111.0 mmHg; Diastolic Blood Pressure: 89.0 mmHg; Glucose: 123.0 mg/dL; Urea Nitrogen: 12.0 mg/dL; Calcium: 10.08 mg/dL; Sodium: 137.0 mmol/L; Potassium: 4.17 mmol/L; Carbon Dioxide: 26.0 mmol/L; Total Cholesterol: 215.0 mg/dL; Triglycerides: 191.0 mg/dL; Low Density Lipoprotein Cholesterol: 136.0 mg/dL; High Density Lipoprotein Cholesterol: 40.0 mg/dL; Microalbumin Creatine Ratio: 10.0 mg/g; Hemoglobin A1c/Hemoglobin.total in Blood: 3.6 %; Body Weight: 82.97 kg; Body Mass Index: 26.67 kg/m2; Systolic Blood Pressure: 101.0 mmHg; Diastolic Blood Pressure: 83.0 mmHg. Immunizations: Influenza seasonal injectable preservative free; Td (adult) preservative free.",1
5decd7a9-8df0-44a3-9d35-a74f79cc91bb,"Demographics: born 1908-03-03, gender F, race hispanic, ethnicity puerto_rican. Encounters: Death Certification. Medications: Penicillin V Potassium 500 MG; 24 HR Metformin hydrochloride 500 MG Extended Release Oral Tablet; Fluticasone propionate 0.25 MG/ACTUAT / salmeterol 0.05 MG/ACTUAT [Advair]. Observations: Non-small cell lung cancer (disorder).",1
dc918f29-8bee-4707-b16f-efba9d148298,"Demographics: born 1959-07-27, gender F, race white, ethnicity french. Encounters: Outpatient Encounter; Encounter for symptom; Encounter for 'check-up'. Medications: Penicillin V Potassium 500 MG; 24 HR Metformin hydrochloride 500 MG Extended Release Oral Tablet; 3 ML liraglutide 6 MG/ML Pen Injector; insulin human isophane 70 UNT/ML / Regular Insulin Human 30 UNT/ML Injectable Suspension [Humulin]; Insulin Lispro 100 UNT/ML Injectable Solution [Humalog]. Procedures: Documentation of current medications; Colonoscopy. Observations: Body Height: 164.84 cm; Body Weight: 112.78 kg; Body Mass Index: 41.5 kg/m2; Systolic Blood Pressure: 120.0 mmHg; Diastolic Blood Pressure: 75.0 mmHg; Systolic Blood Pressure: 128.0 mmHg; Diastolic Blood Pressure: 87.0 mmHg; Oral temperature: 38.0 Cel; Hemoglobin A1c/Hemoglobin.total in Blood: 10.4 %; Systolic Blood Pressure: 130.0 mmHg; Diastolic Blood Pressure: 84.0 mmHg; Glucose: 91.0 mg/dL; Urea Nitrogen: 11.0 mg/dL; Creatinine: 1.0 mg/dL; Calcium: 10.13 mg/dL; Sodium: 140.0 mmol/L; Potassium: 4.33 mmol/L; Chloride: 107.0 mmol/L; Carbon Dioxide: 26.0 mmol/L; Total Cholesterol: 168.0 mg/dL; Triglycerides: 146.0 mg/dL; Low Density Lipoprotein Cholesterol: 60.0 mg/dL; High Density Lipoprotein Cholesterol: 78.0 mg/dL; Microalbumin Creatine Ratio: 9.0 mg/g; Estimated Glomerular Filtration Rate: 60.0 mL/min/{1.73_m2}; Hemoglobin A1c/Hemoglobin.total in Blood: 8.4 %; Systolic Blood Pressure: 111.0 mmHg; Diastolic Blood Pressure: 74.0 mmHg; Glucose: 133.0 mg/dL; Urea Nitrogen: 20.0 mg/dL; Calcium: 8.78 mg/dL; Sodium: 143.0 mmol/L; Potassium: 4.17 mmol/L; Chloride: 102.0 mmol/L; Carbon Dioxide: 24.0 mmol/L; Total Cholesterol: 261.0 mg/dL; Triglycerides: 532.0 mg/dL; Low Density Lipoprotein Cholesterol: 139.0 mg/dL; High Density Lipoprotein Cholesterol: 15.0 mg/dL; Microalbumin Creatine Ratio: 14.0 mg/g. Immunizations: Influenza seasonal injectable preservative free; Td (adult) preservative free.",1
81e355b0-8c6c-4d5f-b7eb-6222d2f7658d,"Demographics: born 2002-10-12, gender M, race white, ethnicity russian. Encounters: Outpatient Encounter; Encounter for symptom. Procedures: Documentation of current medications. Observations: Body Height: 130.93 cm; Body Weight: 39.22 kg; Body Mass Index: 22.88 kg/m2; Systolic Blood Pressure: 115.0 mmHg; Diastolic Blood Pressure: 82.0 mmHg; Body Height: 136.41 cm; Body Weight: 45.11 kg; Body Mass Index: 24.24 kg/m2; Systolic Blood Pressure: 100.0 mmHg; Diastolic Blood Pressure: 89.0 mmHg; Body Height: 141.44 cm; Body Weight: 51.66 kg; Body Mass Index: 25.82 kg/m2; Systolic Blood Pressure: 121.0 mmHg; Diastolic Blood Pressure: 86.0 mmHg; Body Height: 146.52 cm; Body Weight: 58.6 kg; Body Mass Index: 27.3 kg/m2; Systolic Blood Pressure: 125.0 mmHg; Diastolic Blood Pressure: 81.0 mmHg; Oral temperature: 37.0 Cel; Body Height: 152.62 cm; Body Weight: 65.65 kg; Body Mass Index: 28.19 kg/m2; Systolic Blood Pressure: 133.0 mmHg; Diastolic Blood Pressure: 79.0 mmHg; Body Height: 160.21 cm; Body Weight: 72.54 kg; Body Mass Index: 28.26 kg/m2; Systolic Blood Pressure: 114.0 mmHg; Diastolic Blood Pressure: 71.0 mmHg; Body Height: 165.91 cm; Body Weight: 77.5 kg; Body Mass Index: 28.16 kg/m2; Systolic Blood Pressure: 137.0 mmHg; Diastolic Blood Pressure: 88.0 mmHg. Immunizations: Influenza seasonal injectable preservative free; meningococcal MCV4P; Tdap; HPV quadrivalent.",0
df8ba730-b59d-4002-b967-06b3edb7756d,"Demographics: born 1977-09-27, gender F, race white, ethnicity italian. Encounters: Prenatal initial visit; Prenatal visit; Outpatient Encounter; Obstetric emergency hospital admission. Medications: 24 HR Metformin hydrochloride 500 MG Extended Release Oral Tablet. Procedures: Standard pregnancy test; Documentation of current medications; Episiotomy; Childbirth. Observations: Hemoglobin A1c/Hemoglobin.total in Blood: 7.8 %; Body Height: 155.43 cm; Body Weight: 75.01 kg; Body Mass Index: 31.05 kg/m2; Systolic Blood Pressure: 187.0 mmHg; Diastolic Blood Pressure: 120.0 mmHg; Glucose: 105.0 mg/dL; Urea Nitrogen: 17.0 mg/dL; Creatinine: 1.0 mg/dL; Calcium: 9.67 mg/dL; Sodium: 140.0 mmol/L; Potassium: 5.05 mmol/L; Chloride: 105.0 mmol/L; Carbon Dioxide: 24.0 mmol/L; Total Cholesterol: 212.0 mg/dL; Triglycerides: 176.0 mg/dL; Low Density Lipoprotein Cholesterol: 118.0 mg/dL; High Density Lipoprotein Cholesterol: 58.0 mg/dL; Microalbumin Creatine Ratio: 2.0 mg/g; Estimated Glomerular Filtration Rate: 60.0 mL/min/{1.73_m2}; Hemoglobin A1c/Hemoglobin.total in Blood: 6.9 %; Body Weight: 81.23 kg; Body Mass Index: 33.62 kg/m2; Systolic Blood Pressure: 189.0 mmHg; Diastolic Blood Pressure: 98.0 mmHg; Glucose: 160.0 mg/dL; Urea Nitrogen: 14.0 mg/dL; Calcium: 9.28 mg/dL; Sodium: 138.0 mmol/L; Potassium: 5.19 mmol/L; Chloride: 107.0 mmol/L; Carbon Dioxide: 20.0 mmol/L; Total Cholesterol: 257.0 mg/dL; Triglycerides: 392.0 mg/dL; Low Density Lipoprotein Cholesterol: 153.0 mg/dL; High Density Lipoprotein Cholesterol: 25.0 mg/dL; Microalbumin Creatine Ratio: 1.0 mg/g. Immunizations: Influenza seasonal injectable preservative free.",1
8e79e180-5a12-4a52-8bfe-9e4e9d96d390,"Demographics: born 1931-06-29, gender F, race white, ethnicity french. Encounters: Outpatient Encounter; Encounter for symptom; Emergency Encounter. Medications: 24 HR Metformin hydrochloride 500 MG Extended Release Oral Tablet; Naproxen sodium 220 MG [Aleve]; insulin human isophane 70 UNT/ML / Regular Insulin Human 30 UNT/ML Injectable Suspension [Humulin]; Clopidogrel 75 MG Oral Tablet; Alteplase 1 MG/ML Injectable Solution. Procedures: Documentation of current medications; Percutaneous mechanical thrombectomy of portal vein using fluoroscopic guidance. Observations: Hemoglobin A1c/Hemoglobin.total in Blood: 3.0 %; Body Height: 151.11 cm; Body Weight: 68.43 kg; Body Mass Index: 29.97 kg/m2; Systolic Blood Pressure: 156.0 mmHg; Diastolic Blood Pressure: 117.0 mmHg; Glucose: 118.0 mg/dL; Urea Nitrogen: 11.0 mg/dL; Creatinine: 1.0 mg/dL; Calcium: 9.89 mg/dL; Sodium: 138.0 mmol/L; Potassium: 3.74 mmol/L; Chloride: 102.0 mmol/L; Carbon Dioxide: 25.0 mmol/L; Total Cholesterol: 231.0 mg/dL; Triglycerides: 150.0 mg/dL; Low Density Lipoprotein Cholesterol: 161.0 mg/dL; High Density Lipoprotein Cholesterol: 40.0 mg/dL; Microalbumin Creatine Ratio: 11.0 mg/g; Estimated Glomerular Filtration Rate: 60.0 mL/min/{1.73_m2}; Hemoglobin A1c/Hemoglobin.total in Blood: 2.9 %; Body Weight: 67.37 kg; Body Mass Index: 29.5 kg/m2; Systolic Blood Pressure: 171.0 mmHg; Diastolic Blood Pressure: 95.0 mmHg; Glucose: 119.0 mg/dL; Urea Nitrogen: 9.0 mg/dL; Calcium: 9.66 mg/dL; Potassium: 3.79 mmol/L; Chloride: 107.0 mmol/L; Carbon Dioxide: 20.0 mmol/L; Total Cholesterol: 221.0 mg/dL; Triglycerides: 177.0 mg/dL; Low Density Lipoprotein Cholesterol: 143.0 mg/dL; High Density Lipoprotein Cholesterol: 42.0 mg/dL; Microalbumin Creatine Ratio: 12.0 mg/g; Hemoglobin A1c/Hemoglobin.total in Blood: 2.7 %; Body Weight: 65.49 kg; Body Mass Index: 28.68 kg/m2; Systolic Blood Pressure: 179.0 mmHg. Immunizations: Influenza seasonal injectable preservative free; Td (adult) preservative free.",1
e7d85a5c-85a9-4006-b8f1-5b8cc4802e84,"Demographics: born 1964-05-31, gender M, race black, ethnicity african. Encounters: Outpatient Encounter; Encounter for symptom; Emergency room admission. Medications: 24 HR Metformin hydrochloride 500 MG Extended Release Oral Tablet; Amoxicillin 250 MG / Clavulanate 125 MG [Augmentin]; Naproxen sodium 220 MG Oral Tablet. Procedures: Suture open wound; Documentation of current medications. Observations: Hemoglobin A1c/Hemoglobin.total in Blood: 7.6 %; Body Height: 178.08 cm; Body Weight: 96.66 kg; Body Mass Index: 30.48 kg/m2; Systolic Blood Pressure: 127.0 mmHg; Diastolic Blood Pressure: 72.0 mmHg; Glucose: 106.0 mg/dL; Urea Nitrogen: 20.0 mg/dL; Creatinine: 1.0 mg/dL; Calcium: 10.04 mg/dL; Sodium: 139.0 mmol/L; Potassium: 5.13 mmol/L; Chloride: 104.0 mmol/L; Carbon Dioxide: 21.0 mmol/L; Total Cholesterol: 205.0 mg/dL; Triglycerides: 165.0 mg/dL; Low Density Lipoprotein Cholesterol: 131.0 mg/dL; High Density Lipoprotein Cholesterol: 41.0 mg/dL; Microalbumin Creatine Ratio: 8.0 mg/g; Estimated Glomerular Filtration Rate: 60.0 mL/min/{1.73_m2}; Oral temperature: 37.0 Cel; Hemoglobin A1c/Hemoglobin.total in Blood: 6.4 %; Body Weight: 99.92 kg; Body Mass Index: 31.51 kg/m2; Systolic Blood Pressure: 120.0 mmHg; Diastolic Blood Pressure: 71.0 mmHg; Glucose: 162.0 mg/dL; Urea Nitrogen: 15.0 mg/dL; Calcium: 8.86 mg/dL; Sodium: 142.0 mmol/L; Potassium: 4.24 mmol/L; Chloride: 108.0 mmol/L; Total Cholesterol: 247.0 mg/dL; Triglycerides: 307.0 mg/dL; Low Density Lipoprotein Cholesterol: 151.0 mg/dL; High Density Lipoprotein Cholesterol: 34.0 mg/dL; Microalbumin Creatine Ratio: 3.0 mg/g; Systolic Blood Pressure: 100.0 mmHg; Diastolic Blood Pressure: 89.0 mmHg; Glucose: 95.0 mg/dL. Immunizations: Influenza seasonal injectable preservative free; Td (adult) preservative free.",1
443cc037-1237-4db9-881a-df643d90ed46,"Demographics: born 1968-07-15, gender M, race hispanic, ethnicity puerto_rican. Encounters: Outpatient Encounter; Encounter for symptom; Emergency room admission. Medications: Penicillin V Potassium 250 MG; 24 HR Metformin hydrochloride 500 MG Extended Release Oral Tablet; Naproxen sodium 220 MG Oral Tablet. Procedures: Documentation of current medications. Observations: Hemoglobin A1c/Hemoglobin.total in Blood: 7.7 %; Body Height: 190.18 cm; Body Weight: 110.78 kg; Body Mass Index: 30.63 kg/m2; Systolic Blood Pressure: 107.0 mmHg; Diastolic Blood Pressure: 76.0 mmHg; Glucose: 117.0 mg/dL; Urea Nitrogen: 16.0 mg/dL; Creatinine: 1.0 mg/dL; Calcium: 9.23 mg/dL; Sodium: 137.0 mmol/L; Potassium: 5.09 mmol/L; Chloride: 105.0 mmol/L; Carbon Dioxide: 25.0 mmol/L; Total Cholesterol: 209.0 mg/dL; Triglycerides: 179.0 mg/dL; Low Density Lipoprotein Cholesterol: 129.0 mg/dL; High Density Lipoprotein Cholesterol: 44.0 mg/dL; Microalbumin Creatine Ratio: 7.0 mg/g; Estimated Glomerular Filtration Rate: 60.0 mL/min/{1.73_m2}; Hemoglobin A1c/Hemoglobin.total in Blood: 6.4 %; Body Weight: 113.92 kg; Body Mass Index: 31.5 kg/m2; Systolic Blood Pressure: 130.0 mmHg; Diastolic Blood Pressure: 73.0 mmHg; Glucose: 157.0 mg/dL; Urea Nitrogen: 20.0 mg/dL; Calcium: 9.56 mg/dL; Sodium: 136.0 mmol/L; Potassium: 4.33 mmol/L; Chloride: 103.0 mmol/L; Carbon Dioxide: 27.0 mmol/L; Total Cholesterol: 248.0 mg/dL; Triglycerides: 227.0 mg/dL; Low Density Lipoprotein Cholesterol: 167.0 mg/dL; High Density Lipoprotein Cholesterol: 35.0 mg/dL; Microalbumin Creatine Ratio: 12.0 mg/g; Hemoglobin A1c/Hemoglobin.total in Blood: 6.6 %; Body Weight: 116.5 kg; Body Mass Index: 32.21 kg/m2. Immunizations: Influenza seasonal injectable preservative free; Td (adult) preservative free.",1
5d25b473-ea23-465a-ae89-f36545967202,"Demographics: born 1950-03-26, gender F, race white, ethnicity irish. Encounters: Outpatient Encounter; Emergency room admission. Medications: Ibuprofen 200 MG Oral Tablet. Procedures: Documentation of current medications. Observations: Hemoglobin A1c/Hemoglobin.total in Blood: 6.1 %; Body Height: 175.46 cm; Body Weight: 109.86 kg; Body Mass Index: 35.68 kg/m2; Systolic Blood Pressure: 152.0 mmHg; Diastolic Blood Pressure: 93.0 mmHg; Glucose: 96.0 mg/dL; Urea Nitrogen: 16.0 mg/dL; Creatinine: 1.0 mg/dL; Calcium: 8.59 mg/dL; Sodium: 139.0 mmol/L; Potassium: 4.61 mmol/L; Chloride: 101.0 mmol/L; Carbon Dioxide: 25.0 mmol/L; Estimated Glomerular Filtration Rate: 60.0 mL/min/{1.73_m2}; Hemoglobin A1c/Hemoglobin.total in Blood: 6.3 %; Systolic Blood Pressure: 178.0 mmHg; Diastolic Blood Pressure: 94.0 mmHg; Glucose: 98.0 mg/dL; Urea Nitrogen: 12.0 mg/dL; Calcium: 9.81 mg/dL; Sodium: 140.0 mmol/L; Potassium: 4.67 mmol/L; Chloride: 111.0 mmol/L; Carbon Dioxide: 24.0 mmol/L; Total Cholesterol: 163.0 mg/dL; Triglycerides: 124.0 mg/dL; Low Density Lipoprotein Cholesterol: 71.0 mg/dL; High Density Lipoprotein Cholesterol: 67.0 mg/dL; Hemoglobin A1c/Hemoglobin.total in Blood: 6.2 %; Body Weight: 108.69 kg; Body Mass Index: 35.3 kg/m2; Diastolic Blood Pressure: 111.0 mmHg; Glucose: 90.0 mg/dL; Calcium: 10.13 mg/dL; Sodium: 144.0 mmol/L; Potassium: 4.24 mmol/L; Chloride: 106.0 mmol/L; Carbon Dioxide: 20.0 mmol/L; Body Weight: 107.45 kg. Immunizations: Influenza seasonal injectable preservative free; Td (adult) preservative free; Pneumococcal conjugate PCV 13; pneumococcal polysaccharide vaccine 23 valent.",0
975f4821-f969-4300-a3b3-545e6d487854,"Demographics: born 1986-10-22, gender F, race white, ethnicity irish. Encounters: Encounter for symptom; Consultation for treatment; Outpatient Encounter; Emergency room admission; Encounter for 'check-up'. Medications: Terfenadine 60 MG Oral Tablet; 0.3 ML EPINEPHrine 0.5 MG/ML Auto-Injector; Penicillin V Potassium 250 MG; Trinessa 28 Day Pack; Penicillin V Potassium 500 MG; Jolivette 28 Day Pack; Acetaminophen 160 MG; Acetaminophen 325 MG Oral Tablet. Procedures: Documentation of current medications; Measurement of respiratory function (procedure). Observations: Oral temperature: 38.0 Cel; Hemoglobin A1c/Hemoglobin.total in Blood: 5.9 %; Body Height: 166.16 cm; Body Weight: 73.85 kg; Body Mass Index: 26.75 kg/m2; Systolic Blood Pressure: 129.0 mmHg; Diastolic Blood Pressure: 84.0 mmHg; Glucose: 69.0 mg/dL; Urea Nitrogen: 12.0 mg/dL; Creatinine: 1.0 mg/dL; Calcium: 8.6 mg/dL; Sodium: 143.0 mmol/L; Potassium: 4.29 mmol/L; Chloride: 107.0 mmol/L; Carbon Dioxide: 23.0 mmol/L; Hemoglobin A1c/Hemoglobin.total in Blood: 7.0 %; Body Weight: 77.26 kg; Body Mass Index: 27.98 kg/m2; Systolic Blood Pressure: 169.0 mmHg; Diastolic Blood Pressure: 91.0 mmHg; Glucose: 99.0 mg/dL; Urea Nitrogen: 16.0 mg/dL; Calcium: 8.71 mg/dL; Sodium: 140.0 mmol/L; Potassium: 4.79 mmol/L; Chloride: 108.0 mmol/L; Carbon Dioxide: 28.0 mmol/L; Total Cholesterol: 162.0 mg/dL; Triglycerides: 134.0 mg/dL; Low Density Lipoprotein Cholesterol: 71.0 mg/dL; High Density Lipoprotein Cholesterol: 64.0 mg/dL; Microalbumin Creatine Ratio: 10.0 mg/g; Estimated Glomerular Filtration Rate: 60.0 mL/min/{1.73_m2}. Allergies: Shellfish allergy; Allergy to tree pollen. Immunizations: Influenza seasonal injectable preservative free.",1
09c84670-174d-43d8-beca-494cdaba6a4f,"Demographics: born 1944-11-19, gender M, race white, ethnicity irish. Encounters: Outpatient Encounter; Encounter for symptom; Emergency Encounter. Medications: 24 HR Metformin hydrochloride 500 MG Extended Release Oral Tablet; insulin human isophane 70 UNT/ML / Regular Insulin Human 30 UNT/ML Injectable Suspension [Humulin]; Acetaminophen 160 MG; Clopidogrel 75 MG Oral Tablet; Alteplase 1 MG/ML Injectable Solution. Procedures: Documentation of current medications; Measurement of respiratory function (procedure); Percutaneous mechanical thrombectomy of portal vein using fluoroscopic guidance. Observations: Hemoglobin A1c/Hemoglobin.total in Blood: 3.9 %; Body Height: 174.41 cm; Body Weight: 102.41 kg; Body Mass Index: 33.67 kg/m2; Systolic Blood Pressure: 142.0 mmHg; Diastolic Blood Pressure: 113.0 mmHg; Glucose: 161.0 mg/dL; Urea Nitrogen: 12.0 mg/dL; Creatinine: 1.0 mg/dL; Calcium: 8.81 mg/dL; Sodium: 142.0 mmol/L; Potassium: 4.4 mmol/L; Chloride: 111.0 mmol/L; Carbon Dioxide: 23.0 mmol/L; Total Cholesterol: 247.0 mg/dL; Triglycerides: 358.0 mg/dL; Low Density Lipoprotein Cholesterol: 150.0 mg/dL; High Density Lipoprotein Cholesterol: 25.0 mg/dL; Microalbumin Creatine Ratio: 45.0 mg/g; Estimated Glomerular Filtration Rate: 60.0 mL/min/{1.73_m2}; Hemoglobin A1c/Hemoglobin.total in Blood: 3.8 %; Body Weight: 100.97 kg; Body Mass Index: 33.19 kg/m2; Systolic Blood Pressure: 197.0 mmHg; Diastolic Blood Pressure: 92.0 mmHg; Glucose: 192.0 mg/dL; Urea Nitrogen: 9.0 mg/dL; Calcium: 10.07 mg/dL; Sodium: 140.0 mmol/L; Potassium: 4.49 mmol/L; Chloride: 108.0 mmol/L; Carbon Dioxide: 21.0 mmol/L; Total Cholesterol: 244.0 mg/dL; Triglycerides: 312.0 mg/dL; Low Density Lipoprotein Cholesterol: 155.0 mg/dL; High Density Lipoprotein Cholesterol: 26.0 mg/dL; Microalbumin Creatine Ratio: 61.0 mg/g; Oral temperature: 37.0 Cel; Hemoglobin A1c/Hemoglobin.total in Blood: 3.6 %; Body Weight: 99.15 kg. Allergies: Shellfish allergy. Immunizations: Influenza seasonal injectable preservative free; pneumococcal polysaccharide vaccine 23 valent.",1
d71630e0-8f6c-4a7d-965c-2afc18a7e0d6,"Demographics: born 1980-03-03, gender F, race white, ethnicity italian. Encounters: Outpatient Encounter; Encounter for symptom; Patient encounter procedure; Consultation for treatment; Admission to surgical department. Medications: Penicillin V Potassium 250 MG; Levonorgestrel 0.00354 MG/HR [Norplant]; Dextromethorphan Hydrobromide 1 MG/ML. Procedures: Measurement of respiratory function (procedure); Replacement of subcutaneous contraceptive; Bilateral tubal ligation. Observations: Body Height: 164.7 cm; Body Weight: 107.33 kg; Body Mass Index: 39.57 kg/m2; Systolic Blood Pressure: 115.0 mmHg; Diastolic Blood Pressure: 74.0 mmHg; Total Cholesterol: 162.0 mg/dL; Triglycerides: 143.0 mg/dL; Low Density Lipoprotein Cholesterol: 61.0 mg/dL; High Density Lipoprotein Cholesterol: 72.0 mg/dL; Body Weight: 113.17 kg; Body Mass Index: 41.72 kg/m2; Systolic Blood Pressure: 133.0 mmHg; Diastolic Blood Pressure: 78.0 mmHg; Total Cholesterol: 199.0 mg/dL; Triglycerides: 137.0 mg/dL; Low Density Lipoprotein Cholesterol: 101.0 mg/dL; High Density Lipoprotein Cholesterol: 70.0 mg/dL. Immunizations: Influenza seasonal injectable preservative free; Td (adult) preservative free.",0
240a0788-d9ee-447f-b5ba-88307675b585,"Demographics: born 1966-03-21, gender F, race white, ethnicity german. Encounters: Outpatient Encounter; Encounter for problem; Encounter for symptom; Encounter for 'check-up'. Medications: Penicillin V Potassium 250 MG; 24 HR Metformin hydrochloride 500 MG Extended Release Oral Tablet; Naproxen sodium 220 MG [Aleve]; Nitrofurantoin 5 MG/ML [Furadantin]; Phenazopyridine hydrochloride 100 MG [Pyridium]. Procedures: Documentation of current medications; Colonoscopy. Observations: Hemoglobin A1c/Hemoglobin.total in Blood: 8.1 %; Body Height: 162.1 cm; Body Weight: 101.08 kg; Body Mass Index: 38.47 kg/m2; Systolic Blood Pressure: 173.0 mmHg; Diastolic Blood Pressure: 91.0 mmHg; Glucose: 191.0 mg/dL; Urea Nitrogen: 13.0 mg/dL; Creatinine: 1.0 mg/dL; Calcium: 10.03 mg/dL; Sodium: 137.0 mmol/L; Potassium: 4.8 mmol/L; Chloride: 102.0 mmol/L; Carbon Dioxide: 26.0 mmol/L; Total Cholesterol: 246.0 mg/dL; Triglycerides: 344.0 mg/dL; Low Density Lipoprotein Cholesterol: 154.0 mg/dL; High Density Lipoprotein Cholesterol: 23.0 mg/dL; Microalbumin Creatine Ratio: 4.0 mg/g; Estimated Glomerular Filtration Rate: 60.0 mL/min/{1.73_m2}; Hemoglobin A1c/Hemoglobin.total in Blood: 8.4 %; Body Weight: 104.18 kg; Body Mass Index: 39.65 kg/m2; Systolic Blood Pressure: 192.0 mmHg; Diastolic Blood Pressure: 118.0 mmHg; Glucose: 177.0 mg/dL; Urea Nitrogen: 9.0 mg/dL; Calcium: 9.96 mg/dL; Sodium: 143.0 mmol/L; Potassium: 4.31 mmol/L; Chloride: 106.0 mmol/L; Carbon Dioxide: 22.0 mmol/L; Total Cholesterol: 249.0 mg/dL; Triglycerides: 453.0 mg/dL; Low Density Lipoprotein Cholesterol: 120.0 mg/dL; High Density Lipoprotein Cholesterol: 38.0 mg/dL; Microalbumin Creatine Ratio: 14.0 mg/g; Oral temperature: 37.0 Cel; Hemoglobin A1c/Hemoglobin.total in Blood: 8.5 %; Body Weight: 105.62 kg. Immunizations: Influenza seasonal injectable preservative free.",1
0556cf44-22cb-47d4-b943-f1fb4e48b32e,"Demographics: born 1958-04-02, gender F, race white, ethnicity italian. Encounters: Emergency room admission; Encounter for 'check-up'; Outpatient Encounter; Encounter for symptom. Medications: Penicillin V Potassium 500 MG; Acetaminophen 325 MG / oxyCODONE Hydrochloride 5 MG Oral Tablet; Naproxen sodium 220 MG Oral Tablet. Procedures: Bone immobilization; Bone density scan (procedure); Documentation of current medications. Observations: DXA [T-score] Bone density: 0.39 {T-score}; Body Height: 157.29 cm; Body Weight: 91.35 kg; Body Mass Index: 36.92 kg/m2; Systolic Blood Pressure: 108.0 mmHg; Diastolic Blood Pressure: 77.0 mmHg; Total Cholesterol: 179.0 mg/dL; Triglycerides: 139.0 mg/dL; Low Density Lipoprotein Cholesterol: 78.0 mg/dL; High Density Lipoprotein Cholesterol: 73.0 mg/dL; Systolic Blood Pressure: 135.0 mmHg; Diastolic Blood Pressure: 73.0 mmHg; Systolic Blood Pressure: 133.0 mmHg; Diastolic Blood Pressure: 82.0 mmHg; Systolic Blood Pressure: 101.0 mmHg; Diastolic Blood Pressure: 70.0 mmHg; Total Cholesterol: 178.0 mg/dL; Triglycerides: 137.0 mg/dL; Low Density Lipoprotein Cholesterol: 85.0 mg/dL; High Density Lipoprotein Cholesterol: 65.0 mg/dL; Systolic Blood Pressure: 116.0 mmHg; Oral temperature: 37.0 Cel; Systolic Blood Pressure: 117.0 mmHg; Diastolic Blood Pressure: 79.0 mmHg; Systolic Blood Pressure: 126.0 mmHg; Diastolic Blood Pressure: 76.0 mmHg; Total Cholesterol: 198.0 mg/dL; Triglycerides: 112.0 mg/dL; Low Density Lipoprotein Cholesterol: 113.0 mg/dL; High Density Lipoprotein Cholesterol: 62.0 mg/dL. Immunizations: Influenza seasonal injectable preservative free.",0
81be47e6-ca0b-4de3-b16e-608e66a06fd4,"Demographics: born 1979-01-05, gender F, race white, ethnicity irish. Encounters: Outpatient Encounter; Consultation for treatment; Encounter for symptom. Medications: NuvaRing 0.12/0.015 MG per 24HR 21 Day Vaginal Ring; Acetaminophen 160 MG. Procedures: Documentation of current medications. Observations: Hemoglobin A1c/Hemoglobin.total in Blood: 6.3 %; Body Height: 169.58 cm; Body Weight: 71.67 kg; Body Mass Index: 24.92 kg/m2; Systolic Blood Pressure: 200.0 mmHg; Diastolic Blood Pressure: 95.0 mmHg; Glucose: 94.0 mg/dL; Urea Nitrogen: 20.0 mg/dL; Creatinine: 1.0 mg/dL; Calcium: 9.32 mg/dL; Sodium: 144.0 mmol/L; Potassium: 4.03 mmol/L; Chloride: 107.0 mmol/L; Carbon Dioxide: 26.0 mmol/L; Total Cholesterol: 176.0 mg/dL; Triglycerides: 148.0 mg/dL; Low Density Lipoprotein Cholesterol: 78.0 mg/dL; High Density Lipoprotein Cholesterol: 68.0 mg/dL; Estimated Glomerular Filtration Rate: 60.0 mL/min/{1.73_m2}; Body Weight: 75.76 kg; Body Mass Index: 26.35 kg/m2; Diastolic Blood Pressure: 118.0 mmHg; Glucose: 68.0 mg/dL; Urea Nitrogen: 10.0 mg/dL; Calcium: 9.16 mg/dL; Sodium: 137.0 mmol/L; Potassium: 4.54 mmol/L; Chloride: 105.0 mmol/L; Carbon Dioxide: 21.0 mmol/L; Hemoglobin A1c/Hemoglobin.total in Blood: 6.2 %; Body Weight: 80.52 kg; Body Mass Index: 28.0 kg/m2; Systolic Blood Pressure: 178.0 mmHg; Diastolic Blood Pressure: 91.0 mmHg; Glucose: 97.0 mg/dL; Urea Nitrogen: 8.0 mg/dL; Calcium: 9.89 mg/dL; Sodium: 143.0 mmol/L; Potassium: 3.98 mmol/L; Chloride: 108.0 mmol/L. Immunizations: Influenza seasonal injectable preservative free; Td (adult) preservative free.",0
f54106bb-b912-4787-94fe-c7928e70e2fc,"Demographics: born 1932-02-28, gender M, race white, ethnicity french. Encounters: Outpatient Encounter. Medications: 24 HR Metformin hydrochloride 500 MG Extended Release Oral Tablet. Procedures: Documentation of current medications. Observations: Hemoglobin A1c/Hemoglobin.total in Blood: 6.5 %; Body Height: 171.18 cm; Body Weight: 93.38 kg; Body Mass Index: 31.87 kg/m2; Systolic Blood Pressure: 124.0 mmHg; Diastolic Blood Pressure: 79.0 mmHg; Glucose: 103.0 mg/dL; Urea Nitrogen: 16.0 mg/dL; Creatinine: 1.0 mg/dL; Calcium: 8.65 mg/dL; Sodium: 138.0 mmol/L; Potassium: 4.01 mmol/L; Chloride: 105.0 mmol/L; Carbon Dioxide: 24.0 mmol/L; Total Cholesterol: 224.0 mg/dL; Triglycerides: 164.0 mg/dL; Low Density Lipoprotein Cholesterol: 137.0 mg/dL; High Density Lipoprotein Cholesterol: 54.0 mg/dL; Microalbumin Creatine Ratio: 7.0 mg/g; Estimated Glomerular Filtration Rate: 60.0 mL/min/{1.73_m2}. Immunizations: Influenza seasonal injectable preservative free.",1
c9ef214d-6e2e-4928-ad4f-96f05c7ed74a,"Demographics: born 1956-07-15, gender M, race white, ethnicity french. Encounters: Outpatient Encounter; Emergency Encounter; Encounter for 'check-up'. Medications: Penicillin V Potassium 250 MG; 24 HR Metformin hydrochloride 500 MG Extended Release Oral Tablet; Clopidogrel 75 MG Oral Tablet; Alteplase 1 MG/ML Injectable Solution. Procedures: Percutaneous mechanical thrombectomy of portal vein using fluoroscopic guidance; Colonoscopy; Documentation of current medications. Observations: Hemoglobin A1c/Hemoglobin.total in Blood: 7.2 %; Body Height: 181.13 cm; Body Weight: 114.42 kg; Body Mass Index: 34.88 kg/m2; Systolic Blood Pressure: 136.0 mmHg; Diastolic Blood Pressure: 88.0 mmHg; Glucose: 103.0 mg/dL; Urea Nitrogen: 16.0 mg/dL; Creatinine: 1.0 mg/dL; Calcium: 9.06 mg/dL; Sodium: 139.0 mmol/L; Potassium: 4.09 mmol/L; Chloride: 107.0 mmol/L; Carbon Dioxide: 25.0 mmol/L; Total Cholesterol: 222.0 mg/dL; Triglycerides: 166.0 mg/dL; Low Density Lipoprotein Cholesterol: 144.0 mg/dL; High Density Lipoprotein Cholesterol: 44.0 mg/dL; Microalbumin Creatine Ratio: 16.0 mg/g; Estimated Glomerular Filtration Rate: 60.0 mL/min/{1.73_m2}; Systolic Blood Pressure: 121.0 mmHg; Diastolic Blood Pressure: 89.0 mmHg; Glucose: 121.0 mg/dL; Urea Nitrogen: 12.0 mg/dL; Calcium: 9.32 mg/dL; Potassium: 4.03 mmol/L; Chloride: 108.0 mmol/L; Carbon Dioxide: 23.0 mmol/L; Total Cholesterol: 227.0 mg/dL; Triglycerides: 171.0 mg/dL; Low Density Lipoprotein Cholesterol: 147.0 mg/dL; High Density Lipoprotein Cholesterol: 45.0 mg/dL; Microalbumin Creatine Ratio: 4.0 mg/g; Systolic Blood Pressure: 101.0 mmHg; Diastolic Blood Pressure: 71.0 mmHg; Glucose: 111.0 mg/dL; Calcium: 9.41 mg/dL; Sodium: 136.0 mmol/L; Potassium: 5.04 mmol/L; Chloride: 109.0 mmol/L. Immunizations: Influenza seasonal injectable preservative free; zoster.",1
55843a62-1936-4aa7-83c5-a9fc43fd8b05,"Demographics: born 1970-03-02, gender M, race hispanic, ethnicity central_american. Encounters: Outpatient Encounter; Encounter for symptom; Emergency room admission. Medications: Penicillin V Potassium 250 MG; Penicillin V Potassium 500 MG; Ibuprofen 200 MG Oral Tablet. Procedures: Documentation of current medications; Suture open wound. Observations: Body Height: 183.86 cm; Body Weight: 90.21 kg; Body Mass Index: 26.68 kg/m2; Systolic Blood Pressure: 102.0 mmHg; Diastolic Blood Pressure: 88.0 mmHg; Total Cholesterol: 191.0 mg/dL; Triglycerides: 138.0 mg/dL; Low Density Lipoprotein Cholesterol: 98.0 mg/dL; High Density Lipoprotein Cholesterol: 65.0 mg/dL; Oral temperature: 37.0 Cel; Body Weight: 93.19 kg; Body Mass Index: 27.57 kg/m2; Systolic Blood Pressure: 130.0 mmHg; Diastolic Blood Pressure: 86.0 mmHg; Body Weight: 97.87 kg; Body Mass Index: 28.95 kg/m2; Diastolic Blood Pressure: 80.0 mmHg; Total Cholesterol: 197.0 mg/dL; Triglycerides: 104.0 mg/dL; Low Density Lipoprotein Cholesterol: 97.0 mg/dL; High Density Lipoprotein Cholesterol: 79.0 mg/dL; Body Weight: 100.46 kg; Body Mass Index: 29.72 kg/m2; Systolic Blood Pressure: 119.0 mmHg; Diastolic Blood Pressure: 84.0 mmHg. Immunizations: Influenza seasonal injectable preservative free; Td (adult) preservative free.",0
af8fc28c-0ce9-4462-81c5-31610ecfd42a,"Demographics: born 1998-03-30, gender F, race asian, ethnicity chinese. Encounters: Outpatient Encounter; Encounter for symptom; Prenatal initial visit; Prenatal visit; Obstetric emergency hospital admission. Medications: Amoxicillin 250 MG / Clavulanate 125 MG [Augmentin]. Procedures: Documentation of current medications; Standard pregnancy test; Episiotomy; Childbirth. Observations: Body Height: 163.81 cm; Body Weight: 52.16 kg; Body Mass Index: 19.44 kg/m2; Systolic Blood Pressure: 112.0 mmHg; Diastolic Blood Pressure: 85.0 mmHg; Body Height: 169.09 cm; Body Weight: 57.65 kg; Body Mass Index: 20.16 kg/m2; Systolic Blood Pressure: 126.0 mmHg; Diastolic Blood Pressure: 86.0 mmHg; Body Height: 171.45 cm; Body Weight: 61.67 kg; Body Mass Index: 20.98 kg/m2; Systolic Blood Pressure: 131.0 mmHg; Diastolic Blood Pressure: 88.0 mmHg; Body Height: 172.49 cm; Body Weight: 64.27 kg; Body Mass Index: 21.6 kg/m2; Systolic Blood Pressure: 138.0 mmHg; Diastolic Blood Pressure: 70.0 mmHg; Body Height: 172.92 cm; Body Weight: 65.71 kg; Body Mass Index: 21.97 kg/m2; Diastolic Blood Pressure: 82.0 mmHg; Body Height: 173.15 cm; Body Weight: 67.05 kg; Body Mass Index: 22.36 kg/m2; Systolic Blood Pressure: 183.0 mmHg; Diastolic Blood Pressure: 118.0 mmHg; Estimated Glomerular Filtration Rate: 60.0 mL/min/{1.73_m2}. Immunizations: Influenza seasonal injectable preservative free; HPV quadrivalent; meningococcal MCV4P.",0
9fb0ff0b-8012-4924-94cf-9ab436ee615e,"Demographics: born 1955-02-11, gender F, race white, ethnicity italian. Encounters: Encounter for symptom; Outpatient Encounter; Encounter for problem. Medications: Penicillin V Potassium 250 MG; 24 HR Metformin hydrochloride 500 MG Extended Release Oral Tablet; Acetaminophen 160 MG; Naproxen sodium 220 MG [Aleve]; Dextromethorphan Hydrobromide 1 MG/ML. Procedures: Plain chest X-ray (procedure); Documentation of current medications; Measurement of respiratory function (procedure). Observations: Hemoglobin A1c/Hemoglobin.total in Blood: 7.0 %; Body Height: 165.71 cm; Body Weight: 93.23 kg; Body Mass Index: 33.95 kg/m2; Systolic Blood Pressure: 130.0 mmHg; Diastolic Blood Pressure: 79.0 mmHg; Glucose: 120.0 mg/dL; Urea Nitrogen: 8.0 mg/dL; Creatinine: 1.0 mg/dL; Calcium: 9.95 mg/dL; Sodium: 141.0 mmol/L; Potassium: 4.84 mmol/L; Chloride: 103.0 mmol/L; Carbon Dioxide: 23.0 mmol/L; Total Cholesterol: 238.0 mg/dL; Triglycerides: 196.0 mg/dL; Low Density Lipoprotein Cholesterol: 142.0 mg/dL; High Density Lipoprotein Cholesterol: 56.0 mg/dL; Microalbumin Creatine Ratio: 3.0 mg/g; Estimated Glomerular Filtration Rate: 60.0 mL/min/{1.73_m2}; Oral temperature: 37.0 Cel; Systolic Blood Pressure: 100.0 mmHg; Diastolic Blood Pressure: 80.0 mmHg; Glucose: 124.0 mg/dL; Urea Nitrogen: 9.0 mg/dL; Calcium: 9.79 mg/dL; Sodium: 140.0 mmol/L; Potassium: 3.79 mmol/L; Chloride: 111.0 mmol/L; Carbon Dioxide: 24.0 mmol/L; Total Cholesterol: 224.0 mg/dL; Triglycerides: 169.0 mg/dL; Low Density Lipoprotein Cholesterol: 143.0 mg/dL; High Density Lipoprotein Cholesterol: 47.0 mg/dL; Microalbumin Creatine Ratio: 14.0 mg/g; Diastolic Blood Pressure: 88.0 mmHg; Glucose: 110.0 mg/dL; Urea Nitrogen: 18.0 mg/dL; Calcium: 9.77 mg/dL; Potassium: 3.83 mmol/L. Immunizations: Influenza seasonal injectable preservative free; Td (adult) preservative free; zoster.",1
2c572e48-3806-4d0a-852b-282030ffdff5,"Demographics: born 1919-10-03, gender F, race white, ethnicity german.",0
41bc9432-b14d-49cf-8f8c-57d81e605a90,"Demographics: born 1957-07-03, gender M, race white, ethnicity english. Encounters: Outpatient Encounter; Encounter for 'check-up'; Emergency room admission; Emergency Encounter. Medications: 24 HR Metformin hydrochloride 500 MG Extended Release Oral Tablet; Penicillin V Potassium 500 MG; Naproxen sodium 220 MG Oral Tablet; Clopidogrel 75 MG Oral Tablet; Alteplase 1 MG/ML Injectable Solution. Procedures: Documentation of current medications; Colonoscopy; Suture open wound; Injection of tetanus antitoxin; Percutaneous mechanical thrombectomy of portal vein using fluoroscopic guidance. Observations: Hemoglobin A1c/Hemoglobin.total in Blood: 9.0 %; Body Height: 177.31 cm; Body Weight: 132.26 kg; Body Mass Index: 42.07 kg/m2; Systolic Blood Pressure: 200.0 mmHg; Diastolic Blood Pressure: 92.0 mmHg; Glucose: 134.0 mg/dL; Urea Nitrogen: 10.0 mg/dL; Creatinine: 1.0 mg/dL; Calcium: 8.63 mg/dL; Sodium: 139.0 mmol/L; Potassium: 4.6 mmol/L; Chloride: 109.0 mmol/L; Carbon Dioxide: 29.0 mmol/L; Total Cholesterol: 254.0 mg/dL; Triglycerides: 378.0 mg/dL; Low Density Lipoprotein Cholesterol: 147.0 mg/dL; High Density Lipoprotein Cholesterol: 31.0 mg/dL; Microalbumin Creatine Ratio: 1.0 mg/g; Estimated Glomerular Filtration Rate: 60.0 mL/min/{1.73_m2}; Systolic Blood Pressure: 148.0 mmHg; Diastolic Blood Pressure: 97.0 mmHg; Glucose: 136.0 mg/dL; Urea Nitrogen: 19.0 mg/dL; Calcium: 9.91 mg/dL; Potassium: 3.79 mmol/L; Carbon Dioxide: 28.0 mmol/L; Total Cholesterol: 244.0 mg/dL; Triglycerides: 324.0 mg/dL; Low Density Lipoprotein Cholesterol: 155.0 mg/dL; High Density Lipoprotein Cholesterol: 24.0 mg/dL; Microalbumin Creatine Ratio: 7.0 mg/g; Systolic Blood Pressure: 146.0 mmHg; Diastolic Blood Pressure: 104.0 mmHg; Glucose: 156.0 mg/dL; Urea Nitrogen: 16.0 mg/dL; Calcium: 9.88 mg/dL; Sodium: 142.0 mmol/L; Potassium: 4.84 mmol/L; Chloride: 106.0 mmol/L. Immunizations: Influenza seasonal injectable preservative free.",1
82815936-2557-4797-bc6a-30fa76d90ff4,"Demographics: born 1963-06-25, gender M, race white, ethnicity irish. Encounters: Outpatient Encounter; Encounter for symptom; Encounter for 'check-up'. Medications: 24 HR Metformin hydrochloride 500 MG Extended Release Oral Tablet; insulin human isophane 70 UNT/ML / Regular Insulin Human 30 UNT/ML Injectable Suspension [Humulin]; Insulin Lispro 100 UNT/ML Injectable Solution [Humalog]. Procedures: Documentation of current medications; Colonoscopy. Observations: Hemoglobin A1c/Hemoglobin.total in Blood: 8.5 %; Body Height: 167.51 cm; Body Weight: 112.63 kg; Body Mass Index: 40.14 kg/m2; Systolic Blood Pressure: 174.0 mmHg; Diastolic Blood Pressure: 110.0 mmHg; Glucose: 130.0 mg/dL; Urea Nitrogen: 20.0 mg/dL; Creatinine: 1.0 mg/dL; Calcium: 8.58 mg/dL; Sodium: 140.0 mmol/L; Potassium: 3.72 mmol/L; Chloride: 102.0 mmol/L; Carbon Dioxide: 20.0 mmol/L; Total Cholesterol: 253.0 mg/dL; Triglycerides: 338.0 mg/dL; Low Density Lipoprotein Cholesterol: 156.0 mg/dL; High Density Lipoprotein Cholesterol: 29.0 mg/dL; Microalbumin Creatine Ratio: 16.0 mg/g; Estimated Glomerular Filtration Rate: 60.0 mL/min/{1.73_m2}; Oral temperature: 38.0 Cel; Hemoglobin A1c/Hemoglobin.total in Blood: 8.8 %; Body Weight: 116.08 kg; Body Mass Index: 41.37 kg/m2; Systolic Blood Pressure: 180.0 mmHg; Diastolic Blood Pressure: 96.0 mmHg; Glucose: 147.0 mg/dL; Urea Nitrogen: 16.0 mg/dL; Calcium: 9.45 mg/dL; Sodium: 144.0 mmol/L; Potassium: 4.89 mmol/L; Chloride: 109.0 mmol/L; Carbon Dioxide: 24.0 mmol/L; Total Cholesterol: 258.0 mg/dL; Triglycerides: 407.0 mg/dL; Low Density Lipoprotein Cholesterol: 154.0 mg/dL; High Density Lipoprotein Cholesterol: 22.0 mg/dL; Microalbumin Creatine Ratio: 3.0 mg/g; Systolic Blood Pressure: 152.0 mmHg; Diastolic Blood Pressure: 115.0 mmHg. Immunizations: Influenza seasonal injectable preservative free; Td (adult) preservative free.",1
36c4fdc3-73eb-4242-9c30-790228760177,"Demographics: born 1997-02-09, gender F, race black, ethnicity dominican. Encounters: Outpatient Encounter; Consultation for treatment; Encounter for symptom; Emergency room admission; Encounter for 'check-up'. Medications: Penicillin V Potassium 250 MG; Seasonique 91 Day Pack; Amoxicillin 250 MG / Clavulanate 125 MG [Augmentin]; Cefuroxime 250 MG Oral Tablet; Meperidine Hydrochloride 50 MG Oral Tablet; Naproxen sodium 220 MG Oral Tablet. Procedures: Documentation of current medications. Observations: Body Height: 158.7 cm; Body Weight: 64.75 kg; Body Mass Index: 25.71 kg/m2; Systolic Blood Pressure: 125.0 mmHg; Diastolic Blood Pressure: 70.0 mmHg; Body Height: 160.16 cm; Body Weight: 67.59 kg; Body Mass Index: 26.35 kg/m2; Systolic Blood Pressure: 139.0 mmHg; Diastolic Blood Pressure: 88.0 mmHg; Body Height: 160.83 cm; Body Weight: 69.32 kg; Body Mass Index: 26.8 kg/m2; Systolic Blood Pressure: 117.0 mmHg; Body Height: 161.26 cm; Body Weight: 70.68 kg; Body Mass Index: 27.18 kg/m2; Systolic Blood Pressure: 103.0 mmHg; Diastolic Blood Pressure: 78.0 mmHg; Body Height: 161.51 cm; Body Weight: 71.82 kg; Body Mass Index: 27.54 kg/m2; Systolic Blood Pressure: 138.0 mmHg; Diastolic Blood Pressure: 81.0 mmHg; Body Height: 161.65 cm; Body Weight: 73.05 kg; Body Mass Index: 27.96 kg/m2; Systolic Blood Pressure: 120.0 mmHg; Diastolic Blood Pressure: 72.0 mmHg; Body Height: 161.72 cm; Body Weight: 74.12 kg; Body Mass Index: 28.34 kg/m2; Systolic Blood Pressure: 101.0 mmHg. Immunizations: Influenza seasonal injectable preservative free; meningococcal MCV4P.",0
fc021542-f4b1-4fd6-a60f-4b91918f88de,"Demographics: born 2003-12-26, gender M, race white, ethnicity french_canadian. Encounters: Outpatient Encounter; Emergency room admission; Encounter for symptom; Allergic disorder initial assessment. Medications: Fexofenadine hydrochloride 30 MG Oral Tablet; 0.3 ML EPINEPHrine 0.5 MG/ML Auto-Injector; Acetaminophen 160 MG Oral Tablet; Amoxicillin 250 MG / Clavulanate 125 MG [Augmentin]. Procedures: Documentation of current medications. Observations: Body Height: 123.21 cm; Body Weight: 25.04 kg; Body Mass Index: 16.49 kg/m2; Systolic Blood Pressure: 100.0 mmHg; Diastolic Blood Pressure: 80.0 mmHg; Body Height: 130.18 cm; Body Weight: 28.34 kg; Body Mass Index: 16.72 kg/m2; Systolic Blood Pressure: 102.0 mmHg; Diastolic Blood Pressure: 81.0 mmHg; Body Height: 136.18 cm; Body Weight: 31.82 kg; Body Mass Index: 17.16 kg/m2; Systolic Blood Pressure: 121.0 mmHg; Diastolic Blood Pressure: 88.0 mmHg; Body Height: 142.94 cm; Body Weight: 37.01 kg; Body Mass Index: 18.11 kg/m2; Systolic Blood Pressure: 103.0 mmHg; Diastolic Blood Pressure: 79.0 mmHg; Body Height: 149.01 cm; Body Weight: 42.8 kg; Body Mass Index: 19.27 kg/m2; Systolic Blood Pressure: 113.0 mmHg; Body Height: 155.08 cm; Body Weight: 48.39 kg; Body Mass Index: 20.12 kg/m2; Systolic Blood Pressure: 122.0 mmHg; Diastolic Blood Pressure: 73.0 mmHg. Allergies: Allergy to fish; Allergy to grass pollen; Dander (animal) allergy; House dust mite allergy; Allergy to mould; Allergy to bee venom. Immunizations: Influenza seasonal injectable preservative free; meningococcal MCV4P; Tdap; HPV quadrivalent.",0
4a5e38c8-e25a-4120-b837-ea295fa33ea6,"Demographics: born 1960-11-04, gender M, race hispanic, ethnicity puerto_rican. Encounters: Encounter for 'check-up'; Encounter for symptom; Outpatient Encounter. Procedures: Colonoscopy; Fecal occult blood test; Rectal polypectomy; Documentation of current medications. Observations: Hemoglobin A1c/Hemoglobin.total in Blood: 6.3 %; Body Height: 176.69 cm; Body Weight: 108.86 kg; Body Mass Index: 34.87 kg/m2; Systolic Blood Pressure: 133.0 mmHg; Diastolic Blood Pressure: 74.0 mmHg; Glucose: 67.0 mg/dL; Urea Nitrogen: 17.0 mg/dL; Creatinine: 1.0 mg/dL; Calcium: 9.55 mg/dL; Sodium: 137.0 mmol/L; Potassium: 5.03 mmol/L; Chloride: 103.0 mmol/L; Carbon Dioxide: 22.0 mmol/L; Total Cholesterol: 160.0 mg/dL; Triglycerides: 117.0 mg/dL; Low Density Lipoprotein Cholesterol: 60.0 mg/dL; High Density Lipoprotein Cholesterol: 76.0 mg/dL; Hemoglobin A1c/Hemoglobin.total in Blood: 6.2 %; Systolic Blood Pressure: 112.0 mmHg; Diastolic Blood Pressure: 86.0 mmHg; Glucose: 85.0 mg/dL; Urea Nitrogen: 15.0 mg/dL; Calcium: 10.12 mg/dL; Sodium: 136.0 mmol/L; Potassium: 4.22 mmol/L; Chloride: 106.0 mmol/L; Carbon Dioxide: 29.0 mmol/L; Hemoglobin A1c/Hemoglobin.total in Blood: 5.9 %; Systolic Blood Pressure: 124.0 mmHg; Diastolic Blood Pressure: 77.0 mmHg; Glucose: 91.0 mg/dL; Urea Nitrogen: 18.0 mg/dL; Calcium: 9.92 mg/dL; Sodium: 138.0 mmol/L; Potassium: 3.97 mmol/L; Chloride: 110.0 mmol/L; Carbon Dioxide: 21.0 mmol/L; Hemoglobin A1c/Hemoglobin.total in Blood: 5.8 %; Systolic Blood Pressure: 130.0 mmHg. Immunizations: Influenza seasonal injectable preservative free; Td (adult) preservative free.",0
44d5a46b-5c8c-47fc-9471-ab0ef0368df2,"Demographics: born 1929-12-29, gender F, race white, ethnicity irish. Encounters: Outpatient Encounter. Medications: Penicillin V Potassium 500 MG; 24 HR Metformin hydrochloride 500 MG Extended Release Oral Tablet. Procedures: Documentation of current medications. Observations: Hemoglobin A1c/Hemoglobin.total in Blood: 5.1 %; Body Height: 165.51 cm; Body Weight: 73.2 kg; Body Mass Index: 26.72 kg/m2; Systolic Blood Pressure: 116.0 mmHg; Diastolic Blood Pressure: 70.0 mmHg; Glucose: 85.0 mg/dL; Urea Nitrogen: 7.0 mg/dL; Creatinine: 1.0 mg/dL; Calcium: 10.05 mg/dL; Sodium: 142.0 mmol/L; Potassium: 3.9 mmol/L; Chloride: 108.0 mmol/L; Carbon Dioxide: 21.0 mmol/L; Total Cholesterol: 168.0 mg/dL; Triglycerides: 109.0 mg/dL; Low Density Lipoprotein Cholesterol: 81.0 mg/dL; High Density Lipoprotein Cholesterol: 65.0 mg/dL; Microalbumin Creatine Ratio: 13.0 mg/g; Estimated Glomerular Filtration Rate: 60.0 mL/min/{1.73_m2}; Body Weight: 71.67 kg; Body Mass Index: 26.16 kg/m2; Systolic Blood Pressure: 132.0 mmHg; Diastolic Blood Pressure: 77.0 mmHg; Glucose: 68.0 mg/dL; Urea Nitrogen: 19.0 mg/dL; Calcium: 8.88 mg/dL; Sodium: 137.0 mmol/L; Potassium: 4.78 mmol/L; Chloride: 106.0 mmol/L; Total Cholesterol: 179.0 mg/dL; Triglycerides: 111.0 mg/dL; Low Density Lipoprotein Cholesterol: 80.0 mg/dL; High Density Lipoprotein Cholesterol: 76.0 mg/dL; Microalbumin Creatine Ratio: 16.0 mg/g; Body Weight: 69.75 kg; Body Mass Index: 25.46 kg/m2; Systolic Blood Pressure: 131.0 mmHg; Diastolic Blood Pressure: 78.0 mmHg; Glucose: 77.0 mg/dL. Immunizations: Influenza seasonal injectable preservative free; Td (adult) preservative free.",1
96827dbd-f5e5-4c8c-aa21-b58a9b60a327,"Demographics: born 1992-09-12, gender F, race white, ethnicity polish. Encounters: Outpatient Encounter. Medications: Penicillin V Potassium 250 MG. Procedures: Documentation of current medications. Observations: Body Height: 168.27 cm; Body Weight: 45.97 kg; Body Mass Index: 16.23 kg/m2; Systolic Blood Pressure: 181.0 mmHg; Diastolic Blood Pressure: 96.0 mmHg; Estimated Glomerular Filtration Rate: 58.0 mL/min/{1.73_m2}; Body Height: 168.39 cm; Body Weight: 46.57 kg; Body Mass Index: 16.42 kg/m2; Systolic Blood Pressure: 171.0 mmHg; Diastolic Blood Pressure: 120.0 mmHg; Estimated Glomerular Filtration Rate: 60.0 mL/min/{1.73_m2}; Body Height: 168.47 cm; Body Weight: 48.58 kg; Body Mass Index: 17.12 kg/m2; Systolic Blood Pressure: 182.0 mmHg; Diastolic Blood Pressure: 101.0 mmHg; Body Weight: 51.17 kg; Body Mass Index: 18.03 kg/m2; Systolic Blood Pressure: 172.0 mmHg; Diastolic Blood Pressure: 104.0 mmHg. Immunizations: Influenza seasonal injectable preservative free; Td (adult) preservative free.",0
849aaeec-e3e3-44a4-9c1d-c7c4367780e8,"Demographics: born 1913-04-09, gender F, race asian, ethnicity chinese.",0
3eb918f9-8904-4b9a-b54e-c17e4626c6a9,"Demographics: born 1955-04-15, gender F, race white, ethnicity irish. Encounters: Domiciliary or rest home patient evaluation and management; Outpatient Encounter; Emergency Encounter; Death Certification. Medications: Nitroglycerin 0.4 MG/ACTUAT [Nitrolingual]; Penicillin V Potassium 500 MG; Simvastatin 20 MG Oral Tablet; Amlodipine 5 MG Oral Tablet; Clopidogrel 75 MG Oral Tablet; Alteplase 1 MG/ML Injectable Solution. Procedures: Information gathering (procedure); Documentation of current medications; Percutaneous mechanical thrombectomy of portal vein using fluoroscopic guidance. Observations: Sexual orientation: heterosexual {nominal}; HIV status: not HIV positive {nominal}; Abuse Status [OMAHA]: No signs/symptoms {nominal}; Housing status: Patient is homeless {nominal}; Are you covered by health insurance or some other kind of health care plan [PhenX]: No {nominal}; History of Hospitalizations+​Outpatient visits: 2.0 {count}; Body Height: 167.67 cm; Body Weight: 112.05 kg; Body Mass Index: 39.86 kg/m2; Systolic Blood Pressure: 112.0 mmHg; Diastolic Blood Pressure: 80.0 mmHg; History of Hospitalizations+​Outpatient visits: 8.0 {count}; Stroke. Allergies: Allergy to nut. Immunizations: Influenza seasonal injectable preservative free.",0
1f463f8f-1c7a-4d6e-8231-1636d1e8342f,"Demographics: born 2016-04-06, gender F, race white, ethnicity american. Encounters: Outpatient Encounter; Encounter for symptom. Procedures: Documentation of current medications. Observations: Body Height: 50.16 cm; Body Weight: 4.29 kg; Systolic Blood Pressure: 107.0 mmHg; Diastolic Blood Pressure: 88.0 mmHg; Body Height: 53.76 cm; Body Weight: 5.11 kg; Systolic Blood Pressure: 124.0 mmHg; Diastolic Blood Pressure: 83.0 mmHg; Body Height: 58.87 cm; Body Weight: 6.56 kg; Systolic Blood Pressure: 111.0 mmHg; Diastolic Blood Pressure: 80.0 mmHg; Body Height: 62.75 cm; Body Weight: 7.77 kg; Systolic Blood Pressure: 123.0 mmHg; Body Height: 65.97 cm; Body Weight: 8.79 kg; Systolic Blood Pressure: 125.0 mmHg; Diastolic Blood Pressure: 84.0 mmHg; Body Height: 70.08 cm; Body Weight: 10.03 kg; Systolic Blood Pressure: 117.0 mmHg; Diastolic Blood Pressure: 87.0 mmHg; Body Height: 73.62 cm; Body Weight: 11.01 kg; Systolic Blood Pressure: 130.0 mmHg; Diastolic Blood Pressure: 77.0 mmHg. Immunizations: Hep B adolescent or pediatric; rotavirus monovalent; DTaP; Hib (PRP-OMP); Pneumococcal conjugate PCV 13; IPV; Influenza seasonal injectable preservative free; MMR; varicella; Hep A ped/adol 2 dose.",0
d2b8d59d-0e6d-494d-91ae-504dee67136d,"Demographics: born 1969-08-16, gender M, race white, ethnicity american. Encounters: Outpatient Encounter; Encounter for symptom. Medications: Amoxicillin 250 MG / Clavulanate 125 MG [Augmentin]; 24 HR Metformin hydrochloride 500 MG Extended Release Oral Tablet. Procedures: Documentation of current medications. Observations: Hemoglobin A1c/Hemoglobin.total in Blood: 6.2 %; Body Height: 180.61 cm; Body Weight: 97.4 kg; Body Mass Index: 29.86 kg/m2; Systolic Blood Pressure: 116.0 mmHg; Diastolic Blood Pressure: 89.0 mmHg; Glucose: 83.0 mg/dL; Urea Nitrogen: 12.0 mg/dL; Creatinine: 1.0 mg/dL; Calcium: 8.79 mg/dL; Sodium: 144.0 mmol/L; Potassium: 5.12 mmol/L; Chloride: 103.0 mmol/L; Carbon Dioxide: 25.0 mmol/L; Total Cholesterol: 169.0 mg/dL; Triglycerides: 114.0 mg/dL; Low Density Lipoprotein Cholesterol: 79.0 mg/dL; High Density Lipoprotein Cholesterol: 67.0 mg/dL; Oral temperature: 37.0 Cel; Body Weight: 100.38 kg; Body Mass Index: 30.77 kg/m2; Systolic Blood Pressure: 115.0 mmHg; Diastolic Blood Pressure: 71.0 mmHg; Urea Nitrogen: 19.0 mg/dL; Calcium: 8.96 mg/dL; Sodium: 139.0 mmol/L; Potassium: 4.03 mmol/L; Chloride: 101.0 mmol/L; Carbon Dioxide: 21.0 mmol/L; Hemoglobin A1c/Hemoglobin.total in Blood: 8.0 %; Body Weight: 104.09 kg; Body Mass Index: 31.91 kg/m2; Systolic Blood Pressure: 174.0 mmHg; Diastolic Blood Pressure: 118.0 mmHg; Glucose: 65.0 mg/dL; Urea Nitrogen: 14.0 mg/dL; Calcium: 9.35 mg/dL; Sodium: 136.0 mmol/L; Potassium: 4.08 mmol/L; Chloride: 105.0 mmol/L. Immunizations: Influenza seasonal injectable preservative free; Td (adult) preservative free.",1
489007d3-fb7e-4f83-99ab-0223b618e7d8,"Demographics: born 1932-06-07, gender M, race black, ethnicity dominican. Encounters: Outpatient Encounter; Encounter for symptom; Emergency room admission; Encounter for 'check-up'. Medications: 24 HR Metformin hydrochloride 500 MG Extended Release Oral Tablet; Amoxicillin 250 MG / Clavulanate 125 MG [Augmentin]; Amoxicillin 500 MG Oral Tablet; Acetaminophen 325 MG / HYDROcodone Bitartrate 7.5 MG Oral Tablet; Naproxen sodium 220 MG Oral Tablet. Procedures: Documentation of current medications. Observations: Hemoglobin A1c/Hemoglobin.total in Blood: 5.1 %; Body Height: 180.33 cm; Body Weight: 76.56 kg; Body Mass Index: 23.54 kg/m2; Systolic Blood Pressure: 147.0 mmHg; Diastolic Blood Pressure: 118.0 mmHg; Glucose: 83.0 mg/dL; Urea Nitrogen: 20.0 mg/dL; Creatinine: 1.0 mg/dL; Calcium: 9.56 mg/dL; Sodium: 141.0 mmol/L; Potassium: 4.06 mmol/L; Chloride: 104.0 mmol/L; Carbon Dioxide: 20.0 mmol/L; Total Cholesterol: 165.0 mg/dL; Triglycerides: 129.0 mg/dL; Low Density Lipoprotein Cholesterol: 78.0 mg/dL; High Density Lipoprotein Cholesterol: 61.0 mg/dL; Microalbumin Creatine Ratio: 2.0 mg/g; Estimated Glomerular Filtration Rate: 60.0 mL/min/{1.73_m2}; Body Weight: 75.54 kg; Body Mass Index: 23.23 kg/m2; Diastolic Blood Pressure: 98.0 mmHg; Glucose: 69.0 mg/dL; Urea Nitrogen: 10.0 mg/dL; Calcium: 8.51 mg/dL; Sodium: 138.0 mmol/L; Potassium: 4.7 mmol/L; Chloride: 109.0 mmol/L; Carbon Dioxide: 25.0 mmol/L; Total Cholesterol: 195.0 mg/dL; Triglycerides: 122.0 mg/dL; Low Density Lipoprotein Cholesterol: 111.0 mg/dL; High Density Lipoprotein Cholesterol: 59.0 mg/dL; Microalbumin Creatine Ratio: 0.0 mg/g; Body Weight: 74.22 kg; Body Mass Index: 22.82 kg/m2; Systolic Blood Pressure: 155.0 mmHg; Diastolic Blood Pressure: 116.0 mmHg; Glucose: 82.0 mg/dL. Immunizations: Influenza seasonal injectable preservative free; Td (adult) preservative free.",1
1662e31d-57d2-4f83-bc41-195a49dfa33a,"Demographics: born 1946-03-30, gender M, race white, ethnicity english. Encounters: Encounter for problem; Encounter for 'check-up'; Emergency hospital admission for asthma; Asthma follow-up; Outpatient Encounter. Medications: diphenhydrAMINE Hydrochloride 25 MG Oral Tablet; 120 ACTUAT Fluticasone propionate 0.044 MG/ACTUAT Metered Dose Inhaler; 200 ACTUAT Albuterol 0.09 MG/ACTUAT Metered Dose Inhaler; Fluticasone propionate 0.25 MG/ACTUAT / salmeterol 0.05 MG/ACTUAT [Advair]; 24 HR Metformin hydrochloride 500 MG Extended Release Oral Tablet. Procedures: Colonoscopy; Spirometry (procedure). Observations: FEV1/​FVC: 73.0 %; Hemoglobin A1c/Hemoglobin.total in Blood: 6.3 %; Body Height: 179.48 cm; Body Weight: 101.03 kg; Body Mass Index: 31.36 kg/m2; Systolic Blood Pressure: 121.0 mmHg; Diastolic Blood Pressure: 73.0 mmHg; Glucose: 93.0 mg/dL; Urea Nitrogen: 13.0 mg/dL; Creatinine: 1.0 mg/dL; Calcium: 8.86 mg/dL; Sodium: 138.0 mmol/L; Potassium: 4.67 mmol/L; Chloride: 109.0 mmol/L; Carbon Dioxide: 29.0 mmol/L; Total Cholesterol: 199.0 mg/dL; Triglycerides: 143.0 mg/dL; Low Density Lipoprotein Cholesterol: 97.0 mg/dL; High Density Lipoprotein Cholesterol: 73.0 mg/dL; Microalbumin Creatine Ratio: 1.0 mg/g; Estimated Glomerular Filtration Rate: 60.0 mL/min/{1.73_m2}; FEV1/​FVC: 48.0 %; Hemoglobin A1c/Hemoglobin.total in Blood: 6.2 %; Body Weight: 99.19 kg; Body Mass Index: 30.79 kg/m2; Systolic Blood Pressure: 123.0 mmHg; Diastolic Blood Pressure: 75.0 mmHg; Glucose: 99.0 mg/dL; Urea Nitrogen: 9.0 mg/dL; Calcium: 8.56 mg/dL; Sodium: 140.0 mmol/L; Potassium: 4.9 mmol/L; Chloride: 106.0 mmol/L; Carbon Dioxide: 21.0 mmol/L; Total Cholesterol: 197.0 mg/dL; Triglycerides: 104.0 mg/dL; Low Density Lipoprotein Cholesterol: 111.0 mg/dL; High Density Lipoprotein Cholesterol: 65.0 mg/dL; FEV1/​FVC: 32.0 %; Hemoglobin A1c/Hemoglobin.total in Blood: 6.1 %. Allergies: Allergy to peanuts; Allergy to tree pollen; Dander (animal) allergy; Allergy to mould; Allergy to bee venom. Immunizations: Pneumococcal conjugate PCV 13; Influenza seasonal injectable preservative free; pneumococcal polysaccharide vaccine 23 valent.",1
3742d35d-b345-4e22-852a-f48dc35e1302,"Demographics: born 1922-04-16, gender F, race white, ethnicity english. Encounters: Death Certification. Medications: 24 HR Metformin hydrochloride 500 MG Extended Release Oral Tablet; Penicillin V Potassium 500 MG; Galantamine 4 MG [Razadyne]. Observations: Stroke.",1
e64f9542-1bc7-40e8-8999-02389bf62cc4,"Demographics: born 1959-10-07, gender M, race white, ethnicity french_canadian. Encounters: Outpatient Encounter; Encounter for 'check-up'; Emergency Encounter; Encounter for symptom. Medications: 24 HR Metformin hydrochloride 500 MG Extended Release Oral Tablet; Fluticasone propionate 0.25 MG/ACTUAT / salmeterol 0.05 MG/ACTUAT [Advair]; Clopidogrel 75 MG Oral Tablet; Alteplase 1 MG/ML Injectable Solution; Dextromethorphan Hydrobromide 1 MG/ML. Procedures: Spirometry (procedure); Documentation of current medications; Colonoscopy; Percutaneous mechanical thrombectomy of portal vein using fluoroscopic guidance; Sputum examination (procedure). Observations: FEV1/​FVC: 71.0 %; Hemoglobin A1c/Hemoglobin.total in Blood: 8.2 %; Body Height: 174.51 cm; Body Weight: 118.0 kg; Body Mass Index: 38.75 kg/m2; Systolic Blood Pressure: 140.0 mmHg; Diastolic Blood Pressure: 91.0 mmHg; Glucose: 173.0 mg/dL; Urea Nitrogen: 13.0 mg/dL; Creatinine: 1.0 mg/dL; Calcium: 9.42 mg/dL; Sodium: 136.0 mmol/L; Potassium: 4.81 mmol/L; Chloride: 111.0 mmol/L; Carbon Dioxide: 27.0 mmol/L; Total Cholesterol: 239.0 mg/dL; Triglycerides: 463.0 mg/dL; Low Density Lipoprotein Cholesterol: 106.0 mg/dL; High Density Lipoprotein Cholesterol: 40.0 mg/dL; Microalbumin Creatine Ratio: 12.0 mg/g; Estimated Glomerular Filtration Rate: 60.0 mL/min/{1.73_m2}; Systolic Blood Pressure: 195.0 mmHg; Diastolic Blood Pressure: 112.0 mmHg; Glucose: 168.0 mg/dL; Urea Nitrogen: 8.0 mg/dL; Calcium: 8.75 mg/dL; Sodium: 138.0 mmol/L; Potassium: 4.17 mmol/L; Chloride: 107.0 mmol/L; Carbon Dioxide: 28.0 mmol/L; Total Cholesterol: 253.0 mg/dL; Triglycerides: 478.0 mg/dL; Low Density Lipoprotein Cholesterol: 128.0 mg/dL; High Density Lipoprotein Cholesterol: 29.0 mg/dL; Microalbumin Creatine Ratio: 7.0 mg/g; FEV1/​FVC: 79.0 %; Systolic Blood Pressure: 165.0 mmHg; Diastolic Blood Pressure: 105.0 mmHg; Glucose: 140.0 mg/dL; Urea Nitrogen: 20.0 mg/dL. Immunizations: Influenza seasonal injectable preservative free; Td (adult) preservative free.",1
18746db5-268f-43fe-929e-ddf43704d7d1,"Demographics: born 2011-08-31, gender F, race white, ethnicity scottish. Encounters: Outpatient Encounter; Encounter for symptom. Medications: Cefuroxime 250 MG Oral Tablet; Ibuprofen 100 MG Oral Tablet. Procedures: Documentation of current medications. Observations: Body Height: 51.7 cm; Body Weight: 3.6 kg; Systolic Blood Pressure: 132.0 mmHg; Diastolic Blood Pressure: 86.0 mmHg; Body Height: 54.41 cm; Body Weight: 4.2 kg; Systolic Blood Pressure: 128.0 mmHg; Diastolic Blood Pressure: 89.0 mmHg; Body Height: 58.65 cm; Body Weight: 5.28 kg; Systolic Blood Pressure: 129.0 mmHg; Diastolic Blood Pressure: 72.0 mmHg; Body Height: 62.04 cm; Body Weight: 6.19 kg; Systolic Blood Pressure: 116.0 mmHg; Diastolic Blood Pressure: 73.0 mmHg; Body Height: 66.24 cm; Body Weight: 7.31 kg; Systolic Blood Pressure: 135.0 mmHg; Diastolic Blood Pressure: 83.0 mmHg; Body Height: 69.79 cm; Body Weight: 8.2 kg; Systolic Blood Pressure: 123.0 mmHg; Body Height: 71.92 cm; Body Weight: 8.68 kg; Systolic Blood Pressure: 131.0 mmHg; Body Height: 75.75 cm; Body Weight: 9.47 kg; Systolic Blood Pressure: 138.0 mmHg; Diastolic Blood Pressure: 85.0 mmHg; Body Height: 79.96 cm; Body Weight: 10.22 kg; Body Mass Index: 15.99 kg/m2; Diastolic Blood Pressure: 70.0 mmHg; Body Height: 83.83 cm; Body Weight: 10.96 kg; Body Mass Index: 15.59 kg/m2; Systolic Blood Pressure: 113.0 mmHg; Body Height: 87.64 cm; Body Weight: 11.64 kg. Immunizations: Hep B adolescent or pediatric; rotavirus monovalent; DTaP; Hib (PRP-OMP); Pneumococcal conjugate PCV 13; IPV; Influenza seasonal injectable preservative free; MMR; varicella; Hep A ped/adol 2 dose.",0
f9f32f04-5e79-4f33-a73a-ddf04cde59d1,"Demographics: born 1952-06-03, gender M, race white, ethnicity portuguese. Encounters: Outpatient Encounter; Encounter for symptom; Emergency room admission. Medications: Penicillin V Potassium 250 MG; Penicillin V Potassium 500 MG; Fluticasone propionate 0.25 MG/ACTUAT / salmeterol 0.05 MG/ACTUAT [Advair]; 24 HR Metformin hydrochloride 500 MG Extended Release Oral Tablet; Acetaminophen 160 MG; Ibuprofen 200 MG Oral Tablet. Procedures: Spirometry (procedure); Documentation of current medications; Sputum examination (procedure). Observations: FEV1/​FVC: 45.0 %; Hemoglobin A1c/Hemoglobin.total in Blood: 6.7 %; Body Height: 185.5 cm; Body Weight: 112.55 kg; Body Mass Index: 32.71 kg/m2; Systolic Blood Pressure: 103.0 mmHg; Diastolic Blood Pressure: 77.0 mmHg; Glucose: 115.0 mg/dL; Urea Nitrogen: 16.0 mg/dL; Creatinine: 1.0 mg/dL; Calcium: 10.13 mg/dL; Sodium: 137.0 mmol/L; Potassium: 4.35 mmol/L; Chloride: 106.0 mmol/L; Carbon Dioxide: 29.0 mmol/L; Total Cholesterol: 201.0 mg/dL; Triglycerides: 162.0 mg/dL; Low Density Lipoprotein Cholesterol: 118.0 mg/dL; High Density Lipoprotein Cholesterol: 50.0 mg/dL; Microalbumin Creatine Ratio: 7.0 mg/g; Estimated Glomerular Filtration Rate: 60.0 mL/min/{1.73_m2}; FEV1/​FVC: 35.0 %; Systolic Blood Pressure: 116.0 mmHg; Diastolic Blood Pressure: 89.0 mmHg; Glucose: 111.0 mg/dL; Urea Nitrogen: 20.0 mg/dL; Calcium: 10.05 mg/dL; Sodium: 140.0 mmol/L; Potassium: 5.15 mmol/L; Chloride: 107.0 mmol/L; Carbon Dioxide: 24.0 mmol/L; Total Cholesterol: 211.0 mg/dL; Triglycerides: 171.0 mg/dL; Low Density Lipoprotein Cholesterol: 127.0 mg/dL; High Density Lipoprotein Cholesterol: 49.0 mg/dL; Microalbumin Creatine Ratio: 16.0 mg/g; FEV1/​FVC: 49.0 %; Hemoglobin A1c/Hemoglobin.total in Blood: 6.6 %; Body Weight: 111.23 kg; Body Mass Index: 32.32 kg/m2. Immunizations: Influenza seasonal injectable preservative free; zoster; Td (adult) preservative free.",1
8b028210-6ae9-4b2e-ae67-afcba62b2695,"Demographics: born 1908-10-01, gender M, race white, ethnicity portuguese. Encounters: Death Certification. Medications: Penicillin V Potassium 250 MG; Fluticasone propionate 0.25 MG/ACTUAT / salmeterol 0.05 MG/ACTUAT [Advair]. Observations: Small cell carcinoma of lung (disorder).",0
8db5902d-cae0-40fc-a92e-2cc9d64673a0,"Demographics: born 1917-03-31, gender F, race white, ethnicity american. Encounters: Death Certification. Medications: 24 HR Metformin hydrochloride 500 MG Extended Release Oral Tablet. Observations: Non-small cell lung cancer (disorder).",1
ce91656d-7153-4dd7-b705-c43161c73a77,"Demographics: born 1932-04-04, gender M, race asian, ethnicity chinese.",0
dc137f78-e808-4fe1-a6e9-c675fa0689ef,"Demographics: born 1978-04-26, gender F, race asian, ethnicity chinese. Encounters: Encounter for symptom; Patient encounter procedure; Outpatient Encounter; Emergency room admission. Medications: Penicillin V Potassium 250 MG; Levonorgestrel 0.00354 MG/HR [Norplant]; Naproxen sodium 220 MG Oral Tablet; 24 HR Metformin hydrochloride 500 MG Extended Release Oral Tablet; 3 ML liraglutide 6 MG/ML Pen Injector. Procedures: Replacement of subcutaneous contraceptive; Suture open wound; Injection of tetanus antitoxin; Documentation of current medications. Observations: Hemoglobin A1c/Hemoglobin.total in Blood: 5.9 %; Body Height: 151.98 cm; Body Weight: 83.89 kg; Body Mass Index: 36.32 kg/m2; Systolic Blood Pressure: 131.0 mmHg; Diastolic Blood Pressure: 88.0 mmHg; Glucose: 99.0 mg/dL; Urea Nitrogen: 14.0 mg/dL; Creatinine: 1.0 mg/dL; Calcium: 8.93 mg/dL; Sodium: 144.0 mmol/L; Potassium: 5.08 mmol/L; Chloride: 111.0 mmol/L; Carbon Dioxide: 29.0 mmol/L; Hemoglobin A1c/Hemoglobin.total in Blood: 9.5 %; Body Weight: 88.12 kg; Body Mass Index: 38.15 kg/m2; Systolic Blood Pressure: 117.0 mmHg; Diastolic Blood Pressure: 78.0 mmHg; Glucose: 74.0 mg/dL; Urea Nitrogen: 12.0 mg/dL; Calcium: 9.04 mg/dL; Sodium: 142.0 mmol/L; Potassium: 4.58 mmol/L; Chloride: 108.0 mmol/L; Total Cholesterol: 187.0 mg/dL; Triglycerides: 103.0 mg/dL; Low Density Lipoprotein Cholesterol: 105.0 mg/dL; High Density Lipoprotein Cholesterol: 61.0 mg/dL; Microalbumin Creatine Ratio: 16.0 mg/g; Estimated Glomerular Filtration Rate: 60.0 mL/min/{1.73_m2}. Immunizations: Influenza seasonal injectable preservative free.",1
08d9f611-4a2b-4781-96ca-d5a1c93b0b5f,"Demographics: born 1964-04-15, gender M, race black, ethnicity dominican. Encounters: Outpatient Encounter. Medications: 24 HR Metformin hydrochloride 500 MG Extended Release Oral Tablet. Observations: Hemoglobin A1c/Hemoglobin.total in Blood: 7.5 %; Body Height: 177.24 cm; Body Weight: 113.69 kg; Body Mass Index: 36.19 kg/m2; Systolic Blood Pressure: 107.0 mmHg; Diastolic Blood Pressure: 89.0 mmHg; Glucose: 120.0 mg/dL; Urea Nitrogen: 8.0 mg/dL; Creatinine: 1.0 mg/dL; Calcium: 9.35 mg/dL; Sodium: 140.0 mmol/L; Potassium: 3.87 mmol/L; Chloride: 105.0 mmol/L; Carbon Dioxide: 25.0 mmol/L; Total Cholesterol: 228.0 mg/dL; Triglycerides: 187.0 mg/dL; Low Density Lipoprotein Cholesterol: 131.0 mg/dL; High Density Lipoprotein Cholesterol: 59.0 mg/dL; Microalbumin Creatine Ratio: 17.0 mg/g; Estimated Glomerular Filtration Rate: 60.0 mL/min/{1.73_m2}; Hemoglobin A1c/Hemoglobin.total in Blood: 7.8 %; Body Weight: 116.98 kg; Body Mass Index: 37.24 kg/m2; Systolic Blood Pressure: 103.0 mmHg; Diastolic Blood Pressure: 70.0 mmHg; Glucose: 111.0 mg/dL; Urea Nitrogen: 11.0 mg/dL; Calcium: 8.94 mg/dL; Sodium: 138.0 mmol/L; Potassium: 5.13 mmol/L; Chloride: 103.0 mmol/L; Carbon Dioxide: 20.0 mmol/L; Total Cholesterol: 211.0 mg/dL; Triglycerides: 168.0 mg/dL; Low Density Lipoprotein Cholesterol: 121.0 mg/dL; High Density Lipoprotein Cholesterol: 56.0 mg/dL; Microalbumin Creatine Ratio: 14.0 mg/g; Systolic Blood Pressure: 110.0 mmHg; Glucose: 134.0 mg/dL; Urea Nitrogen: 18.0 mg/dL. Immunizations: Influenza seasonal injectable preservative free; Td (adult) preservative free.",1
e88aa7ed-f263-45b7-8279-e5b0c23ad945,"Demographics: born 1961-02-24, gender F, race white, ethnicity french. Encounters: Encounter for 'check-up'; Outpatient Encounter; Encounter for symptom. Medications: Errin 28 Day Pack. Procedures: Colonoscopy; Documentation of current medications. Observations: Body Height: 153.38 cm; Body Weight: 99.83 kg; Body Mass Index: 42.43 kg/m2; Systolic Blood Pressure: 190.0 mmHg; Diastolic Blood Pressure: 108.0 mmHg; Estimated Glomerular Filtration Rate: 60.0 mL/min/{1.73_m2}; Systolic Blood Pressure: 175.0 mmHg; Diastolic Blood Pressure: 109.0 mmHg; Total Cholesterol: 184.0 mg/dL; Triglycerides: 134.0 mg/dL; Low Density Lipoprotein Cholesterol: 96.0 mg/dL; High Density Lipoprotein Cholesterol: 61.0 mg/dL; Systolic Blood Pressure: 192.0 mmHg; Diastolic Blood Pressure: 90.0 mmHg; Systolic Blood Pressure: 148.0 mmHg; Diastolic Blood Pressure: 95.0 mmHg; Systolic Blood Pressure: 193.0 mmHg; Diastolic Blood Pressure: 102.0 mmHg; Total Cholesterol: 161.0 mg/dL; Triglycerides: 123.0 mg/dL; Low Density Lipoprotein Cholesterol: 66.0 mg/dL; High Density Lipoprotein Cholesterol: 70.0 mg/dL; Oral temperature: 37.0 Cel. Immunizations: Influenza seasonal injectable preservative free; Td (adult) preservative free.",0
d456269a-fcfd-4005-b14d-c8f1825dcfa8,"Demographics: born 1943-03-27, gender M, race white, ethnicity french_canadian. Encounters: Outpatient Encounter; Encounter for 'check-up'; Encounter for symptom. Medications: Penicillin V Potassium 250 MG; 24 HR Metformin hydrochloride 500 MG Extended Release Oral Tablet; insulin human isophane 70 UNT/ML / Regular Insulin Human 30 UNT/ML Injectable Suspension [Humulin]; Clopidogrel 75 MG Oral Tablet; Simvastatin 20 MG Oral Tablet; Amlodipine 5 MG Oral Tablet; Nitroglycerin 0.4 MG/ACTUAT [Nitrolingual]; Alendronic acid 10 MG [Fosamax]. Procedures: Bone density scan (procedure); Colonoscopy; Documentation of current medications. Observations: Hemoglobin A1c/Hemoglobin.total in Blood: 3.7 %; Body Height: 176.33 cm; Body Weight: 101.86 kg; Body Mass Index: 32.76 kg/m2; Systolic Blood Pressure: 115.0 mmHg; Diastolic Blood Pressure: 84.0 mmHg; Glucose: 116.0 mg/dL; Urea Nitrogen: 19.0 mg/dL; Creatinine: 1.0 mg/dL; Calcium: 8.71 mg/dL; Sodium: 144.0 mmol/L; Potassium: 5.12 mmol/L; Chloride: 108.0 mmol/L; Carbon Dioxide: 24.0 mmol/L; Total Cholesterol: 215.0 mg/dL; Triglycerides: 157.0 mg/dL; Low Density Lipoprotein Cholesterol: 137.0 mg/dL; High Density Lipoprotein Cholesterol: 46.0 mg/dL; Microalbumin Creatine Ratio: 267.0 mg/g; Estimated Glomerular Filtration Rate: 60.0 mL/min/{1.73_m2}; Hemoglobin A1c/Hemoglobin.total in Blood: 3.4 %; Body Weight: 98.82 kg; Body Mass Index: 31.78 kg/m2; Systolic Blood Pressure: 125.0 mmHg; Diastolic Blood Pressure: 71.0 mmHg; Glucose: 111.0 mg/dL; Urea Nitrogen: 12.0 mg/dL; Calcium: 9.95 mg/dL; Sodium: 139.0 mmol/L; Potassium: 5.16 mmol/L; Carbon Dioxide: 21.0 mmol/L; Total Cholesterol: 223.0 mg/dL; Triglycerides: 153.0 mg/dL; Low Density Lipoprotein Cholesterol: 147.0 mg/dL; High Density Lipoprotein Cholesterol: 45.0 mg/dL; Microalbumin Creatine Ratio: 258.0 mg/g; Hemoglobin A1c/Hemoglobin.total in Blood: 3.3 %; DXA [T-score] Bone density: -3.21 {T-score}; Body Weight: 96.96 kg; Body Mass Index: 31.18 kg/m2. Immunizations: Influenza seasonal injectable preservative free; Td (adult) preservative free.",1
7ce11673-83c5-485a-9c14-48b3bf888ab4,"Demographics: born 1931-03-21, gender F, race white, ethnicity italian. Encounters: Office Visit; Encounter for 'check-up'; Outpatient Encounter; Hospital admission; Death Certification. Medications: Penicillin V Potassium 500 MG; Alendronic acid 10 MG [Fosamax]; Galantamine 4 MG [Razadyne]; Memantine hydrochloride 2 MG/ML [Namenda]; Ibuprofen 200 MG Oral Tablet. Procedures: Documentation of current medications. Observations: Total score [MMSE]: 6.0 (score); Hemoglobin A1c/Hemoglobin.total in Blood: 6.2 %; Body Height: 167.66 cm; Body Weight: 59.65 kg; Body Mass Index: 21.22 kg/m2; Systolic Blood Pressure: 189.0 mmHg; Diastolic Blood Pressure: 98.0 mmHg; Glucose: 74.0 mg/dL; Urea Nitrogen: 12.0 mg/dL; Creatinine: 1.0 mg/dL; Calcium: 8.58 mg/dL; Sodium: 137.0 mmol/L; Potassium: 4.66 mmol/L; Chloride: 105.0 mmol/L; Carbon Dioxide: 25.0 mmol/L; Estimated Glomerular Filtration Rate: 60.0 mL/min/{1.73_m2}; Body Weight: 57.93 kg; Body Mass Index: 20.61 kg/m2; Systolic Blood Pressure: 162.0 mmHg; Diastolic Blood Pressure: 110.0 mmHg; Glucose: 93.0 mg/dL; Urea Nitrogen: 18.0 mg/dL; Calcium: 10.18 mg/dL; Sodium: 138.0 mmol/L; Potassium: 4.75 mmol/L; Chloride: 102.0 mmol/L; Carbon Dioxide: 23.0 mmol/L; Total Cholesterol: 171.0 mg/dL; Triglycerides: 101.0 mg/dL; Low Density Lipoprotein Cholesterol: 86.0 mg/dL; High Density Lipoprotein Cholesterol: 64.0 mg/dL; Total score [MMSE]: 1.0 (score); Hemoglobin A1c/Hemoglobin.total in Blood: 5.8 %; Body Weight: 56.77 kg; Body Mass Index: 20.19 kg/m2; Systolic Blood Pressure: 161.0 mmHg; Diastolic Blood Pressure: 119.0 mmHg; Glucose: 66.0 mg/dL; Urea Nitrogen: 15.0 mg/dL; Calcium: 10.14 mg/dL. Immunizations: Influenza seasonal injectable preservative free; Td (adult) preservative free.",0
82f69a23-184b-4193-878d-52f63c11d822,"Demographics: born 1928-09-13, gender M, race white, ethnicity irish. Encounters: Death Certification. Medications: Penicillin V Potassium 250 MG. Observations: Non-small cell lung cancer (disorder).",0
5cc13127-caa2-4c42-bcfc-90bc9fc8d180,"Demographics: born 1943-03-26, gender F, race asian, ethnicity chinese. Encounters: Outpatient Encounter; Encounter for 'check-up'; Encounter for symptom. Medications: 24 HR Metformin hydrochloride 500 MG Extended Release Oral Tablet; Naproxen sodium 220 MG [Aleve]; Simvastatin 20 MG Oral Tablet; Nitroglycerin 0.4 MG/ACTUAT [Nitrolingual]; Amlodipine 5 MG Oral Tablet; Clopidogrel 75 MG Oral Tablet; insulin human isophane 70 UNT/ML / Regular Insulin Human 30 UNT/ML Injectable Suspension [Humulin]; Insulin Lispro 100 UNT/ML Injectable Solution [Humalog]; Amoxicillin 250 MG / Clavulanate 125 MG [Augmentin]. Procedures: Documentation of current medications; Colonoscopy. Observations: Hemoglobin A1c/Hemoglobin.total in Blood: 9.0 %; Body Height: 169.19 cm; Body Weight: 120.01 kg; Body Mass Index: 41.92 kg/m2; Systolic Blood Pressure: 125.0 mmHg; Diastolic Blood Pressure: 73.0 mmHg; Glucose: 145.0 mg/dL; Urea Nitrogen: 17.0 mg/dL; Creatinine: 1.0 mg/dL; Calcium: 9.13 mg/dL; Sodium: 139.0 mmol/L; Potassium: 4.3 mmol/L; Chloride: 110.0 mmol/L; Carbon Dioxide: 27.0 mmol/L; Total Cholesterol: 241.0 mg/dL; Triglycerides: 336.0 mg/dL; Low Density Lipoprotein Cholesterol: 145.0 mg/dL; High Density Lipoprotein Cholesterol: 28.0 mg/dL; Microalbumin Creatine Ratio: 11.0 mg/g; Estimated Glomerular Filtration Rate: 60.0 mL/min/{1.73_m2}; Hemoglobin A1c/Hemoglobin.total in Blood: 8.9 %; Body Weight: 118.93 kg; Body Mass Index: 41.55 kg/m2; Systolic Blood Pressure: 119.0 mmHg; Diastolic Blood Pressure: 84.0 mmHg; Glucose: 192.0 mg/dL; Urea Nitrogen: 18.0 mg/dL; Calcium: 9.94 mg/dL; Sodium: 137.0 mmol/L; Potassium: 3.88 mmol/L; Carbon Dioxide: 29.0 mmol/L; Total Cholesterol: 253.0 mg/dL; Triglycerides: 201.0 mg/dL; Low Density Lipoprotein Cholesterol: 185.0 mg/dL; High Density Lipoprotein Cholesterol: 27.0 mg/dL; Microalbumin Creatine Ratio: 9.0 mg/g; Hemoglobin A1c/Hemoglobin.total in Blood: 5.9 %; Systolic Blood Pressure: 102.0 mmHg; Diastolic Blood Pressure: 83.0 mmHg; Glucose: 191.0 mg/dL. Allergies: Shellfish allergy. Immunizations: Pneumococcal conjugate PCV 13; Influenza seasonal injectable preservative free; Td (adult) preservative free.",1
2fa0a9c2-8bde-49df-890b-3219d08619ed,"Demographics: born 1997-02-05, gender M, race white, ethnicity german. Encounters: Encounter for symptom; Outpatient Encounter; Emergency room admission. Medications: Penicillin V Potassium 250 MG; Naproxen sodium 220 MG Oral Tablet. Procedures: Documentation of current medications; Suture open wound; Injection of tetanus antitoxin. Observations: Oral temperature: 37.0 Cel; Body Height: 174.36 cm; Body Weight: 46.68 kg; Body Mass Index: 15.35 kg/m2; Systolic Blood Pressure: 126.0 mmHg; Diastolic Blood Pressure: 75.0 mmHg; Body Height: 181.25 cm; Body Weight: 52.66 kg; Body Mass Index: 16.03 kg/m2; Systolic Blood Pressure: 105.0 mmHg; Diastolic Blood Pressure: 80.0 mmHg; Body Height: 184.65 cm; Body Weight: 57.59 kg; Body Mass Index: 16.89 kg/m2; Systolic Blood Pressure: 137.0 mmHg; Body Height: 186.37 cm; Body Weight: 61.63 kg; Body Mass Index: 17.74 kg/m2; Systolic Blood Pressure: 118.0 mmHg; Diastolic Blood Pressure: 71.0 mmHg; Body Height: 187.09 cm; Body Weight: 64.02 kg; Body Mass Index: 18.29 kg/m2; Systolic Blood Pressure: 117.0 mmHg; Diastolic Blood Pressure: 81.0 mmHg; Body Height: 187.55 cm; Body Weight: 66.04 kg; Body Mass Index: 18.77 kg/m2; Systolic Blood Pressure: 134.0 mmHg; Diastolic Blood Pressure: 89.0 mmHg. Immunizations: Influenza seasonal injectable preservative free; HPV quadrivalent; meningococcal MCV4P.",0
aa18d838-04f9-4578-9868-0f041556aa60,"Demographics: born 1979-12-14, gender F, race asian, ethnicity asian_indian. Encounters: Asthma follow-up; Outpatient Encounter; Patient encounter procedure; Prenatal initial visit; Prenatal visit; Consultation for treatment; Obstetric emergency hospital admission. Medications: 120 ACTUAT Fluticasone propionate 0.044 MG/ACTUAT Metered Dose Inhaler; 200 ACTUAT Albuterol 0.09 MG/ACTUAT Metered Dose Inhaler; 1 ML Depo-Provera 150 MG/ML Injection; NuvaRing 0.12/0.015 MG per 24HR 21 Day Vaginal Ring. Procedures: Documentation of current medications; Removal of intrauterine device; Standard pregnancy test; Intramuscular injection; Medical induction of labor; Cesarean section. Observations: Body Height: 163.57 cm; Body Weight: 69.25 kg; Body Mass Index: 25.88 kg/m2; Systolic Blood Pressure: 115.0 mmHg; Diastolic Blood Pressure: 81.0 mmHg; Total Cholesterol: 192.0 mg/dL; Triglycerides: 107.0 mg/dL; Low Density Lipoprotein Cholesterol: 96.0 mg/dL; High Density Lipoprotein Cholesterol: 74.0 mg/dL; Body Weight: 73.42 kg; Body Mass Index: 27.44 kg/m2; Systolic Blood Pressure: 102.0 mmHg; Diastolic Blood Pressure: 82.0 mmHg. Immunizations: Influenza seasonal injectable preservative free; Td (adult) preservative free.",0
f3e0e598-902b-47e7-9ff3-746d98046804,"Demographics: born 1964-11-01, gender F, race white, ethnicity english. Encounters: Prenatal visit; Obstetric emergency hospital admission; Consultation for treatment; Admission to surgical department; Outpatient Encounter; Encounter for symptom; Emergency Encounter. Medications: 24 HR Metformin hydrochloride 500 MG Extended Release Oral Tablet; insulin human isophane 70 UNT/ML / Regular Insulin Human 30 UNT/ML Injectable Suspension [Humulin]; 1 ML Epinephrine 1 MG/ML Prefilled Syringe; 3 ML Amiodarone hydrocholoride 50 MG/ML Prefilled Syringe; Atropine Sulfate 1 MG/ML Injectable Solution; Acetaminophen 160 MG. Procedures: Epidural anesthesia; Cesarean section; Bilateral tubal ligation; Documentation of current medications; Insertion of biventricular implantable cardioverter defibrillator; Catheter ablation of tissue of heart; Measurement of respiratory function (procedure). Observations: Hemoglobin A1c/Hemoglobin.total in Blood: 5.1 %; Body Height: 163.73 cm; Body Weight: 102.79 kg; Body Mass Index: 38.35 kg/m2; Systolic Blood Pressure: 134.0 mmHg; Diastolic Blood Pressure: 83.0 mmHg; Glucose: 100.0 mg/dL; Urea Nitrogen: 12.0 mg/dL; Creatinine: 1.0 mg/dL; Calcium: 9.67 mg/dL; Sodium: 143.0 mmol/L; Potassium: 3.91 mmol/L; Chloride: 108.0 mmol/L; Carbon Dioxide: 25.0 mmol/L; Total Cholesterol: 228.0 mg/dL; Triglycerides: 184.0 mg/dL; Low Density Lipoprotein Cholesterol: 139.0 mg/dL; High Density Lipoprotein Cholesterol: 52.0 mg/dL; Microalbumin Creatine Ratio: 17.0 mg/g; Estimated Glomerular Filtration Rate: 60.0 mL/min/{1.73_m2}; Hemoglobin A1c/Hemoglobin.total in Blood: 5.4 %; Body Weight: 105.79 kg; Body Mass Index: 39.47 kg/m2; Systolic Blood Pressure: 138.0 mmHg; Diastolic Blood Pressure: 72.0 mmHg; Urea Nitrogen: 7.0 mg/dL; Calcium: 8.68 mg/dL; Potassium: 4.05 mmol/L; Carbon Dioxide: 26.0 mmol/L; Total Cholesterol: 236.0 mg/dL; Triglycerides: 157.0 mg/dL; Low Density Lipoprotein Cholesterol: 149.0 mg/dL; High Density Lipoprotein Cholesterol: 55.0 mg/dL; Microalbumin Creatine Ratio: 297.0 mg/g; Hemoglobin A1c/Hemoglobin.total in Blood: 5.5 %; Body Weight: 107.26 kg; Body Mass Index: 40.01 kg/m2; Systolic Blood Pressure: 111.0 mmHg; Diastolic Blood Pressure: 84.0 mmHg; Glucose: 110.0 mg/dL. Allergies: Shellfish allergy. Immunizations: Influenza seasonal injectable preservative free; Td (adult) preservative free.",1
11c03371-c99c-447c-b686-867fb60b619a,"Demographics: born 1952-01-13, gender F, race white, ethnicity irish. Encounters: Outpatient Encounter; Encounter for 'check-up'; Encounter for symptom; Emergency Room Admission. Medications: Penicillin V Potassium 250 MG; Naproxen sodium 220 MG [Aleve]; 24 HR Metformin hydrochloride 500 MG Extended Release Oral Tablet; Dextromethorphan Hydrobromide 1 MG/ML; Acetaminophen 160 MG; Amoxicillin 500 MG Oral Tablet; Meperidine Hydrochloride 50 MG Oral Tablet; Acetaminophen 325 MG Oral Tablet. Procedures: Documentation of current medications; Colonoscopy; Measurement of respiratory function (procedure); Sputum examination (procedure). Observations: Hemoglobin A1c/Hemoglobin.total in Blood: 7.2 %; Body Height: 161.49 cm; Body Weight: 90.42 kg; Body Mass Index: 34.67 kg/m2; Systolic Blood Pressure: 117.0 mmHg; Diastolic Blood Pressure: 83.0 mmHg; Glucose: 109.0 mg/dL; Urea Nitrogen: 11.0 mg/dL; Creatinine: 1.0 mg/dL; Calcium: 9.35 mg/dL; Sodium: 142.0 mmol/L; Potassium: 5.18 mmol/L; Chloride: 111.0 mmol/L; Carbon Dioxide: 26.0 mmol/L; Total Cholesterol: 220.0 mg/dL; Triglycerides: 179.0 mg/dL; Low Density Lipoprotein Cholesterol: 128.0 mg/dL; High Density Lipoprotein Cholesterol: 56.0 mg/dL; Microalbumin Creatine Ratio: 3.0 mg/g; Estimated Glomerular Filtration Rate: 60.0 mL/min/{1.73_m2}; Hemoglobin A1c/Hemoglobin.total in Blood: 7.0 %; Body Weight: 88.77 kg; Body Mass Index: 34.04 kg/m2; Systolic Blood Pressure: 107.0 mmHg; Diastolic Blood Pressure: 72.0 mmHg; Glucose: 101.0 mg/dL; Urea Nitrogen: 17.0 mg/dL; Calcium: 9.63 mg/dL; Sodium: 143.0 mmol/L; Potassium: 3.94 mmol/L; Chloride: 107.0 mmol/L; Carbon Dioxide: 25.0 mmol/L; Total Cholesterol: 226.0 mg/dL; Triglycerides: 168.0 mg/dL; Low Density Lipoprotein Cholesterol: 147.0 mg/dL; High Density Lipoprotein Cholesterol: 45.0 mg/dL; Microalbumin Creatine Ratio: 2.0 mg/g; Hemoglobin A1c/Hemoglobin.total in Blood: 6.9 %; Body Weight: 87.73 kg; Body Mass Index: 33.64 kg/m2. Immunizations: Influenza seasonal injectable preservative free; zoster; Td (adult) preservative free.",1
901f06da-b3bf-40a3-8639-db8dabe099d3,"Demographics: born 1959-09-27, gender M, race white, ethnicity irish.",0
c392dc2c-308d-4661-b06e-aee5da997ee9,"Demographics: born 1978-05-29, gender M, race white, ethnicity portuguese. Encounters: Outpatient Encounter; Encounter for symptom. Medications: Amoxicillin 250 MG / Clavulanate 125 MG [Augmentin]. Procedures: Documentation of current medications. Observations: Body Height: 175.56 cm; Body Weight: 90.92 kg; Body Mass Index: 29.5 kg/m2; Systolic Blood Pressure: 143.0 mmHg; Diastolic Blood Pressure: 111.0 mmHg; Estimated Glomerular Filtration Rate: 60.0 mL/min/{1.73_m2}; Body Weight: 95.42 kg; Body Mass Index: 30.96 kg/m2; Systolic Blood Pressure: 177.0 mmHg; Diastolic Blood Pressure: 116.0 mmHg; Total Cholesterol: 174.0 mg/dL; Triglycerides: 104.0 mg/dL; Low Density Lipoprotein Cholesterol: 78.0 mg/dL; High Density Lipoprotein Cholesterol: 75.0 mg/dL; Hemoglobin A1c/Hemoglobin.total in Blood: 6.2 %; Body Weight: 99.83 kg; Body Mass Index: 32.39 kg/m2; Diastolic Blood Pressure: 102.0 mmHg; Glucose: 70.0 mg/dL; Urea Nitrogen: 7.0 mg/dL; Creatinine: 1.0 mg/dL; Calcium: 8.74 mg/dL; Sodium: 137.0 mmol/L; Potassium: 4.71 mmol/L; Chloride: 109.0 mmol/L; Carbon Dioxide: 29.0 mmol/L. Immunizations: Influenza seasonal injectable preservative free; Td (adult) preservative free.",0
1fb216a4-d6f1-4a44-9a3b-d8403e05504b,"Demographics: born 1938-02-16, gender F, race white, ethnicity english.",0
8938c520-5135-4562-b031-095d7f4be312,"Demographics: born 1956-08-02, gender M, race white, ethnicity german. Encounters: Encounter for symptom; Outpatient Encounter; Encounter for 'check-up'. Medications: 24 HR Metformin hydrochloride 500 MG Extended Release Oral Tablet; 3 ML liraglutide 6 MG/ML Pen Injector; Clopidogrel 75 MG Oral Tablet; Simvastatin 20 MG Oral Tablet; Amlodipine 5 MG Oral Tablet; Nitroglycerin 0.4 MG/ACTUAT [Nitrolingual]; canagliflozin 100 MG Oral Tablet. Procedures: Colonoscopy; Documentation of current medications. Observations: Oral temperature: 37.0 Cel; Hemoglobin A1c/Hemoglobin.total in Blood: 10.0 %; Body Height: 171.61 cm; Body Weight: 146.48 kg; Body Mass Index: 49.73 kg/m2; Systolic Blood Pressure: 163.0 mmHg; Diastolic Blood Pressure: 105.0 mmHg; Glucose: 158.0 mg/dL; Urea Nitrogen: 11.0 mg/dL; Creatinine: 1.0 mg/dL; Calcium: 8.94 mg/dL; Sodium: 144.0 mmol/L; Potassium: 4.46 mmol/L; Chloride: 102.0 mmol/L; Carbon Dioxide: 22.0 mmol/L; Total Cholesterol: 277.0 mg/dL; Triglycerides: 519.0 mg/dL; Low Density Lipoprotein Cholesterol: 157.0 mg/dL; High Density Lipoprotein Cholesterol: 16.0 mg/dL; Microalbumin Creatine Ratio: 16.0 mg/g; Estimated Glomerular Filtration Rate: 60.0 mL/min/{1.73_m2}; Systolic Blood Pressure: 182.0 mmHg; Diastolic Blood Pressure: 91.0 mmHg; Glucose: 177.0 mg/dL; Calcium: 9.4 mg/dL; Sodium: 142.0 mmol/L; Potassium: 4.31 mmol/L; Chloride: 105.0 mmol/L; Carbon Dioxide: 27.0 mmol/L; Total Cholesterol: 272.0 mg/dL; Triglycerides: 502.0 mg/dL; Low Density Lipoprotein Cholesterol: 156.0 mg/dL; High Density Lipoprotein Cholesterol: 15.0 mg/dL; Systolic Blood Pressure: 160.0 mmHg; Diastolic Blood Pressure: 92.0 mmHg; Glucose: 128.0 mg/dL; Urea Nitrogen: 9.0 mg/dL; Calcium: 8.98 mg/dL; Sodium: 140.0 mmol/L; Potassium: 4.17 mmol/L. Immunizations: Influenza seasonal injectable preservative free.",1
c11fe0d6-c29b-4247-b7c1-653a6aa43351,"Demographics: born 1931-02-28, gender F, race hispanic, ethnicity puerto_rican. Encounters: Outpatient Encounter; Emergency room admission; Encounter for symptom. Medications: 24 HR Metformin hydrochloride 500 MG Extended Release Oral Tablet; Insulin Lispro 100 UNT/ML Injectable Solution [Humalog]; Acetaminophen 325 MG Oral Tablet; Galantamine 4 MG [Razadyne]; Dextromethorphan Hydrobromide 1 MG/ML. Procedures: Documentation of current medications; Measurement of respiratory function (procedure). Observations: Hemoglobin A1c/Hemoglobin.total in Blood: 1.4 %; Body Height: 160.38 cm; Body Weight: 91.21 kg; Body Mass Index: 35.46 kg/m2; Systolic Blood Pressure: 161.0 mmHg; Diastolic Blood Pressure: 98.0 mmHg; Glucose: 78.0 mg/dL; Urea Nitrogen: 7.0 mg/dL; Creatinine: 1.0 mg/dL; Calcium: 9.69 mg/dL; Sodium: 140.0 mmol/L; Potassium: 4.39 mmol/L; Chloride: 102.0 mmol/L; Carbon Dioxide: 20.0 mmol/L; Total Cholesterol: 192.0 mg/dL; Triglycerides: 103.0 mg/dL; Low Density Lipoprotein Cholesterol: 97.0 mg/dL; High Density Lipoprotein Cholesterol: 74.0 mg/dL; Microalbumin Creatine Ratio: 67.0 mg/g; Estimated Glomerular Filtration Rate: 60.0 mL/min/{1.73_m2}; Total score [MMSE]: 18.0 (score); Hemoglobin A1c/Hemoglobin.total in Blood: 1.2 %; Body Weight: 89.75 kg; Body Mass Index: 34.89 kg/m2; Systolic Blood Pressure: 170.0 mmHg; Diastolic Blood Pressure: 97.0 mmHg; Glucose: 86.0 mg/dL; Urea Nitrogen: 20.0 mg/dL; Calcium: 8.74 mg/dL; Sodium: 141.0 mmol/L; Potassium: 4.9 mmol/L; Chloride: 108.0 mmol/L; Carbon Dioxide: 22.0 mmol/L; Total Cholesterol: 160.0 mg/dL; Triglycerides: 145.0 mg/dL; Low Density Lipoprotein Cholesterol: 61.0 mg/dL; High Density Lipoprotein Cholesterol: 70.0 mg/dL; Microalbumin Creatine Ratio: 73.0 mg/g; Hemoglobin A1c/Hemoglobin.total in Blood: 1.1 %; Body Weight: 88.51 kg. Immunizations: Influenza seasonal injectable preservative free; Td (adult) preservative free.",1
1fba35a5-e79d-4c63-8151-fac55733f3a2,"Demographics: born 1935-02-01, gender M, race white, ethnicity german. Encounters: Death Certification. Medications: Penicillin V Potassium 250 MG; Clopidogrel 75 MG Oral Tablet; Simvastatin 20 MG Oral Tablet; Amlodipine 5 MG Oral Tablet; Nitroglycerin 0.4 MG/ACTUAT [Nitrolingual]. Observations: Cardiac Arrest.",0
dce3e911-1b21-47e8-9e1f-b3613811b851,"Demographics: born 1950-10-29, gender M, race white, ethnicity american. Encounters: Outpatient Encounter; Encounter for symptom; Emergency room admission. Medications: Penicillin V Potassium 250 MG; Ibuprofen 200 MG Oral Tablet; Amoxicillin 250 MG / Clavulanate 125 MG [Augmentin]. Procedures: Documentation of current medications; Suture open wound; Injection of tetanus antitoxin. Observations: Hemoglobin A1c/Hemoglobin.total in Blood: 5.9 %; Body Height: 175.88 cm; Body Weight: 117.07 kg; Body Mass Index: 37.84 kg/m2; Systolic Blood Pressure: 155.0 mmHg; Diastolic Blood Pressure: 101.0 mmHg; Glucose: 88.0 mg/dL; Urea Nitrogen: 9.0 mg/dL; Creatinine: 1.0 mg/dL; Calcium: 9.01 mg/dL; Sodium: 139.0 mmol/L; Potassium: 4.67 mmol/L; Chloride: 102.0 mmol/L; Carbon Dioxide: 25.0 mmol/L; Estimated Glomerular Filtration Rate: 60.0 mL/min/{1.73_m2}; Body Weight: 115.58 kg; Body Mass Index: 37.36 kg/m2; Systolic Blood Pressure: 162.0 mmHg; Diastolic Blood Pressure: 109.0 mmHg; Glucose: 87.0 mg/dL; Calcium: 10.12 mg/dL; Potassium: 4.49 mmol/L; Chloride: 103.0 mmol/L; Carbon Dioxide: 21.0 mmol/L; Total Cholesterol: 174.0 mg/dL; Triglycerides: 137.0 mg/dL; Low Density Lipoprotein Cholesterol: 75.0 mg/dL; High Density Lipoprotein Cholesterol: 71.0 mg/dL; Hemoglobin A1c/Hemoglobin.total in Blood: 6.0 %; Body Weight: 113.91 kg; Body Mass Index: 36.82 kg/m2; Systolic Blood Pressure: 193.0 mmHg; Diastolic Blood Pressure: 113.0 mmHg; Glucose: 76.0 mg/dL; Urea Nitrogen: 17.0 mg/dL; Calcium: 9.9 mg/dL; Sodium: 136.0 mmol/L; Potassium: 3.83 mmol/L; Chloride: 111.0 mmol/L; Hemoglobin A1c/Hemoglobin.total in Blood: 6.1 %. Immunizations: Influenza seasonal injectable preservative free; zoster; Td (adult) preservative free; Pneumococcal conjugate PCV 13; pneumococcal polysaccharide vaccine 23 valent.",0
88c3b005-2d37-4f85-9c77-f5169cd851fd,"Demographics: born 1920-10-20, gender M, race asian, ethnicity asian_indian. Encounters: Death Certification. Medications: Penicillin V Potassium 250 MG; 24 HR Metformin hydrochloride 500 MG Extended Release Oral Tablet; Insulin Lispro 100 UNT/ML Injectable Solution [Humalog]. Observations: Stroke.",1
1ea4c478-c7f3-40e1-8275-f1a0ba1c5da6,"Demographics: born 1976-08-26, gender F, race hispanic, ethnicity puerto_rican. Encounters: Patient encounter procedure; Prenatal initial visit; Prenatal visit; Obstetric emergency hospital admission; Consultation for treatment; Encounter for symptom; Outpatient Encounter; Emergency room admission; Encounter Inpatient. Medications: Estrostep Fe 28 Day Pack; Camila 28 Day Pack; Dextromethorphan Hydrobromide 1 MG/ML. Procedures: Removal of subcutaneous contraceptive; Standard pregnancy test; Episiotomy; Childbirth; Appendectomy. Observations: Body Height: 166.68 cm; Body Weight: 85.22 kg; Body Mass Index: 30.67 kg/m2; Systolic Blood Pressure: 121.0 mmHg; Diastolic Blood Pressure: 83.0 mmHg; Oral temperature: 38.0 Cel; Body Weight: 88.88 kg; Body Mass Index: 31.99 kg/m2; Systolic Blood Pressure: 125.0 mmHg; Diastolic Blood Pressure: 81.0 mmHg; Total Cholesterol: 170.0 mg/dL; Triglycerides: 138.0 mg/dL; Low Density Lipoprotein Cholesterol: 64.0 mg/dL; High Density Lipoprotein Cholesterol: 78.0 mg/dL; Hemoglobin A1c/Hemoglobin.total in Blood: 6.1 %; Body Weight: 93.92 kg; Body Mass Index: 33.81 kg/m2; Systolic Blood Pressure: 109.0 mmHg; Diastolic Blood Pressure: 76.0 mmHg; Glucose: 79.0 mg/dL; Urea Nitrogen: 7.0 mg/dL; Creatinine: 1.0 mg/dL; Calcium: 8.61 mg/dL; Sodium: 139.0 mmol/L; Potassium: 4.84 mmol/L; Chloride: 104.0 mmol/L; Carbon Dioxide: 24.0 mmol/L. Immunizations: Influenza seasonal injectable preservative free.",0
14403dc8-cecb-439b-911b-acec07b4058d,"Demographics: born 1947-12-04, gender F, race white, ethnicity polish. Encounters: Death Certification. Medications: Penicillin V Potassium 250 MG; Fluticasone propionate 0.25 MG/ACTUAT / salmeterol 0.05 MG/ACTUAT [Advair]; 24 HR Metformin hydrochloride 500 MG Extended Release Oral Tablet. Observations: Chronic obstructive bronchitis (disorder).",1
a855eb5a-6b01-47db-8423-5bd3e1ca89f8,"Demographics: born 1949-04-27, gender F, race white, ethnicity english. Encounters: Outpatient Encounter; Encounter for symptom; Emergency room admission; Encounter for 'check-up'. Medications: 24 HR Metformin hydrochloride 500 MG Extended Release Oral Tablet; Acetaminophen 160 MG. Procedures: Documentation of current medications. Observations: Hemoglobin A1c/Hemoglobin.total in Blood: 7.7 %; Body Height: 161.01 cm; Body Weight: 95.61 kg; Body Mass Index: 36.88 kg/m2; Systolic Blood Pressure: 107.0 mmHg; Diastolic Blood Pressure: 86.0 mmHg; Glucose: 139.0 mg/dL; Urea Nitrogen: 11.0 mg/dL; Creatinine: 1.0 mg/dL; Calcium: 9.82 mg/dL; Sodium: 141.0 mmol/L; Potassium: 4.53 mmol/L; Chloride: 111.0 mmol/L; Carbon Dioxide: 28.0 mmol/L; Total Cholesterol: 240.0 mg/dL; Triglycerides: 218.0 mg/dL; Low Density Lipoprotein Cholesterol: 175.0 mg/dL; High Density Lipoprotein Cholesterol: 21.0 mg/dL; Microalbumin Creatine Ratio: 10.0 mg/g; Estimated Glomerular Filtration Rate: 60.0 mL/min/{1.73_m2}; Hemoglobin A1c/Hemoglobin.total in Blood: 7.6 %; Body Weight: 93.94 kg; Body Mass Index: 36.23 kg/m2; Systolic Blood Pressure: 113.0 mmHg; Diastolic Blood Pressure: 80.0 mmHg; Glucose: 178.0 mg/dL; Urea Nitrogen: 8.0 mg/dL; Calcium: 8.64 mg/dL; Sodium: 140.0 mmol/L; Potassium: 4.47 mmol/L; Chloride: 108.0 mmol/L; Carbon Dioxide: 25.0 mmol/L; Total Cholesterol: 259.0 mg/dL; Triglycerides: 335.0 mg/dL; Low Density Lipoprotein Cholesterol: 165.0 mg/dL; High Density Lipoprotein Cholesterol: 27.0 mg/dL; Microalbumin Creatine Ratio: 11.0 mg/g; Hemoglobin A1c/Hemoglobin.total in Blood: 7.3 %; Body Weight: 90.8 kg; Body Mass Index: 35.02 kg/m2. Immunizations: Influenza seasonal injectable preservative free; Td (adult) preservative free; Pneumococcal conjugate PCV 13; pneumococcal polysaccharide vaccine 23 valent.",1
1271ce21-d480-4a1f-80c9-09a382e11e0e,"Demographics: born 1979-04-16, gender F, race white, ethnicity german. Encounters: Encounter for symptom; Patient encounter procedure; Asthma follow-up; Outpatient Encounter; Consultation for treatment; Admission to surgical department; Emergency hospital admission for asthma. Medications: Chlorpheniramine 2 MG Chewable Tablet; 120 ACTUAT Fluticasone propionate 0.044 MG/ACTUAT Metered Dose Inhaler; 200 ACTUAT Albuterol 0.09 MG/ACTUAT Metered Dose Inhaler; insulin human isophane 70 UNT/ML / Regular Insulin Human 30 UNT/ML Injectable Suspension [Humulin]; Levonorgestrel 0.00354 MG/HR [Norplant]. Procedures: Replacement of subcutaneous contraceptive; Documentation of current medications; Bilateral tubal ligation. Observations: Oral temperature: 38.0 Cel; Hemoglobin A1c/Hemoglobin.total in Blood: 3.6 %; Body Height: 171.07 cm; Body Weight: 74.57 kg; Body Mass Index: 25.48 kg/m2; Systolic Blood Pressure: 172.0 mmHg; Diastolic Blood Pressure: 117.0 mmHg; Glucose: 123.0 mg/dL; Urea Nitrogen: 11.0 mg/dL; Creatinine: 1.0 mg/dL; Calcium: 10.04 mg/dL; Sodium: 140.0 mmol/L; Potassium: 4.3 mmol/L; Chloride: 105.0 mmol/L; Carbon Dioxide: 29.0 mmol/L; Total Cholesterol: 208.0 mg/dL; Triglycerides: 188.0 mg/dL; Low Density Lipoprotein Cholesterol: 115.0 mg/dL; High Density Lipoprotein Cholesterol: 55.0 mg/dL; Microalbumin Creatine Ratio: 11.0 mg/g; Estimated Glomerular Filtration Rate: 60.0 mL/min/{1.73_m2}; Body Weight: 78.15 kg; Body Mass Index: 26.71 kg/m2; Systolic Blood Pressure: 157.0 mmHg; Glucose: 114.0 mg/dL; Urea Nitrogen: 15.0 mg/dL; Calcium: 9.28 mg/dL; Sodium: 141.0 mmol/L; Potassium: 4.62 mmol/L; Chloride: 111.0 mmol/L; Carbon Dioxide: 26.0 mmol/L; Total Cholesterol: 232.0 mg/dL; Triglycerides: 167.0 mg/dL; Low Density Lipoprotein Cholesterol: 141.0 mg/dL; High Density Lipoprotein Cholesterol: 57.0 mg/dL; Microalbumin Creatine Ratio: 1.0 mg/g; Systolic Blood Pressure: 182.0 mmHg; Diastolic Blood Pressure: 98.0 mmHg; Glucose: 119.0 mg/dL; Urea Nitrogen: 17.0 mg/dL. Allergies: Allergy to peanuts; Allergy to fish; Allergy to dairy product; House dust mite allergy. Immunizations: Influenza seasonal injectable preservative free; Td (adult) preservative free.",1
c7e864e0-87e2-462f-857a-ba7f05ec1aa0,"Demographics: born 1957-06-04, gender F, race white, ethnicity russian. Encounters: Encounter for symptom; Outpatient Encounter. Medications: 24 HR Metformin hydrochloride 500 MG Extended Release Oral Tablet; 3 ML liraglutide 6 MG/ML Pen Injector; insulin human isophane 70 UNT/ML / Regular Insulin Human 30 UNT/ML Injectable Suspension [Humulin]; Insulin Lispro 100 UNT/ML Injectable Solution [Humalog]; Amoxicillin 250 MG / Clavulanate 125 MG [Augmentin]; Acetaminophen 160 MG. Procedures: Documentation of current medications; Measurement of respiratory function (procedure). Observations: Hemoglobin A1c/Hemoglobin.total in Blood: 10.0 %; Body Height: 151.11 cm; Body Weight: 121.03 kg; Body Mass Index: 53.0 kg/m2; Systolic Blood Pressure: 170.0 mmHg; Diastolic Blood Pressure: 103.0 mmHg; Glucose: 145.0 mg/dL; Urea Nitrogen: 11.0 mg/dL; Creatinine: 1.0 mg/dL; Calcium: 10.15 mg/dL; Sodium: 137.0 mmol/L; Potassium: 4.51 mmol/L; Chloride: 102.0 mmol/L; Carbon Dioxide: 27.0 mmol/L; Total Cholesterol: 277.0 mg/dL; Triglycerides: 523.0 mg/dL; Low Density Lipoprotein Cholesterol: 162.0 mg/dL; High Density Lipoprotein Cholesterol: 10.0 mg/dL; Microalbumin Creatine Ratio: 4.0 mg/g; Estimated Glomerular Filtration Rate: 60.0 mL/min/{1.73_m2}; Hemoglobin A1c/Hemoglobin.total in Blood: 7.0 %; Systolic Blood Pressure: 148.0 mmHg; Diastolic Blood Pressure: 106.0 mmHg; Glucose: 194.0 mg/dL; Urea Nitrogen: 10.0 mg/dL; Calcium: 9.68 mg/dL; Potassium: 4.98 mmol/L; Chloride: 101.0 mmol/L; Carbon Dioxide: 26.0 mmol/L; Total Cholesterol: 271.0 mg/dL; Triglycerides: 543.0 mg/dL; Low Density Lipoprotein Cholesterol: 152.0 mg/dL; Microalbumin Creatine Ratio: 5.0 mg/g; Hemoglobin A1c/Hemoglobin.total in Blood: 4.5 %; Systolic Blood Pressure: 173.0 mmHg; Diastolic Blood Pressure: 94.0 mmHg; Glucose: 124.0 mg/dL; Urea Nitrogen: 20.0 mg/dL; Calcium: 8.86 mg/dL; Potassium: 4.15 mmol/L. Allergies: Shellfish allergy. Immunizations: Influenza seasonal injectable preservative free.",1
d101a155-5d78-40c4-9b07-870d4072225f,"Demographics: born 1930-08-26, gender M, race white, ethnicity french. Encounters: Death Certification. Medications: Penicillin V Potassium 250 MG; 24 HR Metformin hydrochloride 500 MG Extended Release Oral Tablet; Penicillin V Potassium 500 MG; Nitroglycerin 0.4 MG/ACTUAT [Nitrolingual]; Simvastatin 20 MG Oral Tablet. Observations: Myocardial Infarction.",1
9cf83107-1edd-4c81-9f6c-1d31752dccc0,"Demographics: born 1999-09-02, gender F, race asian, ethnicity chinese. Encounters: Emergency room admission; Outpatient Encounter; Encounter for symptom; Consultation for treatment; Domiciliary or rest home patient evaluation and management. Medications: Penicillin V Potassium 250 MG; Acetaminophen 160 MG Oral Tablet; Acetaminophen 160 MG; Levora 0.15/30 28 Day Pack. Procedures: Measurement of respiratory function (procedure); Documentation of current medications; Information gathering (procedure). Observations: Body Height: 136.24 cm; Body Weight: 38.3 kg; Body Mass Index: 20.63 kg/m2; Systolic Blood Pressure: 129.0 mmHg; Diastolic Blood Pressure: 71.0 mmHg; Body Height: 143.1 cm; Body Weight: 42.95 kg; Body Mass Index: 20.98 kg/m2; Systolic Blood Pressure: 112.0 mmHg; Diastolic Blood Pressure: 78.0 mmHg; Body Height: 149.31 cm; Body Weight: 46.99 kg; Body Mass Index: 21.08 kg/m2; Systolic Blood Pressure: 109.0 mmHg; Diastolic Blood Pressure: 70.0 mmHg; Body Height: 153.93 cm; Body Weight: 51.32 kg; Body Mass Index: 21.66 kg/m2; Systolic Blood Pressure: 102.0 mmHg; Sexual orientation: heterosexual {nominal}; HIV status: not HIV positive {nominal}; Abuse Status [OMAHA]: Severe signs/symptoms {nominal}; Housing status: Patient is homeless {nominal}; Are you covered by health insurance or some other kind of health care plan [PhenX]: No {nominal}; History of Hospitalizations+​Outpatient visits: 5.0 {count}; Abuse Status [OMAHA]: No signs/symptoms {nominal}; History of Hospitalizations+​Outpatient visits: 6.0 {count}; Body Height: 155.79 cm; Body Weight: 54.57 kg; Body Mass Index: 22.48 kg/m2; Systolic Blood Pressure: 121.0 mmHg; Diastolic Blood Pressure: 76.0 mmHg; Body Height: 156.4 cm; Body Weight: 56.22 kg; Body Mass Index: 22.98 kg/m2; Systolic Blood Pressure: 126.0 mmHg; Diastolic Blood Pressure: 82.0 mmHg; Body Height: 156.69 cm; Body Weight: 57.28 kg; Body Mass Index: 23.33 kg/m2. Immunizations: Influenza seasonal injectable preservative free; meningococcal MCV4P; Tdap; HPV quadrivalent.",0
c0181909-9d42-4d03-96f2-e921c7018465,"Demographics: born 1985-12-08, gender M, race white, ethnicity polish. Encounters: Emergency room admission; Non-urgent orthopedic admission; Outpatient Encounter; Encounter for symptom. Medications: Acetaminophen 325 MG / HYDROcodone Bitartrate 7.5 MG Oral Tablet; Acetaminophen 325 MG Oral Tablet; Naproxen sodium 220 MG Oral Tablet. Procedures: Surgical manipulation of joint of knee; Documentation of current medications; Suture open wound. Observations: Body Height: 190.18 cm; Body Weight: 88.08 kg; Body Mass Index: 24.35 kg/m2; Systolic Blood Pressure: 143.0 mmHg; Diastolic Blood Pressure: 106.0 mmHg; Estimated Glomerular Filtration Rate: 60.0 mL/min/{1.73_m2}; Body Weight: 92.53 kg; Body Mass Index: 25.58 kg/m2; Systolic Blood Pressure: 151.0 mmHg; Diastolic Blood Pressure: 98.0 mmHg; Oral temperature: 37.0 Cel; Body Weight: 94.05 kg; Body Mass Index: 26.0 kg/m2; Systolic Blood Pressure: 153.0 mmHg; Diastolic Blood Pressure: 115.0 mmHg; Hemoglobin A1c/Hemoglobin.total in Blood: 6.2 %; Body Weight: 96.71 kg; Body Mass Index: 26.74 kg/m2; Systolic Blood Pressure: 180.0 mmHg; Diastolic Blood Pressure: 94.0 mmHg; Glucose: 95.0 mg/dL; Urea Nitrogen: 7.0 mg/dL; Creatinine: 1.0 mg/dL; Calcium: 9.3 mg/dL; Sodium: 143.0 mmol/L; Potassium: 4.08 mmol/L; Chloride: 101.0 mmol/L; Carbon Dioxide: 27.0 mmol/L; Total Cholesterol: 168.0 mg/dL; Triglycerides: 148.0 mg/dL; Low Density Lipoprotein Cholesterol: 62.0 mg/dL; High Density Lipoprotein Cholesterol: 76.0 mg/dL. Immunizations: Influenza seasonal injectable preservative free; Td (adult) preservative free.",0
83addefe-a1be-4b1e-b4ef-41a87a328e41,"Demographics: born 1948-08-17, gender F, race white, ethnicity french_canadian. Encounters: Outpatient Encounter; Encounter for 'check-up'; Encounter for symptom. Procedures: Documentation of current medications; Colonoscopy. Observations: Hemoglobin A1c/Hemoglobin.total in Blood: 6.1 %; Body Height: 163.45 cm; Body Weight: 92.86 kg; Body Mass Index: 34.76 kg/m2; Systolic Blood Pressure: 148.0 mmHg; Diastolic Blood Pressure: 93.0 mmHg; Glucose: 95.0 mg/dL; Urea Nitrogen: 11.0 mg/dL; Creatinine: 1.0 mg/dL; Calcium: 10.07 mg/dL; Sodium: 143.0 mmol/L; Potassium: 4.56 mmol/L; Chloride: 104.0 mmol/L; Carbon Dioxide: 23.0 mmol/L; Total Cholesterol: 192.0 mg/dL; Triglycerides: 126.0 mg/dL; Low Density Lipoprotein Cholesterol: 87.0 mg/dL; High Density Lipoprotein Cholesterol: 79.0 mg/dL; Estimated Glomerular Filtration Rate: 60.0 mL/min/{1.73_m2}; Hemoglobin A1c/Hemoglobin.total in Blood: 5.8 %; Body Weight: 90.98 kg; Body Mass Index: 34.06 kg/m2; Systolic Blood Pressure: 140.0 mmHg; Diastolic Blood Pressure: 92.0 mmHg; Glucose: 70.0 mg/dL; Urea Nitrogen: 16.0 mg/dL; Calcium: 9.74 mg/dL; Sodium: 142.0 mmol/L; Potassium: 5.05 mmol/L; Carbon Dioxide: 24.0 mmol/L; Estimated Glomerular Filtration Rate: 57.0 mL/min/{1.73_m2}; Hemoglobin A1c/Hemoglobin.total in Blood: 6.3 %; Body Weight: 89.67 kg; Body Mass Index: 33.56 kg/m2; Systolic Blood Pressure: 189.0 mmHg; Diastolic Blood Pressure: 98.0 mmHg; Glucose: 98.0 mg/dL; Urea Nitrogen: 20.0 mg/dL; Calcium: 9.95 mg/dL; Sodium: 137.0 mmol/L. Immunizations: Influenza seasonal injectable preservative free; Pneumococcal conjugate PCV 13; pneumococcal polysaccharide vaccine 23 valent.",0
0184af98-d22f-4919-8e6f-c78a49141542,"Demographics: born 1948-12-13, gender M, race hispanic, ethnicity puerto_rican. Encounters: Outpatient Encounter. Medications: Naproxen sodium 220 MG [Aleve]. Procedures: Documentation of current medications. Observations: Hemoglobin A1c/Hemoglobin.total in Blood: 6.4 %; Body Height: 175.76 cm; Body Weight: 134.86 kg; Body Mass Index: 43.66 kg/m2; Systolic Blood Pressure: 137.0 mmHg; Diastolic Blood Pressure: 75.0 mmHg; Glucose: 79.0 mg/dL; Urea Nitrogen: 18.0 mg/dL; Creatinine: 1.0 mg/dL; Calcium: 9.74 mg/dL; Sodium: 144.0 mmol/L; Potassium: 4.12 mmol/L; Chloride: 104.0 mmol/L; Carbon Dioxide: 29.0 mmol/L; Hemoglobin A1c/Hemoglobin.total in Blood: 6.2 %; Body Weight: 133.35 kg; Body Mass Index: 43.17 kg/m2; Systolic Blood Pressure: 101.0 mmHg; Diastolic Blood Pressure: 74.0 mmHg; Glucose: 92.0 mg/dL; Urea Nitrogen: 13.0 mg/dL; Calcium: 9.14 mg/dL; Sodium: 140.0 mmol/L; Potassium: 4.73 mmol/L; Chloride: 108.0 mmol/L; Carbon Dioxide: 23.0 mmol/L; Hemoglobin A1c/Hemoglobin.total in Blood: 6.0 %; Body Weight: 132.0 kg; Body Mass Index: 42.73 kg/m2; Systolic Blood Pressure: 111.0 mmHg; Diastolic Blood Pressure: 81.0 mmHg; Glucose: 97.0 mg/dL; Urea Nitrogen: 19.0 mg/dL; Calcium: 9.84 mg/dL; Potassium: 4.39 mmol/L; Chloride: 105.0 mmol/L; Total Cholesterol: 194.0 mg/dL; Triglycerides: 124.0 mg/dL; Low Density Lipoprotein Cholesterol: 103.0 mg/dL; High Density Lipoprotein Cholesterol: 66.0 mg/dL. Immunizations: Influenza seasonal injectable preservative free; Td (adult) preservative free; Pneumococcal conjugate PCV 13; pneumococcal polysaccharide vaccine 23 valent.",0
0752703b-3a99-41e4-9f72-70c4bc136ce1,"Demographics: born 1964-05-16, gender F, race white, ethnicity italian. Encounters: Encounter for symptom; Emergency room admission; Encounter for 'check-up'; Outpatient Encounter; Patient encounter procedure. Medications: diphenhydrAMINE Hydrochloride 25 MG Oral Tablet; Nitrofurantoin 5 MG/ML [Furadantin]; Phenazopyridine hydrochloride 100 MG [Pyridium]. Procedures: Documentation of current medications; Replacement of subcutaneous contraceptive; Colonoscopy; Removal of subcutaneous contraceptive. Observations: Body Height: 158.91 cm; Body Weight: 126.18 kg; Body Mass Index: 49.96 kg/m2; Systolic Blood Pressure: 101.0 mmHg; Diastolic Blood Pressure: 85.0 mmHg; Body Weight: 128.43 kg; Body Mass Index: 50.86 kg/m2; Systolic Blood Pressure: 123.0 mmHg; Diastolic Blood Pressure: 83.0 mmHg; Total Cholesterol: 199.0 mg/dL; Triglycerides: 145.0 mg/dL; Low Density Lipoprotein Cholesterol: 95.0 mg/dL; High Density Lipoprotein Cholesterol: 75.0 mg/dL; Systolic Blood Pressure: 124.0 mmHg. Allergies: Allergy to fish; Allergy to grass pollen; Dander (animal) allergy; Latex allergy. Immunizations: Influenza seasonal injectable preservative free; Td (adult) preservative free.",0
072ffd21-8e9b-40ca-b8ef-bcf16b0166c7,"Demographics: born 1912-11-22, gender M, race white, ethnicity irish. Encounters: Death Certification. Observations: Alzheimer's disease (disorder).",0
86a82159-4a8d-4bc5-8fd9-8990cb1243b8,"Demographics: born 1957-12-21, gender M, race white, ethnicity irish.",0
aee7d8ea-02a9-4d6e-ad19-57d3335a3874,"Demographics: born 1948-03-24, gender M, race white, ethnicity french. Encounters: Outpatient Encounter; Death Certification. Medications: Penicillin V Potassium 250 MG; Penicillin V Potassium 500 MG; Simvastatin 20 MG Oral Tablet; Amlodipine 5 MG Oral Tablet; Nitroglycerin 0.4 MG/ACTUAT [Nitrolingual]; Clopidogrel 75 MG Oral Tablet; Fluticasone propionate 0.25 MG/ACTUAT / salmeterol 0.05 MG/ACTUAT [Advair]. Procedures: Spirometry (procedure); Documentation of current medications. Observations: FEV1/​FVC: 57.0 %; Body Height: 180.35 cm; Body Weight: 118.8 kg; Body Mass Index: 36.52 kg/m2; Systolic Blood Pressure: 133.0 mmHg; Diastolic Blood Pressure: 73.0 mmHg; FEV1/​FVC: 50.0 %; Pulmonary emphysema (disorder); Body Weight: 117.69 kg; Body Mass Index: 36.18 kg/m2; Systolic Blood Pressure: 103.0 mmHg; Diastolic Blood Pressure: 71.0 mmHg. Immunizations: Influenza seasonal injectable preservative free.",0
a8cac57b-bcfb-4da4-b1ba-66a1e858309b,"Demographics: born 1941-08-29, gender M, race white, ethnicity italian. Encounters: Death Certification. Medications: Penicillin V Potassium 250 MG; Fluticasone propionate 0.25 MG/ACTUAT / salmeterol 0.05 MG/ACTUAT [Advair]; Penicillin V Potassium 500 MG. Observations: Pulmonary emphysema (disorder).",0
62b81429-0c80-4942-85cd-caa8e38221ee,"Demographics: born 1978-12-18, gender F, race white, ethnicity irish. Encounters: Outpatient Encounter; Prenatal initial visit; Prenatal visit; Encounter for symptom; Obstetric emergency hospital admission; Consultation for treatment; Patient encounter procedure. Medications: Astemizole 10 MG Oral Tablet; Yaz 28 Day Pack. Procedures: Standard pregnancy test; Episiotomy; Premature birth of newborn; Childbirth; Insertion of intrauterine contraceptive device. Observations: Hemoglobin A1c/Hemoglobin.total in Blood: 5.8 %; Body Height: 175.46 cm; Body Weight: 92.69 kg; Body Mass Index: 30.1 kg/m2; Systolic Blood Pressure: 125.0 mmHg; Diastolic Blood Pressure: 72.0 mmHg; Glucose: 73.0 mg/dL; Urea Nitrogen: 11.0 mg/dL; Creatinine: 1.0 mg/dL; Calcium: 9.88 mg/dL; Sodium: 136.0 mmol/L; Potassium: 4.95 mmol/L; Chloride: 111.0 mmol/L; Carbon Dioxide: 29.0 mmol/L; Hemoglobin A1c/Hemoglobin.total in Blood: 6.2 %; Body Weight: 95.23 kg; Body Mass Index: 30.93 kg/m2; Systolic Blood Pressure: 139.0 mmHg; Diastolic Blood Pressure: 83.0 mmHg; Glucose: 75.0 mg/dL; Urea Nitrogen: 13.0 mg/dL; Calcium: 8.99 mg/dL; Sodium: 142.0 mmol/L; Potassium: 4.05 mmol/L; Chloride: 102.0 mmol/L; Carbon Dioxide: 25.0 mmol/L; Total Cholesterol: 188.0 mg/dL; Triglycerides: 124.0 mg/dL; Low Density Lipoprotein Cholesterol: 88.0 mg/dL; High Density Lipoprotein Cholesterol: 75.0 mg/dL. Immunizations: Influenza seasonal injectable preservative free; Td (adult) preservative free.",0
6f8f4918-f5b4-4ecf-a34a-e21663165fa5,"Demographics: born 1933-12-28, gender F, race hispanic, ethnicity puerto_rican.",0
9a440dbb-f1d3-4862-b110-a779f16557a3,"Demographics: born 1945-04-26, gender M, race white, ethnicity french. Encounters: Death Certification. Medications: Penicillin V Potassium 250 MG; 24 HR Metformin hydrochloride 500 MG Extended Release Oral Tablet; insulin human isophane 70 UNT/ML / Regular Insulin Human 30 UNT/ML Injectable Suspension [Humulin]; Clopidogrel 75 MG Oral Tablet; Simvastatin 20 MG Oral Tablet; Amlodipine 5 MG Oral Tablet; Nitroglycerin 0.4 MG/ACTUAT [Nitrolingual]. Observations: Myocardial Infarction.",1
7b712e61-ca76-4d96-b827-cb7969808df4,"Demographics: born 1957-09-28, gender M, race white, ethnicity italian. Encounters: Outpatient Encounter; Encounter for 'check-up'. Medications: Penicillin V Potassium 250 MG; Penicillin V Potassium 500 MG; 24 HR Metformin hydrochloride 500 MG Extended Release Oral Tablet; Clopidogrel 75 MG Oral Tablet; Simvastatin 20 MG Oral Tablet; Amlodipine 5 MG Oral Tablet; Nitroglycerin 0.4 MG/ACTUAT [Nitrolingual]. Procedures: Documentation of current medications; Colonoscopy. Observations: Hemoglobin A1c/Hemoglobin.total in Blood: 8.0 %; Body Height: 174.56 cm; Body Weight: 115.33 kg; Body Mass Index: 37.85 kg/m2; Systolic Blood Pressure: 132.0 mmHg; Diastolic Blood Pressure: 73.0 mmHg; Glucose: 126.0 mg/dL; Urea Nitrogen: 18.0 mg/dL; Creatinine: 1.0 mg/dL; Calcium: 9.52 mg/dL; Sodium: 141.0 mmol/L; Potassium: 3.95 mmol/L; Chloride: 109.0 mmol/L; Carbon Dioxide: 28.0 mmol/L; Total Cholesterol: 258.0 mg/dL; Triglycerides: 295.0 mg/dL; Low Density Lipoprotein Cholesterol: 160.0 mg/dL; High Density Lipoprotein Cholesterol: 39.0 mg/dL; Microalbumin Creatine Ratio: 3.0 mg/g; Estimated Glomerular Filtration Rate: 60.0 mL/min/{1.73_m2}; Systolic Blood Pressure: 103.0 mmHg; Diastolic Blood Pressure: 89.0 mmHg; Glucose: 174.0 mg/dL; Urea Nitrogen: 16.0 mg/dL; Calcium: 10.0 mg/dL; Sodium: 143.0 mmol/L; Potassium: 4.68 mmol/L; Total Cholesterol: 253.0 mg/dL; Triglycerides: 248.0 mg/dL; Low Density Lipoprotein Cholesterol: 168.0 mg/dL; High Density Lipoprotein Cholesterol: 35.0 mg/dL; Microalbumin Creatine Ratio: 15.0 mg/g; Diastolic Blood Pressure: 74.0 mmHg; Glucose: 141.0 mg/dL; Urea Nitrogen: 12.0 mg/dL; Calcium: 9.02 mg/dL; Sodium: 142.0 mmol/L; Potassium: 4.7 mmol/L; Chloride: 111.0 mmol/L; Carbon Dioxide: 29.0 mmol/L. Immunizations: Influenza seasonal injectable preservative free.",1
9dafa3fd-34f2-4850-865b-76e1478de428,"Demographics: born 1939-12-03, gender M, race white, ethnicity irish. Encounters: Outpatient Encounter. Procedures: Documentation of current medications. Observations: Hemoglobin A1c/Hemoglobin.total in Blood: 6.0 %; Body Height: 176.92 cm; Body Weight: 104.06 kg; Body Mass Index: 33.25 kg/m2; Systolic Blood Pressure: 137.0 mmHg; Diastolic Blood Pressure: 76.0 mmHg; Glucose: 97.0 mg/dL; Urea Nitrogen: 13.0 mg/dL; Creatinine: 1.0 mg/dL; Calcium: 8.65 mg/dL; Sodium: 140.0 mmol/L; Potassium: 4.59 mmol/L; Chloride: 107.0 mmol/L; Carbon Dioxide: 23.0 mmol/L; Total Cholesterol: 180.0 mg/dL; Triglycerides: 100.0 mg/dL; Low Density Lipoprotein Cholesterol: 93.0 mg/dL; High Density Lipoprotein Cholesterol: 67.0 mg/dL; Body Weight: 102.75 kg; Body Mass Index: 32.83 kg/m2; Systolic Blood Pressure: 108.0 mmHg; Diastolic Blood Pressure: 82.0 mmHg; Glucose: 68.0 mg/dL; Urea Nitrogen: 16.0 mg/dL; Calcium: 9.62 mg/dL; Potassium: 4.38 mmol/L; Chloride: 105.0 mmol/L; Body Weight: 101.26 kg; Body Mass Index: 32.35 kg/m2; Diastolic Blood Pressure: 79.0 mmHg; Glucose: 98.0 mg/dL; Urea Nitrogen: 12.0 mg/dL; Calcium: 9.83 mg/dL; Sodium: 138.0 mmol/L; Potassium: 4.51 mmol/L; Chloride: 104.0 mmol/L; Carbon Dioxide: 27.0 mmol/L; Hemoglobin A1c/Hemoglobin.total in Blood: 6.2 %; Body Weight: 100.12 kg; Body Mass Index: 31.99 kg/m2. Allergies: Shellfish allergy. Immunizations: Influenza seasonal injectable preservative free; Td (adult) preservative free.",0
8a5502c6-c456-4a4e-a661-91d44f8fbdff,"Demographics: born 1954-05-25, gender F, race white, ethnicity italian. Encounters: Outpatient Encounter; Encounter for symptom. Medications: Penicillin V Potassium 250 MG; 24 HR Metformin hydrochloride 500 MG Extended Release Oral Tablet; insulin human isophane 70 UNT/ML / Regular Insulin Human 30 UNT/ML Injectable Suspension [Humulin]. Procedures: Documentation of current medications. Observations: Hemoglobin A1c/Hemoglobin.total in Blood: 7.0 %; Body Height: 169.46 cm; Body Weight: 97.55 kg; Body Mass Index: 33.97 kg/m2; Systolic Blood Pressure: 196.0 mmHg; Diastolic Blood Pressure: 95.0 mmHg; Glucose: 104.0 mg/dL; Urea Nitrogen: 15.0 mg/dL; Creatinine: 1.0 mg/dL; Calcium: 9.77 mg/dL; Sodium: 144.0 mmol/L; Potassium: 4.93 mmol/L; Chloride: 107.0 mmol/L; Carbon Dioxide: 20.0 mmol/L; Total Cholesterol: 229.0 mg/dL; Triglycerides: 160.0 mg/dL; Low Density Lipoprotein Cholesterol: 144.0 mg/dL; High Density Lipoprotein Cholesterol: 53.0 mg/dL; Microalbumin Creatine Ratio: 14.0 mg/g; Estimated Glomerular Filtration Rate: 60.0 mL/min/{1.73_m2}; Systolic Blood Pressure: 158.0 mmHg; Diastolic Blood Pressure: 120.0 mmHg; Glucose: 121.0 mg/dL; Urea Nitrogen: 17.0 mg/dL; Calcium: 8.75 mg/dL; Sodium: 138.0 mmol/L; Potassium: 4.95 mmol/L; Carbon Dioxide: 24.0 mmol/L; Total Cholesterol: 220.0 mg/dL; Triglycerides: 169.0 mg/dL; Low Density Lipoprotein Cholesterol: 131.0 mg/dL; High Density Lipoprotein Cholesterol: 55.0 mg/dL; Microalbumin Creatine Ratio: 15.0 mg/g; Estimated Glomerular Filtration Rate: 58.0 mL/min/{1.73_m2}; Systolic Blood Pressure: 165.0 mmHg; Diastolic Blood Pressure: 107.0 mmHg; Glucose: 109.0 mg/dL; Urea Nitrogen: 13.0 mg/dL; Calcium: 8.51 mg/dL; Sodium: 142.0 mmol/L. Immunizations: Influenza seasonal injectable preservative free; zoster; Td (adult) preservative free.",1
a5a99a94-2788-4e1f-98e8-55c1d7464b81,"Demographics: born 2008-01-27, gender M, race white, ethnicity portuguese. Encounters: Encounter for symptom; Outpatient Encounter; Asthma follow-up; Domiciliary or rest home patient evaluation and management. Medications: Loratadine 5 MG Chewable Tablet; 0.3 ML EPINEPHrine 0.5 MG/ML Auto-Injector; 120 ACTUAT Fluticasone propionate 0.044 MG/ACTUAT Metered Dose Inhaler; 200 ACTUAT Albuterol 0.09 MG/ACTUAT Metered Dose Inhaler; Acetaminophen 160 MG. Procedures: Asthma screening; Measurement of respiratory function (procedure); Documentation of current medications; Information gathering (procedure). Observations: Body Height: 93.57 cm; Body Weight: 14.22 kg; Body Mass Index: 16.24 kg/m2; Systolic Blood Pressure: 129.0 mmHg; Diastolic Blood Pressure: 87.0 mmHg; Body Height: 96.82 cm; Body Weight: 14.96 kg; Body Mass Index: 15.96 kg/m2; Systolic Blood Pressure: 107.0 mmHg; Diastolic Blood Pressure: 86.0 mmHg; Body Height: 105.21 cm; Body Weight: 17.37 kg; Body Mass Index: 15.69 kg/m2; Systolic Blood Pressure: 122.0 mmHg; Diastolic Blood Pressure: 74.0 mmHg; Body Height: 112.45 cm; Body Weight: 19.9 kg; Body Mass Index: 15.73 kg/m2; Systolic Blood Pressure: 109.0 mmHg; Diastolic Blood Pressure: 80.0 mmHg; Body Height: 120.07 cm; Body Weight: 22.77 kg; Body Mass Index: 15.79 kg/m2; Diastolic Blood Pressure: 81.0 mmHg; Sexual orientation: heterosexual {nominal}; HIV status: not HIV positive {nominal}; Abuse Status [OMAHA]: No signs/symptoms {nominal}; Housing status: Patient is homeless {nominal}; Are you covered by health insurance or some other kind of health care plan [PhenX]: No {nominal}; History of Hospitalizations+​Outpatient visits: 10.0 {count}; Are you covered by health insurance or some other kind of health care plan [PhenX]: Yes {nominal}; History of Hospitalizations+​Outpatient visits: 9.0 {count}; History of Hospitalizations+​Outpatient visits: 2.0 {count}; Body Height: 126.93 cm; Body Weight: 25.61 kg; Body Mass Index: 15.9 kg/m2; Systolic Blood Pressure: 128.0 mmHg; Diastolic Blood Pressure: 77.0 mmHg; Body Height: 133.32 cm; Body Weight: 28.83 kg. Allergies: Allergy to wheat; Allergy to tree pollen; Allergy to grass pollen; Dander (animal) allergy; House dust mite allergy; Allergy to mould; Allergy to bee venom; Latex allergy. Immunizations: Pneumococcal conjugate PCV 13; Influenza seasonal injectable preservative free; DTaP; IPV; MMR; varicella.",0
d62dbebc-5829-4783-affb-5b5697792eb6,"Demographics: born 1945-09-24, gender M, race hispanic, ethnicity puerto_rican. Encounters: Death Certification. Medications: Penicillin V Potassium 500 MG; 24 HR Metformin hydrochloride 500 MG Extended Release Oral Tablet; Clopidogrel 75 MG Oral Tablet; Simvastatin 20 MG Oral Tablet; Amlodipine 5 MG Oral Tablet; Nitroglycerin 0.4 MG/ACTUAT [Nitrolingual]. Observations: Myocardial Infarction.",1
833be653-9b60-457c-bfbd-1d846a3a2f61,"Demographics: born 1948-12-26, gender M, race white, ethnicity english. Encounters: Outpatient Encounter; Emergency room admission; Encounter for symptom. Medications: Alendronic acid 10 MG [Fosamax]; Acetaminophen 325 MG Oral Tablet. Procedures: Documentation of current medications. Observations: Body Height: 186.38 cm; Body Weight: 111.82 kg; Body Mass Index: 32.19 kg/m2; Systolic Blood Pressure: 133.0 mmHg; Diastolic Blood Pressure: 84.0 mmHg; Body Weight: 109.97 kg; Body Mass Index: 31.66 kg/m2; Systolic Blood Pressure: 112.0 mmHg; Diastolic Blood Pressure: 75.0 mmHg; Body Weight: 108.63 kg; Body Mass Index: 31.27 kg/m2; Systolic Blood Pressure: 118.0 mmHg; Diastolic Blood Pressure: 70.0 mmHg; Total Cholesterol: 199.0 mg/dL; Triglycerides: 139.0 mg/dL; Low Density Lipoprotein Cholesterol: 112.0 mg/dL; High Density Lipoprotein Cholesterol: 59.0 mg/dL; Body Weight: 107.6 kg; Body Mass Index: 30.98 kg/m2; Systolic Blood Pressure: 102.0 mmHg; Body Weight: 105.68 kg; Body Mass Index: 30.42 kg/m2; Systolic Blood Pressure: 117.0 mmHg; Diastolic Blood Pressure: 73.0 mmHg; Oral temperature: 38.0 Cel; Body Weight: 103.78 kg; Body Mass Index: 29.88 kg/m2; Systolic Blood Pressure: 136.0 mmHg; Diastolic Blood Pressure: 82.0 mmHg; Total Cholesterol: 160.0 mg/dL; Triglycerides: 120.0 mg/dL; Low Density Lipoprotein Cholesterol: 69.0 mg/dL; High Density Lipoprotein Cholesterol: 67.0 mg/dL; Body Weight: 102.1 kg; Body Mass Index: 29.39 kg/m2; Systolic Blood Pressure: 101.0 mmHg; Diastolic Blood Pressure: 85.0 mmHg. Immunizations: Influenza seasonal injectable preservative free; Td (adult) preservative free; Pneumococcal conjugate PCV 13; pneumococcal polysaccharide vaccine 23 valent.",0
b614c117-672e-4c0f-8a15-7bcc416ff270,"Demographics: born 1977-05-10, gender M, race white, ethnicity french. Encounters: Outpatient Encounter; Encounter for symptom. Observations: Hemoglobin A1c/Hemoglobin.total in Blood: 6.6 %; Body Height: 178.87 cm; Body Weight: 80.0 kg; Body Mass Index: 25.0 kg/m2; Systolic Blood Pressure: 188.0 mmHg; Diastolic Blood Pressure: 104.0 mmHg; Glucose: 70.0 mg/dL; Urea Nitrogen: 18.0 mg/dL; Creatinine: 1.0 mg/dL; Calcium: 9.86 mg/dL; Sodium: 141.0 mmol/L; Potassium: 4.77 mmol/L; Chloride: 105.0 mmol/L; Carbon Dioxide: 25.0 mmol/L; Total Cholesterol: 187.0 mg/dL; Triglycerides: 148.0 mg/dL; Low Density Lipoprotein Cholesterol: 94.0 mg/dL; High Density Lipoprotein Cholesterol: 63.0 mg/dL; Microalbumin Creatine Ratio: 1.0 mg/g; Estimated Glomerular Filtration Rate: 60.0 mL/min/{1.73_m2}; Body Weight: 85.66 kg; Body Mass Index: 26.77 kg/m2; Systolic Blood Pressure: 151.0 mmHg; Glucose: 111.0 mg/dL; Urea Nitrogen: 20.0 mg/dL; Calcium: 9.22 mg/dL; Sodium: 144.0 mmol/L; Potassium: 4.72 mmol/L; Chloride: 103.0 mmol/L; Carbon Dioxide: 20.0 mmol/L; Total Cholesterol: 228.0 mg/dL; Triglycerides: 151.0 mg/dL; Low Density Lipoprotein Cholesterol: 157.0 mg/dL; High Density Lipoprotein Cholesterol: 40.0 mg/dL; Oral temperature: 38.0 Cel; Hemoglobin A1c/Hemoglobin.total in Blood: 7.1 %; Body Weight: 90.28 kg; Body Mass Index: 28.22 kg/m2; Diastolic Blood Pressure: 108.0 mmHg; Glucose: 103.0 mg/dL. Immunizations: Influenza seasonal injectable preservative free; Td (adult) preservative free.",1
40b90260-d5d7-4e64-bb3b-db91cc549af1,"Demographics: born 1955-08-10, gender M, race white, ethnicity american. Encounters: Death Certification. Medications: Nitroglycerin 0.4 MG/ACTUAT [Nitrolingual]; Penicillin V Potassium 250 MG; Penicillin V Potassium 500 MG; Naproxen sodium 220 MG [Aleve]; Simvastatin 20 MG Oral Tablet; Amlodipine 5 MG Oral Tablet. Observations: Myocardial Infarction.",0
112e1823-9662-467a-8f85-feabda54b5e6,"Demographics: born 1967-04-27, gender F, race hispanic, ethnicity puerto_rican. Encounters: Patient encounter procedure; Outpatient Encounter; Encounter for symptom; Emergency room admission; Encounter for 'check-up'. Medications: 1 ML Depo-Provera 150 MG/ML Injection; 24 HR Metformin hydrochloride 500 MG Extended Release Oral Tablet; Naproxen sodium 220 MG Oral Tablet; Acetaminophen 160 MG; Amoxicillin 250 MG / Clavulanate 125 MG [Augmentin]. Procedures: Intramuscular injection; Documentation of current medications; Plain chest X-ray (procedure); Colonoscopy. Observations: Hemoglobin A1c/Hemoglobin.total in Blood: 6.7 %; Body Height: 169.86 cm; Body Weight: 94.37 kg; Body Mass Index: 32.71 kg/m2; Systolic Blood Pressure: 152.0 mmHg; Diastolic Blood Pressure: 118.0 mmHg; Glucose: 195.0 mg/dL; Urea Nitrogen: 9.0 mg/dL; Creatinine: 1.0 mg/dL; Calcium: 9.88 mg/dL; Sodium: 137.0 mmol/L; Potassium: 4.22 mmol/L; Chloride: 101.0 mmol/L; Carbon Dioxide: 29.0 mmol/L; Total Cholesterol: 252.0 mg/dL; Triglycerides: 425.0 mg/dL; Low Density Lipoprotein Cholesterol: 144.0 mg/dL; High Density Lipoprotein Cholesterol: 23.0 mg/dL; Microalbumin Creatine Ratio: 2.0 mg/g; Estimated Glomerular Filtration Rate: 60.0 mL/min/{1.73_m2}; Hemoglobin A1c/Hemoglobin.total in Blood: 6.9 %; Body Weight: 96.83 kg; Body Mass Index: 33.56 kg/m2; Systolic Blood Pressure: 184.0 mmHg; Diastolic Blood Pressure: 100.0 mmHg; Glucose: 113.0 mg/dL; Calcium: 9.83 mg/dL; Sodium: 141.0 mmol/L; Potassium: 4.1 mmol/L; Chloride: 111.0 mmol/L; Carbon Dioxide: 24.0 mmol/L; Total Cholesterol: 203.0 mg/dL; Triglycerides: 192.0 mg/dL; Low Density Lipoprotein Cholesterol: 121.0 mg/dL; High Density Lipoprotein Cholesterol: 43.0 mg/dL; Microalbumin Creatine Ratio: 14.0 mg/g; Oral temperature: 38.0 Cel; Hemoglobin A1c/Hemoglobin.total in Blood: 7.3 %; Body Weight: 101.14 kg; Body Mass Index: 35.05 kg/m2. Immunizations: Influenza seasonal injectable preservative free.",1
365ed815-328c-48d3-9ad8-7f579b9dfa6c,"Demographics: born 1942-09-09, gender M, race asian, ethnicity chinese. Encounters: Death Certification. Medications: Penicillin V Potassium 250 MG; Penicillin V Potassium 500 MG; 24 HR Metformin hydrochloride 500 MG Extended Release Oral Tablet. Observations: Non-small cell lung cancer (disorder).",1
873e5e78-6fb0-4e66-913d-b047b877d161,"Demographics: born 1943-03-20, gender M, race white, ethnicity irish. Encounters: Outpatient Encounter; Encounter for symptom; Encounter for 'check-up'. Medications: Penicillin V Potassium 250 MG; 24 HR Metformin hydrochloride 500 MG Extended Release Oral Tablet. Procedures: Documentation of current medications; Colonoscopy. Observations: Hemoglobin A1c/Hemoglobin.total in Blood: 6.4 %; Body Height: 190.18 cm; Body Weight: 113.81 kg; Body Mass Index: 31.46 kg/m2; Systolic Blood Pressure: 161.0 mmHg; Diastolic Blood Pressure: 119.0 mmHg; Glucose: 68.0 mg/dL; Urea Nitrogen: 10.0 mg/dL; Creatinine: 1.0 mg/dL; Calcium: 9.63 mg/dL; Sodium: 138.0 mmol/L; Potassium: 4.32 mmol/L; Chloride: 107.0 mmol/L; Carbon Dioxide: 25.0 mmol/L; Total Cholesterol: 191.0 mg/dL; Triglycerides: 150.0 mg/dL; Low Density Lipoprotein Cholesterol: 81.0 mg/dL; High Density Lipoprotein Cholesterol: 80.0 mg/dL; Microalbumin Creatine Ratio: 3.0 mg/g; Estimated Glomerular Filtration Rate: 60.0 mL/min/{1.73_m2}; Hemoglobin A1c/Hemoglobin.total in Blood: 6.3 %; Body Weight: 112.52 kg; Body Mass Index: 31.11 kg/m2; Systolic Blood Pressure: 180.0 mmHg; Diastolic Blood Pressure: 118.0 mmHg; Glucose: 88.0 mg/dL; Urea Nitrogen: 18.0 mg/dL; Calcium: 9.12 mg/dL; Sodium: 144.0 mmol/L; Potassium: 3.86 mmol/L; Chloride: 111.0 mmol/L; Carbon Dioxide: 22.0 mmol/L; Total Cholesterol: 195.0 mg/dL; Triglycerides: 123.0 mg/dL; Low Density Lipoprotein Cholesterol: 100.0 mg/dL; High Density Lipoprotein Cholesterol: 70.0 mg/dL; Microalbumin Creatine Ratio: 16.0 mg/g; Hemoglobin A1c/Hemoglobin.total in Blood: 6.2 %; Body Weight: 111.22 kg; Body Mass Index: 30.75 kg/m2. Immunizations: Pneumococcal conjugate PCV 13; Influenza seasonal injectable preservative free; Td (adult) preservative free.",1
72b337b7-45b0-44ae-99ba-64cec61feec6,"Demographics: born 1966-01-30, gender F, race white, ethnicity english. Encounters: Outpatient Encounter; Prenatal initial visit; Prenatal visit; Encounter for symptom; Obstetric emergency hospital admission; Consultation for treatment; Patient encounter procedure; Encounter for 'check-up'. Medications: 24 HR Metformin hydrochloride 500 MG Extended Release Oral Tablet. Procedures: Documentation of current medications; Standard pregnancy test; Medical induction of labor; Childbirth; Insertion of intrauterine contraceptive device; Colonoscopy; Removal of intrauterine device. Observations: Body Height: 162.62 cm; Body Weight: 87.87 kg; Body Mass Index: 33.23 kg/m2; Systolic Blood Pressure: 107.0 mmHg; Diastolic Blood Pressure: 75.0 mmHg; Oral temperature: 38.0 Cel; Body Weight: 91.94 kg; Body Mass Index: 34.77 kg/m2; Systolic Blood Pressure: 126.0 mmHg; Diastolic Blood Pressure: 78.0 mmHg; Total Cholesterol: 193.0 mg/dL; Triglycerides: 150.0 mg/dL; Low Density Lipoprotein Cholesterol: 97.0 mg/dL; High Density Lipoprotein Cholesterol: 66.0 mg/dL; Hemoglobin A1c/Hemoglobin.total in Blood: 9.0 %; Body Weight: 95.1 kg; Body Mass Index: 35.96 kg/m2; Systolic Blood Pressure: 122.0 mmHg; Diastolic Blood Pressure: 80.0 mmHg; Glucose: 65.0 mg/dL; Urea Nitrogen: 10.0 mg/dL; Creatinine: 1.0 mg/dL; Calcium: 9.56 mg/dL; Sodium: 137.0 mmol/L; Potassium: 4.19 mmol/L; Chloride: 102.0 mmol/L; Carbon Dioxide: 21.0 mmol/L; Total Cholesterol: 173.0 mg/dL; Triglycerides: 143.0 mg/dL; Low Density Lipoprotein Cholesterol: 70.0 mg/dL; High Density Lipoprotein Cholesterol: 74.0 mg/dL; Microalbumin Creatine Ratio: 13.0 mg/g; Estimated Glomerular Filtration Rate: 60.0 mL/min/{1.73_m2}. Immunizations: Influenza seasonal injectable preservative free.",1
85f2511c-06e0-4c83-8b1d-2c118a8c7634,"Demographics: born 1945-07-17, gender F, race hispanic, ethnicity puerto_rican. Encounters: Outpatient Encounter; Encounter for 'check-up'. Medications: Alendronic acid 10 MG [Fosamax]. Procedures: Colonoscopy; Fecal occult blood test; Rectal polypectomy; Documentation of current medications. Observations: Hemoglobin A1c/Hemoglobin.total in Blood: 6.3 %; Body Height: 151.11 cm; Body Weight: 85.38 kg; Body Mass Index: 37.39 kg/m2; Systolic Blood Pressure: 111.0 mmHg; Diastolic Blood Pressure: 70.0 mmHg; Glucose: 99.0 mg/dL; Urea Nitrogen: 11.0 mg/dL; Creatinine: 1.0 mg/dL; Calcium: 9.18 mg/dL; Sodium: 139.0 mmol/L; Potassium: 3.88 mmol/L; Chloride: 101.0 mmol/L; Carbon Dioxide: 29.0 mmol/L; Polyp size greatest dimension by CAP cancer protocols: 7.0 mm; Hemoglobin.gastrointestinal [Presence] in Stool by Immunologic method: 0.0 ng/mL; Hemoglobin A1c/Hemoglobin.total in Blood: 6.0 %; Body Weight: 82.44 kg; Body Mass Index: 36.11 kg/m2; Systolic Blood Pressure: 133.0 mmHg; Diastolic Blood Pressure: 85.0 mmHg; Glucose: 72.0 mg/dL; Calcium: 9.6 mg/dL; Sodium: 143.0 mmol/L; Potassium: 4.88 mmol/L; Chloride: 103.0 mmol/L; Carbon Dioxide: 26.0 mmol/L; Hemoglobin A1c/Hemoglobin.total in Blood: 6.4 %; Body Weight: 81.42 kg; Body Mass Index: 35.66 kg/m2; Systolic Blood Pressure: 120.0 mmHg; Diastolic Blood Pressure: 87.0 mmHg; Glucose: 84.0 mg/dL; Urea Nitrogen: 18.0 mg/dL; Calcium: 9.57 mg/dL; Potassium: 3.79 mmol/L; Chloride: 107.0 mmol/L; Carbon Dioxide: 22.0 mmol/L; Total Cholesterol: 160.0 mg/dL; Triglycerides: 114.0 mg/dL. Immunizations: Pneumococcal conjugate PCV 13; Influenza seasonal injectable preservative free; pneumococcal polysaccharide vaccine 23 valent; Td (adult) preservative free.",0
67726357-dd13-4fb0-8659-e3894defd295,"Demographics: born 1985-08-04, gender F, race white, ethnicity irish. Encounters: Prenatal initial visit; Prenatal visit; Obstetric emergency hospital admission; Outpatient Encounter; Encounter for symptom; Emergency room admission; Patient-initiated encounter. Medications: Penicillin V Potassium 250 MG; Ibuprofen 200 MG Oral Tablet. Procedures: Standard pregnancy test; Episiotomy; Premature birth of newborn; Augmentation of labor; Childbirth; Induced termination of pregnancy; Documentation of current medications. Observations: Body Height: 167.36 cm; Body Weight: 100.17 kg; Body Mass Index: 35.76 kg/m2; Systolic Blood Pressure: 120.0 mmHg; Diastolic Blood Pressure: 78.0 mmHg; Oral temperature: 37.0 Cel; Body Weight: 102.96 kg; Body Mass Index: 36.76 kg/m2; Systolic Blood Pressure: 118.0 mmHg; Diastolic Blood Pressure: 76.0 mmHg; Hemoglobin A1c/Hemoglobin.total in Blood: 6.1 %; Body Weight: 107.4 kg; Body Mass Index: 38.35 kg/m2; Systolic Blood Pressure: 136.0 mmHg; Diastolic Blood Pressure: 86.0 mmHg; Glucose: 88.0 mg/dL; Urea Nitrogen: 10.0 mg/dL; Creatinine: 1.0 mg/dL; Calcium: 9.17 mg/dL; Sodium: 140.0 mmol/L; Potassium: 4.05 mmol/L; Chloride: 110.0 mmol/L; Carbon Dioxide: 25.0 mmol/L; Total Cholesterol: 182.0 mg/dL; Triglycerides: 123.0 mg/dL; Low Density Lipoprotein Cholesterol: 90.0 mg/dL; High Density Lipoprotein Cholesterol: 67.0 mg/dL. Immunizations: Influenza seasonal injectable preservative free; Td (adult) preservative free.",0
1ddf1be5-2b24-4ddb-a77d-bbb2b97b553a,"Demographics: born 1971-01-23, gender M, race white, ethnicity french. Encounters: Encounter for symptom; Outpatient Encounter; Emergency room admission; Encounter for 'check-up'. Medications: Dextromethorphan Hydrobromide 1 MG/ML; 24 HR Metformin hydrochloride 500 MG Extended Release Oral Tablet; Ibuprofen 200 MG Oral Tablet; Clopidogrel 75 MG Oral Tablet; Simvastatin 20 MG Oral Tablet; Amlodipine 5 MG Oral Tablet; Nitroglycerin 0.4 MG/ACTUAT [Nitrolingual]. Procedures: Sputum examination (procedure); Documentation of current medications; Bone immobilization. Observations: Hemoglobin A1c/Hemoglobin.total in Blood: 8.1 %; Body Height: 174.59 cm; Body Weight: 98.91 kg; Body Mass Index: 32.45 kg/m2; Systolic Blood Pressure: 123.0 mmHg; Diastolic Blood Pressure: 72.0 mmHg; Glucose: 98.0 mg/dL; Urea Nitrogen: 13.0 mg/dL; Creatinine: 1.0 mg/dL; Calcium: 9.43 mg/dL; Sodium: 142.0 mmol/L; Potassium: 4.13 mmol/L; Chloride: 107.0 mmol/L; Carbon Dioxide: 24.0 mmol/L; Total Cholesterol: 168.0 mg/dL; Triglycerides: 112.0 mg/dL; Low Density Lipoprotein Cholesterol: 66.0 mg/dL; High Density Lipoprotein Cholesterol: 79.0 mg/dL; Microalbumin Creatine Ratio: 15.0 mg/g; Estimated Glomerular Filtration Rate: 60.0 mL/min/{1.73_m2}; Hemoglobin A1c/Hemoglobin.total in Blood: 6.8 %; Body Weight: 101.79 kg; Body Mass Index: 33.39 kg/m2; Systolic Blood Pressure: 129.0 mmHg; Diastolic Blood Pressure: 82.0 mmHg; Glucose: 131.0 mg/dL; Urea Nitrogen: 12.0 mg/dL; Calcium: 8.59 mg/dL; Potassium: 5.15 mmol/L; Chloride: 109.0 mmol/L; Carbon Dioxide: 21.0 mmol/L; Total Cholesterol: 242.0 mg/dL; Triglycerides: 240.0 mg/dL; Low Density Lipoprotein Cholesterol: 170.0 mg/dL; High Density Lipoprotein Cholesterol: 24.0 mg/dL; Microalbumin Creatine Ratio: 11.0 mg/g; Oral temperature: 37.0 Cel; Hemoglobin A1c/Hemoglobin.total in Blood: 7.1 %; Body Weight: 104.56 kg; Body Mass Index: 34.3 kg/m2. Immunizations: Influenza seasonal injectable preservative free; Td (adult) preservative free.",1
1b7710ba-2fd2-4346-94bb-9cfd56c4935c,"Demographics: born 1970-04-18, gender F, race black, ethnicity dominican.",0
68456163-6ae9-49af-9476-87eb8c92640d,"Demographics: born 1967-01-14, gender F, race white, ethnicity russian. Encounters: Outpatient Encounter; Asthma follow-up; Encounter for symptom; Encounter for 'check-up'. Medications: Chlorpheniramine 2 MG Chewable Tablet; 120 ACTUAT Fluticasone propionate 0.044 MG/ACTUAT Metered Dose Inhaler; 200 ACTUAT Albuterol 0.09 MG/ACTUAT Metered Dose Inhaler; Penicillin V Potassium 500 MG; 24 HR Metformin hydrochloride 500 MG Extended Release Oral Tablet; 3 ML liraglutide 6 MG/ML Pen Injector; Fluticasone propionate 0.25 MG/ACTUAT / salmeterol 0.05 MG/ACTUAT [Advair]; canagliflozin 100 MG Oral Tablet. Procedures: Documentation of current medications; Spirometry (procedure); Colonoscopy; Fecal occult blood test; Rectal polypectomy. Observations: Hemoglobin A1c/Hemoglobin.total in Blood: 12.0 %; Body Height: 158.52 cm; Body Weight: 125.55 kg; Body Mass Index: 49.97 kg/m2; Systolic Blood Pressure: 195.0 mmHg; Diastolic Blood Pressure: 109.0 mmHg; Glucose: 87.0 mg/dL; Urea Nitrogen: 18.0 mg/dL; Creatinine: 1.0 mg/dL; Calcium: 9.57 mg/dL; Sodium: 142.0 mmol/L; Potassium: 3.79 mmol/L; Chloride: 102.0 mmol/L; Carbon Dioxide: 29.0 mmol/L; Total Cholesterol: 180.0 mg/dL; Triglycerides: 119.0 mg/dL; Low Density Lipoprotein Cholesterol: 84.0 mg/dL; High Density Lipoprotein Cholesterol: 72.0 mg/dL; Microalbumin Creatine Ratio: 5.0 mg/g; Estimated Glomerular Filtration Rate: 60.0 mL/min/{1.73_m2}; Hemoglobin A1c/Hemoglobin.total in Blood: 10.0 %; Body Weight: 126.9 kg; Body Mass Index: 50.5 kg/m2; Diastolic Blood Pressure: 113.0 mmHg; Glucose: 157.0 mg/dL; Calcium: 8.85 mg/dL; Sodium: 140.0 mmol/L; Potassium: 4.19 mmol/L; Chloride: 106.0 mmol/L; Carbon Dioxide: 21.0 mmol/L; Total Cholesterol: 271.0 mg/dL; Triglycerides: 523.0 mg/dL; Low Density Lipoprotein Cholesterol: 149.0 mg/dL; High Density Lipoprotein Cholesterol: 17.0 mg/dL; Microalbumin Creatine Ratio: 8.0 mg/g; Body Weight: 130.39 kg; Body Mass Index: 51.89 kg/m2; Systolic Blood Pressure: 187.0 mmHg; Diastolic Blood Pressure: 91.0 mmHg; Glucose: 136.0 mg/dL. Allergies: Allergy to wheat; House dust mite allergy; Allergy to mould. Immunizations: Influenza seasonal injectable preservative free.",1
d95391f7-5a8d-4521-a7e6-7be572614bd9,"Demographics: born 1994-05-25, gender M, race white, ethnicity italian. Encounters: Outpatient Encounter; Encounter for symptom. Medications: Methylphenidate Hydrochloride 20 MG [Ritalin]. Procedures: Documentation of current medications. Observations: Body Height: 176.99 cm; Body Weight: 62.26 kg; Body Mass Index: 19.87 kg/m2; Systolic Blood Pressure: 115.0 mmHg; Diastolic Blood Pressure: 88.0 mmHg; Body Height: 178.02 cm; Body Weight: 65.02 kg; Body Mass Index: 20.52 kg/m2; Systolic Blood Pressure: 114.0 mmHg; Diastolic Blood Pressure: 81.0 mmHg; Body Height: 178.57 cm; Body Weight: 67.04 kg; Body Mass Index: 21.02 kg/m2; Systolic Blood Pressure: 107.0 mmHg; Diastolic Blood Pressure: 78.0 mmHg; Body Height: 178.88 cm; Body Weight: 68.62 kg; Body Mass Index: 21.44 kg/m2; Diastolic Blood Pressure: 84.0 mmHg; Oral temperature: 37.0 Cel; Body Height: 179.01 cm; Body Weight: 70.84 kg; Body Mass Index: 22.11 kg/m2; Systolic Blood Pressure: 122.0 mmHg. Immunizations: Influenza seasonal injectable preservative free; meningococcal MCV4P.",0
70ce8b11-fef4-4c61-813b-817bb1f05fdf,"Demographics: born 1945-10-21, gender M, race hispanic, ethnicity puerto_rican. Encounters: Encounter for 'check-up'; Outpatient Encounter; Encounter for symptom; Encounter for problem. Medications: insulin human isophane 70 UNT/ML / Regular Insulin Human 30 UNT/ML Injectable Suspension [Humulin]; Amoxicillin 250 MG / Clavulanate 125 MG [Augmentin]; Leucovorin 100 MG Injection; oxaliplatin 5 MG/ML [Eloxatin]. Procedures: Colonoscopy; Documentation of current medications; Fecal occult blood test; Rectal polypectomy; Partial resection of colon; Combined chemotherapy and radiation therapy (procedure). Observations: Hemoglobin A1c/Hemoglobin.total in Blood: 4.3 %; Body Height: 181.54 cm; Body Weight: 96.48 kg; Body Mass Index: 29.28 kg/m2; Systolic Blood Pressure: 140.0 mmHg; Diastolic Blood Pressure: 112.0 mmHg; Glucose: 101.0 mg/dL; Urea Nitrogen: 11.0 mg/dL; Creatinine: 1.0 mg/dL; Calcium: 8.58 mg/dL; Sodium: 143.0 mmol/L; Potassium: 4.23 mmol/L; Chloride: 107.0 mmol/L; Carbon Dioxide: 22.0 mmol/L; Total Cholesterol: 219.0 mg/dL; Triglycerides: 155.0 mg/dL; Low Density Lipoprotein Cholesterol: 134.0 mg/dL; High Density Lipoprotein Cholesterol: 54.0 mg/dL; Microalbumin Creatine Ratio: 155.0 mg/g; Estimated Glomerular Filtration Rate: 60.0 mL/min/{1.73_m2}; Hemoglobin A1c/Hemoglobin.total in Blood: 4.2 %; Body Weight: 94.96 kg; Body Mass Index: 28.81 kg/m2; Systolic Blood Pressure: 178.0 mmHg; Diastolic Blood Pressure: 99.0 mmHg; Glucose: 109.0 mg/dL; Urea Nitrogen: 13.0 mg/dL; Calcium: 8.64 mg/dL; Sodium: 138.0 mmol/L; Potassium: 3.72 mmol/L; Chloride: 101.0 mmol/L; Carbon Dioxide: 21.0 mmol/L; Total Cholesterol: 227.0 mg/dL; Triglycerides: 177.0 mg/dL; Low Density Lipoprotein Cholesterol: 149.0 mg/dL; High Density Lipoprotein Cholesterol: 42.0 mg/dL; Microalbumin Creatine Ratio: 200.0 mg/g; Hemoglobin A1c/Hemoglobin.total in Blood: 4.1 %; Body Weight: 93.56 kg; Body Mass Index: 28.39 kg/m2. Allergies: Shellfish allergy. Immunizations: Pneumococcal conjugate PCV 13; Influenza seasonal injectable preservative free; pneumococcal polysaccharide vaccine 23 valent; Td (adult) preservative free.",1
26e7d607-b615-46e7-a31d-08ca05009bbe,"Demographics: born 1954-08-01, gender M, race white, ethnicity english. Encounters: Encounter for problem; Encounter for 'check-up'; Outpatient Encounter; Encounter for symptom. Medications: Fluticasone propionate 0.25 MG/ACTUAT / salmeterol 0.05 MG/ACTUAT [Advair]. Procedures: Colonoscopy; Rectal polypectomy; Spirometry (procedure); Documentation of current medications; Pulmonary rehabilitation (regime/therapy); Fecal occult blood test; Biopsy of colon. Observations: FEV1/​FVC: 48.0 %; Hemoglobin A1c/Hemoglobin.total in Blood: 6.1 %; Body Height: 174.79 cm; Body Weight: 115.93 kg; Body Mass Index: 37.95 kg/m2; Systolic Blood Pressure: 154.0 mmHg; Diastolic Blood Pressure: 93.0 mmHg; Glucose: 93.0 mg/dL; Urea Nitrogen: 20.0 mg/dL; Creatinine: 1.0 mg/dL; Calcium: 8.83 mg/dL; Sodium: 142.0 mmol/L; Potassium: 4.12 mmol/L; Chloride: 109.0 mmol/L; Carbon Dioxide: 28.0 mmol/L; Total Cholesterol: 198.0 mg/dL; Triglycerides: 115.0 mg/dL; Low Density Lipoprotein Cholesterol: 102.0 mg/dL; High Density Lipoprotein Cholesterol: 73.0 mg/dL; Estimated Glomerular Filtration Rate: 60.0 mL/min/{1.73_m2}; FEV1/​FVC: 32.0 %; Hemoglobin A1c/Hemoglobin.total in Blood: 6.3 %; Systolic Blood Pressure: 173.0 mmHg; Diastolic Blood Pressure: 109.0 mmHg; Glucose: 94.0 mg/dL; Urea Nitrogen: 18.0 mg/dL; Calcium: 10.17 mg/dL; Sodium: 144.0 mmol/L; Potassium: 4.18 mmol/L; Chloride: 107.0 mmol/L; Carbon Dioxide: 25.0 mmol/L; FEV1/​FVC: 39.0 %; Hemoglobin A1c/Hemoglobin.total in Blood: 6.0 %; Systolic Blood Pressure: 175.0 mmHg; Diastolic Blood Pressure: 103.0 mmHg; Glucose: 85.0 mg/dL; Calcium: 8.6 mg/dL; Potassium: 4.42 mmol/L; Carbon Dioxide: 29.0 mmol/L; FEV1/​FVC: 27.0 %. Allergies: Allergy to nut; House dust mite allergy. Immunizations: Influenza seasonal injectable preservative free; zoster; Td (adult) preservative free.",0
f062c4d1-7197-475e-b285-0feb6cc49152,"Demographics: born 1935-01-25, gender M, race white, ethnicity portuguese. Encounters: Encounter for symptom; Outpatient Encounter. Medications: Penicillin V Potassium 500 MG. Procedures: Documentation of current medications. Observations: Body Height: 190.18 cm; Body Weight: 92.34 kg; Body Mass Index: 25.53 kg/m2; Systolic Blood Pressure: 131.0 mmHg; Diastolic Blood Pressure: 77.0 mmHg; Total Cholesterol: 172.0 mg/dL; Triglycerides: 149.0 mg/dL; Low Density Lipoprotein Cholesterol: 81.0 mg/dL; High Density Lipoprotein Cholesterol: 61.0 mg/dL; Systolic Blood Pressure: 120.0 mmHg; Diastolic Blood Pressure: 80.0 mmHg; Body Weight: 91.19 kg; Body Mass Index: 25.21 kg/m2; Systolic Blood Pressure: 130.0 mmHg; Diastolic Blood Pressure: 87.0 mmHg; Body Weight: 90.13 kg; Body Mass Index: 24.92 kg/m2; Systolic Blood Pressure: 111.0 mmHg; Diastolic Blood Pressure: 83.0 mmHg; Body Weight: 88.98 kg; Body Mass Index: 24.6 kg/m2; Systolic Blood Pressure: 107.0 mmHg; Diastolic Blood Pressure: 79.0 mmHg; Total Cholesterol: 195.0 mg/dL; Triglycerides: 127.0 mg/dL; Low Density Lipoprotein Cholesterol: 102.0 mg/dL; High Density Lipoprotein Cholesterol: 67.0 mg/dL; Body Weight: 87.81 kg; Body Mass Index: 24.28 kg/m2; Systolic Blood Pressure: 114.0 mmHg; Diastolic Blood Pressure: 82.0 mmHg; Body Weight: 86.63 kg; Body Mass Index: 23.95 kg/m2; Systolic Blood Pressure: 101.0 mmHg; Diastolic Blood Pressure: 70.0 mmHg. Immunizations: Influenza seasonal injectable preservative free; Td (adult) preservative free.",0
e21a30cd-086f-496e-b002-15cab6d7c053,"Demographics: born 2002-02-11, gender M, race white, ethnicity irish. Encounters: Outpatient Encounter. Procedures: Documentation of current medications. Observations: Body Height: 135.23 cm; Body Weight: 22.25 kg; Body Mass Index: 12.17 kg/m2; Systolic Blood Pressure: 129.0 mmHg; Diastolic Blood Pressure: 75.0 mmHg; Body Height: 141.18 cm; Body Weight: 24.76 kg; Body Mass Index: 12.42 kg/m2; Systolic Blood Pressure: 118.0 mmHg; Diastolic Blood Pressure: 77.0 mmHg; Body Height: 146.22 cm; Body Weight: 27.26 kg; Body Mass Index: 12.75 kg/m2; Systolic Blood Pressure: 100.0 mmHg; Diastolic Blood Pressure: 79.0 mmHg; Body Height: 153.36 cm; Body Weight: 30.85 kg; Body Mass Index: 13.12 kg/m2; Systolic Blood Pressure: 139.0 mmHg; Diastolic Blood Pressure: 82.0 mmHg; Body Height: 162.35 cm; Body Weight: 35.3 kg; Body Mass Index: 13.39 kg/m2; Systolic Blood Pressure: 120.0 mmHg; Body Height: 169.76 cm; Body Weight: 40.03 kg; Body Mass Index: 13.89 kg/m2; Systolic Blood Pressure: 123.0 mmHg; Diastolic Blood Pressure: 80.0 mmHg. Immunizations: Influenza seasonal injectable preservative free; meningococcal MCV4P; Tdap; HPV quadrivalent.",0
e1e63473-1c16-4ef5-8319-a15dd15ac36c,"Demographics: born 1952-04-11, gender M, race white, ethnicity french. Encounters: Outpatient Encounter; Emergency room admission; Encounter for symptom. Medications: 24 HR Metformin hydrochloride 500 MG Extended Release Oral Tablet; insulin human isophane 70 UNT/ML / Regular Insulin Human 30 UNT/ML Injectable Suspension [Humulin]; Penicillin V Potassium 500 MG; Acetaminophen 325 MG Oral Tablet; Amoxicillin 250 MG / Clavulanate 125 MG [Augmentin]. Procedures: Documentation of current medications. Observations: Hemoglobin A1c/Hemoglobin.total in Blood: 5.2 %; Body Height: 170.11 cm; Body Weight: 112.63 kg; Body Mass Index: 38.92 kg/m2; Systolic Blood Pressure: 146.0 mmHg; Diastolic Blood Pressure: 94.0 mmHg; Glucose: 175.0 mg/dL; Urea Nitrogen: 11.0 mg/dL; Creatinine: 1.0 mg/dL; Calcium: 8.8 mg/dL; Sodium: 138.0 mmol/L; Potassium: 4.19 mmol/L; Chloride: 111.0 mmol/L; Carbon Dioxide: 22.0 mmol/L; Total Cholesterol: 252.0 mg/dL; Triglycerides: 458.0 mg/dL; Low Density Lipoprotein Cholesterol: 139.0 mg/dL; High Density Lipoprotein Cholesterol: 21.0 mg/dL; Microalbumin Creatine Ratio: 252.0 mg/g; Estimated Glomerular Filtration Rate: 60.0 mL/min/{1.73_m2}; Systolic Blood Pressure: 180.0 mmHg; Diastolic Blood Pressure: 91.0 mmHg; Glucose: 158.0 mg/dL; Urea Nitrogen: 19.0 mg/dL; Calcium: 10.01 mg/dL; Sodium: 140.0 mmol/L; Potassium: 4.26 mmol/L; Chloride: 110.0 mmol/L; Carbon Dioxide: 25.0 mmol/L; Total Cholesterol: 246.0 mg/dL; Triglycerides: 273.0 mg/dL; Low Density Lipoprotein Cholesterol: 164.0 mg/dL; High Density Lipoprotein Cholesterol: 27.0 mg/dL; Microalbumin Creatine Ratio: 108.0 mg/g; Hemoglobin A1c/Hemoglobin.total in Blood: 5.1 %; Body Weight: 110.73 kg; Body Mass Index: 38.27 kg/m2; Systolic Blood Pressure: 142.0 mmHg; Diastolic Blood Pressure: 109.0 mmHg; Glucose: 177.0 mg/dL. Immunizations: Influenza seasonal injectable preservative free; zoster; Td (adult) preservative free.",1
3d96f35a-3fd8-44f2-a06c-2febdfebad47,"Demographics: born 1933-06-14, gender M, race hispanic, ethnicity central_american. Encounters: Death Certification. Medications: Penicillin V Potassium 500 MG; 24 HR Metformin hydrochloride 500 MG Extended Release Oral Tablet; Nitroglycerin 0.4 MG/ACTUAT [Nitrolingual]; Simvastatin 20 MG Oral Tablet; Amlodipine 5 MG Oral Tablet; Clopidogrel 75 MG Oral Tablet. Observations: Myocardial Infarction.",1
d83dbc6b-ac49-41c2-b3ae-0f19c39ceec5,"Demographics: born 1967-01-31, gender F, race white, ethnicity irish.",0
795f0e05-bceb-4c3a-8ad0-c9ddc34cf623,"Demographics: born 1966-07-03, gender F, race hispanic, ethnicity mexican. Encounters: Outpatient Encounter; Encounter for 'check-up'. Medications: 24 HR Metformin hydrochloride 500 MG Extended Release Oral Tablet; Jolivette 28 Day Pack. Procedures: Documentation of current medications; Colonoscopy. Observations: Hemoglobin A1c/Hemoglobin.total in Blood: 7.5 %; Body Height: 163.96 cm; Body Weight: 97.01 kg; Body Mass Index: 36.08 kg/m2; Systolic Blood Pressure: 111.0 mmHg; Diastolic Blood Pressure: 84.0 mmHg; Glucose: 121.0 mg/dL; Urea Nitrogen: 14.0 mg/dL; Creatinine: 1.0 mg/dL; Calcium: 10.03 mg/dL; Sodium: 140.0 mmol/L; Potassium: 4.07 mmol/L; Chloride: 106.0 mmol/L; Carbon Dioxide: 22.0 mmol/L; Total Cholesterol: 218.0 mg/dL; Triglycerides: 193.0 mg/dL; Low Density Lipoprotein Cholesterol: 130.0 mg/dL; High Density Lipoprotein Cholesterol: 49.0 mg/dL; Microalbumin Creatine Ratio: 10.0 mg/g; Estimated Glomerular Filtration Rate: 60.0 mL/min/{1.73_m2}; Hemoglobin A1c/Hemoglobin.total in Blood: 7.8 %; Body Weight: 100.52 kg; Body Mass Index: 37.39 kg/m2; Systolic Blood Pressure: 134.0 mmHg; Diastolic Blood Pressure: 75.0 mmHg; Glucose: 101.0 mg/dL; Urea Nitrogen: 11.0 mg/dL; Calcium: 9.96 mg/dL; Sodium: 143.0 mmol/L; Potassium: 4.42 mmol/L; Carbon Dioxide: 25.0 mmol/L; Total Cholesterol: 233.0 mg/dL; Triglycerides: 171.0 mg/dL; Low Density Lipoprotein Cholesterol: 144.0 mg/dL; High Density Lipoprotein Cholesterol: 54.0 mg/dL; Microalbumin Creatine Ratio: 14.0 mg/g; Hemoglobin A1c/Hemoglobin.total in Blood: 8.2 %; Body Weight: 103.83 kg; Body Mass Index: 38.62 kg/m2; Systolic Blood Pressure: 123.0 mmHg. Immunizations: Influenza seasonal injectable preservative free.",1
2612bff0-51e6-45a9-b0ec-b97b4fb9d30d,"Demographics: born 1956-02-01, gender M, race white, ethnicity american. Encounters: Emergency room admission; Encounter for 'check-up'; Outpatient Encounter. Medications: diphenhydrAMINE Hydrochloride 25 MG Oral Tablet; Penicillin V Potassium 250 MG; Ibuprofen 200 MG Oral Tablet. Procedures: Suture open wound; Documentation of current medications. Observations: Hemoglobin A1c/Hemoglobin.total in Blood: 5.9 %; Body Height: 173.55 cm; Body Weight: 124.41 kg; Body Mass Index: 41.31 kg/m2; Systolic Blood Pressure: 109.0 mmHg; Diastolic Blood Pressure: 76.0 mmHg; Glucose: 79.0 mg/dL; Urea Nitrogen: 11.0 mg/dL; Creatinine: 1.0 mg/dL; Calcium: 8.67 mg/dL; Sodium: 144.0 mmol/L; Potassium: 4.24 mmol/L; Chloride: 101.0 mmol/L; Carbon Dioxide: 27.0 mmol/L; Systolic Blood Pressure: 123.0 mmHg; Diastolic Blood Pressure: 89.0 mmHg; Glucose: 86.0 mg/dL; Urea Nitrogen: 19.0 mg/dL; Calcium: 9.27 mg/dL; Potassium: 3.88 mmol/L; Chloride: 107.0 mmol/L; Carbon Dioxide: 22.0 mmol/L; Hemoglobin A1c/Hemoglobin.total in Blood: 6.3 %; Systolic Blood Pressure: 116.0 mmHg; Diastolic Blood Pressure: 79.0 mmHg; Glucose: 69.0 mg/dL; Calcium: 9.28 mg/dL; Sodium: 138.0 mmol/L; Potassium: 4.71 mmol/L; Chloride: 105.0 mmol/L; Carbon Dioxide: 20.0 mmol/L; Total Cholesterol: 182.0 mg/dL; Triglycerides: 149.0 mg/dL; Low Density Lipoprotein Cholesterol: 79.0 mg/dL; High Density Lipoprotein Cholesterol: 73.0 mg/dL; Hemoglobin A1c/Hemoglobin.total in Blood: 6.4 %; Systolic Blood Pressure: 103.0 mmHg; Diastolic Blood Pressure: 70.0 mmHg; Glucose: 71.0 mg/dL; Urea Nitrogen: 7.0 mg/dL. Allergies: Allergy to tree pollen; Allergy to grass pollen; Dander (animal) allergy; House dust mite allergy; Allergy to mould. Immunizations: Influenza seasonal injectable preservative free; zoster; Td (adult) preservative free.",0
b101ee81-7ff9-4fb2-960e-abb5a88f6f52,"Demographics: born 1953-07-20, gender F, race white, ethnicity scottish. Encounters: Outpatient Encounter; Encounter for 'check-up'; Patient encounter procedure; Emergency Encounter. Medications: 24 HR Metformin hydrochloride 500 MG Extended Release Oral Tablet; 3 ML liraglutide 6 MG/ML Pen Injector; Clopidogrel 75 MG Oral Tablet; Alteplase 1 MG/ML Injectable Solution. Procedures: Colonoscopy; Replacement of contraceptive intrauterine device; Documentation of current medications; Percutaneous mechanical thrombectomy of portal vein using fluoroscopic guidance. Observations: Hemoglobin A1c/Hemoglobin.total in Blood: 8.7 %; Body Height: 159.03 cm; Body Weight: 108.34 kg; Body Mass Index: 42.84 kg/m2; Systolic Blood Pressure: 195.0 mmHg; Diastolic Blood Pressure: 102.0 mmHg; Glucose: 178.0 mg/dL; Urea Nitrogen: 8.0 mg/dL; Creatinine: 1.0 mg/dL; Calcium: 10.05 mg/dL; Sodium: 139.0 mmol/L; Potassium: 4.05 mmol/L; Chloride: 109.0 mmol/L; Carbon Dioxide: 21.0 mmol/L; Total Cholesterol: 264.0 mg/dL; Triglycerides: 548.0 mg/dL; Low Density Lipoprotein Cholesterol: 135.0 mg/dL; High Density Lipoprotein Cholesterol: 19.0 mg/dL; Microalbumin Creatine Ratio: 1.0 mg/g; Estimated Glomerular Filtration Rate: 60.0 mL/min/{1.73_m2}; Hemoglobin A1c/Hemoglobin.total in Blood: 9.2 %; Systolic Blood Pressure: 163.0 mmHg; Diastolic Blood Pressure: 94.0 mmHg; Glucose: 177.0 mg/dL; Urea Nitrogen: 10.0 mg/dL; Calcium: 10.13 mg/dL; Sodium: 141.0 mmol/L; Potassium: 4.49 mmol/L; Carbon Dioxide: 22.0 mmol/L; Total Cholesterol: 239.0 mg/dL; Triglycerides: 410.0 mg/dL; Low Density Lipoprotein Cholesterol: 125.0 mg/dL; High Density Lipoprotein Cholesterol: 32.0 mg/dL; Microalbumin Creatine Ratio: 14.0 mg/g; Systolic Blood Pressure: 189.0 mmHg; Diastolic Blood Pressure: 112.0 mmHg; Glucose: 171.0 mg/dL; Urea Nitrogen: 15.0 mg/dL; Calcium: 9.69 mg/dL; Sodium: 144.0 mmol/L. Immunizations: Influenza seasonal injectable preservative free; zoster; Td (adult) preservative free.",1
e6c52b36-fbb0-45d1-bdcc-f44002f18f70,"Demographics: born 1970-11-17, gender M, race black, ethnicity dominican. Encounters: Outpatient Encounter; Encounter for symptom. Medications: Penicillin V Potassium 500 MG; Acetaminophen 160 MG. Procedures: Documentation of current medications; Measurement of respiratory function (procedure). Observations: Body Height: 169.42 cm; Body Weight: 104.27 kg; Body Mass Index: 36.33 kg/m2; Systolic Blood Pressure: 115.0 mmHg; Diastolic Blood Pressure: 85.0 mmHg; Body Weight: 105.7 kg; Body Mass Index: 36.83 kg/m2; Systolic Blood Pressure: 105.0 mmHg; Diastolic Blood Pressure: 76.0 mmHg; Total Cholesterol: 185.0 mg/dL; Triglycerides: 130.0 mg/dL; Low Density Lipoprotein Cholesterol: 88.0 mg/dL; High Density Lipoprotein Cholesterol: 71.0 mg/dL; Systolic Blood Pressure: 137.0 mmHg; Body Weight: 109.21 kg; Body Mass Index: 38.05 kg/m2; Systolic Blood Pressure: 136.0 mmHg; Diastolic Blood Pressure: 79.0 mmHg; Body Weight: 111.71 kg; Body Mass Index: 38.92 kg/m2; Systolic Blood Pressure: 131.0 mmHg; Diastolic Blood Pressure: 75.0 mmHg; Total Cholesterol: 175.0 mg/dL; Triglycerides: 146.0 mg/dL; Low Density Lipoprotein Cholesterol: 84.0 mg/dL; High Density Lipoprotein Cholesterol: 61.0 mg/dL. Immunizations: Influenza seasonal injectable preservative free; Td (adult) preservative free.",0
f2e3b769-af28-41be-931f-66c3ad5a43a0,"Demographics: born 1953-07-01, gender M, race hispanic, ethnicity puerto_rican. Encounters: Outpatient Encounter; Encounter for symptom; Encounter for 'check-up'. Medications: Penicillin V Potassium 250 MG; Naproxen sodium 220 MG [Aleve]. Procedures: Colonoscopy; Documentation of current medications. Observations: Hemoglobin A1c/Hemoglobin.total in Blood: 6.0 %; Body Height: 179.09 cm; Body Weight: 115.73 kg; Body Mass Index: 36.08 kg/m2; Systolic Blood Pressure: 138.0 mmHg; Diastolic Blood Pressure: 72.0 mmHg; Glucose: 88.0 mg/dL; Urea Nitrogen: 15.0 mg/dL; Creatinine: 1.0 mg/dL; Calcium: 9.66 mg/dL; Sodium: 143.0 mmol/L; Potassium: 4.33 mmol/L; Chloride: 101.0 mmol/L; Carbon Dioxide: 27.0 mmol/L; Oral temperature: 38.0 Cel; Systolic Blood Pressure: 134.0 mmHg; Diastolic Blood Pressure: 88.0 mmHg; Glucose: 72.0 mg/dL; Urea Nitrogen: 11.0 mg/dL; Calcium: 8.97 mg/dL; Sodium: 144.0 mmol/L; Potassium: 3.82 mmol/L; Chloride: 104.0 mmol/L; Carbon Dioxide: 22.0 mmol/L; Hemoglobin A1c/Hemoglobin.total in Blood: 6.1 %; Systolic Blood Pressure: 121.0 mmHg; Diastolic Blood Pressure: 78.0 mmHg; Glucose: 93.0 mg/dL; Urea Nitrogen: 8.0 mg/dL; Calcium: 9.77 mg/dL; Potassium: 4.19 mmol/L; Chloride: 108.0 mmol/L; Carbon Dioxide: 29.0 mmol/L; Hemoglobin A1c/Hemoglobin.total in Blood: 6.4 %; Body Weight: 113.83 kg; Body Mass Index: 35.49 kg/m2; Systolic Blood Pressure: 136.0 mmHg; Diastolic Blood Pressure: 76.0 mmHg; Urea Nitrogen: 13.0 mg/dL; Calcium: 9.72 mg/dL. Immunizations: Influenza seasonal injectable preservative free; zoster; Td (adult) preservative free.",0
d32d1f16-1d60-4b2f-90f1-ab570414a395,"Demographics: born 1937-12-26, gender F, race hispanic, ethnicity puerto_rican. Encounters: Death Certification. Medications: Penicillin V Potassium 250 MG; Fluticasone propionate 0.25 MG/ACTUAT / salmeterol 0.05 MG/ACTUAT [Advair]; 24 HR Metformin hydrochloride 500 MG Extended Release Oral Tablet; Naproxen sodium 220 MG [Aleve]. Observations: Chronic obstructive bronchitis (disorder).",1
5165352c-5962-4709-9ee3-b9690e3b22e0,"Demographics: born 1976-08-20, gender M, race white, ethnicity polish. Encounters: Outpatient Encounter; Encounter for symptom; Domiciliary or rest home patient evaluation and management. Medications: diphenhydrAMINE Hydrochloride 25 MG Oral Tablet; Dextromethorphan Hydrobromide 1 MG/ML. Procedures: Documentation of current medications; Measurement of respiratory function (procedure); Information gathering (procedure). Observations: Hemoglobin A1c/Hemoglobin.total in Blood: 6.1 %; Body Height: 180.78 cm; Body Weight: 98.91 kg; Body Mass Index: 30.26 kg/m2; Systolic Blood Pressure: 115.0 mmHg; Diastolic Blood Pressure: 85.0 mmHg; Glucose: 80.0 mg/dL; Urea Nitrogen: 17.0 mg/dL; Creatinine: 1.0 mg/dL; Calcium: 9.19 mg/dL; Sodium: 142.0 mmol/L; Potassium: 4.49 mmol/L; Chloride: 108.0 mmol/L; Carbon Dioxide: 23.0 mmol/L; Hemoglobin A1c/Hemoglobin.total in Blood: 5.9 %; Body Weight: 102.07 kg; Body Mass Index: 31.23 kg/m2; Systolic Blood Pressure: 109.0 mmHg; Diastolic Blood Pressure: 78.0 mmHg; Glucose: 83.0 mg/dL; Calcium: 9.31 mg/dL; Sodium: 137.0 mmol/L; Potassium: 4.56 mmol/L; Chloride: 107.0 mmol/L; Carbon Dioxide: 27.0 mmol/L; Total Cholesterol: 200.0 mg/dL; Triglycerides: 150.0 mg/dL; Low Density Lipoprotein Cholesterol: 110.0 mg/dL; High Density Lipoprotein Cholesterol: 60.0 mg/dL; Sexual orientation: heterosexual {nominal}; HIV status: not HIV positive {nominal}; Abuse Status [OMAHA]: Severe signs/symptoms {nominal}; Housing status: Patient is homeless {nominal}; Are you covered by health insurance or some other kind of health care plan [PhenX]: No {nominal}; History of Hospitalizations+​Outpatient visits: 2.0 {count}; Hemoglobin A1c/Hemoglobin.total in Blood: 6.2 %; Body Weight: 106.96 kg; Body Mass Index: 32.73 kg/m2; Diastolic Blood Pressure: 84.0 mmHg; Glucose: 86.0 mg/dL. Immunizations: Influenza seasonal injectable preservative free.",0
ce788222-4660-457f-8b2e-15a6cc53298d,"Demographics: born 1963-09-25, gender F, race hispanic, ethnicity puerto_rican. Encounters: Outpatient Encounter; Encounter for symptom; Encounter for 'check-up'; Patient encounter procedure. Medications: Nitroglycerin 0.4 MG/ACTUAT [Nitrolingual]; Simvastatin 20 MG Oral Tablet; Amlodipine 5 MG Oral Tablet; Clopidogrel 75 MG Oral Tablet; 24 HR Metformin hydrochloride 500 MG Extended Release Oral Tablet; Acetaminophen 160 MG. Procedures: Documentation of current medications; Colonoscopy; Replacement of contraceptive intrauterine device. Observations: Hemoglobin A1c/Hemoglobin.total in Blood: 7.7 %; Body Height: 169.54 cm; Body Weight: 106.1 kg; Body Mass Index: 36.91 kg/m2; Systolic Blood Pressure: 131.0 mmHg; Diastolic Blood Pressure: 87.0 mmHg; Glucose: 102.0 mg/dL; Urea Nitrogen: 14.0 mg/dL; Creatinine: 1.0 mg/dL; Calcium: 9.38 mg/dL; Sodium: 136.0 mmol/L; Potassium: 4.72 mmol/L; Chloride: 109.0 mmol/L; Carbon Dioxide: 25.0 mmol/L; Total Cholesterol: 235.0 mg/dL; Triglycerides: 191.0 mg/dL; Low Density Lipoprotein Cholesterol: 141.0 mg/dL; High Density Lipoprotein Cholesterol: 55.0 mg/dL; Microalbumin Creatine Ratio: 11.0 mg/g; Estimated Glomerular Filtration Rate: 60.0 mL/min/{1.73_m2}; Hemoglobin A1c/Hemoglobin.total in Blood: 8.0 %; Body Weight: 109.47 kg; Body Mass Index: 38.08 kg/m2; Systolic Blood Pressure: 121.0 mmHg; Diastolic Blood Pressure: 79.0 mmHg; Glucose: 196.0 mg/dL; Calcium: 9.98 mg/dL; Sodium: 141.0 mmol/L; Potassium: 3.99 mmol/L; Chloride: 102.0 mmol/L; Carbon Dioxide: 26.0 mmol/L; Total Cholesterol: 240.0 mg/dL; Triglycerides: 228.0 mg/dL; Low Density Lipoprotein Cholesterol: 174.0 mg/dL; High Density Lipoprotein Cholesterol: 20.0 mg/dL; Microalbumin Creatine Ratio: 0.0 mg/g; Estimated Glomerular Filtration Rate: 59.0 mL/min/{1.73_m2}; Oral temperature: 37.0 Cel; Systolic Blood Pressure: 104.0 mmHg; Diastolic Blood Pressure: 82.0 mmHg. Allergies: Allergy to soya. Immunizations: Influenza seasonal injectable preservative free; Td (adult) preservative free.",1
f1edb263-9652-455e-b66c-f55dcf6e0b77,"Demographics: born 1967-04-18, gender F, race white, ethnicity italian. Encounters: Patient encounter procedure; Outpatient Encounter; Encounter for symptom; Encounter for 'check-up'. Medications: Penicillin V Potassium 250 MG; Penicillin V Potassium 500 MG; Acetaminophen 160 MG. Procedures: Intramuscular injection; Documentation of current medications; Measurement of respiratory function (procedure); Colonoscopy. Observations: Body Height: 168.4 cm; Body Weight: 90.83 kg; Body Mass Index: 32.03 kg/m2; Systolic Blood Pressure: 192.0 mmHg; Diastolic Blood Pressure: 98.0 mmHg; Estimated Glomerular Filtration Rate: 60.0 mL/min/{1.73_m2}; Body Weight: 93.82 kg; Body Mass Index: 33.08 kg/m2; Systolic Blood Pressure: 172.0 mmHg; Diastolic Blood Pressure: 91.0 mmHg; Total Cholesterol: 185.0 mg/dL; Triglycerides: 130.0 mg/dL; Low Density Lipoprotein Cholesterol: 99.0 mg/dL; High Density Lipoprotein Cholesterol: 60.0 mg/dL; Body Weight: 96.21 kg; Body Mass Index: 33.93 kg/m2; Systolic Blood Pressure: 159.0 mmHg; Diastolic Blood Pressure: 93.0 mmHg. Immunizations: Influenza seasonal injectable preservative free.",0
586617f9-4b68-4428-ba3e-ffe0cf383f03,"Demographics: born 1957-11-12, gender F, race hispanic, ethnicity puerto_rican. Encounters: Outpatient Encounter; Encounter for 'check-up'; Emergency room admission; Encounter for symptom. Medications: Penicillin V Potassium 500 MG; Ibuprofen 200 MG Oral Tablet; Acetaminophen 160 MG. Procedures: Colonoscopy; Documentation of current medications. Observations: Hemoglobin A1c/Hemoglobin.total in Blood: 6.2 %; Body Height: 167.76 cm; Body Weight: 111.02 kg; Body Mass Index: 39.45 kg/m2; Systolic Blood Pressure: 110.0 mmHg; Diastolic Blood Pressure: 81.0 mmHg; Glucose: 88.0 mg/dL; Urea Nitrogen: 11.0 mg/dL; Creatinine: 1.0 mg/dL; Calcium: 9.88 mg/dL; Sodium: 137.0 mmol/L; Potassium: 4.18 mmol/L; Chloride: 108.0 mmol/L; Carbon Dioxide: 21.0 mmol/L; Hemoglobin A1c/Hemoglobin.total in Blood: 6.0 %; Systolic Blood Pressure: 124.0 mmHg; Diastolic Blood Pressure: 77.0 mmHg; Glucose: 73.0 mg/dL; Urea Nitrogen: 16.0 mg/dL; Calcium: 9.37 mg/dL; Sodium: 143.0 mmol/L; Potassium: 4.02 mmol/L; Chloride: 110.0 mmol/L; Carbon Dioxide: 25.0 mmol/L; Hemoglobin A1c/Hemoglobin.total in Blood: 6.3 %; Systolic Blood Pressure: 121.0 mmHg; Diastolic Blood Pressure: 80.0 mmHg; Glucose: 97.0 mg/dL; Urea Nitrogen: 15.0 mg/dL; Calcium: 9.71 mg/dL; Sodium: 142.0 mmol/L; Potassium: 4.4 mmol/L; Chloride: 102.0 mmol/L; Carbon Dioxide: 22.0 mmol/L; Hemoglobin A1c/Hemoglobin.total in Blood: 6.1 %; Systolic Blood Pressure: 139.0 mmHg; Diastolic Blood Pressure: 87.0 mmHg; Glucose: 66.0 mg/dL; Calcium: 9.87 mg/dL; Sodium: 140.0 mmol/L. Immunizations: Influenza seasonal injectable preservative free.",0
1fe3408b-7f69-41da-91c0-42b9b8b9f61e,"Demographics: born 2002-02-03, gender F, race white, ethnicity italian. Encounters: Encounter for symptom; Outpatient Encounter; Allergic disorder initial assessment; Outpatient procedure. Medications: Penicillin V Potassium 250 MG; Loratadine 5 MG Chewable Tablet; 0.3 ML EPINEPHrine 0.5 MG/ML Auto-Injector; Acetaminophen 160 MG. Procedures: Documentation of current medications; Measurement of respiratory function (procedure); Allergy screening test; Subcutaneous immunotherapy. Observations: Body Height: 145.62 cm; Body Weight: 32.37 kg; Body Mass Index: 15.27 kg/m2; Systolic Blood Pressure: 112.0 mmHg; Diastolic Blood Pressure: 88.0 mmHg; Body Height: 152.16 cm; Body Weight: 37.28 kg; Body Mass Index: 16.1 kg/m2; Systolic Blood Pressure: 120.0 mmHg; Diastolic Blood Pressure: 70.0 mmHg; Oral temperature: 37.0 Cel; Body Height: 160.41 cm; Body Weight: 42.97 kg; Body Mass Index: 16.7 kg/m2; Systolic Blood Pressure: 119.0 mmHg; Diastolic Blood Pressure: 71.0 mmHg; Body Height: 167.29 cm; Body Weight: 48.1 kg; Body Mass Index: 17.19 kg/m2; Systolic Blood Pressure: 115.0 mmHg; Diastolic Blood Pressure: 74.0 mmHg; Peanut IgE Ab in Serum: 0.2 kU/L; Walnut IgE Ab in Serum: 0.07 kU/L; Codfish IgE Ab in Serum: 0.01 kU/L; Shrimp IgE Ab in Serum: 0.1 kU/L; Wheat IgE Ab in Serum: 0.2 kU/L; Egg white IgE Ab in Serum: 0.26 kU/L; Soybean IgE Ab in Serum: 0.05 kU/L; Cow milk IgE Ab in Serum: 0.05 kU/L; White oak IgE Ab in Serum: 0.09 kU/L; Common Ragweed IgE Ab in Serum: 0.01 kU/L; Cat dander IgE Ab in Serum: 0.01 kU/L; American house dust mite IgE Ab in Serum: 0.21 kU/L; Cladosporium herbarum IgE Ab in Serum: 0.31 kU/L; Honey bee IgE Ab in Serum: 0.33 kU/L; Latex IgE Ab in Serum: 0.18 kU/L; Body Height: 171.31 cm; Body Weight: 52.49 kg; Body Mass Index: 17.89 kg/m2; Systolic Blood Pressure: 135.0 mmHg. Immunizations: Influenza seasonal injectable preservative free; meningococcal MCV4P; Tdap; HPV quadrivalent.",0
ca234e5a-91d5-4086-9b78-062b50ec09ce,"Demographics: born 1933-04-06, gender M, race hispanic, ethnicity puerto_rican. Encounters: Death Certification. Medications: Penicillin V Potassium 250 MG; Meperidine Hydrochloride 50 MG Oral Tablet; 24 HR Metformin hydrochloride 500 MG Extended Release Oral Tablet. Observations: Myocardial Infarction.",1
241d31b9-f17a-4e3d-9a51-1f5c57481ca7,"Demographics: born 1949-07-19, gender F, race white, ethnicity swedish. Encounters: Outpatient Encounter; Encounter for 'check-up'. Medications: Penicillin V Potassium 250 MG. Procedures: Documentation of current medications; Colonoscopy. Observations: Hemoglobin A1c/Hemoglobin.total in Blood: 6.1 %; Body Height: 162.02 cm; Body Weight: 131.67 kg; Body Mass Index: 50.16 kg/m2; Systolic Blood Pressure: 178.0 mmHg; Diastolic Blood Pressure: 91.0 mmHg; Glucose: 69.0 mg/dL; Urea Nitrogen: 12.0 mg/dL; Creatinine: 1.0 mg/dL; Calcium: 9.58 mg/dL; Sodium: 143.0 mmol/L; Potassium: 4.13 mmol/L; Chloride: 108.0 mmol/L; Carbon Dioxide: 23.0 mmol/L; Total Cholesterol: 161.0 mg/dL; Triglycerides: 128.0 mg/dL; Low Density Lipoprotein Cholesterol: 67.0 mg/dL; High Density Lipoprotein Cholesterol: 68.0 mg/dL; Estimated Glomerular Filtration Rate: 60.0 mL/min/{1.73_m2}; Hemoglobin A1c/Hemoglobin.total in Blood: 6.0 %; Body Weight: 130.09 kg; Body Mass Index: 49.56 kg/m2; Systolic Blood Pressure: 190.0 mmHg; Diastolic Blood Pressure: 111.0 mmHg; Glucose: 74.0 mg/dL; Urea Nitrogen: 19.0 mg/dL; Calcium: 8.78 mg/dL; Sodium: 137.0 mmol/L; Potassium: 4.74 mmol/L; Hemoglobin A1c/Hemoglobin.total in Blood: 6.3 %; Body Weight: 128.14 kg; Body Mass Index: 48.81 kg/m2; Systolic Blood Pressure: 171.0 mmHg; Diastolic Blood Pressure: 107.0 mmHg; Glucose: 97.0 mg/dL; Urea Nitrogen: 18.0 mg/dL; Calcium: 8.74 mg/dL; Sodium: 138.0 mmol/L; Potassium: 3.78 mmol/L; Chloride: 111.0 mmol/L. Immunizations: Influenza seasonal injectable preservative free; Td (adult) preservative free; Pneumococcal conjugate PCV 13; pneumococcal polysaccharide vaccine 23 valent.",0
c6b17de5-09a5-4e6d-a10c-768c26e7338b,"Demographics: born 1932-06-11, gender F, race white, ethnicity french_canadian. Encounters: Outpatient Encounter; Encounter for symptom. Medications: Penicillin V Potassium 250 MG; Penicillin V Potassium 500 MG; Clopidogrel 75 MG Oral Tablet; Simvastatin 20 MG Oral Tablet; Amlodipine 5 MG Oral Tablet; Nitroglycerin 0.4 MG/ACTUAT [Nitrolingual]; Galantamine 4 MG [Razadyne]. Procedures: Documentation of current medications. Observations: Total score [MMSE]: 20.0 (score); Body Height: 158.33 cm; Body Weight: 71.95 kg; Body Mass Index: 28.7 kg/m2; Systolic Blood Pressure: 116.0 mmHg; Diastolic Blood Pressure: 82.0 mmHg; Total Cholesterol: 200.0 mg/dL; Triglycerides: 101.0 mg/dL; Low Density Lipoprotein Cholesterol: 105.0 mg/dL; High Density Lipoprotein Cholesterol: 74.0 mg/dL; Oral temperature: 37.0 Cel; Body Weight: 69.97 kg; Body Mass Index: 27.91 kg/m2; Systolic Blood Pressure: 135.0 mmHg; Diastolic Blood Pressure: 87.0 mmHg; Systolic Blood Pressure: 139.0 mmHg; Diastolic Blood Pressure: 80.0 mmHg; Body Weight: 68.53 kg; Body Mass Index: 27.34 kg/m2; Systolic Blood Pressure: 132.0 mmHg; Diastolic Blood Pressure: 81.0 mmHg; Body Weight: 66.63 kg; Body Mass Index: 26.58 kg/m2; Systolic Blood Pressure: 115.0 mmHg; Total Cholesterol: 189.0 mg/dL; Triglycerides: 144.0 mg/dL; Low Density Lipoprotein Cholesterol: 88.0 mg/dL; High Density Lipoprotein Cholesterol: 72.0 mg/dL; Body Weight: 64.79 kg; Body Mass Index: 25.84 kg/m2; Systolic Blood Pressure: 121.0 mmHg; Diastolic Blood Pressure: 71.0 mmHg; Body Weight: 63.41 kg; Body Mass Index: 25.3 kg/m2; Systolic Blood Pressure: 130.0 mmHg; Diastolic Blood Pressure: 84.0 mmHg; Body Weight: 61.53 kg; Body Mass Index: 24.55 kg/m2; Systolic Blood Pressure: 134.0 mmHg; Diastolic Blood Pressure: 78.0 mmHg. Immunizations: Influenza seasonal injectable preservative free; Td (adult) preservative free.",0
a915e694-80cc-4a60-b475-a0f83f6ed1e5,"Demographics: born 1965-04-14, gender M, race white, ethnicity irish. Encounters: Outpatient Encounter; Emergency room admission; Encounter for 'check-up'; Encounter for symptom. Medications: Penicillin V Potassium 250 MG; Penicillin V Potassium 500 MG; Naproxen sodium 220 MG Oral Tablet. Procedures: Documentation of current medications. Observations: Body Height: 170.58 cm; Body Weight: 118.78 kg; Body Mass Index: 40.82 kg/m2; Systolic Blood Pressure: 135.0 mmHg; Diastolic Blood Pressure: 73.0 mmHg; Total Cholesterol: 170.0 mg/dL; Triglycerides: 133.0 mg/dL; Low Density Lipoprotein Cholesterol: 83.0 mg/dL; High Density Lipoprotein Cholesterol: 60.0 mg/dL; Body Weight: 122.58 kg; Body Mass Index: 42.13 kg/m2; Systolic Blood Pressure: 106.0 mmHg; Diastolic Blood Pressure: 84.0 mmHg; Oral temperature: 38.0 Cel; Systolic Blood Pressure: 127.0 mmHg; Diastolic Blood Pressure: 70.0 mmHg; Total Cholesterol: 199.0 mg/dL; Triglycerides: 125.0 mg/dL; Low Density Lipoprotein Cholesterol: 94.0 mg/dL; High Density Lipoprotein Cholesterol: 80.0 mg/dL. Immunizations: Influenza seasonal injectable preservative free; Td (adult) preservative free.",0
1bd4b065-1637-42f5-9242-485055711839,"Demographics: born 1949-07-11, gender M, race white, ethnicity italian. Encounters: Encounter for symptom; Asthma follow-up; Outpatient Encounter; Encounter for 'check-up'; Emergency Encounter. Medications: 120 ACTUAT Fluticasone propionate 0.044 MG/ACTUAT Metered Dose Inhaler; 200 ACTUAT Albuterol 0.09 MG/ACTUAT Metered Dose Inhaler; 24 HR Metformin hydrochloride 500 MG Extended Release Oral Tablet; insulin human isophane 70 UNT/ML / Regular Insulin Human 30 UNT/ML Injectable Suspension [Humulin]; Amoxicillin 500 MG Oral Tablet; Acetaminophen 325 MG Oral Tablet; Clopidogrel 75 MG Oral Tablet; Alteplase 1 MG/ML Injectable Solution. Procedures: Colonoscopy; Documentation of current medications; Percutaneous mechanical thrombectomy of portal vein using fluoroscopic guidance. Observations: Hemoglobin A1c/Hemoglobin.total in Blood: 4.0 %; Body Height: 180.19 cm; Body Weight: 109.77 kg; Body Mass Index: 33.81 kg/m2; Systolic Blood Pressure: 107.0 mmHg; Diastolic Blood Pressure: 72.0 mmHg; Glucose: 104.0 mg/dL; Urea Nitrogen: 10.0 mg/dL; Creatinine: 1.0 mg/dL; Calcium: 9.58 mg/dL; Sodium: 143.0 mmol/L; Potassium: 3.77 mmol/L; Chloride: 108.0 mmol/L; Carbon Dioxide: 24.0 mmol/L; Total Cholesterol: 222.0 mg/dL; Triglycerides: 171.0 mg/dL; Low Density Lipoprotein Cholesterol: 135.0 mg/dL; High Density Lipoprotein Cholesterol: 52.0 mg/dL; Microalbumin Creatine Ratio: 29.0 mg/g; Estimated Glomerular Filtration Rate: 60.0 mL/min/{1.73_m2}; Hemoglobin A1c/Hemoglobin.total in Blood: 3.8 %; Body Weight: 108.35 kg; Body Mass Index: 33.37 kg/m2; Systolic Blood Pressure: 119.0 mmHg; Diastolic Blood Pressure: 81.0 mmHg; Glucose: 123.0 mg/dL; Urea Nitrogen: 11.0 mg/dL; Calcium: 8.89 mg/dL; Sodium: 141.0 mmol/L; Potassium: 5.18 mmol/L; Chloride: 106.0 mmol/L; Carbon Dioxide: 21.0 mmol/L; Total Cholesterol: 212.0 mg/dL; Triglycerides: 165.0 mg/dL; Low Density Lipoprotein Cholesterol: 127.0 mg/dL; Microalbumin Creatine Ratio: 22.0 mg/g; Systolic Blood Pressure: 108.0 mmHg; Diastolic Blood Pressure: 74.0 mmHg; Glucose: 124.0 mg/dL; Urea Nitrogen: 15.0 mg/dL. Immunizations: Influenza seasonal injectable preservative free; Td (adult) preservative free; zoster; Pneumococcal conjugate PCV 13; pneumococcal polysaccharide vaccine 23 valent.",1
8a3a8f89-9b8d-4392-b80f-cc83a343f273,"Demographics: born 1964-02-18, gender F, race white, ethnicity scottish. Encounters: Outpatient Encounter; Encounter for symptom; Encounter for 'check-up'. Medications: Chlorpheniramine 2 MG Chewable Tablet; Penicillin V Potassium 500 MG. Procedures: Documentation of current medications; Throat culture (procedure); Colonoscopy. Observations: Body Height: 164.15 cm; Body Weight: 96.02 kg; Body Mass Index: 35.63 kg/m2; Systolic Blood Pressure: 183.0 mmHg; Diastolic Blood Pressure: 97.0 mmHg; Total Cholesterol: 176.0 mg/dL; Triglycerides: 138.0 mg/dL; Low Density Lipoprotein Cholesterol: 86.0 mg/dL; High Density Lipoprotein Cholesterol: 62.0 mg/dL; Estimated Glomerular Filtration Rate: 60.0 mL/min/{1.73_m2}; Oral temperature: 38.0 Cel; Body Weight: 98.3 kg; Body Mass Index: 36.48 kg/m2; Systolic Blood Pressure: 193.0 mmHg; Diastolic Blood Pressure: 93.0 mmHg; Oral temperature: 38.19 Cel; Body Weight: 99.5 kg; Body Mass Index: 36.93 kg/m2; Systolic Blood Pressure: 154.0 mmHg; Diastolic Blood Pressure: 105.0 mmHg; Total Cholesterol: 171.0 mg/dL; Triglycerides: 142.0 mg/dL; Low Density Lipoprotein Cholesterol: 81.0 mg/dL; High Density Lipoprotein Cholesterol: 61.0 mg/dL; Diastolic Blood Pressure: 118.0 mmHg. Allergies: Allergy to peanuts; Allergy to tree pollen; Allergy to grass pollen; Dander (animal) allergy; House dust mite allergy; Allergy to mould; Latex allergy. Immunizations: Influenza seasonal injectable preservative free; Td (adult) preservative free.",0
2454969d-cd36-40a2-a620-93756413b14a,"Demographics: born 1958-07-17, gender F, race white, ethnicity italian. Encounters: Encounter for 'check-up'; Outpatient Encounter; Encounter for symptom; Emergency room admission. Medications: Penicillin V Potassium 250 MG; 24 HR Metformin hydrochloride 500 MG Extended Release Oral Tablet; Clopidogrel 75 MG Oral Tablet; Simvastatin 20 MG Oral Tablet; Amlodipine 5 MG Oral Tablet; Nitroglycerin 0.4 MG/ACTUAT [Nitrolingual]; Naproxen sodium 220 MG Oral Tablet. Procedures: Colonoscopy; Documentation of current medications; Suture open wound; Injection of tetanus antitoxin. Observations: Hemoglobin A1c/Hemoglobin.total in Blood: 7.1 %; Body Height: 164.48 cm; Body Weight: 93.1 kg; Body Mass Index: 34.41 kg/m2; Systolic Blood Pressure: 142.0 mmHg; Diastolic Blood Pressure: 104.0 mmHg; Glucose: 123.0 mg/dL; Urea Nitrogen: 8.0 mg/dL; Creatinine: 1.0 mg/dL; Calcium: 9.82 mg/dL; Sodium: 142.0 mmol/L; Potassium: 4.59 mmol/L; Chloride: 106.0 mmol/L; Carbon Dioxide: 28.0 mmol/L; Total Cholesterol: 209.0 mg/dL; Triglycerides: 167.0 mg/dL; Low Density Lipoprotein Cholesterol: 120.0 mg/dL; High Density Lipoprotein Cholesterol: 55.0 mg/dL; Microalbumin Creatine Ratio: 15.0 mg/g; Estimated Glomerular Filtration Rate: 60.0 mL/min/{1.73_m2}; Systolic Blood Pressure: 186.0 mmHg; Diastolic Blood Pressure: 114.0 mmHg; Glucose: 112.0 mg/dL; Urea Nitrogen: 14.0 mg/dL; Calcium: 9.14 mg/dL; Sodium: 143.0 mmol/L; Potassium: 4.71 mmol/L; Chloride: 110.0 mmol/L; Carbon Dioxide: 26.0 mmol/L; Total Cholesterol: 204.0 mg/dL; Triglycerides: 165.0 mg/dL; Low Density Lipoprotein Cholesterol: 115.0 mg/dL; High Density Lipoprotein Cholesterol: 56.0 mg/dL; Microalbumin Creatine Ratio: 3.0 mg/g; Systolic Blood Pressure: 165.0 mmHg; Diastolic Blood Pressure: 120.0 mmHg; Glucose: 116.0 mg/dL; Urea Nitrogen: 16.0 mg/dL; Calcium: 9.34 mg/dL; Sodium: 141.0 mmol/L. Immunizations: Influenza seasonal injectable preservative free.",1
50f45619-5311-4936-91ab-4e7f8a9a1462,"Demographics: born 1964-04-14, gender M, race white, ethnicity irish. Encounters: Outpatient Encounter; Emergency room admission; Encounter for 'check-up'. Medications: Penicillin V Potassium 250 MG; 24 HR Metformin hydrochloride 500 MG Extended Release Oral Tablet; Insulin Lispro 100 UNT/ML Injectable Solution [Humalog]; Ibuprofen 200 MG Oral Tablet; Acetaminophen 325 MG Oral Tablet. Procedures: Colonoscopy; Documentation of current medications. Observations: Hemoglobin A1c/Hemoglobin.total in Blood: 4.0 %; Body Height: 177.5 cm; Body Weight: 145.47 kg; Body Mass Index: 46.17 kg/m2; Systolic Blood Pressure: 193.0 mmHg; Diastolic Blood Pressure: 97.0 mmHg; Glucose: 82.0 mg/dL; Urea Nitrogen: 20.0 mg/dL; Creatinine: 1.0 mg/dL; Calcium: 8.93 mg/dL; Sodium: 142.0 mmol/L; Potassium: 4.12 mmol/L; Chloride: 109.0 mmol/L; Carbon Dioxide: 22.0 mmol/L; Total Cholesterol: 178.0 mg/dL; Triglycerides: 143.0 mg/dL; Low Density Lipoprotein Cholesterol: 76.0 mg/dL; High Density Lipoprotein Cholesterol: 73.0 mg/dL; Microalbumin Creatine Ratio: 13.0 mg/g; Estimated Glomerular Filtration Rate: 60.0 mL/min/{1.73_m2}; Hemoglobin A1c/Hemoglobin.total in Blood: 4.3 %; Body Weight: 148.56 kg; Body Mass Index: 47.15 kg/m2; Systolic Blood Pressure: 190.0 mmHg; Diastolic Blood Pressure: 110.0 mmHg; Glucose: 74.0 mg/dL; Urea Nitrogen: 8.0 mg/dL; Calcium: 9.3 mg/dL; Sodium: 137.0 mmol/L; Potassium: 5.05 mmol/L; Chloride: 111.0 mmol/L; Carbon Dioxide: 28.0 mmol/L; Total Cholesterol: 194.0 mg/dL; Triglycerides: 144.0 mg/dL; Low Density Lipoprotein Cholesterol: 89.0 mg/dL; High Density Lipoprotein Cholesterol: 76.0 mg/dL; Microalbumin Creatine Ratio: 10.0 mg/g; Systolic Blood Pressure: 184.0 mmHg; Diastolic Blood Pressure: 116.0 mmHg; Glucose: 73.0 mg/dL. Immunizations: Influenza seasonal injectable preservative free; Td (adult) preservative free.",1
42673ef2-25c3-4073-8bc9-db78d4468072,"Demographics: born 1935-06-26, gender F, race white, ethnicity german. Encounters: Death Certification. Medications: Fluticasone propionate 0.25 MG/ACTUAT / salmeterol 0.05 MG/ACTUAT [Advair]; Mestranol / Norethynodrel [Enovid]. Observations: Chronic obstructive bronchitis (disorder).",0
5ea0c912-f20d-4210-8ea5-d37eb76e6feb,"Demographics: born 1957-02-10, gender F, race white, ethnicity italian. Encounters: Outpatient Encounter; Encounter for 'check-up'; Encounter for symptom. Medications: Naproxen sodium 220 MG [Aleve]; Amoxicillin 250 MG / Clavulanate 125 MG [Augmentin]. Procedures: Documentation of current medications; Colonoscopy; Fecal occult blood test; Rectal polypectomy. Observations: Hemoglobin A1c/Hemoglobin.total in Blood: 6.2 %; Body Height: 151.11 cm; Body Weight: 132.57 kg; Body Mass Index: 58.06 kg/m2; Systolic Blood Pressure: 132.0 mmHg; Diastolic Blood Pressure: 70.0 mmHg; Glucose: 89.0 mg/dL; Urea Nitrogen: 17.0 mg/dL; Creatinine: 1.0 mg/dL; Calcium: 10.12 mg/dL; Sodium: 144.0 mmol/L; Potassium: 5.13 mmol/L; Chloride: 106.0 mmol/L; Carbon Dioxide: 20.0 mmol/L; Hemoglobin A1c/Hemoglobin.total in Blood: 6.1 %; Systolic Blood Pressure: 105.0 mmHg; Diastolic Blood Pressure: 75.0 mmHg; Glucose: 72.0 mg/dL; Urea Nitrogen: 16.0 mg/dL; Calcium: 8.7 mg/dL; Sodium: 141.0 mmol/L; Potassium: 3.77 mmol/L; Chloride: 101.0 mmol/L; Carbon Dioxide: 24.0 mmol/L; Total Cholesterol: 176.0 mg/dL; Triglycerides: 136.0 mg/dL; Low Density Lipoprotein Cholesterol: 73.0 mg/dL; High Density Lipoprotein Cholesterol: 75.0 mg/dL; Polyp size greatest dimension by CAP cancer protocols: 3.0 mm; Hemoglobin.gastrointestinal [Presence] in Stool by Immunologic method: 5.0 ng/mL; Hemoglobin A1c/Hemoglobin.total in Blood: 5.9 %; Systolic Blood Pressure: 117.0 mmHg; Diastolic Blood Pressure: 74.0 mmHg; Glucose: 78.0 mg/dL; Urea Nitrogen: 11.0 mg/dL; Calcium: 9.55 mg/dL; Sodium: 140.0 mmol/L; Potassium: 4.6 mmol/L; Chloride: 104.0 mmol/L; Carbon Dioxide: 25.0 mmol/L. Immunizations: Influenza seasonal injectable preservative free.",0
b239e970-6b42-4df6-b7a8-fbff5ec0b6ba,"Demographics: born 1944-06-26, gender F, race hispanic, ethnicity puerto_rican. Encounters: Death Certification. Medications: 24 HR Metformin hydrochloride 500 MG Extended Release Oral Tablet; Fluticasone propionate 0.25 MG/ACTUAT / salmeterol 0.05 MG/ACTUAT [Advair]. Observations: Chronic obstructive bronchitis (disorder).",1
e5a7963d-8e23-450f-8f4d-466278bb070f,"Demographics: born 1949-02-27, gender F, race hispanic, ethnicity puerto_rican. Encounters: Outpatient Encounter; Encounter for symptom; Encounter for 'check-up'. Medications: 24 HR Metformin hydrochloride 500 MG Extended Release Oral Tablet; Naproxen sodium 220 MG [Aleve]; insulin human isophane 70 UNT/ML / Regular Insulin Human 30 UNT/ML Injectable Suspension [Humulin]. Procedures: Documentation of current medications; Colonoscopy. Observations: Hemoglobin A1c/Hemoglobin.total in Blood: 7.5 %; Body Height: 165.48 cm; Body Weight: 98.39 kg; Body Mass Index: 35.93 kg/m2; Systolic Blood Pressure: 120.0 mmHg; Diastolic Blood Pressure: 89.0 mmHg; Glucose: 138.0 mg/dL; Urea Nitrogen: 11.0 mg/dL; Creatinine: 1.0 mg/dL; Calcium: 8.98 mg/dL; Sodium: 140.0 mmol/L; Potassium: 5.1 mmol/L; Chloride: 104.0 mmol/L; Carbon Dioxide: 22.0 mmol/L; Total Cholesterol: 257.0 mg/dL; Triglycerides: 260.0 mg/dL; Low Density Lipoprotein Cholesterol: 172.0 mg/dL; High Density Lipoprotein Cholesterol: 33.0 mg/dL; Microalbumin Creatine Ratio: 14.0 mg/g; Estimated Glomerular Filtration Rate: 60.0 mL/min/{1.73_m2}; Oral temperature: 38.0 Cel; Hemoglobin A1c/Hemoglobin.total in Blood: 7.3 %; Body Weight: 96.63 kg; Body Mass Index: 35.28 kg/m2; Systolic Blood Pressure: 119.0 mmHg; Diastolic Blood Pressure: 72.0 mmHg; Glucose: 102.0 mg/dL; Urea Nitrogen: 10.0 mg/dL; Calcium: 9.46 mg/dL; Sodium: 141.0 mmol/L; Potassium: 4.91 mmol/L; Carbon Dioxide: 28.0 mmol/L; Total Cholesterol: 206.0 mg/dL; Triglycerides: 184.0 mg/dL; Low Density Lipoprotein Cholesterol: 118.0 mg/dL; High Density Lipoprotein Cholesterol: 51.0 mg/dL; Microalbumin Creatine Ratio: 13.0 mg/g; Hemoglobin A1c/Hemoglobin.total in Blood: 7.2 %; Body Weight: 95.25 kg; Body Mass Index: 34.78 kg/m2. Immunizations: Influenza seasonal injectable preservative free; Td (adult) preservative free; Pneumococcal conjugate PCV 13; pneumococcal polysaccharide vaccine 23 valent.",1
32f03591-6e5e-4fba-a265-8ad640a0d77a,"Demographics: born 1936-02-23, gender F, race white, ethnicity english. Encounters: Outpatient Encounter. Medications: 24 HR Metformin hydrochloride 500 MG Extended Release Oral Tablet; Penicillin V Potassium 500 MG. Observations: Hemoglobin A1c/Hemoglobin.total in Blood: 5.4 %; Body Height: 171.69 cm; Body Weight: 81.26 kg; Body Mass Index: 27.57 kg/m2; Systolic Blood Pressure: 129.0 mmHg; Diastolic Blood Pressure: 74.0 mmHg; Glucose: 98.0 mg/dL; Urea Nitrogen: 19.0 mg/dL; Creatinine: 1.0 mg/dL; Calcium: 8.68 mg/dL; Sodium: 138.0 mmol/L; Potassium: 4.2 mmol/L; Chloride: 103.0 mmol/L; Carbon Dioxide: 25.0 mmol/L; Total Cholesterol: 183.0 mg/dL; Triglycerides: 130.0 mg/dL; Low Density Lipoprotein Cholesterol: 87.0 mg/dL; High Density Lipoprotein Cholesterol: 70.0 mg/dL; Microalbumin Creatine Ratio: 12.0 mg/g; Estimated Glomerular Filtration Rate: 60.0 mL/min/{1.73_m2}; Hemoglobin A1c/Hemoglobin.total in Blood: 5.3 %; Body Weight: 80.15 kg; Body Mass Index: 27.19 kg/m2; Systolic Blood Pressure: 102.0 mmHg; Diastolic Blood Pressure: 70.0 mmHg; Glucose: 81.0 mg/dL; Urea Nitrogen: 20.0 mg/dL; Calcium: 8.78 mg/dL; Potassium: 4.87 mmol/L; Chloride: 109.0 mmol/L; Carbon Dioxide: 26.0 mmol/L; Total Cholesterol: 200.0 mg/dL; Triglycerides: 149.0 mg/dL; Low Density Lipoprotein Cholesterol: 101.0 mg/dL; High Density Lipoprotein Cholesterol: 69.0 mg/dL; Microalbumin Creatine Ratio: 7.0 mg/g; Hemoglobin A1c/Hemoglobin.total in Blood: 5.1 %; Body Weight: 77.64 kg; Body Mass Index: 26.34 kg/m2; Systolic Blood Pressure: 133.0 mmHg. Immunizations: Influenza seasonal injectable preservative free.",1
23ad5b3f-a9a0-4688-b7f9-e11094948224,"Demographics: born 1957-11-13, gender F, race asian, ethnicity chinese. Encounters: Outpatient Encounter; Encounter for symptom; Encounter for 'check-up'; Emergency room admission. Medications: diphenhydrAMINE Hydrochloride 25 MG Oral Tablet; 24 HR Metformin hydrochloride 500 MG Extended Release Oral Tablet; 3 ML liraglutide 6 MG/ML Pen Injector; canagliflozin 100 MG Oral Tablet; Dextromethorphan Hydrobromide 1 MG/ML; Amoxicillin 250 MG / Clavulanate 125 MG [Augmentin]; Amoxicillin 500 MG Oral Tablet; Meperidine Hydrochloride 50 MG Oral Tablet; Naproxen sodium 220 MG Oral Tablet. Procedures: Documentation of current medications; Measurement of respiratory function (procedure); Colonoscopy. Observations: Hemoglobin A1c/Hemoglobin.total in Blood: 9.5 %; Body Height: 161.02 cm; Body Weight: 130.35 kg; Body Mass Index: 50.27 kg/m2; Systolic Blood Pressure: 163.0 mmHg; Diastolic Blood Pressure: 95.0 mmHg; Glucose: 180.0 mg/dL; Urea Nitrogen: 12.0 mg/dL; Creatinine: 1.0 mg/dL; Calcium: 10.05 mg/dL; Sodium: 137.0 mmol/L; Potassium: 4.84 mmol/L; Chloride: 107.0 mmol/L; Carbon Dioxide: 24.0 mmol/L; Total Cholesterol: 283.0 mg/dL; Triglycerides: 591.0 mg/dL; Low Density Lipoprotein Cholesterol: 161.0 mg/dL; High Density Lipoprotein Cholesterol: 3.0 mg/dL; Microalbumin Creatine Ratio: 17.0 mg/g; Estimated Glomerular Filtration Rate: 60.0 mL/min/{1.73_m2}; Hemoglobin A1c/Hemoglobin.total in Blood: 10.0 %; Systolic Blood Pressure: 157.0 mmHg; Diastolic Blood Pressure: 97.0 mmHg; Glucose: 198.0 mg/dL; Urea Nitrogen: 8.0 mg/dL; Calcium: 8.83 mg/dL; Potassium: 4.86 mmol/L; Carbon Dioxide: 25.0 mmol/L; Total Cholesterol: 266.0 mg/dL; Triglycerides: 534.0 mg/dL; Low Density Lipoprotein Cholesterol: 145.0 mg/dL; High Density Lipoprotein Cholesterol: 14.0 mg/dL; Microalbumin Creatine Ratio: 15.0 mg/g; Systolic Blood Pressure: 197.0 mmHg; Diastolic Blood Pressure: 120.0 mmHg; Glucose: 175.0 mg/dL; Urea Nitrogen: 7.0 mg/dL; Calcium: 8.51 mg/dL; Sodium: 138.0 mmol/L; Potassium: 4.02 mmol/L. Allergies: Allergy to nut; Shellfish allergy. Immunizations: Influenza seasonal injectable preservative free.",1
9a387a51-b464-480d-a263-d925e451a2bd,"Demographics: born 1922-08-19, gender M, race white, ethnicity irish. Encounters: Death Certification. Medications: Penicillin V Potassium 250 MG; 24 HR Metformin hydrochloride 500 MG Extended Release Oral Tablet; Nitroglycerin 0.4 MG/ACTUAT [Nitrolingual]; Simvastatin 20 MG Oral Tablet; insulin human isophane 70 UNT/ML / Regular Insulin Human 30 UNT/ML Injectable Suspension [Humulin]; Amlodipine 5 MG Oral Tablet. Observations: Myocardial Infarction.",1
deea1862-bf50-4a53-8bb2-99632cdb8aa3,"Demographics: born 1947-06-14, gender M, race white, ethnicity english. Encounters: Outpatient Encounter; Encounter for 'check-up'; Encounter for problem; Encounter for symptom. Medications: Penicillin V Potassium 250 MG; Naproxen sodium 220 MG [Aleve]; Acetaminophen 160 MG. Procedures: Documentation of current medications; Colonoscopy. Observations: Hemoglobin A1c/Hemoglobin.total in Blood: 6.3 %; Body Height: 180.06 cm; Body Weight: 134.31 kg; Body Mass Index: 41.43 kg/m2; Systolic Blood Pressure: 135.0 mmHg; Diastolic Blood Pressure: 86.0 mmHg; Glucose: 81.0 mg/dL; Urea Nitrogen: 8.0 mg/dL; Creatinine: 1.0 mg/dL; Calcium: 8.67 mg/dL; Sodium: 141.0 mmol/L; Potassium: 4.22 mmol/L; Chloride: 111.0 mmol/L; Carbon Dioxide: 29.0 mmol/L; Hemoglobin A1c/Hemoglobin.total in Blood: 5.8 %; Body Weight: 132.5 kg; Body Mass Index: 40.87 kg/m2; Systolic Blood Pressure: 102.0 mmHg; Glucose: 95.0 mg/dL; Urea Nitrogen: 14.0 mg/dL; Calcium: 10.01 mg/dL; Sodium: 139.0 mmol/L; Potassium: 4.36 mmol/L; Chloride: 101.0 mmol/L; Carbon Dioxide: 20.0 mmol/L; Total Cholesterol: 189.0 mg/dL; Triglycerides: 125.0 mg/dL; Low Density Lipoprotein Cholesterol: 96.0 mg/dL; High Density Lipoprotein Cholesterol: 68.0 mg/dL; Hemoglobin A1c/Hemoglobin.total in Blood: 6.2 %; Body Weight: 130.62 kg; Body Mass Index: 40.29 kg/m2; Systolic Blood Pressure: 116.0 mmHg; Diastolic Blood Pressure: 84.0 mmHg; Glucose: 84.0 mg/dL; Urea Nitrogen: 7.0 mg/dL; Calcium: 10.17 mg/dL; Potassium: 5.08 mmol/L; Chloride: 109.0 mmol/L; Carbon Dioxide: 26.0 mmol/L. Immunizations: Influenza seasonal injectable preservative free; Pneumococcal conjugate PCV 13; pneumococcal polysaccharide vaccine 23 valent.",0
64e8d27f-c8a4-4058-b227-d9c9f0189db9,"Demographics: born 1931-01-14, gender M, race asian, ethnicity chinese. Encounters: Death Certification. Medications: Penicillin V Potassium 250 MG; 24 HR Metformin hydrochloride 500 MG Extended Release Oral Tablet; insulin human isophane 70 UNT/ML / Regular Insulin Human 30 UNT/ML Injectable Suspension [Humulin]; Penicillin V Potassium 500 MG; Simvastatin 20 MG Oral Tablet; Nitroglycerin 0.4 MG/ACTUAT [Nitrolingual]; Amlodipine 5 MG Oral Tablet; Clopidogrel 75 MG Oral Tablet. Observations: Myocardial Infarction.",1
08f7f7c3-ce56-4ab3-ad80-d3d6f57f9d35,"Demographics: born 1982-08-22, gender F, race white, ethnicity english. Encounters: Prenatal initial visit; Outpatient Encounter; Prenatal visit; Obstetric emergency hospital admission; Consultation for treatment; Emergency room admission; Patient encounter procedure. Medications: Penicillin V Potassium 250 MG; Nexplanon 68 MG Drug Implant; Acetaminophen 325 MG Oral Tablet. Procedures: Standard pregnancy test; Documentation of current medications; Medical induction of labor; Childbirth; Insertion of subcutaneous contraceptive; Suture open wound; Replacement of subcutaneous contraceptive. Observations: Body Height: 164.9 cm; Body Weight: 64.24 kg; Body Mass Index: 23.63 kg/m2; Systolic Blood Pressure: 102.0 mmHg; Diastolic Blood Pressure: 87.0 mmHg; Total Cholesterol: 197.0 mg/dL; Triglycerides: 145.0 mg/dL; Low Density Lipoprotein Cholesterol: 108.0 mg/dL; High Density Lipoprotein Cholesterol: 60.0 mg/dL; Body Weight: 70.36 kg; Body Mass Index: 25.87 kg/m2; Systolic Blood Pressure: 121.0 mmHg; Diastolic Blood Pressure: 75.0 mmHg; Total Cholesterol: 170.0 mg/dL; Triglycerides: 106.0 mg/dL; Low Density Lipoprotein Cholesterol: 79.0 mg/dL; High Density Lipoprotein Cholesterol: 69.0 mg/dL. Immunizations: Influenza seasonal injectable preservative free; Td (adult) preservative free.",0
3b0fe38c-ae53-402d-ac4b-5bc53f06ea68,"Demographics: born 1960-07-20, gender M, race black, ethnicity dominican. Encounters: Encounter for 'check-up'; Encounter for symptom; Outpatient Encounter. Medications: 24 HR Metformin hydrochloride 500 MG Extended Release Oral Tablet. Procedures: Colonoscopy; Documentation of current medications. Observations: Hemoglobin A1c/Hemoglobin.total in Blood: 8.0 %; Body Height: 175.45 cm; Body Weight: 117.49 kg; Body Mass Index: 38.17 kg/m2; Systolic Blood Pressure: 117.0 mmHg; Diastolic Blood Pressure: 71.0 mmHg; Glucose: 110.0 mg/dL; Urea Nitrogen: 18.0 mg/dL; Creatinine: 1.0 mg/dL; Calcium: 9.41 mg/dL; Sodium: 140.0 mmol/L; Potassium: 4.26 mmol/L; Chloride: 111.0 mmol/L; Carbon Dioxide: 22.0 mmol/L; Total Cholesterol: 210.0 mg/dL; Triglycerides: 183.0 mg/dL; Low Density Lipoprotein Cholesterol: 128.0 mg/dL; High Density Lipoprotein Cholesterol: 45.0 mg/dL; Microalbumin Creatine Ratio: 16.0 mg/g; Estimated Glomerular Filtration Rate: 60.0 mL/min/{1.73_m2}; Systolic Blood Pressure: 118.0 mmHg; Diastolic Blood Pressure: 83.0 mmHg; Glucose: 180.0 mg/dL; Urea Nitrogen: 7.0 mg/dL; Calcium: 10.09 mg/dL; Sodium: 142.0 mmol/L; Potassium: 4.14 mmol/L; Chloride: 110.0 mmol/L; Carbon Dioxide: 20.0 mmol/L; Total Cholesterol: 244.0 mg/dL; Triglycerides: 477.0 mg/dL; Low Density Lipoprotein Cholesterol: 118.0 mg/dL; High Density Lipoprotein Cholesterol: 30.0 mg/dL; Microalbumin Creatine Ratio: 13.0 mg/g; Systolic Blood Pressure: 101.0 mmHg; Diastolic Blood Pressure: 80.0 mmHg; Glucose: 178.0 mg/dL; Urea Nitrogen: 19.0 mg/dL; Calcium: 9.95 mg/dL; Sodium: 138.0 mmol/L. Immunizations: Influenza seasonal injectable preservative free; Td (adult) preservative free.",1
adc533cc-62cf-4c5d-9068-0c31059b63b0,"Demographics: born 1979-08-12, gender F, race black, ethnicity dominican. Encounters: Patient encounter procedure; Outpatient Encounter; Encounter for symptom. Medications: Penicillin V Potassium 500 MG; 1 ML Depo-Provera 150 MG/ML Injection. Procedures: Intramuscular injection; Documentation of current medications. Observations: Hemoglobin A1c/Hemoglobin.total in Blood: 5.9 %; Body Height: 160.07 cm; Body Weight: 98.39 kg; Body Mass Index: 38.4 kg/m2; Systolic Blood Pressure: 117.0 mmHg; Diastolic Blood Pressure: 76.0 mmHg; Glucose: 95.0 mg/dL; Urea Nitrogen: 10.0 mg/dL; Creatinine: 1.0 mg/dL; Calcium: 9.15 mg/dL; Sodium: 137.0 mmol/L; Potassium: 4.33 mmol/L; Chloride: 106.0 mmol/L; Carbon Dioxide: 22.0 mmol/L; Total Cholesterol: 185.0 mg/dL; Triglycerides: 124.0 mg/dL; Low Density Lipoprotein Cholesterol: 94.0 mg/dL; High Density Lipoprotein Cholesterol: 66.0 mg/dL; Hemoglobin A1c/Hemoglobin.total in Blood: 6.0 %; Body Weight: 103.16 kg; Body Mass Index: 40.26 kg/m2; Systolic Blood Pressure: 136.0 mmHg; Glucose: 77.0 mg/dL; Urea Nitrogen: 8.0 mg/dL; Calcium: 8.69 mg/dL; Sodium: 138.0 mmol/L; Potassium: 4.24 mmol/L; Chloride: 103.0 mmol/L; Total Cholesterol: 189.0 mg/dL; Triglycerides: 130.0 mg/dL; Low Density Lipoprotein Cholesterol: 100.0 mg/dL; High Density Lipoprotein Cholesterol: 63.0 mg/dL. Immunizations: Influenza seasonal injectable preservative free; Td (adult) preservative free.",0
c8ed469d-6d10-49eb-929e-bbb6e489b4d2,"Demographics: born 1968-11-14, gender F, race white, ethnicity italian. Encounters: Outpatient Encounter. Medications: 24 HR Metformin hydrochloride 500 MG Extended Release Oral Tablet; 3 ML liraglutide 6 MG/ML Pen Injector. Procedures: Documentation of current medications. Observations: Body Height: 171.39 cm; Body Weight: 100.24 kg; Body Mass Index: 34.12 kg/m2; Systolic Blood Pressure: 110.0 mmHg; Diastolic Blood Pressure: 86.0 mmHg; Total Cholesterol: 164.0 mg/dL; Triglycerides: 101.0 mg/dL; Low Density Lipoprotein Cholesterol: 78.0 mg/dL; High Density Lipoprotein Cholesterol: 65.0 mg/dL; Body Weight: 103.96 kg; Body Mass Index: 35.39 kg/m2; Systolic Blood Pressure: 108.0 mmHg; Diastolic Blood Pressure: 81.0 mmHg; Hemoglobin A1c/Hemoglobin.total in Blood: 9.1 %; Body Weight: 106.78 kg; Body Mass Index: 36.35 kg/m2; Systolic Blood Pressure: 162.0 mmHg; Diastolic Blood Pressure: 108.0 mmHg; Glucose: 78.0 mg/dL; Urea Nitrogen: 12.0 mg/dL; Creatinine: 1.0 mg/dL; Calcium: 8.69 mg/dL; Sodium: 143.0 mmol/L; Potassium: 4.27 mmol/L; Chloride: 109.0 mmol/L; Carbon Dioxide: 20.0 mmol/L; Total Cholesterol: 175.0 mg/dL; Low Density Lipoprotein Cholesterol: 87.0 mg/dL; High Density Lipoprotein Cholesterol: 67.0 mg/dL; Microalbumin Creatine Ratio: 16.0 mg/g; Estimated Glomerular Filtration Rate: 60.0 mL/min/{1.73_m2}. Immunizations: Influenza seasonal injectable preservative free; Td (adult) preservative free.",1
f5813e0b-d39f-44c5-a413-142b77359db5,"Demographics: born 1948-10-16, gender M, race white, ethnicity swedish. Encounters: Outpatient Encounter; Encounter for 'check-up'; Encounter for symptom; Emergency room admission. Medications: Penicillin V Potassium 500 MG; 24 HR Metformin hydrochloride 500 MG Extended Release Oral Tablet; 3 ML liraglutide 6 MG/ML Pen Injector; canagliflozin 100 MG Oral Tablet. Procedures: Documentation of current medications; Colonoscopy. Observations: Hemoglobin A1c/Hemoglobin.total in Blood: 9.5 %; Body Height: 171.52 cm; Body Weight: 135.2 kg; Body Mass Index: 45.95 kg/m2; Systolic Blood Pressure: 170.0 mmHg; Diastolic Blood Pressure: 110.0 mmHg; Glucose: 147.0 mg/dL; Urea Nitrogen: 9.0 mg/dL; Creatinine: 1.0 mg/dL; Calcium: 8.69 mg/dL; Sodium: 138.0 mmol/L; Potassium: 4.62 mmol/L; Chloride: 105.0 mmol/L; Carbon Dioxide: 29.0 mmol/L; Total Cholesterol: 278.0 mg/dL; Triglycerides: 510.0 mg/dL; Low Density Lipoprotein Cholesterol: 162.0 mg/dL; High Density Lipoprotein Cholesterol: 14.0 mg/dL; Microalbumin Creatine Ratio: 12.0 mg/g; Estimated Glomerular Filtration Rate: 60.0 mL/min/{1.73_m2}; Hemoglobin A1c/Hemoglobin.total in Blood: 8.8 %; Body Weight: 133.49 kg; Body Mass Index: 45.38 kg/m2; Systolic Blood Pressure: 177.0 mmHg; Diastolic Blood Pressure: 109.0 mmHg; Glucose: 128.0 mg/dL; Urea Nitrogen: 19.0 mg/dL; Calcium: 9.27 mg/dL; Sodium: 140.0 mmol/L; Potassium: 4.07 mmol/L; Chloride: 103.0 mmol/L; Carbon Dioxide: 24.0 mmol/L; Total Cholesterol: 291.0 mg/dL; Triglycerides: 582.0 mg/dL; Low Density Lipoprotein Cholesterol: 165.0 mg/dL; High Density Lipoprotein Cholesterol: 9.0 mg/dL; Microalbumin Creatine Ratio: 0.0 mg/g; Hemoglobin A1c/Hemoglobin.total in Blood: 9.7 %; Body Weight: 132.23 kg; Body Mass Index: 44.95 kg/m2. Immunizations: Influenza seasonal injectable preservative free; Td (adult) preservative free; Pneumococcal conjugate PCV 13; pneumococcal polysaccharide vaccine 23 valent.",1
09acacb3-2e11-4e99-a3ce-a9a7a2b310c4,"Demographics: born 1988-09-18, gender F, race white, ethnicity italian. Encounters: Emergency room admission; Outpatient Encounter; Prenatal initial visit; Patient-initiated encounter. Medications: Xulane 150/35 MCG/Day Weekly Transdermal System; Acetaminophen 325 MG Oral Tablet. Procedures: Suture open wound; Injection of tetanus antitoxin; Documentation of current medications; Standard pregnancy test; Induced termination of pregnancy. Observations: Body Height: 162.66 cm; Body Weight: 59.32 kg; Body Mass Index: 22.42 kg/m2; Systolic Blood Pressure: 126.0 mmHg; Diastolic Blood Pressure: 88.0 mmHg; Body Weight: 65.88 kg; Body Mass Index: 24.9 kg/m2; Systolic Blood Pressure: 128.0 mmHg; Diastolic Blood Pressure: 81.0 mmHg. Immunizations: Influenza seasonal injectable preservative free.",0
ba7561fb-1e94-467a-848a-6eabd232570e,"Demographics: born 1955-04-19, gender M, race white, ethnicity polish. Encounters: Encounter for symptom; Outpatient Encounter; Encounter for 'check-up'. Medications: 24 HR Metformin hydrochloride 500 MG Extended Release Oral Tablet. Procedures: Documentation of current medications; Colonoscopy. Observations: Hemoglobin A1c/Hemoglobin.total in Blood: 6.8 %; Body Height: 180.92 cm; Body Weight: 108.44 kg; Body Mass Index: 33.13 kg/m2; Systolic Blood Pressure: 157.0 mmHg; Diastolic Blood Pressure: 117.0 mmHg; Glucose: 116.0 mg/dL; Urea Nitrogen: 15.0 mg/dL; Creatinine: 1.0 mg/dL; Calcium: 8.74 mg/dL; Sodium: 139.0 mmol/L; Potassium: 4.07 mmol/L; Chloride: 108.0 mmol/L; Carbon Dioxide: 27.0 mmol/L; Total Cholesterol: 237.0 mg/dL; Triglycerides: 185.0 mg/dL; Low Density Lipoprotein Cholesterol: 159.0 mg/dL; High Density Lipoprotein Cholesterol: 41.0 mg/dL; Microalbumin Creatine Ratio: 12.0 mg/g; Estimated Glomerular Filtration Rate: 60.0 mL/min/{1.73_m2}; Systolic Blood Pressure: 145.0 mmHg; Diastolic Blood Pressure: 90.0 mmHg; Glucose: 111.0 mg/dL; Urea Nitrogen: 12.0 mg/dL; Calcium: 9.68 mg/dL; Potassium: 4.03 mmol/L; Chloride: 104.0 mmol/L; Carbon Dioxide: 21.0 mmol/L; Total Cholesterol: 235.0 mg/dL; Triglycerides: 158.0 mg/dL; High Density Lipoprotein Cholesterol: 44.0 mg/dL; Microalbumin Creatine Ratio: 8.0 mg/g; Systolic Blood Pressure: 144.0 mmHg; Diastolic Blood Pressure: 109.0 mmHg; Glucose: 114.0 mg/dL; Urea Nitrogen: 14.0 mg/dL; Calcium: 9.63 mg/dL; Sodium: 142.0 mmol/L; Potassium: 4.5 mmol/L; Chloride: 102.0 mmol/L. Immunizations: Influenza seasonal injectable preservative free; zoster; Td (adult) preservative free.",1
c3be0d54-acab-410e-b357-64a2ea585564,"Demographics: born 1975-08-13, gender F, race white, ethnicity irish. Encounters: Encounter for symptom; Patient encounter procedure; Outpatient Encounter. Medications: Nitrofurantoin 5 MG/ML [Furadantin]; Phenazopyridine hydrochloride 100 MG [Pyridium]. Procedures: Replacement of contraceptive intrauterine device; Documentation of current medications. Observations: Hemoglobin A1c/Hemoglobin.total in Blood: 7.1 %; Body Height: 168.91 cm; Body Weight: 81.48 kg; Body Mass Index: 28.56 kg/m2; Systolic Blood Pressure: 183.0 mmHg; Diastolic Blood Pressure: 114.0 mmHg; Glucose: 113.0 mg/dL; Urea Nitrogen: 16.0 mg/dL; Creatinine: 1.0 mg/dL; Calcium: 9.75 mg/dL; Sodium: 138.0 mmol/L; Potassium: 5.2 mmol/L; Chloride: 106.0 mmol/L; Carbon Dioxide: 23.0 mmol/L; Total Cholesterol: 235.0 mg/dL; Triglycerides: 187.0 mg/dL; Low Density Lipoprotein Cholesterol: 151.0 mg/dL; High Density Lipoprotein Cholesterol: 46.0 mg/dL; Microalbumin Creatine Ratio: 13.0 mg/g; Estimated Glomerular Filtration Rate: 60.0 mL/min/{1.73_m2}; Hemoglobin A1c/Hemoglobin.total in Blood: 7.4 %; Body Weight: 84.46 kg; Body Mass Index: 29.6 kg/m2; Systolic Blood Pressure: 155.0 mmHg; Diastolic Blood Pressure: 115.0 mmHg; Glucose: 102.0 mg/dL; Urea Nitrogen: 14.0 mg/dL; Calcium: 9.87 mg/dL; Sodium: 136.0 mmol/L; Potassium: 3.98 mmol/L; Chloride: 102.0 mmol/L; Carbon Dioxide: 28.0 mmol/L; Total Cholesterol: 226.0 mg/dL; Triglycerides: 165.0 mg/dL; Low Density Lipoprotein Cholesterol: 150.0 mg/dL; High Density Lipoprotein Cholesterol: 43.0 mg/dL; Microalbumin Creatine Ratio: 3.0 mg/g. Immunizations: Influenza seasonal injectable preservative free.",1
43166b87-a73f-4e49-bff4-1e75700ec9cd,"Demographics: born 1918-01-19, gender F, race white, ethnicity italian.",0
abb06851-69eb-4fbf-8316-46f3cb06a366,"Demographics: born 1971-02-06, gender F, race hispanic, ethnicity puerto_rican. Encounters: Encounter for symptom; Emergency room admission; Outpatient Encounter. Medications: Penicillin V Potassium 250 MG; Acetaminophen 325 MG Oral Tablet; 24 HR Metformin hydrochloride 500 MG Extended Release Oral Tablet; Acetaminophen 160 MG. Procedures: Documentation of current medications; Measurement of respiratory function (procedure). Observations: Hemoglobin A1c/Hemoglobin.total in Blood: 8.9 %; Body Height: 166.05 cm; Body Weight: 98.3 kg; Body Mass Index: 35.65 kg/m2; Systolic Blood Pressure: 132.0 mmHg; Diastolic Blood Pressure: 79.0 mmHg; Glucose: 71.0 mg/dL; Urea Nitrogen: 19.0 mg/dL; Creatinine: 1.0 mg/dL; Calcium: 10.14 mg/dL; Sodium: 139.0 mmol/L; Potassium: 4.0 mmol/L; Chloride: 104.0 mmol/L; Carbon Dioxide: 28.0 mmol/L; Total Cholesterol: 200.0 mg/dL; Triglycerides: 140.0 mg/dL; Low Density Lipoprotein Cholesterol: 92.0 mg/dL; High Density Lipoprotein Cholesterol: 80.0 mg/dL; Microalbumin Creatine Ratio: 0.0 mg/g; Estimated Glomerular Filtration Rate: 60.0 mL/min/{1.73_m2}. Allergies: Shellfish allergy; Allergy to mould. Immunizations: Influenza seasonal injectable preservative free; Td (adult) preservative free.",1
8115c104-aa05-4f53-b37e-2e663121748c,"Demographics: born 2000-03-23, gender F, race white, ethnicity english. Encounters: Encounter for symptom; Outpatient Encounter. Medications: Penicillin V Potassium 250 MG; Dextromethorphan Hydrobromide 1 MG/ML. Procedures: Documentation of current medications. Observations: Body Height: 142.61 cm; Body Weight: 40.19 kg; Body Mass Index: 19.76 kg/m2; Systolic Blood Pressure: 131.0 mmHg; Diastolic Blood Pressure: 77.0 mmHg; Body Height: 149.18 cm; Body Weight: 44.64 kg; Body Mass Index: 20.06 kg/m2; Systolic Blood Pressure: 103.0 mmHg; Diastolic Blood Pressure: 87.0 mmHg; Oral temperature: 37.0 Cel; Body Height: 155.52 cm; Body Weight: 49.16 kg; Body Mass Index: 20.33 kg/m2; Diastolic Blood Pressure: 85.0 mmHg; Body Height: 158.91 cm; Body Weight: 52.67 kg; Body Mass Index: 20.86 kg/m2; Systolic Blood Pressure: 101.0 mmHg; Diastolic Blood Pressure: 82.0 mmHg; Body Height: 160.76 cm; Body Weight: 55.76 kg; Body Mass Index: 21.58 kg/m2; Systolic Blood Pressure: 126.0 mmHg; Diastolic Blood Pressure: 89.0 mmHg; Body Height: 161.47 cm; Body Weight: 57.51 kg; Body Mass Index: 22.06 kg/m2; Systolic Blood Pressure: 137.0 mmHg; Diastolic Blood Pressure: 80.0 mmHg; Body Height: 161.88 cm; Body Weight: 58.79 kg; Body Mass Index: 22.43 kg/m2; Systolic Blood Pressure: 110.0 mmHg; Diastolic Blood Pressure: 72.0 mmHg. Immunizations: Influenza seasonal injectable preservative free; meningococcal MCV4P; Tdap; HPV quadrivalent.",0
2a1b1ae6-bc2d-4864-8c3f-e78454d28588,"Demographics: born 1967-08-27, gender M, race hispanic, ethnicity mexican. Encounters: Outpatient Encounter; Encounter for symptom. Medications: Penicillin V Potassium 250 MG; 24 HR Metformin hydrochloride 500 MG Extended Release Oral Tablet; Amoxicillin 250 MG / Clavulanate 125 MG [Augmentin]. Procedures: Documentation of current medications. Observations: Hemoglobin A1c/Hemoglobin.total in Blood: 7.3 %; Body Height: 175.72 cm; Body Weight: 109.02 kg; Body Mass Index: 35.31 kg/m2; Systolic Blood Pressure: 177.0 mmHg; Diastolic Blood Pressure: 98.0 mmHg; Glucose: 118.0 mg/dL; Urea Nitrogen: 17.0 mg/dL; Creatinine: 1.0 mg/dL; Calcium: 8.54 mg/dL; Sodium: 144.0 mmol/L; Potassium: 4.0 mmol/L; Chloride: 109.0 mmol/L; Carbon Dioxide: 29.0 mmol/L; Total Cholesterol: 236.0 mg/dL; Triglycerides: 180.0 mg/dL; Low Density Lipoprotein Cholesterol: 145.0 mg/dL; High Density Lipoprotein Cholesterol: 55.0 mg/dL; Microalbumin Creatine Ratio: 15.0 mg/g; Estimated Glomerular Filtration Rate: 60.0 mL/min/{1.73_m2}; Hemoglobin A1c/Hemoglobin.total in Blood: 7.6 %; Body Weight: 112.32 kg; Body Mass Index: 36.38 kg/m2; Systolic Blood Pressure: 150.0 mmHg; Diastolic Blood Pressure: 106.0 mmHg; Glucose: 112.0 mg/dL; Urea Nitrogen: 11.0 mg/dL; Calcium: 10.19 mg/dL; Sodium: 136.0 mmol/L; Potassium: 4.52 mmol/L; Chloride: 104.0 mmol/L; Carbon Dioxide: 21.0 mmol/L; Total Cholesterol: 239.0 mg/dL; Triglycerides: 163.0 mg/dL; Low Density Lipoprotein Cholesterol: 157.0 mg/dL; High Density Lipoprotein Cholesterol: 49.0 mg/dL; Microalbumin Creatine Ratio: 4.0 mg/g; Hemoglobin A1c/Hemoglobin.total in Blood: 7.9 %; Body Weight: 115.69 kg; Body Mass Index: 37.47 kg/m2. Immunizations: Influenza seasonal injectable preservative free.",1
ffa1f66d-213b-47c3-8a19-4bd14b446a9b,"Demographics: born 1969-12-24, gender F, race white, ethnicity irish. Encounters: Patient encounter procedure; Outpatient Encounter; Encounter for symptom. Medications: Penicillin V Potassium 250 MG; 0.65 ML depo-subQ provera 160 MG/ML Prefilled Syringe; Acetaminophen 160 MG. Procedures: Intramuscular injection; Documentation of current medications. Observations: Body Height: 167.84 cm; Body Weight: 89.16 kg; Body Mass Index: 31.65 kg/m2; Systolic Blood Pressure: 101.0 mmHg; Diastolic Blood Pressure: 81.0 mmHg; Total Cholesterol: 199.0 mg/dL; Triglycerides: 120.0 mg/dL; Low Density Lipoprotein Cholesterol: 114.0 mg/dL; High Density Lipoprotein Cholesterol: 61.0 mg/dL; Body Weight: 92.19 kg; Body Mass Index: 32.73 kg/m2; Systolic Blood Pressure: 124.0 mmHg; Diastolic Blood Pressure: 86.0 mmHg; Body Weight: 94.6 kg; Body Mass Index: 33.58 kg/m2; Systolic Blood Pressure: 127.0 mmHg; Diastolic Blood Pressure: 88.0 mmHg; Total Cholesterol: 169.0 mg/dL; Triglycerides: 142.0 mg/dL; Low Density Lipoprotein Cholesterol: 65.0 mg/dL; High Density Lipoprotein Cholesterol: 75.0 mg/dL. Immunizations: Influenza seasonal injectable preservative free; Td (adult) preservative free.",0
06f83465-72df-401e-b6d5-541aa595746b,"Demographics: born 1958-12-23, gender M, race hispanic, ethnicity puerto_rican. Encounters: Outpatient Encounter; Encounter for 'check-up'. Medications: 24 HR Metformin hydrochloride 500 MG Extended Release Oral Tablet; insulin human isophane 70 UNT/ML / Regular Insulin Human 30 UNT/ML Injectable Suspension [Humulin]. Procedures: Documentation of current medications; Colonoscopy. Observations: Hemoglobin A1c/Hemoglobin.total in Blood: 4.0 %; Body Height: 175.59 cm; Body Weight: 104.5 kg; Body Mass Index: 33.89 kg/m2; Systolic Blood Pressure: 150.0 mmHg; Diastolic Blood Pressure: 113.0 mmHg; Glucose: 67.0 mg/dL; Urea Nitrogen: 17.0 mg/dL; Creatinine: 1.0 mg/dL; Calcium: 8.65 mg/dL; Sodium: 141.0 mmol/L; Potassium: 4.34 mmol/L; Chloride: 106.0 mmol/L; Carbon Dioxide: 26.0 mmol/L; Total Cholesterol: 171.0 mg/dL; Triglycerides: 127.0 mg/dL; Low Density Lipoprotein Cholesterol: 70.0 mg/dL; High Density Lipoprotein Cholesterol: 75.0 mg/dL; Microalbumin Creatine Ratio: 9.0 mg/g; Estimated Glomerular Filtration Rate: 60.0 mL/min/{1.73_m2}; Systolic Blood Pressure: 159.0 mmHg; Diastolic Blood Pressure: 118.0 mmHg; Glucose: 68.0 mg/dL; Urea Nitrogen: 15.0 mg/dL; Calcium: 9.86 mg/dL; Sodium: 143.0 mmol/L; Potassium: 4.14 mmol/L; Chloride: 111.0 mmol/L; Total Cholesterol: 179.0 mg/dL; Triglycerides: 150.0 mg/dL; Low Density Lipoprotein Cholesterol: 87.0 mg/dL; High Density Lipoprotein Cholesterol: 62.0 mg/dL; Microalbumin Creatine Ratio: 17.0 mg/g; Systolic Blood Pressure: 198.0 mmHg; Diastolic Blood Pressure: 119.0 mmHg; Glucose: 66.0 mg/dL; Urea Nitrogen: 16.0 mg/dL; Calcium: 8.98 mg/dL; Sodium: 140.0 mmol/L; Potassium: 4.16 mmol/L. Immunizations: Influenza seasonal injectable preservative free; Td (adult) preservative free.",1
04e56b50-542d-4a21-93f2-a0bbf18f88c9,"Demographics: born 1960-10-19, gender F, race asian, ethnicity chinese. Encounters: Encounter for 'check-up'; Outpatient Encounter; Encounter for problem; Encounter for symptom. Medications: Ortho Tri-Cyclen 28 Day Pack; 24 HR Metformin hydrochloride 500 MG Extended Release Oral Tablet. Procedures: Colonoscopy; Documentation of current medications; Fecal occult blood test; Rectal polypectomy; Biopsy of colon; Partial resection of colon. Observations: Hemoglobin A1c/Hemoglobin.total in Blood: 6.5 %; Body Height: 175.46 cm; Body Weight: 98.19 kg; Body Mass Index: 31.89 kg/m2; Systolic Blood Pressure: 190.0 mmHg; Diastolic Blood Pressure: 108.0 mmHg; Glucose: 99.0 mg/dL; Urea Nitrogen: 20.0 mg/dL; Creatinine: 1.0 mg/dL; Calcium: 9.39 mg/dL; Sodium: 136.0 mmol/L; Potassium: 4.02 mmol/L; Chloride: 109.0 mmol/L; Carbon Dioxide: 23.0 mmol/L; Total Cholesterol: 192.0 mg/dL; Triglycerides: 149.0 mg/dL; Low Density Lipoprotein Cholesterol: 99.0 mg/dL; High Density Lipoprotein Cholesterol: 63.0 mg/dL; Microalbumin Creatine Ratio: 4.0 mg/g; Estimated Glomerular Filtration Rate: 60.0 mL/min/{1.73_m2}; Systolic Blood Pressure: 154.0 mmHg; Diastolic Blood Pressure: 100.0 mmHg; Glucose: 74.0 mg/dL; Urea Nitrogen: 15.0 mg/dL; Calcium: 10.05 mg/dL; Sodium: 137.0 mmol/L; Potassium: 4.37 mmol/L; Carbon Dioxide: 26.0 mmol/L; Total Cholesterol: 160.0 mg/dL; Triglycerides: 120.0 mg/dL; Low Density Lipoprotein Cholesterol: 77.0 mg/dL; High Density Lipoprotein Cholesterol: 59.0 mg/dL; Microalbumin Creatine Ratio: 11.0 mg/g; Systolic Blood Pressure: 146.0 mmHg; Diastolic Blood Pressure: 92.0 mmHg; Glucose: 97.0 mg/dL; Urea Nitrogen: 8.0 mg/dL; Calcium: 9.13 mg/dL; Potassium: 4.28 mmol/L; Chloride: 101.0 mmol/L. Immunizations: Influenza seasonal injectable preservative free; Td (adult) preservative free.",1
1b127213-0035-49e0-99ca-e82fd74a8083,"Demographics: born 1964-09-29, gender F, race white, ethnicity french_canadian. Encounters: Encounter for symptom; Outpatient Encounter; Prenatal initial visit; Prenatal visit; Obstetric emergency hospital admission; Encounter for 'check-up'. Medications: Penicillin V Potassium 250 MG; Amoxicillin 250 MG / Clavulanate 125 MG [Augmentin]; Amoxicillin 500 MG Oral Tablet; Naproxen sodium 220 MG Oral Tablet. Procedures: Documentation of current medications; Standard pregnancy test; Augmentation of labor; Childbirth; Colonoscopy. Observations: Hemoglobin A1c/Hemoglobin.total in Blood: 6.6 %; Body Height: 175.46 cm; Body Weight: 82.88 kg; Body Mass Index: 26.92 kg/m2; Systolic Blood Pressure: 128.0 mmHg; Diastolic Blood Pressure: 84.0 mmHg; Glucose: 108.0 mg/dL; Urea Nitrogen: 9.0 mg/dL; Creatinine: 1.0 mg/dL; Calcium: 10.06 mg/dL; Sodium: 136.0 mmol/L; Potassium: 4.53 mmol/L; Chloride: 101.0 mmol/L; Carbon Dioxide: 24.0 mmol/L; Total Cholesterol: 236.0 mg/dL; Triglycerides: 186.0 mg/dL; Low Density Lipoprotein Cholesterol: 141.0 mg/dL; High Density Lipoprotein Cholesterol: 57.0 mg/dL; Microalbumin Creatine Ratio: 17.0 mg/g; Estimated Glomerular Filtration Rate: 60.0 mL/min/{1.73_m2}; Hemoglobin A1c/Hemoglobin.total in Blood: 6.9 %; Body Weight: 85.53 kg; Body Mass Index: 27.78 kg/m2; Systolic Blood Pressure: 111.0 mmHg; Diastolic Blood Pressure: 80.0 mmHg; Glucose: 100.0 mg/dL; Urea Nitrogen: 19.0 mg/dL; Calcium: 9.89 mg/dL; Potassium: 4.35 mmol/L; Chloride: 106.0 mmol/L; Carbon Dioxide: 22.0 mmol/L; Total Cholesterol: 237.0 mg/dL; Triglycerides: 172.0 mg/dL; Low Density Lipoprotein Cholesterol: 155.0 mg/dL; High Density Lipoprotein Cholesterol: 47.0 mg/dL; Microalbumin Creatine Ratio: 3.0 mg/g; Hemoglobin A1c/Hemoglobin.total in Blood: 7.1 %; Body Weight: 87.16 kg; Body Mass Index: 28.31 kg/m2; Systolic Blood Pressure: 117.0 mmHg. Immunizations: Influenza seasonal injectable preservative free; Td (adult) preservative free.",1
e25c2bc5-790e-4b75-a8d8-cecadce34d4b,"Demographics: born 1947-08-27, gender M, race hispanic, ethnicity puerto_rican. Encounters: Outpatient Encounter; Encounter for symptom; Encounter for 'check-up'. Medications: Penicillin V Potassium 500 MG; 24 HR Metformin hydrochloride 500 MG Extended Release Oral Tablet; Fluticasone propionate 0.25 MG/ACTUAT / salmeterol 0.05 MG/ACTUAT [Advair]; insulin human isophane 70 UNT/ML / Regular Insulin Human 30 UNT/ML Injectable Suspension [Humulin]; Acetaminophen 160 MG. Procedures: Spirometry (procedure); Pulmonary rehabilitation (regime/therapy); Documentation of current medications; Colonoscopy; Measurement of respiratory function (procedure). Observations: FEV1/​FVC: 26.0 %; Hemoglobin A1c/Hemoglobin.total in Blood: 4.6 %; Body Height: 177.46 cm; Body Weight: 114.66 kg; Body Mass Index: 36.41 kg/m2; Systolic Blood Pressure: 161.0 mmHg; Diastolic Blood Pressure: 93.0 mmHg; Glucose: 168.0 mg/dL; Urea Nitrogen: 16.0 mg/dL; Creatinine: 1.0 mg/dL; Calcium: 9.84 mg/dL; Sodium: 136.0 mmol/L; Potassium: 3.83 mmol/L; Chloride: 107.0 mmol/L; Carbon Dioxide: 20.0 mmol/L; Total Cholesterol: 256.0 mg/dL; Triglycerides: 364.0 mg/dL; Low Density Lipoprotein Cholesterol: 151.0 mg/dL; High Density Lipoprotein Cholesterol: 32.0 mg/dL; Microalbumin Creatine Ratio: 20.0 mg/g; Estimated Glomerular Filtration Rate: 60.0 mL/min/{1.73_m2}; FEV1/​FVC: 13.0 %; Hemoglobin A1c/Hemoglobin.total in Blood: 4.5 %; Body Weight: 113.31 kg; Body Mass Index: 35.98 kg/m2; Systolic Blood Pressure: 145.0 mmHg; Diastolic Blood Pressure: 92.0 mmHg; Glucose: 142.0 mg/dL; Urea Nitrogen: 17.0 mg/dL; Calcium: 9.75 mg/dL; Sodium: 143.0 mmol/L; Potassium: 4.49 mmol/L; Chloride: 108.0 mmol/L; Carbon Dioxide: 26.0 mmol/L; Total Cholesterol: 242.0 mg/dL; Triglycerides: 469.0 mg/dL; Low Density Lipoprotein Cholesterol: 120.0 mg/dL; High Density Lipoprotein Cholesterol: 28.0 mg/dL; Microalbumin Creatine Ratio: 21.0 mg/g; FEV1/​FVC: 27.0 %. Immunizations: Influenza seasonal injectable preservative free; Pneumococcal conjugate PCV 13; pneumococcal polysaccharide vaccine 23 valent.",1
a70df423-256d-4b97-9292-0f1e98de8ede,"Demographics: born 1918-01-22, gender F, race white, ethnicity english. Encounters: Death Certification. Medications: Penicillin V Potassium 250 MG; Nitroglycerin 0.4 MG/ACTUAT [Nitrolingual]; 24 HR Metformin hydrochloride 500 MG Extended Release Oral Tablet; Simvastatin 20 MG Oral Tablet; Amlodipine 5 MG Oral Tablet; Naproxen sodium 220 MG [Aleve]. Observations: Myocardial Infarction.",1
ab3729f8-e12a-4a0b-aebc-71e9eb263489,"Demographics: born 1912-04-27, gender M, race white, ethnicity french. Encounters: Death Certification. Medications: Penicillin V Potassium 250 MG; 24 HR Metformin hydrochloride 500 MG Extended Release Oral Tablet; Nitroglycerin 0.4 MG/ACTUAT [Nitrolingual]; Meperidine Hydrochloride 50 MG Oral Tablet. Observations: Myocardial Infarction.",1
da808e4e-6061-4614-9775-08da15a303b4,"Demographics: born 1950-10-08, gender M, race white, ethnicity french_canadian. Encounters: Outpatient Encounter; Encounter for 'check-up'; Encounter for symptom. Medications: Penicillin V Potassium 250 MG; 24 HR Metformin hydrochloride 500 MG Extended Release Oral Tablet; 3 ML liraglutide 6 MG/ML Pen Injector; canagliflozin 100 MG Oral Tablet; Acetaminophen 160 MG. Procedures: Documentation of current medications; Colonoscopy. Observations: Hemoglobin A1c/Hemoglobin.total in Blood: 9.5 %; Body Height: 170.83 cm; Body Weight: 145.87 kg; Body Mass Index: 49.98 kg/m2; Systolic Blood Pressure: 138.0 mmHg; Diastolic Blood Pressure: 89.0 mmHg; Glucose: 160.0 mg/dL; Urea Nitrogen: 14.0 mg/dL; Creatinine: 1.0 mg/dL; Calcium: 9.8 mg/dL; Sodium: 144.0 mmol/L; Potassium: 5.04 mmol/L; Chloride: 104.0 mmol/L; Carbon Dioxide: 28.0 mmol/L; Total Cholesterol: 293.0 mg/dL; Triglycerides: 557.0 mg/dL; Low Density Lipoprotein Cholesterol: 176.0 mg/dL; High Density Lipoprotein Cholesterol: 5.0 mg/dL; Microalbumin Creatine Ratio: 8.0 mg/g; Estimated Glomerular Filtration Rate: 60.0 mL/min/{1.73_m2}; Hemoglobin A1c/Hemoglobin.total in Blood: 10.0 %; Body Weight: 144.48 kg; Body Mass Index: 49.51 kg/m2; Systolic Blood Pressure: 103.0 mmHg; Glucose: 151.0 mg/dL; Urea Nitrogen: 11.0 mg/dL; Calcium: 9.79 mg/dL; Sodium: 141.0 mmol/L; Potassium: 4.04 mmol/L; Chloride: 111.0 mmol/L; Carbon Dioxide: 21.0 mmol/L; Total Cholesterol: 267.0 mg/dL; Triglycerides: 511.0 mg/dL; Low Density Lipoprotein Cholesterol: 147.0 mg/dL; High Density Lipoprotein Cholesterol: 17.0 mg/dL; Microalbumin Creatine Ratio: 4.0 mg/g; Body Weight: 143.28 kg; Body Mass Index: 49.1 kg/m2; Systolic Blood Pressure: 116.0 mmHg; Diastolic Blood Pressure: 75.0 mmHg. Immunizations: Influenza seasonal injectable preservative free; zoster; Td (adult) preservative free; Pneumococcal conjugate PCV 13; pneumococcal polysaccharide vaccine 23 valent.",1
969aa7ae-a567-43bb-ac72-c97674730d0c,"Demographics: born 1951-07-04, gender F, race hispanic, ethnicity puerto_rican. Encounters: Outpatient Encounter; Encounter for symptom; Emergency Encounter. Medications: Penicillin V Potassium 250 MG; diphenhydrAMINE Hydrochloride 25 MG Oral Tablet; Insulin Lispro 100 UNT/ML Injectable Solution [Humalog]; Leucovorin 100 MG Injection; oxaliplatin 5 MG/ML [Eloxatin]; Alendronic acid 10 MG [Fosamax]; Clopidogrel 75 MG Oral Tablet; Alteplase 1 MG/ML Injectable Solution. Procedures: Bone density scan (procedure); Documentation of current medications; Percutaneous mechanical thrombectomy of portal vein using fluoroscopic guidance. Observations: Hemoglobin A1c/Hemoglobin.total in Blood: 2.9 %; Body Height: 172.06 cm; Body Weight: 105.39 kg; Body Mass Index: 35.6 kg/m2; Systolic Blood Pressure: 121.0 mmHg; Diastolic Blood Pressure: 80.0 mmHg; Glucose: 88.0 mg/dL; Urea Nitrogen: 7.0 mg/dL; Creatinine: 1.0 mg/dL; Calcium: 9.13 mg/dL; Sodium: 137.0 mmol/L; Potassium: 4.34 mmol/L; Chloride: 111.0 mmol/L; Carbon Dioxide: 22.0 mmol/L; Total Cholesterol: 187.0 mg/dL; Triglycerides: 119.0 mg/dL; Low Density Lipoprotein Cholesterol: 97.0 mg/dL; High Density Lipoprotein Cholesterol: 66.0 mg/dL; Microalbumin Creatine Ratio: 542.0 mg/g; Estimated Glomerular Filtration Rate: 60.0 mL/min/{1.73_m2}; Hemoglobin A1c/Hemoglobin.total in Blood: 2.8 %; DXA [T-score] Bone density: -3.78 {T-score}; Body Weight: 103.95 kg; Body Mass Index: 35.11 kg/m2; Systolic Blood Pressure: 116.0 mmHg; Diastolic Blood Pressure: 84.0 mmHg; Glucose: 92.0 mg/dL; Urea Nitrogen: 18.0 mg/dL; Calcium: 9.81 mg/dL; Sodium: 144.0 mmol/L; Potassium: 4.38 mmol/L; Chloride: 104.0 mmol/L; Carbon Dioxide: 24.0 mmol/L; Total Cholesterol: 165.0 mg/dL; Triglycerides: 107.0 mg/dL; Low Density Lipoprotein Cholesterol: 72.0 mg/dL; High Density Lipoprotein Cholesterol: 71.0 mg/dL; Microalbumin Creatine Ratio: 500.0 mg/g; Hemoglobin A1c/Hemoglobin.total in Blood: 2.7 %; Body Weight: 102.45 kg. Allergies: Allergy to nut; Allergy to grass pollen; Dander (animal) allergy; House dust mite allergy; Allergy to mould; Latex allergy. Immunizations: Influenza seasonal injectable preservative free; zoster; Td (adult) preservative free; Pneumococcal conjugate PCV 13.",1
95e0975f-d616-4e56-9d97-c2277cb10335,"Demographics: born 1960-05-18, gender M, race white, ethnicity italian. Encounters: Encounter for symptom; Outpatient Encounter; Encounter for 'check-up'. Medications: Penicillin V Potassium 250 MG; Penicillin V Potassium 500 MG; 24 HR Metformin hydrochloride 500 MG Extended Release Oral Tablet; Dextromethorphan Hydrobromide 1 MG/ML; Acetaminophen 160 MG. Procedures: Sputum examination (procedure); Documentation of current medications; Measurement of respiratory function (procedure); Colonoscopy. Observations: Hemoglobin A1c/Hemoglobin.total in Blood: 8.6 %; Body Height: 165.77 cm; Body Weight: 111.05 kg; Body Mass Index: 40.41 kg/m2; Systolic Blood Pressure: 112.0 mmHg; Diastolic Blood Pressure: 70.0 mmHg; Glucose: 155.0 mg/dL; Urea Nitrogen: 12.0 mg/dL; Creatinine: 1.0 mg/dL; Calcium: 8.88 mg/dL; Sodium: 138.0 mmol/L; Potassium: 3.84 mmol/L; Chloride: 104.0 mmol/L; Carbon Dioxide: 21.0 mmol/L; Total Cholesterol: 256.0 mg/dL; Triglycerides: 352.0 mg/dL; Low Density Lipoprotein Cholesterol: 150.0 mg/dL; High Density Lipoprotein Cholesterol: 35.0 mg/dL; Microalbumin Creatine Ratio: 12.0 mg/g; Estimated Glomerular Filtration Rate: 60.0 mL/min/{1.73_m2}; Systolic Blood Pressure: 132.0 mmHg; Diastolic Blood Pressure: 81.0 mmHg; Glucose: 130.0 mg/dL; Urea Nitrogen: 20.0 mg/dL; Calcium: 8.7 mg/dL; Sodium: 142.0 mmol/L; Potassium: 4.38 mmol/L; Chloride: 106.0 mmol/L; Carbon Dioxide: 26.0 mmol/L; Total Cholesterol: 240.0 mg/dL; Triglycerides: 452.0 mg/dL; Low Density Lipoprotein Cholesterol: 126.0 mg/dL; High Density Lipoprotein Cholesterol: 23.0 mg/dL; Microalbumin Creatine Ratio: 2.0 mg/g; Systolic Blood Pressure: 139.0 mmHg; Glucose: 160.0 mg/dL; Urea Nitrogen: 19.0 mg/dL; Calcium: 10.06 mg/dL; Potassium: 4.23 mmol/L; Chloride: 107.0 mmol/L. Immunizations: Influenza seasonal injectable preservative free; Td (adult) preservative free.",1
0203ff19-5b15-4415-871f-ab78578cbc1d,"Demographics: born 1960-11-01, gender M, race white, ethnicity french_canadian. Encounters: Outpatient Encounter; Encounter for 'check-up'; Encounter for symptom. Medications: Penicillin V Potassium 500 MG; 24 HR Metformin hydrochloride 500 MG Extended Release Oral Tablet; 3 ML liraglutide 6 MG/ML Pen Injector; Dextromethorphan Hydrobromide 1 MG/ML. Procedures: Colonoscopy. Observations: Body Height: 166.92 cm; Body Weight: 112.47 kg; Body Mass Index: 40.37 kg/m2; Systolic Blood Pressure: 181.0 mmHg; Diastolic Blood Pressure: 99.0 mmHg; Total Cholesterol: 163.0 mg/dL; Triglycerides: 104.0 mg/dL; Low Density Lipoprotein Cholesterol: 79.0 mg/dL; High Density Lipoprotein Cholesterol: 63.0 mg/dL; Estimated Glomerular Filtration Rate: 60.0 mL/min/{1.73_m2}; Hemoglobin A1c/Hemoglobin.total in Blood: 10.1 %; Systolic Blood Pressure: 199.0 mmHg; Diastolic Blood Pressure: 118.0 mmHg; Glucose: 90.0 mg/dL; Urea Nitrogen: 11.0 mg/dL; Creatinine: 1.0 mg/dL; Calcium: 9.52 mg/dL; Sodium: 143.0 mmol/L; Potassium: 4.75 mmol/L; Chloride: 111.0 mmol/L; Carbon Dioxide: 23.0 mmol/L; Total Cholesterol: 181.0 mg/dL; Triglycerides: 144.0 mg/dL; Low Density Lipoprotein Cholesterol: 80.0 mg/dL; High Density Lipoprotein Cholesterol: 72.0 mg/dL; Microalbumin Creatine Ratio: 11.0 mg/g; Hemoglobin A1c/Hemoglobin.total in Blood: 8.1 %; Systolic Blood Pressure: 153.0 mmHg; Diastolic Blood Pressure: 92.0 mmHg; Glucose: 128.0 mg/dL; Urea Nitrogen: 8.0 mg/dL; Calcium: 8.86 mg/dL; Sodium: 139.0 mmol/L; Potassium: 4.15 mmol/L; Chloride: 102.0 mmol/L; Total Cholesterol: 270.0 mg/dL; Triglycerides: 525.0 mg/dL; Low Density Lipoprotein Cholesterol: 152.0 mg/dL; High Density Lipoprotein Cholesterol: 13.0 mg/dL; Microalbumin Creatine Ratio: 16.0 mg/g. Immunizations: Influenza seasonal injectable preservative free; Td (adult) preservative free.",1
75239994-239b-4e5f-bcb1-6ca4c13db71f,"Demographics: born 1953-10-12, gender F, race white, ethnicity polish. Encounters: Outpatient Encounter; Encounter for symptom; Encounter for 'check-up'. Medications: Hydrocortisone 10 MG/ML Topical Cream; Chlorpheniramine 8 MG Oral Tablet; Penicillin V Potassium 500 MG; 24 HR Metformin hydrochloride 500 MG Extended Release Oral Tablet; Dextromethorphan Hydrobromide 1 MG/ML; insulin human isophane 70 UNT/ML / Regular Insulin Human 30 UNT/ML Injectable Suspension [Humulin]. Procedures: Documentation of current medications; Colonoscopy. Observations: Hemoglobin A1c/Hemoglobin.total in Blood: 6.3 %; Body Height: 175.46 cm; Body Weight: 96.27 kg; Body Mass Index: 31.27 kg/m2; Systolic Blood Pressure: 118.0 mmHg; Diastolic Blood Pressure: 85.0 mmHg; Glucose: 92.0 mg/dL; Urea Nitrogen: 17.0 mg/dL; Creatinine: 1.0 mg/dL; Calcium: 9.83 mg/dL; Sodium: 141.0 mmol/L; Potassium: 4.17 mmol/L; Chloride: 104.0 mmol/L; Carbon Dioxide: 25.0 mmol/L; Total Cholesterol: 196.0 mg/dL; Triglycerides: 129.0 mg/dL; Low Density Lipoprotein Cholesterol: 103.0 mg/dL; High Density Lipoprotein Cholesterol: 67.0 mg/dL; Microalbumin Creatine Ratio: 6.0 mg/g; Estimated Glomerular Filtration Rate: 60.0 mL/min/{1.73_m2}; Systolic Blood Pressure: 120.0 mmHg; Diastolic Blood Pressure: 75.0 mmHg; Glucose: 94.0 mg/dL; Urea Nitrogen: 18.0 mg/dL; Calcium: 8.74 mg/dL; Sodium: 142.0 mmol/L; Potassium: 4.45 mmol/L; Chloride: 106.0 mmol/L; Carbon Dioxide: 23.0 mmol/L; Total Cholesterol: 173.0 mg/dL; Triglycerides: 116.0 mg/dL; Low Density Lipoprotein Cholesterol: 85.0 mg/dL; High Density Lipoprotein Cholesterol: 64.0 mg/dL; Microalbumin Creatine Ratio: 4.0 mg/g; Systolic Blood Pressure: 137.0 mmHg; Diastolic Blood Pressure: 79.0 mmHg; Glucose: 89.0 mg/dL; Urea Nitrogen: 13.0 mg/dL; Calcium: 9.05 mg/dL; Sodium: 143.0 mmol/L. Immunizations: Influenza seasonal injectable preservative free; zoster; Td (adult) preservative free.",1
36679402-0827-4883-a1a4-90e23905966f,"Demographics: born 1966-11-05, gender F, race white, ethnicity french_canadian. Encounters: Outpatient Encounter; Emergency room admission; Patient encounter procedure; Encounter for symptom. Medications: 24 HR Metformin hydrochloride 500 MG Extended Release Oral Tablet; Naproxen sodium 220 MG Oral Tablet; Amoxicillin 500 MG Oral Tablet; Acetaminophen 160 MG; Amoxicillin 250 MG / Clavulanate 125 MG [Augmentin]. Procedures: Documentation of current medications; Replacement of contraceptive intrauterine device; Measurement of respiratory function (procedure); Removal of intrauterine device. Observations: Hemoglobin A1c/Hemoglobin.total in Blood: 7.4 %; Body Height: 159.4 cm; Body Weight: 90.39 kg; Body Mass Index: 35.57 kg/m2; Systolic Blood Pressure: 156.0 mmHg; Diastolic Blood Pressure: 107.0 mmHg; Glucose: 143.0 mg/dL; Urea Nitrogen: 11.0 mg/dL; Creatinine: 1.0 mg/dL; Calcium: 10.01 mg/dL; Sodium: 143.0 mmol/L; Potassium: 4.04 mmol/L; Chloride: 101.0 mmol/L; Carbon Dioxide: 20.0 mmol/L; Total Cholesterol: 246.0 mg/dL; Triglycerides: 405.0 mg/dL; Low Density Lipoprotein Cholesterol: 144.0 mg/dL; High Density Lipoprotein Cholesterol: 21.0 mg/dL; Microalbumin Creatine Ratio: 16.0 mg/g; Estimated Glomerular Filtration Rate: 60.0 mL/min/{1.73_m2}; Hemoglobin A1c/Hemoglobin.total in Blood: 7.7 %; Body Weight: 93.4 kg; Body Mass Index: 36.76 kg/m2; Systolic Blood Pressure: 182.0 mmHg; Diastolic Blood Pressure: 113.0 mmHg; Glucose: 105.0 mg/dL; Urea Nitrogen: 15.0 mg/dL; Calcium: 8.67 mg/dL; Sodium: 140.0 mmol/L; Potassium: 4.62 mmol/L; Chloride: 104.0 mmol/L; Carbon Dioxide: 26.0 mmol/L; Total Cholesterol: 210.0 mg/dL; Triglycerides: 169.0 mg/dL; Low Density Lipoprotein Cholesterol: 129.0 mg/dL; High Density Lipoprotein Cholesterol: 47.0 mg/dL; Microalbumin Creatine Ratio: 10.0 mg/g; Hemoglobin A1c/Hemoglobin.total in Blood: 8.1 %; Body Weight: 97.6 kg; Body Mass Index: 38.41 kg/m2. Immunizations: Influenza seasonal injectable preservative free.",1
48c32689-f734-4a84-8b7d-583edf25e214,"Demographics: born 1975-07-17, gender F, race white, ethnicity russian. Encounters: Encounter for symptom; Outpatient Encounter. Procedures: Documentation of current medications. Observations: Body Height: 161.69 cm; Body Weight: 88.84 kg; Body Mass Index: 33.98 kg/m2; Systolic Blood Pressure: 153.0 mmHg; Diastolic Blood Pressure: 108.0 mmHg; Total Cholesterol: 179.0 mg/dL; Triglycerides: 104.0 mg/dL; Low Density Lipoprotein Cholesterol: 96.0 mg/dL; High Density Lipoprotein Cholesterol: 62.0 mg/dL; Estimated Glomerular Filtration Rate: 60.0 mL/min/{1.73_m2}; Body Weight: 93.19 kg; Body Mass Index: 35.64 kg/m2; Systolic Blood Pressure: 150.0 mmHg; Triglycerides: 100.0 mg/dL; Low Density Lipoprotein Cholesterol: 86.0 mg/dL; High Density Lipoprotein Cholesterol: 73.0 mg/dL. Immunizations: Influenza seasonal injectable preservative free.",0
134a52ee-52ec-458b-bbf6-6997f6837774,"Demographics: born 1957-06-28, gender M, race hispanic, ethnicity mexican. Encounters: Encounter for symptom; Outpatient Encounter. Medications: 24 HR Metformin hydrochloride 500 MG Extended Release Oral Tablet. Observations: Hemoglobin A1c/Hemoglobin.total in Blood: 7.8 %; Body Height: 178.48 cm; Body Weight: 117.95 kg; Body Mass Index: 37.03 kg/m2; Systolic Blood Pressure: 114.0 mmHg; Diastolic Blood Pressure: 74.0 mmHg; Glucose: 193.0 mg/dL; Urea Nitrogen: 7.0 mg/dL; Creatinine: 1.0 mg/dL; Calcium: 9.36 mg/dL; Sodium: 142.0 mmol/L; Potassium: 4.09 mmol/L; Chloride: 110.0 mmol/L; Carbon Dioxide: 23.0 mmol/L; Total Cholesterol: 244.0 mg/dL; Triglycerides: 403.0 mg/dL; Low Density Lipoprotein Cholesterol: 124.0 mg/dL; High Density Lipoprotein Cholesterol: 39.0 mg/dL; Microalbumin Creatine Ratio: 8.0 mg/g; Estimated Glomerular Filtration Rate: 60.0 mL/min/{1.73_m2}; Systolic Blood Pressure: 105.0 mmHg; Glucose: 187.0 mg/dL; Urea Nitrogen: 19.0 mg/dL; Calcium: 8.76 mg/dL; Sodium: 139.0 mmol/L; Potassium: 5.14 mmol/L; Chloride: 111.0 mmol/L; Carbon Dioxide: 29.0 mmol/L; Total Cholesterol: 256.0 mg/dL; Triglycerides: 413.0 mg/dL; Low Density Lipoprotein Cholesterol: 145.0 mg/dL; High Density Lipoprotein Cholesterol: 28.0 mg/dL; Microalbumin Creatine Ratio: 6.0 mg/g; Oral temperature: 38.0 Cel. Immunizations: Influenza seasonal injectable preservative free.",1
ef0df58d-124d-4a2b-bad8-1b3e0a736409,"Demographics: born 1975-12-25, gender M, race white, ethnicity german. Encounters: Outpatient Encounter; Encounter for symptom. Medications: Penicillin V Potassium 250 MG; Acetaminophen 160 MG. Observations: Body Height: 178.7 cm; Body Weight: 104.26 kg; Body Mass Index: 32.65 kg/m2; Systolic Blood Pressure: 197.0 mmHg; Diastolic Blood Pressure: 94.0 mmHg; Total Cholesterol: 195.0 mg/dL; Triglycerides: 134.0 mg/dL; Low Density Lipoprotein Cholesterol: 94.0 mg/dL; High Density Lipoprotein Cholesterol: 74.0 mg/dL; Estimated Glomerular Filtration Rate: 60.0 mL/min/{1.73_m2}; Body Weight: 109.16 kg; Body Mass Index: 34.18 kg/m2; Systolic Blood Pressure: 183.0 mmHg; Diastolic Blood Pressure: 102.0 mmHg; Total Cholesterol: 179.0 mg/dL; Triglycerides: 131.0 mg/dL; Low Density Lipoprotein Cholesterol: 84.0 mg/dL; High Density Lipoprotein Cholesterol: 68.0 mg/dL. Immunizations: Influenza seasonal injectable preservative free.",0
448b70f3-a9a9-4c29-814e-54182232bfb8,"Demographics: born 1968-07-31, gender M, race white, ethnicity italian. Encounters: Outpatient Encounter; Encounter for symptom. Medications: Penicillin V Potassium 250 MG; Acetaminophen 160 MG. Procedures: Documentation of current medications. Observations: Body Height: 174.29 cm; Body Weight: 133.94 kg; Body Mass Index: 44.09 kg/m2; Systolic Blood Pressure: 102.0 mmHg; Diastolic Blood Pressure: 87.0 mmHg; Oral temperature: 38.0 Cel; Body Weight: 136.79 kg; Body Mass Index: 45.03 kg/m2; Systolic Blood Pressure: 137.0 mmHg; Diastolic Blood Pressure: 72.0 mmHg; Total Cholesterol: 196.0 mg/dL; Triglycerides: 105.0 mg/dL; Low Density Lipoprotein Cholesterol: 98.0 mg/dL; High Density Lipoprotein Cholesterol: 77.0 mg/dL; Oral temperature: 37.0 Cel; Body Weight: 139.34 kg; Body Mass Index: 45.87 kg/m2; Systolic Blood Pressure: 109.0 mmHg; Diastolic Blood Pressure: 76.0 mmHg; Body Weight: 142.56 kg; Body Mass Index: 46.93 kg/m2; Systolic Blood Pressure: 115.0 mmHg; Diastolic Blood Pressure: 83.0 mmHg; Total Cholesterol: 167.0 mg/dL; Triglycerides: 128.0 mg/dL; Low Density Lipoprotein Cholesterol: 71.0 mg/dL; High Density Lipoprotein Cholesterol: 70.0 mg/dL. Immunizations: Influenza seasonal injectable preservative free; Td (adult) preservative free.",0
25738406-8f78-4475-be16-677d3add2179,"Demographics: born 1953-11-07, gender F, race white, ethnicity german. Encounters: Outpatient Encounter; Encounter for 'check-up'. Medications: Alendronic acid 10 MG [Fosamax]. Procedures: Documentation of current medications; Colonoscopy; Fecal occult blood test; Rectal polypectomy; Bone density scan (procedure). Observations: Body Height: 158.97 cm; Body Weight: 107.46 kg; Body Mass Index: 42.52 kg/m2; Systolic Blood Pressure: 145.0 mmHg; Diastolic Blood Pressure: 90.0 mmHg; Estimated Glomerular Filtration Rate: 60.0 mL/min/{1.73_m2}; Systolic Blood Pressure: 192.0 mmHg; Diastolic Blood Pressure: 110.0 mmHg; Systolic Blood Pressure: 143.0 mmHg; Diastolic Blood Pressure: 111.0 mmHg; Polyp size greatest dimension by CAP cancer protocols: 5.0 mm; Hemoglobin.gastrointestinal [Presence] in Stool by Immunologic method: 20.0 ng/mL; DXA [T-score] Bone density: -3.39 {T-score}; Body Weight: 106.16 kg; Body Mass Index: 42.01 kg/m2; Systolic Blood Pressure: 170.0 mmHg; Diastolic Blood Pressure: 96.0 mmHg; Total Cholesterol: 200.0 mg/dL; Triglycerides: 103.0 mg/dL; Low Density Lipoprotein Cholesterol: 115.0 mg/dL; High Density Lipoprotein Cholesterol: 64.0 mg/dL; Body Weight: 104.2 kg; Body Mass Index: 41.23 kg/m2; Systolic Blood Pressure: 156.0 mmHg; Diastolic Blood Pressure: 117.0 mmHg; Body Weight: 102.6 kg; Body Mass Index: 40.6 kg/m2; Systolic Blood Pressure: 166.0 mmHg; Diastolic Blood Pressure: 114.0 mmHg; Body Weight: 100.85 kg; Body Mass Index: 39.91 kg/m2; Systolic Blood Pressure: 182.0 mmHg; Diastolic Blood Pressure: 116.0 mmHg. Immunizations: Influenza seasonal injectable preservative free; zoster; Td (adult) preservative free.",0
8730d13d-3c1a-44ae-aa1d-8b4df988b89e,"Demographics: born 1949-03-27, gender M, race asian, ethnicity chinese. Encounters: Encounter for symptom; Outpatient Encounter; Emergency room admission; Encounter for 'check-up'. Medications: 24 HR Metformin hydrochloride 500 MG Extended Release Oral Tablet; insulin human isophane 70 UNT/ML / Regular Insulin Human 30 UNT/ML Injectable Suspension [Humulin]; Alendronic acid 10 MG [Fosamax]; Naproxen sodium 220 MG Oral Tablet. Procedures: Documentation of current medications; Suture open wound; Colonoscopy. Observations: Hemoglobin A1c/Hemoglobin.total in Blood: 4.7 %; Body Height: 178.52 cm; Body Weight: 117.52 kg; Body Mass Index: 36.88 kg/m2; Systolic Blood Pressure: 146.0 mmHg; Diastolic Blood Pressure: 105.0 mmHg; Glucose: 158.0 mg/dL; Urea Nitrogen: 19.0 mg/dL; Creatinine: 1.0 mg/dL; Calcium: 9.73 mg/dL; Sodium: 137.0 mmol/L; Potassium: 3.79 mmol/L; Chloride: 102.0 mmol/L; Carbon Dioxide: 29.0 mmol/L; Total Cholesterol: 239.0 mg/dL; Triglycerides: 335.0 mg/dL; Low Density Lipoprotein Cholesterol: 147.0 mg/dL; High Density Lipoprotein Cholesterol: 25.0 mg/dL; Microalbumin Creatine Ratio: 11.0 mg/g; Estimated Glomerular Filtration Rate: 60.0 mL/min/{1.73_m2}; Systolic Blood Pressure: 166.0 mmHg; Diastolic Blood Pressure: 97.0 mmHg; Glucose: 133.0 mg/dL; Urea Nitrogen: 7.0 mg/dL; Calcium: 9.12 mg/dL; Sodium: 141.0 mmol/L; Potassium: 3.95 mmol/L; Chloride: 110.0 mmol/L; Carbon Dioxide: 24.0 mmol/L; Total Cholesterol: 251.0 mg/dL; Triglycerides: 433.0 mg/dL; Low Density Lipoprotein Cholesterol: 137.0 mg/dL; High Density Lipoprotein Cholesterol: 27.0 mg/dL; Microalbumin Creatine Ratio: 12.0 mg/g; Hemoglobin A1c/Hemoglobin.total in Blood: 4.4 %; Body Weight: 113.77 kg; Body Mass Index: 35.7 kg/m2; Systolic Blood Pressure: 163.0 mmHg; Diastolic Blood Pressure: 120.0 mmHg; Glucose: 199.0 mg/dL. Immunizations: Influenza seasonal injectable preservative free; Td (adult) preservative free; Pneumococcal conjugate PCV 13; pneumococcal polysaccharide vaccine 23 valent.",1
e07e0f9f-be06-4c86-b4fc-1291ca76d03c,"Demographics: born 1996-08-22, gender F, race white, ethnicity german. Encounters: Emergency room admission; Encounter for 'check-up'; Outpatient Encounter; Encounter for symptom; Prenatal initial visit; Prenatal visit; Obstetric emergency hospital admission. Medications: Penicillin V Potassium 250 MG; Ibuprofen 200 MG Oral Tablet; Dextromethorphan Hydrobromide 1 MG/ML. Procedures: Bone immobilization; Documentation of current medications; Measurement of respiratory function (procedure); Standard pregnancy test; Premature birth of newborn. Observations: Body Height: 150.95 cm; Body Weight: 78.07 kg; Body Mass Index: 34.26 kg/m2; Systolic Blood Pressure: 102.0 mmHg; Diastolic Blood Pressure: 83.0 mmHg; Body Height: 152.56 cm; Body Weight: 82.43 kg; Body Mass Index: 35.42 kg/m2; Systolic Blood Pressure: 100.0 mmHg; Diastolic Blood Pressure: 87.0 mmHg; Body Height: 153.09 cm; Body Weight: 84.72 kg; Body Mass Index: 36.15 kg/m2; Systolic Blood Pressure: 108.0 mmHg; Body Height: 153.41 cm; Body Weight: 86.52 kg; Body Mass Index: 36.76 kg/m2; Diastolic Blood Pressure: 88.0 mmHg; Oral temperature: 37.0 Cel; Body Height: 153.59 cm; Body Weight: 87.79 kg; Body Mass Index: 37.21 kg/m2; Systolic Blood Pressure: 110.0 mmHg; Diastolic Blood Pressure: 82.0 mmHg; Body Height: 153.7 cm; Body Weight: 88.75 kg; Body Mass Index: 37.57 kg/m2; Systolic Blood Pressure: 126.0 mmHg; Diastolic Blood Pressure: 84.0 mmHg; Body Height: 153.73 cm; Body Weight: 90.53 kg; Body Mass Index: 38.3 kg/m2; Systolic Blood Pressure: 130.0 mmHg; Diastolic Blood Pressure: 74.0 mmHg. Immunizations: Influenza seasonal injectable preservative free; HPV quadrivalent; meningococcal MCV4P.",0
9f594bbf-e7fd-4dbf-aa10-041d3d0db16c,"Demographics: born 1972-12-09, gender M, race black, ethnicity west_indian. Encounters: Encounter for symptom; Outpatient Encounter. Medications: 24 HR Metformin hydrochloride 500 MG Extended Release Oral Tablet. Procedures: Documentation of current medications. Observations: Oral temperature: 37.0 Cel; Hemoglobin A1c/Hemoglobin.total in Blood: 6.6 %; Body Height: 173.92 cm; Body Weight: 97.73 kg; Body Mass Index: 32.31 kg/m2; Systolic Blood Pressure: 167.0 mmHg; Diastolic Blood Pressure: 97.0 mmHg; Glucose: 196.0 mg/dL; Urea Nitrogen: 14.0 mg/dL; Creatinine: 1.0 mg/dL; Calcium: 8.53 mg/dL; Sodium: 143.0 mmol/L; Potassium: 4.75 mmol/L; Chloride: 111.0 mmol/L; Carbon Dioxide: 25.0 mmol/L; Total Cholesterol: 247.0 mg/dL; Triglycerides: 351.0 mg/dL; Low Density Lipoprotein Cholesterol: 142.0 mg/dL; High Density Lipoprotein Cholesterol: 34.0 mg/dL; Microalbumin Creatine Ratio: 3.0 mg/g; Estimated Glomerular Filtration Rate: 60.0 mL/min/{1.73_m2}; Hemoglobin A1c/Hemoglobin.total in Blood: 7.1 %; Body Weight: 104.44 kg; Body Mass Index: 34.53 kg/m2; Systolic Blood Pressure: 171.0 mmHg; Diastolic Blood Pressure: 111.0 mmHg; Glucose: 108.0 mg/dL; Urea Nitrogen: 7.0 mg/dL; Calcium: 8.73 mg/dL; Sodium: 139.0 mmol/L; Potassium: 4.94 mmol/L; Chloride: 105.0 mmol/L; Carbon Dioxide: 22.0 mmol/L; Total Cholesterol: 220.0 mg/dL; Triglycerides: 170.0 mg/dL; Low Density Lipoprotein Cholesterol: 143.0 mg/dL; High Density Lipoprotein Cholesterol: 43.0 mg/dL; Microalbumin Creatine Ratio: 12.0 mg/g. Immunizations: Influenza seasonal injectable preservative free; Td (adult) preservative free.",1
e1d9dca6-1f68-47fe-bc15-51790c201a09,"Demographics: born 1992-07-05, gender M, race white, ethnicity irish. Encounters: Outpatient Encounter; Emergency room admission; Encounter for 'check-up'; Encounter for symptom. Medications: Penicillin V Potassium 250 MG; Naproxen sodium 220 MG Oral Tablet; Amoxicillin 250 MG / Clavulanate 125 MG [Augmentin]. Procedures: Bone immobilization; Documentation of current medications. Observations: Body Height: 172.65 cm; Body Weight: 63.25 kg; Body Mass Index: 21.22 kg/m2; Systolic Blood Pressure: 145.0 mmHg; Diastolic Blood Pressure: 103.0 mmHg; Estimated Glomerular Filtration Rate: 60.0 mL/min/{1.73_m2}; Body Height: 172.99 cm; Body Weight: 64.79 kg; Body Mass Index: 21.65 kg/m2; Systolic Blood Pressure: 181.0 mmHg; Diastolic Blood Pressure: 105.0 mmHg; Body Height: 173.14 cm; Body Weight: 66.99 kg; Body Mass Index: 22.35 kg/m2; Systolic Blood Pressure: 140.0 mmHg; Diastolic Blood Pressure: 100.0 mmHg; Body Weight: 69.39 kg; Body Mass Index: 23.15 kg/m2; Systolic Blood Pressure: 192.0 mmHg; Diastolic Blood Pressure: 93.0 mmHg. Immunizations: Influenza seasonal injectable preservative free; Td (adult) preservative free.",0
0d4f1763-21bb-4834-932c-a93074825f75,"Demographics: born 2002-11-16, gender F, race hispanic, ethnicity puerto_rican. Encounters: Outpatient Encounter; Encounter for symptom; Emergency room admission; Consultation for treatment. Medications: Penicillin V Potassium 250 MG; Dextromethorphan Hydrobromide 1 MG/ML; Ibuprofen 100 MG Oral Tablet; Amoxicillin 250 MG / Clavulanate 125 MG [Augmentin]; Acetaminophen 160 MG; Natazia 28 Day Pack. Procedures: Documentation of current medications; Suture open wound; Injection of tetanus antitoxin; Plain chest X-ray (procedure). Observations: Body Height: 128.19 cm; Body Weight: 29.58 kg; Body Mass Index: 18.0 kg/m2; Systolic Blood Pressure: 139.0 mmHg; Diastolic Blood Pressure: 76.0 mmHg; Body Height: 132.82 cm; Body Weight: 33.37 kg; Body Mass Index: 18.92 kg/m2; Systolic Blood Pressure: 118.0 mmHg; Diastolic Blood Pressure: 71.0 mmHg; Body Height: 137.43 cm; Body Weight: 37.64 kg; Body Mass Index: 19.93 kg/m2; Systolic Blood Pressure: 114.0 mmHg; Body Height: 143.6 cm; Body Weight: 42.62 kg; Body Mass Index: 20.67 kg/m2; Systolic Blood Pressure: 124.0 mmHg; Diastolic Blood Pressure: 72.0 mmHg; Body Height: 150.83 cm; Body Weight: 47.55 kg; Body Mass Index: 20.9 kg/m2; Systolic Blood Pressure: 105.0 mmHg; Diastolic Blood Pressure: 80.0 mmHg; Body Height: 156.0 cm; Body Weight: 51.63 kg; Body Mass Index: 21.22 kg/m2; Systolic Blood Pressure: 112.0 mmHg; Diastolic Blood Pressure: 70.0 mmHg; Body Height: 159.18 cm; Body Weight: 55.49 kg; Body Mass Index: 21.9 kg/m2; Systolic Blood Pressure: 106.0 mmHg; Diastolic Blood Pressure: 88.0 mmHg. Immunizations: Influenza seasonal injectable preservative free; meningococcal MCV4P; Tdap; HPV quadrivalent.",0
825cf6b0-e785-4ea5-88e0-78630c02f4c9,"Demographics: born 1970-06-07, gender F, race white, ethnicity english. Encounters: Patient encounter procedure; Encounter for symptom; Outpatient Encounter. Medications: Penicillin V Potassium 500 MG; insulin human isophane 70 UNT/ML / Regular Insulin Human 30 UNT/ML Injectable Suspension [Humulin]; Insulin Lispro 100 UNT/ML Injectable Solution [Humalog]; Amoxicillin 250 MG / Clavulanate 125 MG [Augmentin]. Procedures: Replacement of contraceptive intrauterine device; Documentation of current medications. Observations: Hemoglobin A1c/Hemoglobin.total in Blood: 5.3 %; Body Height: 162.64 cm; Body Weight: 87.72 kg; Body Mass Index: 33.16 kg/m2; Systolic Blood Pressure: 165.0 mmHg; Diastolic Blood Pressure: 101.0 mmHg; Glucose: 124.0 mg/dL; Urea Nitrogen: 15.0 mg/dL; Creatinine: 1.0 mg/dL; Calcium: 9.62 mg/dL; Sodium: 137.0 mmol/L; Potassium: 4.3 mmol/L; Chloride: 104.0 mmol/L; Carbon Dioxide: 20.0 mmol/L; Total Cholesterol: 205.0 mg/dL; Triglycerides: 197.0 mg/dL; Low Density Lipoprotein Cholesterol: 114.0 mg/dL; High Density Lipoprotein Cholesterol: 51.0 mg/dL; Microalbumin Creatine Ratio: 18.0 mg/g; Estimated Glomerular Filtration Rate: 60.0 mL/min/{1.73_m2}; Hemoglobin A1c/Hemoglobin.total in Blood: 5.4 %; Body Weight: 88.99 kg; Body Mass Index: 33.64 kg/m2; Systolic Blood Pressure: 199.0 mmHg; Diastolic Blood Pressure: 114.0 mmHg; Glucose: 108.0 mg/dL; Urea Nitrogen: 12.0 mg/dL; Calcium: 8.98 mg/dL; Sodium: 138.0 mmol/L; Potassium: 3.79 mmol/L; Chloride: 110.0 mmol/L; Carbon Dioxide: 24.0 mmol/L; Total Cholesterol: 239.0 mg/dL; Triglycerides: 195.0 mg/dL; Low Density Lipoprotein Cholesterol: 160.0 mg/dL; High Density Lipoprotein Cholesterol: 40.0 mg/dL; Oral temperature: 37.0 Cel; Hemoglobin A1c/Hemoglobin.total in Blood: 5.6 %; Body Weight: 90.65 kg; Body Mass Index: 34.27 kg/m2. Immunizations: Influenza seasonal injectable preservative free; Td (adult) preservative free.",1
e550b983-e798-43d4-ae90-48590c5312a0,"Demographics: born 1942-07-25, gender M, race white, ethnicity english. Encounters: Emergency room admission; Outpatient Encounter; Encounter for symptom. Medications: Penicillin V Potassium 250 MG; Acetaminophen 325 MG Oral Tablet; Acetaminophen 160 MG; Amoxicillin 250 MG / Clavulanate 125 MG [Augmentin]. Procedures: Documentation of current medications. Observations: Hemoglobin A1c/Hemoglobin.total in Blood: 5.8 %; Body Height: 173.58 cm; Body Weight: 134.88 kg; Body Mass Index: 44.77 kg/m2; Systolic Blood Pressure: 181.0 mmHg; Diastolic Blood Pressure: 118.0 mmHg; Glucose: 98.0 mg/dL; Urea Nitrogen: 19.0 mg/dL; Creatinine: 1.0 mg/dL; Calcium: 9.62 mg/dL; Sodium: 138.0 mmol/L; Potassium: 4.34 mmol/L; Chloride: 103.0 mmol/L; Carbon Dioxide: 21.0 mmol/L; Estimated Glomerular Filtration Rate: 60.0 mL/min/{1.73_m2}; Hemoglobin A1c/Hemoglobin.total in Blood: 6.0 %; Body Weight: 133.22 kg; Body Mass Index: 44.21 kg/m2; Systolic Blood Pressure: 172.0 mmHg; Diastolic Blood Pressure: 101.0 mmHg; Glucose: 74.0 mg/dL; Urea Nitrogen: 20.0 mg/dL; Calcium: 8.89 mg/dL; Sodium: 141.0 mmol/L; Potassium: 5.06 mmol/L; Carbon Dioxide: 24.0 mmol/L; Total Cholesterol: 193.0 mg/dL; Triglycerides: 148.0 mg/dL; Low Density Lipoprotein Cholesterol: 83.0 mg/dL; High Density Lipoprotein Cholesterol: 80.0 mg/dL; Hemoglobin A1c/Hemoglobin.total in Blood: 6.3 %; Body Weight: 131.29 kg; Body Mass Index: 43.57 kg/m2; Systolic Blood Pressure: 163.0 mmHg; Diastolic Blood Pressure: 90.0 mmHg; Glucose: 90.0 mg/dL; Urea Nitrogen: 16.0 mg/dL; Calcium: 9.03 mg/dL; Sodium: 142.0 mmol/L; Potassium: 4.81 mmol/L. Immunizations: Pneumococcal conjugate PCV 13; Influenza seasonal injectable preservative free; Td (adult) preservative free.",0
53bb2116-7d94-402c-ad39-a7924d582132,"Demographics: born 1943-02-08, gender M, race white, ethnicity irish. Encounters: Outpatient Encounter; Domiciliary or rest home patient evaluation and management; Encounter for symptom; Emergency room admission; Encounter for 'check-up'. Medications: Penicillin V Potassium 250 MG; Penicillin V Potassium 500 MG; 24 HR Metformin hydrochloride 500 MG Extended Release Oral Tablet; Meperidine Hydrochloride 50 MG Oral Tablet; Naproxen sodium 220 MG Oral Tablet; Alendronic acid 10 MG [Fosamax]. Procedures: Information gathering (procedure); Admission to orthopedic department; Bone density scan (procedure); Colonoscopy; Fecal occult blood test; Rectal polypectomy; Documentation of current medications. Observations: Hemoglobin A1c/Hemoglobin.total in Blood: 7.4 %; Body Height: 182.36 cm; Body Weight: 118.37 kg; Body Mass Index: 35.59 kg/m2; Systolic Blood Pressure: 198.0 mmHg; Diastolic Blood Pressure: 91.0 mmHg; Glucose: 108.0 mg/dL; Urea Nitrogen: 8.0 mg/dL; Creatinine: 1.0 mg/dL; Calcium: 8.68 mg/dL; Sodium: 144.0 mmol/L; Potassium: 4.01 mmol/L; Chloride: 107.0 mmol/L; Carbon Dioxide: 26.0 mmol/L; Total Cholesterol: 210.0 mg/dL; Triglycerides: 180.0 mg/dL; Low Density Lipoprotein Cholesterol: 115.0 mg/dL; High Density Lipoprotein Cholesterol: 59.0 mg/dL; Microalbumin Creatine Ratio: 5.0 mg/g; Estimated Glomerular Filtration Rate: 60.0 mL/min/{1.73_m2}; Hemoglobin A1c/Hemoglobin.total in Blood: 7.3 %; Body Weight: 117.17 kg; Body Mass Index: 35.23 kg/m2; Systolic Blood Pressure: 191.0 mmHg; Diastolic Blood Pressure: 105.0 mmHg; Glucose: 111.0 mg/dL; Urea Nitrogen: 12.0 mg/dL; Calcium: 9.2 mg/dL; Sodium: 137.0 mmol/L; Potassium: 4.89 mmol/L; Chloride: 102.0 mmol/L; Total Cholesterol: 219.0 mg/dL; Triglycerides: 167.0 mg/dL; Low Density Lipoprotein Cholesterol: 133.0 mg/dL; High Density Lipoprotein Cholesterol: 52.0 mg/dL; Microalbumin Creatine Ratio: 2.0 mg/g; Sexual orientation: heterosexual {nominal}; HIV status: HIV positive {nominal}; Abuse Status [OMAHA]: Severe signs/symptoms {nominal}; Housing status: Patient is homeless {nominal}. Immunizations: Influenza seasonal injectable preservative free; Td (adult) preservative free.",1
18588607-cdc4-476f-beff-33bba8b66b15,"Demographics: born 1977-12-27, gender F, race white, ethnicity english. Encounters: Outpatient Encounter; Encounter for symptom; Emergency room admission. Medications: Seasonique 91 Day Pack; Naproxen sodium 220 MG [Aleve]; Ibuprofen 200 MG Oral Tablet. Observations: Body Height: 162.76 cm; Body Weight: 78.65 kg; Body Mass Index: 29.69 kg/m2; Systolic Blood Pressure: 112.0 mmHg; Diastolic Blood Pressure: 81.0 mmHg; Body Weight: 83.18 kg; Body Mass Index: 31.4 kg/m2; Systolic Blood Pressure: 138.0 mmHg; Diastolic Blood Pressure: 77.0 mmHg; Total Cholesterol: 200.0 mg/dL; Triglycerides: 130.0 mg/dL; Low Density Lipoprotein Cholesterol: 104.0 mg/dL; High Density Lipoprotein Cholesterol: 70.0 mg/dL. Immunizations: Influenza seasonal injectable preservative free.",0
8cf45757-3641-4e47-a77a-a3e970c0a8b0,"Demographics: born 1958-09-26, gender M, race hispanic, ethnicity puerto_rican. Encounters: Outpatient Encounter; Encounter for symptom. Medications: 24 HR Metformin hydrochloride 500 MG Extended Release Oral Tablet; Insulin Lispro 100 UNT/ML Injectable Solution [Humalog]; Amoxicillin 250 MG / Clavulanate 125 MG [Augmentin]; Acetaminophen 160 MG. Procedures: Documentation of current medications; Measurement of respiratory function (procedure). Observations: Hemoglobin A1c/Hemoglobin.total in Blood: 3.9 %; Body Height: 163.33 cm; Body Weight: 121.34 kg; Body Mass Index: 45.49 kg/m2; Systolic Blood Pressure: 133.0 mmHg; Diastolic Blood Pressure: 73.0 mmHg; Glucose: 65.0 mg/dL; Urea Nitrogen: 12.0 mg/dL; Creatinine: 1.0 mg/dL; Calcium: 8.94 mg/dL; Sodium: 139.0 mmol/L; Potassium: 4.16 mmol/L; Chloride: 107.0 mmol/L; Carbon Dioxide: 22.0 mmol/L; Total Cholesterol: 187.0 mg/dL; Triglycerides: 124.0 mg/dL; Low Density Lipoprotein Cholesterol: 97.0 mg/dL; High Density Lipoprotein Cholesterol: 65.0 mg/dL; Microalbumin Creatine Ratio: 211.0 mg/g; Estimated Glomerular Filtration Rate: 60.0 mL/min/{1.73_m2}; Systolic Blood Pressure: 107.0 mmHg; Diastolic Blood Pressure: 82.0 mmHg; Glucose: 81.0 mg/dL; Urea Nitrogen: 17.0 mg/dL; Calcium: 9.38 mg/dL; Sodium: 142.0 mmol/L; Potassium: 4.88 mmol/L; Chloride: 109.0 mmol/L; Carbon Dioxide: 25.0 mmol/L; Total Cholesterol: 188.0 mg/dL; Triglycerides: 116.0 mg/dL; Low Density Lipoprotein Cholesterol: 88.0 mg/dL; High Density Lipoprotein Cholesterol: 76.0 mg/dL; Microalbumin Creatine Ratio: 277.0 mg/g; Systolic Blood Pressure: 127.0 mmHg; Diastolic Blood Pressure: 81.0 mmHg; Glucose: 76.0 mg/dL; Calcium: 9.93 mg/dL; Sodium: 141.0 mmol/L; Potassium: 4.98 mmol/L. Immunizations: Influenza seasonal injectable preservative free.",1
4a30b0de-f3ea-44b0-b929-f7dca9b589ef,"Demographics: born 1954-12-19, gender M, race white, ethnicity irish. Encounters: Emergency room admission; Outpatient Encounter; Encounter for symptom. Medications: Penicillin V Potassium 250 MG; Penicillin V Potassium 500 MG; 24 HR Metformin hydrochloride 500 MG Extended Release Oral Tablet; Ibuprofen 200 MG Oral Tablet; Acetaminophen 160 MG; insulin human isophane 70 UNT/ML / Regular Insulin Human 30 UNT/ML Injectable Suspension [Humulin]. Procedures: Suture open wound; Documentation of current medications; Plain chest X-ray (procedure). Observations: Hemoglobin A1c/Hemoglobin.total in Blood: 7.5 %; Body Height: 172.81 cm; Body Weight: 108.04 kg; Body Mass Index: 36.18 kg/m2; Systolic Blood Pressure: 127.0 mmHg; Diastolic Blood Pressure: 85.0 mmHg; Glucose: 117.0 mg/dL; Urea Nitrogen: 20.0 mg/dL; Creatinine: 1.0 mg/dL; Calcium: 10.12 mg/dL; Sodium: 137.0 mmol/L; Potassium: 4.32 mmol/L; Chloride: 106.0 mmol/L; Carbon Dioxide: 27.0 mmol/L; Total Cholesterol: 203.0 mg/dL; Triglycerides: 150.0 mg/dL; Low Density Lipoprotein Cholesterol: 125.0 mg/dL; High Density Lipoprotein Cholesterol: 48.0 mg/dL; Microalbumin Creatine Ratio: 7.0 mg/g; Estimated Glomerular Filtration Rate: 60.0 mL/min/{1.73_m2}; Systolic Blood Pressure: 114.0 mmHg; Diastolic Blood Pressure: 81.0 mmHg; Glucose: 104.0 mg/dL; Urea Nitrogen: 11.0 mg/dL; Calcium: 8.93 mg/dL; Sodium: 144.0 mmol/L; Potassium: 4.68 mmol/L; Chloride: 108.0 mmol/L; Carbon Dioxide: 29.0 mmol/L; Total Cholesterol: 227.0 mg/dL; Triglycerides: 157.0 mg/dL; Low Density Lipoprotein Cholesterol: 146.0 mg/dL; High Density Lipoprotein Cholesterol: 49.0 mg/dL; Microalbumin Creatine Ratio: 6.0 mg/g; Systolic Blood Pressure: 103.0 mmHg; Diastolic Blood Pressure: 78.0 mmHg; Glucose: 118.0 mg/dL; Urea Nitrogen: 12.0 mg/dL; Calcium: 8.8 mg/dL; Sodium: 140.0 mmol/L. Immunizations: Influenza seasonal injectable preservative free; zoster; Td (adult) preservative free.",1
770ea7ec-2114-407b-9c9e-a73774b016fd,"Demographics: born 1962-11-27, gender M, race white, ethnicity american. Encounters: Outpatient Encounter; Encounter for symptom. Medications: Acetaminophen 160 MG. Procedures: Measurement of respiratory function (procedure); Documentation of current medications. Observations: Body Height: 174.83 cm; Body Weight: 116.68 kg; Body Mass Index: 38.17 kg/m2; Systolic Blood Pressure: 116.0 mmHg; Diastolic Blood Pressure: 88.0 mmHg; Body Weight: 118.43 kg; Body Mass Index: 38.74 kg/m2; Systolic Blood Pressure: 132.0 mmHg; Diastolic Blood Pressure: 80.0 mmHg; Total Cholesterol: 197.0 mg/dL; Triglycerides: 146.0 mg/dL; Low Density Lipoprotein Cholesterol: 90.0 mg/dL; High Density Lipoprotein Cholesterol: 77.0 mg/dL; Systolic Blood Pressure: 127.0 mmHg; Diastolic Blood Pressure: 77.0 mmHg; Systolic Blood Pressure: 121.0 mmHg; Diastolic Blood Pressure: 76.0 mmHg; Diastolic Blood Pressure: 78.0 mmHg; Total Cholesterol: 175.0 mg/dL; Triglycerides: 121.0 mg/dL; Low Density Lipoprotein Cholesterol: 88.0 mg/dL; High Density Lipoprotein Cholesterol: 62.0 mg/dL. Immunizations: Influenza seasonal injectable preservative free; Td (adult) preservative free.",0
42ffe4b0-e88e-45f8-ac06-5c02dccb70e0,"Demographics: born 1995-04-30, gender M, race white, ethnicity italian. Encounters: Outpatient Encounter; Emergency room admission; Encounter for symptom. Medications: Penicillin V Potassium 250 MG; Acetaminophen 325 MG Oral Tablet. Procedures: Documentation of current medications; Suture open wound. Observations: Body Height: 177.9 cm; Body Weight: 61.9 kg; Body Mass Index: 19.56 kg/m2; Systolic Blood Pressure: 115.0 mmHg; Diastolic Blood Pressure: 75.0 mmHg; Body Height: 181.25 cm; Body Weight: 67.02 kg; Body Mass Index: 20.4 kg/m2; Systolic Blood Pressure: 114.0 mmHg; Diastolic Blood Pressure: 85.0 mmHg; Body Height: 182.73 cm; Body Weight: 70.65 kg; Body Mass Index: 21.16 kg/m2; Systolic Blood Pressure: 133.0 mmHg; Diastolic Blood Pressure: 83.0 mmHg; Body Height: 183.49 cm; Body Weight: 73.28 kg; Body Mass Index: 21.77 kg/m2; Systolic Blood Pressure: 125.0 mmHg; Diastolic Blood Pressure: 73.0 mmHg; Oral temperature: 38.0 Cel; Body Height: 183.97 cm; Body Weight: 75.65 kg; Body Mass Index: 22.35 kg/m2; Systolic Blood Pressure: 121.0 mmHg; Diastolic Blood Pressure: 89.0 mmHg; Body Height: 184.11 cm; Body Weight: 78.45 kg; Body Mass Index: 23.14 kg/m2; Systolic Blood Pressure: 109.0 mmHg; Diastolic Blood Pressure: 87.0 mmHg. Immunizations: Influenza seasonal injectable preservative free; meningococcal MCV4P.",0
bd0ff423-1828-4345-b34e-f5981e7a2d15,"Demographics: born 1939-08-29, gender F, race white, ethnicity irish. Encounters: Death Certification. Medications: 24 HR Metformin hydrochloride 500 MG Extended Release Oral Tablet; insulin human isophane 70 UNT/ML / Regular Insulin Human 30 UNT/ML Injectable Suspension [Humulin]; Naproxen sodium 220 MG [Aleve]. Observations: End stage renal disease.",1
f7c36aab-7eb0-4e13-95e0-2131e4bb7b98,"Demographics: born 1972-05-28, gender M, race white, ethnicity german. Encounters: Outpatient Encounter; Encounter for symptom; Emergency room admission; Encounter for 'check-up'. Medications: Penicillin V Potassium 500 MG; Naproxen sodium 220 MG Oral Tablet. Procedures: Documentation of current medications; Suture open wound. Observations: Body Height: 180.19 cm; Body Weight: 107.43 kg; Body Mass Index: 33.09 kg/m2; Systolic Blood Pressure: 127.0 mmHg; Diastolic Blood Pressure: 81.0 mmHg; Body Weight: 110.62 kg; Body Mass Index: 34.07 kg/m2; Systolic Blood Pressure: 108.0 mmHg; Diastolic Blood Pressure: 74.0 mmHg; Total Cholesterol: 160.0 mg/dL; Triglycerides: 132.0 mg/dL; Low Density Lipoprotein Cholesterol: 68.0 mg/dL; High Density Lipoprotein Cholesterol: 65.0 mg/dL; Body Weight: 112.98 kg; Body Mass Index: 34.79 kg/m2; Systolic Blood Pressure: 114.0 mmHg. Immunizations: Influenza seasonal injectable preservative free; Td (adult) preservative free.",0
241c0e37-d1bd-437f-9f01-b42a9fbe7bf0,"Demographics: born 1914-09-28, gender M, race white, ethnicity english. Encounters: Death Certification. Medications: Penicillin V Potassium 500 MG. Observations: Alzheimer's disease (disorder).",0
3d1e54fa-c6f8-4f21-b487-51c8d565981a,"Demographics: born 1959-05-11, gender F, race white, ethnicity irish. Encounters: Outpatient Encounter; Encounter for 'check-up'. Medications: Penicillin V Potassium 250 MG; 24 HR Metformin hydrochloride 500 MG Extended Release Oral Tablet; insulin human isophane 70 UNT/ML / Regular Insulin Human 30 UNT/ML Injectable Suspension [Humulin]. Procedures: Documentation of current medications; Colonoscopy. Observations: Hemoglobin A1c/Hemoglobin.total in Blood: 4.9 %; Body Height: 167.21 cm; Body Weight: 104.71 kg; Body Mass Index: 37.45 kg/m2; Systolic Blood Pressure: 200.0 mmHg; Diastolic Blood Pressure: 101.0 mmHg; Glucose: 179.0 mg/dL; Urea Nitrogen: 16.0 mg/dL; Creatinine: 1.0 mg/dL; Calcium: 10.19 mg/dL; Sodium: 138.0 mmol/L; Potassium: 4.24 mmol/L; Chloride: 101.0 mmol/L; Carbon Dioxide: 20.0 mmol/L; Total Cholesterol: 252.0 mg/dL; Triglycerides: 441.0 mg/dL; Low Density Lipoprotein Cholesterol: 129.0 mg/dL; High Density Lipoprotein Cholesterol: 34.0 mg/dL; Microalbumin Creatine Ratio: 17.0 mg/g; Estimated Glomerular Filtration Rate: 60.0 mL/min/{1.73_m2}; Systolic Blood Pressure: 181.0 mmHg; Diastolic Blood Pressure: 118.0 mmHg; Glucose: 141.0 mg/dL; Urea Nitrogen: 14.0 mg/dL; Calcium: 8.64 mg/dL; Sodium: 140.0 mmol/L; Potassium: 4.42 mmol/L; Chloride: 105.0 mmol/L; Carbon Dioxide: 23.0 mmol/L; Total Cholesterol: 253.0 mg/dL; Triglycerides: 220.0 mg/dL; Low Density Lipoprotein Cholesterol: 177.0 mg/dL; High Density Lipoprotein Cholesterol: 32.0 mg/dL; Microalbumin Creatine Ratio: 11.0 mg/g; Systolic Blood Pressure: 160.0 mmHg; Diastolic Blood Pressure: 108.0 mmHg; Glucose: 182.0 mg/dL; Urea Nitrogen: 15.0 mg/dL; Calcium: 9.72 mg/dL; Sodium: 137.0 mmol/L. Immunizations: Influenza seasonal injectable preservative free; Td (adult) preservative free.",1
1439ca17-e854-42d4-b9e3-441f038c7c29,"Demographics: born 1954-11-05, gender F, race black, ethnicity dominican. Encounters: Outpatient Encounter; Encounter for symptom. Medications: 24 HR Metformin hydrochloride 500 MG Extended Release Oral Tablet; Insulin Lispro 100 UNT/ML Injectable Solution [Humalog]. Procedures: Documentation of current medications. Observations: Hemoglobin A1c/Hemoglobin.total in Blood: 2.8 %; Body Height: 156.16 cm; Body Weight: 100.06 kg; Body Mass Index: 41.03 kg/m2; Systolic Blood Pressure: 156.0 mmHg; Diastolic Blood Pressure: 106.0 mmHg; Glucose: 86.0 mg/dL; Urea Nitrogen: 20.0 mg/dL; Creatinine: 1.0 mg/dL; Calcium: 8.64 mg/dL; Sodium: 143.0 mmol/L; Potassium: 3.88 mmol/L; Chloride: 106.0 mmol/L; Carbon Dioxide: 29.0 mmol/L; Total Cholesterol: 175.0 mg/dL; Triglycerides: 113.0 mg/dL; Low Density Lipoprotein Cholesterol: 75.0 mg/dL; High Density Lipoprotein Cholesterol: 77.0 mg/dL; Microalbumin Creatine Ratio: 127.0 mg/g; Estimated Glomerular Filtration Rate: 60.0 mL/min/{1.73_m2}; Systolic Blood Pressure: 154.0 mmHg; Diastolic Blood Pressure: 92.0 mmHg; Glucose: 79.0 mg/dL; Urea Nitrogen: 7.0 mg/dL; Calcium: 10.02 mg/dL; Sodium: 144.0 mmol/L; Potassium: 3.92 mmol/L; Chloride: 105.0 mmol/L; Carbon Dioxide: 20.0 mmol/L; Total Cholesterol: 188.0 mg/dL; Triglycerides: 132.0 mg/dL; Low Density Lipoprotein Cholesterol: 91.0 mg/dL; High Density Lipoprotein Cholesterol: 70.0 mg/dL; Microalbumin Creatine Ratio: 168.0 mg/g; Systolic Blood Pressure: 148.0 mmHg; Diastolic Blood Pressure: 110.0 mmHg; Glucose: 91.0 mg/dL; Urea Nitrogen: 10.0 mg/dL; Calcium: 10.06 mg/dL; Sodium: 140.0 mmol/L. Immunizations: Influenza seasonal injectable preservative free; zoster; Td (adult) preservative free.",1
d2f7d037-1c5a-48b6-bb7a-0db7f72e67ce,"Demographics: born 1908-10-26, gender F, race white, ethnicity english.",0
f7303ee2-671a-43f4-a807-8d27e900a492,"Demographics: born 1963-03-29, gender M, race white, ethnicity swedish. Encounters: Outpatient Encounter; Encounter for 'check-up'. Medications: Penicillin V Potassium 250 MG; 24 HR Metformin hydrochloride 500 MG Extended Release Oral Tablet; insulin human isophane 70 UNT/ML / Regular Insulin Human 30 UNT/ML Injectable Suspension [Humulin]. Procedures: Colonoscopy; Documentation of current medications. Observations: Hemoglobin A1c/Hemoglobin.total in Blood: 8.0 %; Body Height: 173.82 cm; Body Weight: 114.67 kg; Body Mass Index: 37.95 kg/m2; Systolic Blood Pressure: 146.0 mmHg; Diastolic Blood Pressure: 107.0 mmHg; Glucose: 154.0 mg/dL; Urea Nitrogen: 19.0 mg/dL; Creatinine: 1.0 mg/dL; Calcium: 9.81 mg/dL; Sodium: 136.0 mmol/L; Potassium: 4.57 mmol/L; Chloride: 108.0 mmol/L; Carbon Dioxide: 26.0 mmol/L; Total Cholesterol: 259.0 mg/dL; Triglycerides: 443.0 mg/dL; Low Density Lipoprotein Cholesterol: 130.0 mg/dL; High Density Lipoprotein Cholesterol: 40.0 mg/dL; Microalbumin Creatine Ratio: 15.0 mg/g; Estimated Glomerular Filtration Rate: 60.0 mL/min/{1.73_m2}; Hemoglobin A1c/Hemoglobin.total in Blood: 8.1 %; Body Weight: 115.96 kg; Body Mass Index: 38.38 kg/m2; Systolic Blood Pressure: 167.0 mmHg; Diastolic Blood Pressure: 111.0 mmHg; Glucose: 148.0 mg/dL; Urea Nitrogen: 13.0 mg/dL; Calcium: 9.2 mg/dL; Sodium: 139.0 mmol/L; Potassium: 3.95 mmol/L; Chloride: 109.0 mmol/L; Carbon Dioxide: 20.0 mmol/L; Total Cholesterol: 252.0 mg/dL; Triglycerides: 340.0 mg/dL; Low Density Lipoprotein Cholesterol: 164.0 mg/dL; High Density Lipoprotein Cholesterol: 20.0 mg/dL; Microalbumin Creatine Ratio: 1.0 mg/g; Hemoglobin A1c/Hemoglobin.total in Blood: 5.1 %; Systolic Blood Pressure: 180.0 mmHg; Diastolic Blood Pressure: 96.0 mmHg. Immunizations: Influenza seasonal injectable preservative free; Td (adult) preservative free.",1
7612465c-af99-42c2-8f2c-8663153eaee1,"Demographics: born 1914-04-09, gender M, race black, ethnicity dominican.",0
3e243c32-243a-4873-9f91-e1753b15ac10,"Demographics: born 1951-05-27, gender M, race white, ethnicity english. Encounters: Outpatient Encounter; Encounter for 'check-up'; Encounter for symptom; Encounter for problem. Medications: Clopidogrel 75 MG Oral Tablet; Simvastatin 20 MG Oral Tablet; Amlodipine 5 MG Oral Tablet; Nitroglycerin 0.4 MG/ACTUAT [Nitrolingual]. Procedures: Colonoscopy; Documentation of current medications; Fecal occult blood test; Rectal polypectomy; Biopsy of colon. Observations: Body Height: 170.77 cm; Body Weight: 116.03 kg; Body Mass Index: 39.79 kg/m2; Systolic Blood Pressure: 197.0 mmHg; Diastolic Blood Pressure: 94.0 mmHg; Estimated Glomerular Filtration Rate: 60.0 mL/min/{1.73_m2}; Body Weight: 114.52 kg; Body Mass Index: 39.27 kg/m2; Systolic Blood Pressure: 142.0 mmHg; Diastolic Blood Pressure: 102.0 mmHg; Body Weight: 112.63 kg; Body Mass Index: 38.62 kg/m2; Systolic Blood Pressure: 189.0 mmHg; Diastolic Blood Pressure: 118.0 mmHg; Total Cholesterol: 162.0 mg/dL; Triglycerides: 145.0 mg/dL; Low Density Lipoprotein Cholesterol: 67.0 mg/dL; High Density Lipoprotein Cholesterol: 66.0 mg/dL; Body Weight: 110.71 kg; Body Mass Index: 37.96 kg/m2; Systolic Blood Pressure: 147.0 mmHg; Diastolic Blood Pressure: 114.0 mmHg; Body Weight: 109.21 kg; Body Mass Index: 37.45 kg/m2; Systolic Blood Pressure: 151.0 mmHg; Diastolic Blood Pressure: 95.0 mmHg; Body Weight: 107.8 kg; Body Mass Index: 36.96 kg/m2; Diastolic Blood Pressure: 101.0 mmHg; Total Cholesterol: 190.0 mg/dL; Triglycerides: 132.0 mg/dL; Low Density Lipoprotein Cholesterol: 92.0 mg/dL; High Density Lipoprotein Cholesterol: 71.0 mg/dL; Oral temperature: 37.0 Cel; Polyp size greatest dimension by CAP cancer protocols: 13.0 mm; Hemoglobin.gastrointestinal [Presence] in Stool by Immunologic method: 365.0 ng/mL; Body Weight: 106.24 kg; Body Mass Index: 36.43 kg/m2; Systolic Blood Pressure: 140.0 mmHg; Diastolic Blood Pressure: 116.0 mmHg. Immunizations: Influenza seasonal injectable preservative free; zoster; Td (adult) preservative free; Pneumococcal conjugate PCV 13.",0
21be95b2-b40e-4a90-b3d5-4d7b79ba84c7,"Demographics: born 1956-11-22, gender F, race black, ethnicity african. Encounters: Outpatient Encounter; Encounter for symptom; Encounter for 'check-up'; Emergency room admission. Medications: Chlorpheniramine 2 MG Chewable Tablet; Penicillin V Potassium 500 MG; Naproxen sodium 220 MG [Aleve]; insulin human isophane 70 UNT/ML / Regular Insulin Human 30 UNT/ML Injectable Suspension [Humulin]; Acetaminophen 160 MG; Naproxen sodium 220 MG Oral Tablet. Procedures: Documentation of current medications; Measurement of respiratory function (procedure); Colonoscopy. Observations: Hemoglobin A1c/Hemoglobin.total in Blood: 4.8 %; Body Height: 175.46 cm; Body Weight: 96.44 kg; Body Mass Index: 31.32 kg/m2; Systolic Blood Pressure: 147.0 mmHg; Diastolic Blood Pressure: 110.0 mmHg; Glucose: 114.0 mg/dL; Urea Nitrogen: 19.0 mg/dL; Creatinine: 1.0 mg/dL; Calcium: 8.91 mg/dL; Sodium: 137.0 mmol/L; Potassium: 4.86 mmol/L; Chloride: 103.0 mmol/L; Carbon Dioxide: 29.0 mmol/L; Total Cholesterol: 221.0 mg/dL; Triglycerides: 182.0 mg/dL; Low Density Lipoprotein Cholesterol: 141.0 mg/dL; High Density Lipoprotein Cholesterol: 43.0 mg/dL; Microalbumin Creatine Ratio: 30.0 mg/g; Estimated Glomerular Filtration Rate: 60.0 mL/min/{1.73_m2}; Systolic Blood Pressure: 192.0 mmHg; Diastolic Blood Pressure: 111.0 mmHg; Glucose: 119.0 mg/dL; Urea Nitrogen: 17.0 mg/dL; Calcium: 9.84 mg/dL; Sodium: 144.0 mmol/L; Potassium: 4.14 mmol/L; Chloride: 106.0 mmol/L; Carbon Dioxide: 27.0 mmol/L; Total Cholesterol: 233.0 mg/dL; Triglycerides: 188.0 mg/dL; Low Density Lipoprotein Cholesterol: 153.0 mg/dL; High Density Lipoprotein Cholesterol: 42.0 mg/dL; Microalbumin Creatine Ratio: 27.0 mg/g; Systolic Blood Pressure: 173.0 mmHg; Diastolic Blood Pressure: 114.0 mmHg; Glucose: 106.0 mg/dL; Urea Nitrogen: 10.0 mg/dL; Calcium: 9.42 mg/dL; Sodium: 138.0 mmol/L. Immunizations: Influenza seasonal injectable preservative free; zoster.",1
df0efa6b-a1f9-4e0e-a760-784ce2ac4e3c,"Demographics: born 1941-10-26, gender M, race asian, ethnicity chinese. Encounters: Death Certification. Medications: Penicillin V Potassium 500 MG; 24 HR Metformin hydrochloride 500 MG Extended Release Oral Tablet. Observations: Drug overdose.",1
c29d5023-0016-4008-a0d0-2e1cbcc39cc6,"Demographics: born 1997-03-20, gender M, race white, ethnicity english. Encounters: Outpatient Encounter; Emergency Room Admission; Encounter for 'check-up'; Encounter for symptom. Medications: Penicillin V Potassium 250 MG; Naproxen sodium 220 MG Oral Tablet; Dextromethorphan Hydrobromide 1 MG/ML. Procedures: Documentation of current medications; Measurement of respiratory function (procedure). Observations: Body Height: 175.25 cm; Body Weight: 73.66 kg; Body Mass Index: 23.99 kg/m2; Systolic Blood Pressure: 111.0 mmHg; Diastolic Blood Pressure: 77.0 mmHg; Body Height: 180.88 cm; Body Weight: 79.11 kg; Body Mass Index: 24.18 kg/m2; Systolic Blood Pressure: 130.0 mmHg; Diastolic Blood Pressure: 82.0 mmHg; Body Height: 185.33 cm; Body Weight: 85.22 kg; Body Mass Index: 24.81 kg/m2; Systolic Blood Pressure: 115.0 mmHg; Diastolic Blood Pressure: 73.0 mmHg; Body Height: 187.58 cm; Body Weight: 90.26 kg; Body Mass Index: 25.65 kg/m2; Diastolic Blood Pressure: 85.0 mmHg; Body Height: 188.81 cm; Body Weight: 94.46 kg; Body Mass Index: 26.5 kg/m2; Systolic Blood Pressure: 123.0 mmHg; Diastolic Blood Pressure: 72.0 mmHg; Body Height: 189.55 cm; Body Weight: 97.67 kg; Body Mass Index: 27.18 kg/m2; Systolic Blood Pressure: 118.0 mmHg; Body Height: 189.95 cm; Body Weight: 99.3 kg; Body Mass Index: 27.52 kg/m2; Systolic Blood Pressure: 121.0 mmHg; Body Height: 190.18 cm; Body Weight: 101.7 kg; Body Mass Index: 28.12 kg/m2. Immunizations: Influenza seasonal injectable preservative free; HPV quadrivalent; meningococcal MCV4P.",0
de404c65-75e2-4946-b679-dcdcfadce304,"Demographics: born 1985-04-03, gender F, race white, ethnicity irish. Encounters: Patient encounter procedure; Encounter for symptom; Prenatal initial visit; Prenatal visit; Outpatient Encounter; Obstetric emergency hospital admission; Consultation for treatment; Admission to surgical department. Medications: Acetaminophen 160 MG; Dextromethorphan Hydrobromide 1 MG/ML. Procedures: Replacement of subcutaneous contraceptive; Removal of subcutaneous contraceptive; Sputum examination (procedure); Standard pregnancy test; Episiotomy; Childbirth; Bilateral tubal ligation; Measurement of respiratory function (procedure); Documentation of current medications. Observations: Oral temperature: 37.0 Cel; Hemoglobin A1c/Hemoglobin.total in Blood: 6.6 %; Body Height: 163.64 cm; Body Weight: 66.14 kg; Body Mass Index: 24.7 kg/m2; Systolic Blood Pressure: 116.0 mmHg; Diastolic Blood Pressure: 79.0 mmHg; Glucose: 65.0 mg/dL; Urea Nitrogen: 9.0 mg/dL; Creatinine: 1.0 mg/dL; Calcium: 9.06 mg/dL; Sodium: 137.0 mmol/L; Potassium: 4.86 mmol/L; Chloride: 103.0 mmol/L; Carbon Dioxide: 20.0 mmol/L; Total Cholesterol: 179.0 mg/dL; Triglycerides: 126.0 mg/dL; Low Density Lipoprotein Cholesterol: 92.0 mg/dL; High Density Lipoprotein Cholesterol: 61.0 mg/dL; Microalbumin Creatine Ratio: 16.0 mg/g; Estimated Glomerular Filtration Rate: 60.0 mL/min/{1.73_m2}; Body Weight: 70.73 kg; Body Mass Index: 26.41 kg/m2; Systolic Blood Pressure: 129.0 mmHg; Diastolic Blood Pressure: 85.0 mmHg; Glucose: 109.0 mg/dL; Urea Nitrogen: 17.0 mg/dL; Calcium: 9.83 mg/dL; Sodium: 143.0 mmol/L; Potassium: 3.95 mmol/L; Chloride: 105.0 mmol/L; Total Cholesterol: 216.0 mg/dL; Triglycerides: 159.0 mg/dL; Low Density Lipoprotein Cholesterol: 140.0 mg/dL; High Density Lipoprotein Cholesterol: 44.0 mg/dL; Microalbumin Creatine Ratio: 13.0 mg/g. Immunizations: Influenza seasonal injectable preservative free.",1
41427def-2f41-46f7-a2ce-989ba155e7e7,"Demographics: born 1944-04-23, gender M, race white, ethnicity italian.",0
8ced7ba9-67e1-44aa-b7d4-4abffc153e1d,"Demographics: born 1939-08-08, gender F, race asian, ethnicity chinese. Encounters: Outpatient Encounter; Encounter for symptom. Medications: 24 HR Metformin hydrochloride 500 MG Extended Release Oral Tablet; insulin human isophane 70 UNT/ML / Regular Insulin Human 30 UNT/ML Injectable Suspension [Humulin]; Penicillin V Potassium 500 MG. Procedures: Documentation of current medications. Observations: Hemoglobin A1c/Hemoglobin.total in Blood: 2.3 %; Body Height: 168.41 cm; Body Weight: 77.67 kg; Body Mass Index: 27.39 kg/m2; Systolic Blood Pressure: 139.0 mmHg; Diastolic Blood Pressure: 89.0 mmHg; Glucose: 114.0 mg/dL; Urea Nitrogen: 17.0 mg/dL; Creatinine: 1.0 mg/dL; Calcium: 9.24 mg/dL; Sodium: 144.0 mmol/L; Potassium: 5.18 mmol/L; Chloride: 102.0 mmol/L; Carbon Dioxide: 29.0 mmol/L; Total Cholesterol: 213.0 mg/dL; Triglycerides: 171.0 mg/dL; Low Density Lipoprotein Cholesterol: 124.0 mg/dL; High Density Lipoprotein Cholesterol: 54.0 mg/dL; Microalbumin Creatine Ratio: 73.0 mg/g; Estimated Glomerular Filtration Rate: 60.0 mL/min/{1.73_m2}; Hemoglobin A1c/Hemoglobin.total in Blood: 2.1 %; Body Weight: 76.19 kg; Body Mass Index: 26.87 kg/m2; Systolic Blood Pressure: 134.0 mmHg; Diastolic Blood Pressure: 77.0 mmHg; Glucose: 101.0 mg/dL; Urea Nitrogen: 18.0 mg/dL; Calcium: 9.21 mg/dL; Sodium: 136.0 mmol/L; Potassium: 3.9 mmol/L; Chloride: 104.0 mmol/L; Total Cholesterol: 208.0 mg/dL; Triglycerides: 198.0 mg/dL; Low Density Lipoprotein Cholesterol: 126.0 mg/dL; High Density Lipoprotein Cholesterol: 42.0 mg/dL; Microalbumin Creatine Ratio: 71.0 mg/g; Body Weight: 75.09 kg; Body Mass Index: 26.48 kg/m2; Systolic Blood Pressure: 128.0 mmHg; Diastolic Blood Pressure: 75.0 mmHg. Immunizations: Influenza seasonal injectable preservative free; Td (adult) preservative free.",1
6f09a8b7-1861-465b-bae1-10928e03fc85,"Demographics: born 1943-08-03, gender F, race hispanic, ethnicity central_american. Encounters: Outpatient Encounter; Encounter for 'check-up'; Emergency room admission; Office Visit. Medications: Penicillin V Potassium 250 MG; 24 HR Metformin hydrochloride 500 MG Extended Release Oral Tablet; Penicillin V Potassium 500 MG; insulin human isophane 70 UNT/ML / Regular Insulin Human 30 UNT/ML Injectable Suspension [Humulin]; Galantamine 4 MG [Razadyne]; Ibuprofen 200 MG Oral Tablet; Donepezil hydrochloride 10 MG / Memantine hydrochloride 28 MG [Namzaric]. Procedures: Documentation of current medications; Colonoscopy. Observations: Hemoglobin A1c/Hemoglobin.total in Blood: 6.9 %; Body Height: 165.92 cm; Body Weight: 92.53 kg; Body Mass Index: 33.61 kg/m2; Systolic Blood Pressure: 180.0 mmHg; Diastolic Blood Pressure: 100.0 mmHg; Glucose: 106.0 mg/dL; Urea Nitrogen: 16.0 mg/dL; Creatinine: 1.0 mg/dL; Calcium: 9.4 mg/dL; Sodium: 137.0 mmol/L; Potassium: 3.98 mmol/L; Chloride: 108.0 mmol/L; Carbon Dioxide: 24.0 mmol/L; Total Cholesterol: 224.0 mg/dL; Triglycerides: 159.0 mg/dL; Low Density Lipoprotein Cholesterol: 133.0 mg/dL; High Density Lipoprotein Cholesterol: 59.0 mg/dL; Microalbumin Creatine Ratio: 8.0 mg/g; Estimated Glomerular Filtration Rate: 60.0 mL/min/{1.73_m2}; Hemoglobin A1c/Hemoglobin.total in Blood: 6.7 %; Body Weight: 90.7 kg; Body Mass Index: 32.95 kg/m2; Systolic Blood Pressure: 171.0 mmHg; Diastolic Blood Pressure: 105.0 mmHg; Glucose: 108.0 mg/dL; Urea Nitrogen: 13.0 mg/dL; Calcium: 8.98 mg/dL; Sodium: 144.0 mmol/L; Potassium: 5.16 mmol/L; Chloride: 104.0 mmol/L; Carbon Dioxide: 23.0 mmol/L; Total Cholesterol: 225.0 mg/dL; Triglycerides: 175.0 mg/dL; Low Density Lipoprotein Cholesterol: 149.0 mg/dL; High Density Lipoprotein Cholesterol: 41.0 mg/dL; Hemoglobin A1c/Hemoglobin.total in Blood: 6.6 %; Body Weight: 88.96 kg; Body Mass Index: 32.31 kg/m2; Systolic Blood Pressure: 161.0 mmHg. Immunizations: Pneumococcal conjugate PCV 13; Influenza seasonal injectable preservative free; pneumococcal polysaccharide vaccine 23 valent; Td (adult) preservative free.",1
e5ad36f9-3ad5-463d-a063-053a953371b8,"Demographics: born 1952-06-05, gender M, race white, ethnicity french. Encounters: Outpatient Encounter; Encounter for 'check-up'; Encounter for symptom. Medications: Penicillin V Potassium 250 MG; insulin human isophane 70 UNT/ML / Regular Insulin Human 30 UNT/ML Injectable Suspension [Humulin]. Procedures: Documentation of current medications; Colonoscopy. Observations: Hemoglobin A1c/Hemoglobin.total in Blood: 5.0 %; Body Height: 187.38 cm; Body Weight: 112.88 kg; Body Mass Index: 32.15 kg/m2; Systolic Blood Pressure: 131.0 mmHg; Diastolic Blood Pressure: 75.0 mmHg; Glucose: 121.0 mg/dL; Urea Nitrogen: 13.0 mg/dL; Creatinine: 1.0 mg/dL; Calcium: 9.07 mg/dL; Sodium: 140.0 mmol/L; Potassium: 4.82 mmol/L; Chloride: 107.0 mmol/L; Carbon Dioxide: 22.0 mmol/L; Total Cholesterol: 204.0 mg/dL; Triglycerides: 172.0 mg/dL; Low Density Lipoprotein Cholesterol: 121.0 mg/dL; High Density Lipoprotein Cholesterol: 48.0 mg/dL; Microalbumin Creatine Ratio: 77.0 mg/g; Estimated Glomerular Filtration Rate: 60.0 mL/min/{1.73_m2}; Systolic Blood Pressure: 130.0 mmHg; Diastolic Blood Pressure: 70.0 mmHg; Urea Nitrogen: 20.0 mg/dL; Calcium: 9.3 mg/dL; Sodium: 141.0 mmol/L; Potassium: 3.78 mmol/L; Chloride: 109.0 mmol/L; Carbon Dioxide: 27.0 mmol/L; Total Cholesterol: 224.0 mg/dL; Triglycerides: 165.0 mg/dL; Low Density Lipoprotein Cholesterol: 138.0 mg/dL; High Density Lipoprotein Cholesterol: 53.0 mg/dL; Microalbumin Creatine Ratio: 181.0 mg/g; Body Weight: 111.68 kg; Body Mass Index: 31.81 kg/m2; Systolic Blood Pressure: 115.0 mmHg; Glucose: 116.0 mg/dL; Urea Nitrogen: 11.0 mg/dL; Calcium: 10.08 mg/dL; Sodium: 144.0 mmol/L. Immunizations: Influenza seasonal injectable preservative free; zoster; Td (adult) preservative free.",1
efd289e9-c5a5-4837-889a-784c5664b867,"Demographics: born 1973-12-17, gender F, race white, ethnicity english. Encounters: Encounter for symptom; Outpatient Encounter. Medications: Penicillin V Potassium 250 MG; Nitrofurantoin 5 MG/ML [Furadantin]; Phenazopyridine hydrochloride 100 MG [Pyridium]; 24 HR Metformin hydrochloride 500 MG Extended Release Oral Tablet. Procedures: Documentation of current medications. Observations: Oral temperature: 38.0 Cel; Hemoglobin A1c/Hemoglobin.total in Blood: 5.9 %; Body Height: 162.78 cm; Body Weight: 86.87 kg; Body Mass Index: 32.79 kg/m2; Systolic Blood Pressure: 112.0 mmHg; Diastolic Blood Pressure: 88.0 mmHg; Glucose: 82.0 mg/dL; Urea Nitrogen: 10.0 mg/dL; Creatinine: 1.0 mg/dL; Calcium: 9.92 mg/dL; Sodium: 136.0 mmol/L; Potassium: 4.59 mmol/L; Chloride: 108.0 mmol/L; Carbon Dioxide: 24.0 mmol/L; Hemoglobin A1c/Hemoglobin.total in Blood: 8.6 %; Body Weight: 91.14 kg; Body Mass Index: 34.4 kg/m2; Systolic Blood Pressure: 178.0 mmHg; Diastolic Blood Pressure: 109.0 mmHg; Glucose: 92.0 mg/dL; Urea Nitrogen: 15.0 mg/dL; Calcium: 9.38 mg/dL; Sodium: 138.0 mmol/L; Potassium: 4.38 mmol/L; Chloride: 102.0 mmol/L; Carbon Dioxide: 26.0 mmol/L; Total Cholesterol: 163.0 mg/dL; Triglycerides: 148.0 mg/dL; Low Density Lipoprotein Cholesterol: 68.0 mg/dL; High Density Lipoprotein Cholesterol: 65.0 mg/dL; Microalbumin Creatine Ratio: 17.0 mg/g; Estimated Glomerular Filtration Rate: 60.0 mL/min/{1.73_m2}. Immunizations: Influenza seasonal injectable preservative free; Td (adult) preservative free.",1
23d5593d-90de-4347-80bf-2b48d827ec12,"Demographics: born 1993-02-18, gender M, race white, ethnicity scottish. Encounters: Outpatient Encounter; Encounter for symptom. Medications: Fexofenadine hydrochloride 30 MG Oral Tablet; 0.3 ML EPINEPHrine 0.5 MG/ML Auto-Injector; Penicillin V Potassium 500 MG; Acetaminophen 160 MG. Procedures: Documentation of current medications; Throat culture (procedure); Sputum examination (procedure). Observations: Body Height: 165.78 cm; Body Weight: 71.01 kg; Body Mass Index: 25.84 kg/m2; Systolic Blood Pressure: 138.0 mmHg; Diastolic Blood Pressure: 74.0 mmHg; Oral temperature: 37.93 Cel; Body Height: 166.31 cm; Body Weight: 72.87 kg; Body Mass Index: 26.35 kg/m2; Systolic Blood Pressure: 189.0 mmHg; Diastolic Blood Pressure: 111.0 mmHg; Estimated Glomerular Filtration Rate: 60.0 mL/min/{1.73_m2}; Body Height: 166.59 cm; Body Weight: 74.5 kg; Body Mass Index: 26.85 kg/m2; Systolic Blood Pressure: 184.0 mmHg; Diastolic Blood Pressure: 120.0 mmHg; Body Height: 166.6 cm; Body Weight: 76.01 kg; Body Mass Index: 27.38 kg/m2; Systolic Blood Pressure: 151.0 mmHg; Diastolic Blood Pressure: 99.0 mmHg; Oral temperature: 39.29 Cel; Body Weight: 80.69 kg; Body Mass Index: 29.07 kg/m2; Systolic Blood Pressure: 140.0 mmHg; Diastolic Blood Pressure: 112.0 mmHg. Allergies: Allergy to mould. Immunizations: Influenza seasonal injectable preservative free; Td (adult) preservative free.",0
9ef62ab3-a7b4-4963-a7bf-0fec3a0704de,"Demographics: born 1953-04-16, gender F, race white, ethnicity english. Encounters: Outpatient Encounter; Encounter for symptom; Encounter for 'check-up'; Emergency room admission. Medications: Penicillin V Potassium 250 MG; 24 HR Metformin hydrochloride 500 MG Extended Release Oral Tablet; Alendronic acid 10 MG [Fosamax]; Ibuprofen 200 MG Oral Tablet. Procedures: Documentation of current medications; Colonoscopy; Bone density scan (procedure). Observations: Hemoglobin A1c/Hemoglobin.total in Blood: 7.9 %; Body Height: 167.7 cm; Body Weight: 105.38 kg; Body Mass Index: 37.47 kg/m2; Systolic Blood Pressure: 121.0 mmHg; Diastolic Blood Pressure: 82.0 mmHg; Glucose: 160.0 mg/dL; Urea Nitrogen: 7.0 mg/dL; Creatinine: 1.0 mg/dL; Calcium: 8.69 mg/dL; Sodium: 136.0 mmol/L; Potassium: 3.98 mmol/L; Chloride: 110.0 mmol/L; Carbon Dioxide: 27.0 mmol/L; Total Cholesterol: 244.0 mg/dL; Triglycerides: 250.0 mg/dL; Low Density Lipoprotein Cholesterol: 155.0 mg/dL; High Density Lipoprotein Cholesterol: 39.0 mg/dL; Microalbumin Creatine Ratio: 14.0 mg/g; Estimated Glomerular Filtration Rate: 60.0 mL/min/{1.73_m2}; Systolic Blood Pressure: 118.0 mmHg; Diastolic Blood Pressure: 85.0 mmHg; Glucose: 148.0 mg/dL; Urea Nitrogen: 16.0 mg/dL; Calcium: 9.28 mg/dL; Sodium: 143.0 mmol/L; Potassium: 5.19 mmol/L; Chloride: 111.0 mmol/L; Carbon Dioxide: 23.0 mmol/L; Total Cholesterol: 247.0 mg/dL; Triglycerides: 399.0 mg/dL; Low Density Lipoprotein Cholesterol: 132.0 mg/dL; High Density Lipoprotein Cholesterol: 35.0 mg/dL; Microalbumin Creatine Ratio: 12.0 mg/g; Systolic Blood Pressure: 135.0 mmHg; Diastolic Blood Pressure: 72.0 mmHg; Glucose: 198.0 mg/dL; Urea Nitrogen: 14.0 mg/dL; Calcium: 9.44 mg/dL; Sodium: 137.0 mmol/L. Immunizations: Influenza seasonal injectable preservative free; zoster; Td (adult) preservative free.",1
5142d1fb-7106-430c-9fb4-bd637d0e7307,"Demographics: born 1959-12-14, gender M, race asian, ethnicity chinese. Encounters: Outpatient Encounter. Medications: 24 HR Metformin hydrochloride 500 MG Extended Release Oral Tablet; insulin human isophane 70 UNT/ML / Regular Insulin Human 30 UNT/ML Injectable Suspension [Humulin]. Procedures: Documentation of current medications. Observations: Hemoglobin A1c/Hemoglobin.total in Blood: 8.0 %; Body Height: 176.49 cm; Body Weight: 118.97 kg; Body Mass Index: 38.2 kg/m2; Systolic Blood Pressure: 172.0 mmHg; Diastolic Blood Pressure: 119.0 mmHg; Glucose: 153.0 mg/dL; Urea Nitrogen: 8.0 mg/dL; Creatinine: 1.0 mg/dL; Calcium: 9.31 mg/dL; Sodium: 139.0 mmol/L; Potassium: 4.42 mmol/L; Chloride: 102.0 mmol/L; Carbon Dioxide: 20.0 mmol/L; Total Cholesterol: 242.0 mg/dL; Triglycerides: 373.0 mg/dL; Low Density Lipoprotein Cholesterol: 135.0 mg/dL; High Density Lipoprotein Cholesterol: 32.0 mg/dL; Microalbumin Creatine Ratio: 2.0 mg/g; Estimated Glomerular Filtration Rate: 60.0 mL/min/{1.73_m2}; Systolic Blood Pressure: 179.0 mmHg; Diastolic Blood Pressure: 91.0 mmHg; Glucose: 163.0 mg/dL; Urea Nitrogen: 13.0 mg/dL; Calcium: 10.08 mg/dL; Potassium: 4.98 mmol/L; Chloride: 105.0 mmol/L; Carbon Dioxide: 26.0 mmol/L; Total Cholesterol: 247.0 mg/dL; Triglycerides: 205.0 mg/dL; Low Density Lipoprotein Cholesterol: 186.0 mg/dL; High Density Lipoprotein Cholesterol: 20.0 mg/dL; Microalbumin Creatine Ratio: 8.0 mg/g; Hemoglobin A1c/Hemoglobin.total in Blood: 5.0 %; Systolic Blood Pressure: 191.0 mmHg; Diastolic Blood Pressure: 106.0 mmHg; Glucose: 125.0 mg/dL; Urea Nitrogen: 12.0 mg/dL; Calcium: 8.58 mg/dL; Sodium: 136.0 mmol/L. Immunizations: Influenza seasonal injectable preservative free; Td (adult) preservative free.",1
e3e80be7-a346-451d-87e3-e85fe48f5da6,"Demographics: born 1978-10-25, gender F, race hispanic, ethnicity puerto_rican. Encounters: Outpatient Encounter; Prenatal initial visit; Prenatal visit; Emergency room admission; Encounter for symptom; Encounter for 'check-up'; Obstetric emergency hospital admission; Consultation for treatment; Patient encounter procedure. Medications: Naproxen sodium 220 MG Oral Tablet; 1 ML Depo-Provera 150 MG/ML Injection. Procedures: Documentation of current medications; Standard pregnancy test; Throat culture (procedure); Instrumental delivery; Premature birth of newborn; Intramuscular injection. Observations: Body Height: 159.55 cm; Body Weight: 90.16 kg; Body Mass Index: 35.42 kg/m2; Systolic Blood Pressure: 107.0 mmHg; Diastolic Blood Pressure: 79.0 mmHg; Total Cholesterol: 174.0 mg/dL; Triglycerides: 141.0 mg/dL; Low Density Lipoprotein Cholesterol: 68.0 mg/dL; High Density Lipoprotein Cholesterol: 77.0 mg/dL; Oral temperature: 37.0 Cel; Body Weight: 94.35 kg; Body Mass Index: 37.06 kg/m2; Systolic Blood Pressure: 101.0 mmHg; Diastolic Blood Pressure: 86.0 mmHg; Body Weight: 98.72 kg; Body Mass Index: 38.78 kg/m2; Systolic Blood Pressure: 139.0 mmHg; Total Cholesterol: 176.0 mg/dL; Triglycerides: 111.0 mg/dL; Low Density Lipoprotein Cholesterol: 93.0 mg/dL; High Density Lipoprotein Cholesterol: 60.0 mg/dL. Immunizations: Influenza seasonal injectable preservative free; Td (adult) preservative free.",0
5a11b449-733a-40b0-b02d-05e2bd5847a9,"Demographics: born 1921-09-21, gender F, race hispanic, ethnicity puerto_rican. Encounters: Death Certification. Medications: Fluticasone propionate 0.25 MG/ACTUAT / salmeterol 0.05 MG/ACTUAT [Advair]. Observations: Chronic obstructive bronchitis (disorder).",0
48d8034a-4613-4059-b63d-fd31872d884f,"Demographics: born 1937-10-21, gender F, race white, ethnicity irish. Encounters: Outpatient Encounter; Encounter for symptom; Emergency Encounter. Medications: 24 HR Metformin hydrochloride 500 MG Extended Release Oral Tablet; Clopidogrel 75 MG Oral Tablet; Alteplase 1 MG/ML Injectable Solution; Amoxicillin 250 MG / Clavulanate 125 MG [Augmentin]. Procedures: Documentation of current medications; Percutaneous mechanical thrombectomy of portal vein using fluoroscopic guidance. Observations: Hemoglobin A1c/Hemoglobin.total in Blood: 6.9 %; Body Height: 151.11 cm; Body Weight: 77.17 kg; Body Mass Index: 33.8 kg/m2; Systolic Blood Pressure: 198.0 mmHg; Diastolic Blood Pressure: 104.0 mmHg; Glucose: 120.0 mg/dL; Urea Nitrogen: 13.0 mg/dL; Creatinine: 1.0 mg/dL; Calcium: 8.93 mg/dL; Sodium: 142.0 mmol/L; Potassium: 4.64 mmol/L; Chloride: 110.0 mmol/L; Carbon Dioxide: 20.0 mmol/L; Total Cholesterol: 232.0 mg/dL; Triglycerides: 197.0 mg/dL; Low Density Lipoprotein Cholesterol: 140.0 mg/dL; High Density Lipoprotein Cholesterol: 52.0 mg/dL; Microalbumin Creatine Ratio: 14.0 mg/g; Estimated Glomerular Filtration Rate: 60.0 mL/min/{1.73_m2}; Hemoglobin A1c/Hemoglobin.total in Blood: 6.8 %; Body Weight: 75.46 kg; Body Mass Index: 33.05 kg/m2; Systolic Blood Pressure: 156.0 mmHg; Diastolic Blood Pressure: 105.0 mmHg; Glucose: 108.0 mg/dL; Urea Nitrogen: 7.0 mg/dL; Calcium: 9.0 mg/dL; Sodium: 140.0 mmol/L; Potassium: 5.18 mmol/L; Chloride: 102.0 mmol/L; Carbon Dioxide: 26.0 mmol/L; Total Cholesterol: 239.0 mg/dL; Triglycerides: 178.0 mg/dL; Low Density Lipoprotein Cholesterol: 149.0 mg/dL; High Density Lipoprotein Cholesterol: 54.0 mg/dL; Microalbumin Creatine Ratio: 16.0 mg/g; Hemoglobin A1c/Hemoglobin.total in Blood: 6.3 %; Body Weight: 71.64 kg; Body Mass Index: 31.37 kg/m2. Immunizations: Influenza seasonal injectable preservative free.",1
ecf9923e-b3eb-4667-ab1f-a7b69ec4f1f6,"Demographics: born 1929-08-25, gender F, race white, ethnicity irish. Encounters: Death Certification. Medications: 24 HR Metformin hydrochloride 500 MG Extended Release Oral Tablet; Naproxen sodium 220 MG [Aleve]. Observations: Stroke.",1
b6c6f7f9-56ca-48d5-9082-7d79a4509422,"Demographics: born 1965-08-12, gender M, race white, ethnicity german. Encounters: Outpatient Encounter; Encounter for 'check-up'; Emergency room admission. Medications: Penicillin V Potassium 250 MG; 24 HR Metformin hydrochloride 500 MG Extended Release Oral Tablet; 3 ML liraglutide 6 MG/ML Pen Injector; Clopidogrel 75 MG Oral Tablet; Simvastatin 20 MG Oral Tablet; Amlodipine 5 MG Oral Tablet; Nitroglycerin 0.4 MG/ACTUAT [Nitrolingual]; Ibuprofen 200 MG Oral Tablet. Procedures: Colonoscopy; Documentation of current medications; Suture open wound. Observations: Hemoglobin A1c/Hemoglobin.total in Blood: 5.9 %; Body Height: 174.17 cm; Body Weight: 116.12 kg; Body Mass Index: 38.28 kg/m2; Systolic Blood Pressure: 105.0 mmHg; Diastolic Blood Pressure: 82.0 mmHg; Glucose: 97.0 mg/dL; Urea Nitrogen: 18.0 mg/dL; Creatinine: 1.0 mg/dL; Calcium: 8.58 mg/dL; Sodium: 136.0 mmol/L; Potassium: 4.65 mmol/L; Chloride: 108.0 mmol/L; Carbon Dioxide: 20.0 mmol/L; Total Cholesterol: 188.0 mg/dL; Triglycerides: 101.0 mg/dL; Low Density Lipoprotein Cholesterol: 91.0 mg/dL; High Density Lipoprotein Cholesterol: 76.0 mg/dL; Hemoglobin A1c/Hemoglobin.total in Blood: 9.9 %; Body Weight: 119.54 kg; Body Mass Index: 39.41 kg/m2; Systolic Blood Pressure: 132.0 mmHg; Diastolic Blood Pressure: 83.0 mmHg; Glucose: 70.0 mg/dL; Urea Nitrogen: 14.0 mg/dL; Calcium: 8.73 mg/dL; Sodium: 142.0 mmol/L; Chloride: 111.0 mmol/L; Carbon Dioxide: 28.0 mmol/L; Total Cholesterol: 168.0 mg/dL; Triglycerides: 146.0 mg/dL; Low Density Lipoprotein Cholesterol: 66.0 mg/dL; High Density Lipoprotein Cholesterol: 72.0 mg/dL; Microalbumin Creatine Ratio: 16.0 mg/g; Estimated Glomerular Filtration Rate: 60.0 mL/min/{1.73_m2}; Hemoglobin A1c/Hemoglobin.total in Blood: 8.0 %; Body Weight: 121.47 kg; Body Mass Index: 40.04 kg/m2; Systolic Blood Pressure: 112.0 mmHg; Diastolic Blood Pressure: 80.0 mmHg. Immunizations: Influenza seasonal injectable preservative free; Td (adult) preservative free.",1
bce897cc-755a-4f7a-be0c-0833b8d5ae80,"Demographics: born 1968-09-18, gender M, race white, ethnicity irish. Encounters: Outpatient Encounter; Encounter for symptom. Medications: Penicillin V Potassium 250 MG; 24 HR Metformin hydrochloride 500 MG Extended Release Oral Tablet; insulin human isophane 70 UNT/ML / Regular Insulin Human 30 UNT/ML Injectable Suspension [Humulin]; Penicillin V Potassium 500 MG. Procedures: Documentation of current medications; Throat culture (procedure). Observations: Hemoglobin A1c/Hemoglobin.total in Blood: 5.1 %; Body Height: 188.85 cm; Body Weight: 136.97 kg; Body Mass Index: 38.4 kg/m2; Systolic Blood Pressure: 121.0 mmHg; Diastolic Blood Pressure: 87.0 mmHg; Glucose: 80.0 mg/dL; Urea Nitrogen: 13.0 mg/dL; Creatinine: 1.0 mg/dL; Calcium: 8.61 mg/dL; Sodium: 137.0 mmol/L; Potassium: 3.77 mmol/L; Chloride: 101.0 mmol/L; Carbon Dioxide: 26.0 mmol/L; Total Cholesterol: 195.0 mg/dL; Triglycerides: 132.0 mg/dL; Low Density Lipoprotein Cholesterol: 108.0 mg/dL; High Density Lipoprotein Cholesterol: 60.0 mg/dL; Microalbumin Creatine Ratio: 23.0 mg/g; Estimated Glomerular Filtration Rate: 60.0 mL/min/{1.73_m2}; Hemoglobin A1c/Hemoglobin.total in Blood: 5.3 %; Body Weight: 139.66 kg; Body Mass Index: 39.16 kg/m2; Diastolic Blood Pressure: 75.0 mmHg; Urea Nitrogen: 18.0 mg/dL; Calcium: 8.79 mg/dL; Sodium: 138.0 mmol/L; Potassium: 4.41 mmol/L; Chloride: 105.0 mmol/L; Total Cholesterol: 188.0 mg/dL; Triglycerides: 142.0 mg/dL; Low Density Lipoprotein Cholesterol: 97.0 mg/dL; High Density Lipoprotein Cholesterol: 62.0 mg/dL; Microalbumin Creatine Ratio: 24.0 mg/g; Hemoglobin A1c/Hemoglobin.total in Blood: 5.5 %; Body Weight: 142.69 kg; Body Mass Index: 40.01 kg/m2; Systolic Blood Pressure: 131.0 mmHg; Diastolic Blood Pressure: 84.0 mmHg; Glucose: 65.0 mg/dL. Immunizations: Influenza seasonal injectable preservative free.",1
f733fbb2-7525-49bd-ac4e-f1cdbb5a188f,"Demographics: born 1953-03-22, gender M, race white, ethnicity scottish. Encounters: Outpatient Encounter; Emergency room admission; Encounter for 'check-up'. Medications: Penicillin V Potassium 250 MG; Penicillin V Potassium 500 MG; Acetaminophen 325 MG / oxyCODONE Hydrochloride 5 MG Oral Tablet; Ibuprofen 200 MG Oral Tablet. Procedures: Documentation of current medications; Admission to orthopedic department; Bone density scan (procedure); Colonoscopy. Observations: Body Height: 174.19 cm; Body Weight: 113.56 kg; Body Mass Index: 37.43 kg/m2; Systolic Blood Pressure: 102.0 mmHg; Diastolic Blood Pressure: 70.0 mmHg; Total Cholesterol: 189.0 mg/dL; Triglycerides: 120.0 mg/dL; Low Density Lipoprotein Cholesterol: 91.0 mg/dL; High Density Lipoprotein Cholesterol: 74.0 mg/dL; Systolic Blood Pressure: 130.0 mmHg; Diastolic Blood Pressure: 85.0 mmHg; Systolic Blood Pressure: 129.0 mmHg; Diastolic Blood Pressure: 71.0 mmHg; Body Weight: 111.74 kg; Body Mass Index: 36.83 kg/m2; Diastolic Blood Pressure: 81.0 mmHg; Total Cholesterol: 170.0 mg/dL; Triglycerides: 109.0 mg/dL; Low Density Lipoprotein Cholesterol: 83.0 mg/dL; High Density Lipoprotein Cholesterol: 65.0 mg/dL; DXA [T-score] Bone density: 0.2 {T-score}; Body Weight: 110.65 kg; Body Mass Index: 36.47 kg/m2; Systolic Blood Pressure: 132.0 mmHg; Body Weight: 109.41 kg; Body Mass Index: 36.06 kg/m2; Systolic Blood Pressure: 117.0 mmHg; Diastolic Blood Pressure: 80.0 mmHg; Body Weight: 107.46 kg; Body Mass Index: 35.42 kg/m2; Systolic Blood Pressure: 104.0 mmHg; Diastolic Blood Pressure: 73.0 mmHg; Total Cholesterol: 175.0 mg/dL; Triglycerides: 148.0 mg/dL; Low Density Lipoprotein Cholesterol: 67.0 mg/dL; High Density Lipoprotein Cholesterol: 78.0 mg/dL. Immunizations: Influenza seasonal injectable preservative free; zoster; Td (adult) preservative free.",0
589bd9b6-f76c-4da4-83af-518552270721,"Demographics: born 1957-07-22, gender M, race white, ethnicity scottish. Encounters: Outpatient Encounter; Encounter for 'check-up'; Emergency room admission. Medications: Penicillin V Potassium 250 MG; 24 HR Metformin hydrochloride 500 MG Extended Release Oral Tablet; Ibuprofen 200 MG Oral Tablet. Procedures: Documentation of current medications; Colonoscopy; Suture open wound. Observations: Hemoglobin A1c/Hemoglobin.total in Blood: 6.2 %; Body Height: 176.01 cm; Body Weight: 95.71 kg; Body Mass Index: 30.89 kg/m2; Systolic Blood Pressure: 138.0 mmHg; Diastolic Blood Pressure: 76.0 mmHg; Glucose: 72.0 mg/dL; Urea Nitrogen: 12.0 mg/dL; Creatinine: 1.0 mg/dL; Calcium: 8.85 mg/dL; Sodium: 140.0 mmol/L; Potassium: 3.76 mmol/L; Chloride: 101.0 mmol/L; Carbon Dioxide: 29.0 mmol/L; Total Cholesterol: 168.0 mg/dL; Triglycerides: 103.0 mg/dL; Low Density Lipoprotein Cholesterol: 68.0 mg/dL; High Density Lipoprotein Cholesterol: 79.0 mg/dL; Microalbumin Creatine Ratio: 15.0 mg/g; Estimated Glomerular Filtration Rate: 60.0 mL/min/{1.73_m2}; Systolic Blood Pressure: 100.0 mmHg; Diastolic Blood Pressure: 74.0 mmHg; Glucose: 88.0 mg/dL; Calcium: 9.63 mg/dL; Sodium: 139.0 mmol/L; Potassium: 3.85 mmol/L; Chloride: 108.0 mmol/L; Carbon Dioxide: 28.0 mmol/L; Total Cholesterol: 162.0 mg/dL; Triglycerides: 148.0 mg/dL; Low Density Lipoprotein Cholesterol: 73.0 mg/dL; High Density Lipoprotein Cholesterol: 59.0 mg/dL; Microalbumin Creatine Ratio: 3.0 mg/g; Systolic Blood Pressure: 121.0 mmHg; Diastolic Blood Pressure: 87.0 mmHg; Glucose: 71.0 mg/dL; Urea Nitrogen: 19.0 mg/dL; Calcium: 10.04 mg/dL; Sodium: 144.0 mmol/L; Potassium: 4.37 mmol/L. Immunizations: Influenza seasonal injectable preservative free.",1
d36a1f91-653f-4068-84b0-fb884782aa69,"Demographics: born 1951-02-15, gender F, race black, ethnicity west_indian. Encounters: Death Certification. Medications: 24 HR Metformin hydrochloride 500 MG Extended Release Oral Tablet. Observations: Non-small cell lung cancer (disorder).",1
0f67afaf-0179-445f-9dee-066cd254ea30,"Demographics: born 1983-11-07, gender F, race black, ethnicity west_indian. Encounters: Encounter for symptom; Outpatient Encounter; Prenatal initial visit; Patient-initiated encounter; Consultation for treatment. Medications: Penicillin V Potassium 250 MG; Yaz 28 Day Pack; NuvaRing 0.12/0.015 MG per 24HR 21 Day Vaginal Ring; Nitrofurantoin 5 MG/ML [Furadantin]; Phenazopyridine hydrochloride 100 MG [Pyridium]. Procedures: Documentation of current medications; Nasal sinus endoscopy (procedure); Standard pregnancy test; Induced termination of pregnancy. Observations: Body Height: 167.89 cm; Body Weight: 68.7 kg; Body Mass Index: 24.37 kg/m2; Systolic Blood Pressure: 127.0 mmHg; Diastolic Blood Pressure: 79.0 mmHg; Oral temperature: 38.0 Cel; Body Weight: 72.61 kg; Body Mass Index: 25.76 kg/m2; Systolic Blood Pressure: 114.0 mmHg; Diastolic Blood Pressure: 72.0 mmHg; Total Cholesterol: 167.0 mg/dL; Triglycerides: 119.0 mg/dL; Low Density Lipoprotein Cholesterol: 79.0 mg/dL; High Density Lipoprotein Cholesterol: 64.0 mg/dL. Immunizations: Influenza seasonal injectable preservative free.",0
97a989fc-8728-4815-8c2f-1d31a9d60038,"Demographics: born 1968-10-26, gender M, race white, ethnicity french. Encounters: Outpatient Encounter; Encounter for symptom. Procedures: Documentation of current medications. Observations: Hemoglobin A1c/Hemoglobin.total in Blood: 5.9 %; Body Height: 178.52 cm; Body Weight: 109.08 kg; Body Mass Index: 34.22 kg/m2; Systolic Blood Pressure: 197.0 mmHg; Diastolic Blood Pressure: 103.0 mmHg; Glucose: 84.0 mg/dL; Urea Nitrogen: 18.0 mg/dL; Creatinine: 1.0 mg/dL; Calcium: 9.97 mg/dL; Sodium: 137.0 mmol/L; Potassium: 4.83 mmol/L; Chloride: 107.0 mmol/L; Carbon Dioxide: 21.0 mmol/L; Estimated Glomerular Filtration Rate: 60.0 mL/min/{1.73_m2}; Oral temperature: 38.0 Cel; Hemoglobin A1c/Hemoglobin.total in Blood: 6.2 %; Body Weight: 111.92 kg; Body Mass Index: 35.12 kg/m2; Systolic Blood Pressure: 186.0 mmHg; Diastolic Blood Pressure: 110.0 mmHg; Glucose: 72.0 mg/dL; Urea Nitrogen: 8.0 mg/dL; Calcium: 10.17 mg/dL; Sodium: 140.0 mmol/L; Potassium: 4.34 mmol/L; Chloride: 103.0 mmol/L; Carbon Dioxide: 24.0 mmol/L; Total Cholesterol: 193.0 mg/dL; Triglycerides: 111.0 mg/dL; Low Density Lipoprotein Cholesterol: 92.0 mg/dL; High Density Lipoprotein Cholesterol: 78.0 mg/dL; Body Weight: 116.44 kg; Body Mass Index: 36.53 kg/m2; Systolic Blood Pressure: 150.0 mmHg; Urea Nitrogen: 12.0 mg/dL; Calcium: 8.72 mg/dL; Sodium: 141.0 mmol/L; Potassium: 3.89 mmol/L; Chloride: 104.0 mmol/L. Immunizations: Influenza seasonal injectable preservative free.",0
3036b603-c865-44c3-937c-4a523e6d4052,"Demographics: born 1955-08-25, gender M, race white, ethnicity irish. Encounters: Outpatient Encounter; Encounter for 'check-up'; Encounter for symptom. Medications: 24 HR Metformin hydrochloride 500 MG Extended Release Oral Tablet; Acetaminophen 160 MG. Procedures: Colonoscopy; Fecal occult blood test; Rectal polypectomy; Documentation of current medications; Sputum examination (procedure). Observations: Hemoglobin A1c/Hemoglobin.total in Blood: 8.3 %; Body Height: 169.64 cm; Body Weight: 113.27 kg; Body Mass Index: 39.36 kg/m2; Systolic Blood Pressure: 137.0 mmHg; Diastolic Blood Pressure: 89.0 mmHg; Glucose: 185.0 mg/dL; Urea Nitrogen: 7.0 mg/dL; Creatinine: 1.0 mg/dL; Calcium: 10.09 mg/dL; Sodium: 138.0 mmol/L; Potassium: 4.9 mmol/L; Chloride: 103.0 mmol/L; Carbon Dioxide: 21.0 mmol/L; Total Cholesterol: 256.0 mg/dL; Triglycerides: 303.0 mg/dL; Low Density Lipoprotein Cholesterol: 161.0 mg/dL; High Density Lipoprotein Cholesterol: 34.0 mg/dL; Microalbumin Creatine Ratio: 17.0 mg/g; Estimated Glomerular Filtration Rate: 60.0 mL/min/{1.73_m2}; Polyp size greatest dimension by CAP cancer protocols: 4.0 mm; Hemoglobin.gastrointestinal [Presence] in Stool by Immunologic method: 11.0 ng/mL; Systolic Blood Pressure: 106.0 mmHg; Diastolic Blood Pressure: 88.0 mmHg; Glucose: 193.0 mg/dL; Urea Nitrogen: 20.0 mg/dL; Calcium: 9.09 mg/dL; Sodium: 139.0 mmol/L; Potassium: 4.93 mmol/L; Chloride: 110.0 mmol/L; Carbon Dioxide: 28.0 mmol/L; Total Cholesterol: 244.0 mg/dL; Triglycerides: 290.0 mg/dL; Low Density Lipoprotein Cholesterol: 146.0 mg/dL; High Density Lipoprotein Cholesterol: 40.0 mg/dL; Microalbumin Creatine Ratio: 4.0 mg/g; Systolic Blood Pressure: 120.0 mmHg; Diastolic Blood Pressure: 77.0 mmHg; Glucose: 184.0 mg/dL; Calcium: 8.84 mg/dL. Immunizations: Influenza seasonal injectable preservative free; zoster; Td (adult) preservative free.",1
33c4c971-c391-4e33-a79e-2c171fd75e58,"Demographics: born 1956-01-28, gender M, race white, ethnicity irish. Encounters: Outpatient Encounter; Encounter for 'check-up'; Encounter for symptom. Medications: Penicillin V Potassium 250 MG. Procedures: Documentation of current medications; Colonoscopy; Fecal occult blood test; Rectal polypectomy. Observations: Body Height: 176.74 cm; Body Weight: 118.32 kg; Body Mass Index: 37.88 kg/m2; Systolic Blood Pressure: 139.0 mmHg; Diastolic Blood Pressure: 72.0 mmHg; Polyp size greatest dimension by CAP cancer protocols: 3.0 mm; Hemoglobin.gastrointestinal [Presence] in Stool by Immunologic method: 11.0 ng/mL; Oral temperature: 37.46 Cel; Systolic Blood Pressure: 136.0 mmHg; Diastolic Blood Pressure: 79.0 mmHg; Systolic Blood Pressure: 130.0 mmHg; Diastolic Blood Pressure: 73.0 mmHg; Systolic Blood Pressure: 103.0 mmHg; Diastolic Blood Pressure: 87.0 mmHg; Total Cholesterol: 192.0 mg/dL; Triglycerides: 129.0 mg/dL; Low Density Lipoprotein Cholesterol: 100.0 mg/dL; High Density Lipoprotein Cholesterol: 66.0 mg/dL; Systolic Blood Pressure: 138.0 mmHg; Diastolic Blood Pressure: 71.0 mmHg; Systolic Blood Pressure: 131.0 mmHg; Diastolic Blood Pressure: 81.0 mmHg. Immunizations: Influenza seasonal injectable preservative free.",0
ffa1cfdf-2125-448b-a307-289d8e05f79d,"Demographics: born 2016-04-17, gender F, race hispanic, ethnicity puerto_rican. Encounters: Outpatient Encounter; Emergency room admission; Domiciliary or rest home patient evaluation and management; Encounter for 'check-up'. Procedures: Documentation of current medications; Information gathering (procedure). Observations: Body Height: 53.62 cm; Body Weight: 4.63 kg; Systolic Blood Pressure: 121.0 mmHg; Diastolic Blood Pressure: 76.0 mmHg; Body Height: 56.4 cm; Body Weight: 5.32 kg; Systolic Blood Pressure: 118.0 mmHg; Diastolic Blood Pressure: 88.0 mmHg; Body Height: 60.76 cm; Body Weight: 6.54 kg; Systolic Blood Pressure: 117.0 mmHg; Diastolic Blood Pressure: 77.0 mmHg; Body Height: 64.27 cm; Body Weight: 7.57 kg; Systolic Blood Pressure: 134.0 mmHg; Diastolic Blood Pressure: 79.0 mmHg; Body Height: 68.62 cm; Body Weight: 8.82 kg; Systolic Blood Pressure: 124.0 mmHg; Body Height: 72.31 cm; Body Weight: 9.81 kg; Diastolic Blood Pressure: 85.0 mmHg; Sexual orientation: heterosexual {nominal}; HIV status: not HIV positive {nominal}; Abuse Status [OMAHA]: Severe signs/symptoms {nominal}; Housing status: Patient is homeless {nominal}; Are you covered by health insurance or some other kind of health care plan [PhenX]: No {nominal}; History of Hospitalizations+​Outpatient visits: 1.0 {count}. Immunizations: Hep B adolescent or pediatric; rotavirus monovalent; DTaP; Hib (PRP-OMP); Pneumococcal conjugate PCV 13; IPV; Influenza seasonal injectable preservative free; MMR; varicella; Hep A ped/adol 2 dose.",0
1255dfa5-26c2-4c73-89c9-dca51f7c4a25,"Demographics: born 1951-06-19, gender M, race white, ethnicity french_canadian. Encounters: Outpatient Encounter; Encounter for symptom; Encounter for problem; Encounter for 'check-up'. Medications: Hydrocortisone 10 MG/ML Topical Cream; diphenhydrAMINE Hydrochloride 25 MG Oral Tablet; 24 HR Metformin hydrochloride 500 MG Extended Release Oral Tablet; 3 ML liraglutide 6 MG/ML Pen Injector. Procedures: Documentation of current medications; Amputation of left leg; Colonoscopy. Observations: Hemoglobin A1c/Hemoglobin.total in Blood: 9.3 %; Body Height: 164.49 cm; Body Weight: 116.56 kg; Body Mass Index: 43.08 kg/m2; Systolic Blood Pressure: 106.0 mmHg; Diastolic Blood Pressure: 81.0 mmHg; Glucose: 142.0 mg/dL; Urea Nitrogen: 18.0 mg/dL; Creatinine: 1.0 mg/dL; Calcium: 9.49 mg/dL; Sodium: 140.0 mmol/L; Potassium: 4.61 mmol/L; Chloride: 103.0 mmol/L; Carbon Dioxide: 23.0 mmol/L; Total Cholesterol: 241.0 mg/dL; Triglycerides: 368.0 mg/dL; Low Density Lipoprotein Cholesterol: 136.0 mg/dL; High Density Lipoprotein Cholesterol: 31.0 mg/dL; Microalbumin Creatine Ratio: 11.0 mg/g; Estimated Glomerular Filtration Rate: 60.0 mL/min/{1.73_m2}; Hemoglobin A1c/Hemoglobin.total in Blood: 8.7 %; Body Weight: 115.32 kg; Body Mass Index: 42.62 kg/m2; Systolic Blood Pressure: 139.0 mmHg; Diastolic Blood Pressure: 83.0 mmHg; Glucose: 172.0 mg/dL; Urea Nitrogen: 14.0 mg/dL; Calcium: 10.03 mg/dL; Sodium: 138.0 mmol/L; Potassium: 5.04 mmol/L; Chloride: 106.0 mmol/L; Carbon Dioxide: 28.0 mmol/L; Total Cholesterol: 272.0 mg/dL; Triglycerides: 545.0 mg/dL; Low Density Lipoprotein Cholesterol: 145.0 mg/dL; High Density Lipoprotein Cholesterol: 18.0 mg/dL; Microalbumin Creatine Ratio: 7.0 mg/g; Oral temperature: 38.0 Cel; Hemoglobin A1c/Hemoglobin.total in Blood: 9.0 %; Body Weight: 113.66 kg. Immunizations: Influenza seasonal injectable preservative free; zoster; Td (adult) preservative free; Pneumococcal conjugate PCV 13.",1
ec6c19c9-28f1-45a4-97fe-3ba6e98a0a61,"Demographics: born 1947-11-06, gender M, race white, ethnicity polish. Encounters: Death Certification. Medications: 24 HR Metformin hydrochloride 500 MG Extended Release Oral Tablet; insulin human isophane 70 UNT/ML / Regular Insulin Human 30 UNT/ML Injectable Suspension [Humulin]. Observations: Small cell carcinoma of lung (disorder).",1
382ad4e4-397a-42d7-8f34-87cf7b1b4c01,"Demographics: born 1965-03-22, gender M, race white, ethnicity german. Encounters: Outpatient Encounter; Encounter for 'check-up'. Procedures: Documentation of current medications; Colonoscopy. Observations: Body Height: 173.74 cm; Body Weight: 107.97 kg; Body Mass Index: 35.77 kg/m2; Systolic Blood Pressure: 134.0 mmHg; Diastolic Blood Pressure: 80.0 mmHg; Total Cholesterol: 162.0 mg/dL; Triglycerides: 149.0 mg/dL; Low Density Lipoprotein Cholesterol: 61.0 mg/dL; High Density Lipoprotein Cholesterol: 71.0 mg/dL; Body Weight: 110.47 kg; Body Mass Index: 36.6 kg/m2; Systolic Blood Pressure: 100.0 mmHg; Diastolic Blood Pressure: 89.0 mmHg; Body Weight: 112.36 kg; Body Mass Index: 37.22 kg/m2; Systolic Blood Pressure: 104.0 mmHg; Diastolic Blood Pressure: 77.0 mmHg; Total Cholesterol: 174.0 mg/dL; Triglycerides: 148.0 mg/dL; Low Density Lipoprotein Cholesterol: 85.0 mg/dL; High Density Lipoprotein Cholesterol: 59.0 mg/dL; Systolic Blood Pressure: 116.0 mmHg; Diastolic Blood Pressure: 70.0 mmHg. Immunizations: Influenza seasonal injectable preservative free; Td (adult) preservative free.",0
6c72ad09-4e91-478f-97b0-7d9cf398367a,"Demographics: born 1963-01-22, gender F, race white, ethnicity italian. Encounters: Outpatient Encounter; Patient encounter procedure; Encounter for symptom; Emergency room admission. Medications: Naproxen sodium 220 MG Oral Tablet. Procedures: Removal of intrauterine device; Documentation of current medications. Observations: Body Height: 166.88 cm; Body Weight: 91.38 kg; Body Mass Index: 32.81 kg/m2; Systolic Blood Pressure: 129.0 mmHg; Diastolic Blood Pressure: 79.0 mmHg; Total Cholesterol: 173.0 mg/dL; Triglycerides: 149.0 mg/dL; Low Density Lipoprotein Cholesterol: 79.0 mg/dL; High Density Lipoprotein Cholesterol: 64.0 mg/dL; Body Weight: 93.36 kg; Body Mass Index: 33.53 kg/m2; Systolic Blood Pressure: 113.0 mmHg; Diastolic Blood Pressure: 74.0 mmHg; Systolic Blood Pressure: 131.0 mmHg; Diastolic Blood Pressure: 88.0 mmHg; Systolic Blood Pressure: 121.0 mmHg; Total Cholesterol: 174.0 mg/dL; Triglycerides: 102.0 mg/dL; Low Density Lipoprotein Cholesterol: 93.0 mg/dL; High Density Lipoprotein Cholesterol: 60.0 mg/dL; Systolic Blood Pressure: 115.0 mmHg; Diastolic Blood Pressure: 77.0 mmHg; Systolic Blood Pressure: 125.0 mmHg; Diastolic Blood Pressure: 71.0 mmHg. Immunizations: Influenza seasonal injectable preservative free; Td (adult) preservative free.",0
be771553-a134-4f13-b3ef-7f0f263544bf,"Demographics: born 1958-01-25, gender M, race white, ethnicity italian. Encounters: Outpatient Encounter; Encounter for symptom; Emergency room admission; Encounter for 'check-up'. Medications: Ibuprofen 200 MG Oral Tablet. Procedures: Documentation of current medications; Colonoscopy. Observations: Hemoglobin A1c/Hemoglobin.total in Blood: 6.1 %; Body Height: 172.47 cm; Body Weight: 120.57 kg; Body Mass Index: 40.53 kg/m2; Systolic Blood Pressure: 113.0 mmHg; Diastolic Blood Pressure: 71.0 mmHg; Glucose: 85.0 mg/dL; Urea Nitrogen: 7.0 mg/dL; Creatinine: 1.0 mg/dL; Calcium: 8.88 mg/dL; Sodium: 144.0 mmol/L; Potassium: 4.16 mmol/L; Chloride: 103.0 mmol/L; Carbon Dioxide: 28.0 mmol/L; Total Cholesterol: 160.0 mg/dL; Triglycerides: 131.0 mg/dL; Low Density Lipoprotein Cholesterol: 69.0 mg/dL; High Density Lipoprotein Cholesterol: 64.0 mg/dL; Hemoglobin A1c/Hemoglobin.total in Blood: 6.2 %; Systolic Blood Pressure: 114.0 mmHg; Diastolic Blood Pressure: 85.0 mmHg; Glucose: 100.0 mg/dL; Urea Nitrogen: 13.0 mg/dL; Calcium: 9.57 mg/dL; Sodium: 142.0 mmol/L; Potassium: 4.53 mmol/L; Chloride: 105.0 mmol/L; Carbon Dioxide: 21.0 mmol/L; Systolic Blood Pressure: 123.0 mmHg; Diastolic Blood Pressure: 89.0 mmHg; Glucose: 74.0 mg/dL; Urea Nitrogen: 8.0 mg/dL; Calcium: 9.37 mg/dL; Potassium: 4.8 mmol/L; Chloride: 106.0 mmol/L; Carbon Dioxide: 29.0 mmol/L; Systolic Blood Pressure: 130.0 mmHg; Diastolic Blood Pressure: 82.0 mmHg; Glucose: 98.0 mg/dL; Urea Nitrogen: 11.0 mg/dL. Immunizations: Influenza seasonal injectable preservative free.",0
688ec057-0375-45ef-a279-4a0e629894a4,"Demographics: born 2006-07-17, gender F, race white, ethnicity italian. Encounters: Outpatient Encounter; Encounter for symptom; Emergency room admission. Medications: Ibuprofen 100 MG Oral Tablet. Procedures: Suture open wound; Documentation of current medications. Observations: Body Height: 100.41 cm; Body Weight: 18.08 kg; Body Mass Index: 17.94 kg/m2; Systolic Blood Pressure: 137.0 mmHg; Diastolic Blood Pressure: 78.0 mmHg; Body Height: 106.64 cm; Body Weight: 20.46 kg; Body Mass Index: 17.99 kg/m2; Systolic Blood Pressure: 126.0 mmHg; Diastolic Blood Pressure: 86.0 mmHg; Body Height: 113.53 cm; Body Weight: 23.26 kg; Body Mass Index: 18.04 kg/m2; Systolic Blood Pressure: 125.0 mmHg; Body Height: 120.62 cm; Body Weight: 26.66 kg; Body Mass Index: 18.32 kg/m2; Systolic Blood Pressure: 127.0 mmHg; Diastolic Blood Pressure: 75.0 mmHg; Body Height: 126.41 cm; Body Weight: 30.34 kg; Body Mass Index: 18.99 kg/m2; Diastolic Blood Pressure: 72.0 mmHg; Body Height: 131.87 cm; Body Weight: 35.08 kg; Body Mass Index: 20.17 kg/m2; Systolic Blood Pressure: 121.0 mmHg; Diastolic Blood Pressure: 77.0 mmHg; Body Height: 136.86 cm; Body Weight: 40.08 kg; Body Mass Index: 21.4 kg/m2; Systolic Blood Pressure: 110.0 mmHg; Diastolic Blood Pressure: 84.0 mmHg. Immunizations: DTaP; Pneumococcal conjugate PCV 13; IPV; Influenza seasonal injectable preservative free; MMR; varicella.",0
90637cc2-7f5b-4396-90d9-b61f717b623f,"Demographics: born 1962-12-09, gender M, race hispanic, ethnicity puerto_rican. Encounters: Outpatient Encounter; Encounter for 'check-up'; Emergency room admission; Encounter for symptom. Medications: Penicillin V Potassium 250 MG; 24 HR Metformin hydrochloride 500 MG Extended Release Oral Tablet; Clopidogrel 75 MG Oral Tablet; Simvastatin 20 MG Oral Tablet; Amlodipine 5 MG Oral Tablet; Nitroglycerin 0.4 MG/ACTUAT [Nitrolingual]; Acetaminophen 325 MG Oral Tablet. Procedures: Colonoscopy; Suture open wound; Documentation of current medications. Observations: Hemoglobin A1c/Hemoglobin.total in Blood: 7.6 %; Body Height: 178.92 cm; Body Weight: 117.08 kg; Body Mass Index: 36.57 kg/m2; Systolic Blood Pressure: 180.0 mmHg; Diastolic Blood Pressure: 114.0 mmHg; Glucose: 113.0 mg/dL; Urea Nitrogen: 19.0 mg/dL; Creatinine: 1.0 mg/dL; Calcium: 8.81 mg/dL; Sodium: 140.0 mmol/L; Potassium: 3.83 mmol/L; Chloride: 104.0 mmol/L; Carbon Dioxide: 21.0 mmol/L; Total Cholesterol: 228.0 mg/dL; Triglycerides: 160.0 mg/dL; Low Density Lipoprotein Cholesterol: 155.0 mg/dL; High Density Lipoprotein Cholesterol: 41.0 mg/dL; Microalbumin Creatine Ratio: 10.0 mg/g; Estimated Glomerular Filtration Rate: 60.0 mL/min/{1.73_m2}; Systolic Blood Pressure: 165.0 mmHg; Diastolic Blood Pressure: 91.0 mmHg; Glucose: 159.0 mg/dL; Urea Nitrogen: 7.0 mg/dL; Calcium: 9.15 mg/dL; Sodium: 142.0 mmol/L; Potassium: 4.23 mmol/L; Chloride: 110.0 mmol/L; Carbon Dioxide: 25.0 mmol/L; Total Cholesterol: 242.0 mg/dL; Triglycerides: 433.0 mg/dL; Low Density Lipoprotein Cholesterol: 131.0 mg/dL; High Density Lipoprotein Cholesterol: 24.0 mg/dL; Microalbumin Creatine Ratio: 15.0 mg/g; Systolic Blood Pressure: 191.0 mmHg; Diastolic Blood Pressure: 105.0 mmHg; Glucose: 193.0 mg/dL; Urea Nitrogen: 20.0 mg/dL; Calcium: 10.02 mg/dL; Sodium: 138.0 mmol/L. Immunizations: Influenza seasonal injectable preservative free; Td (adult) preservative free.",1
35069577-02cb-4ea2-85d7-3a3e45039db0,"Demographics: born 1995-02-03, gender M, race hispanic, ethnicity mexican. Encounters: Outpatient Encounter; Encounter for symptom. Procedures: Documentation of current medications. Observations: Body Height: 158.84 cm; Body Weight: 70.8 kg; Body Mass Index: 28.06 kg/m2; Systolic Blood Pressure: 126.0 mmHg; Diastolic Blood Pressure: 78.0 mmHg; Body Height: 161.13 cm; Body Weight: 74.37 kg; Body Mass Index: 28.65 kg/m2; Systolic Blood Pressure: 116.0 mmHg; Diastolic Blood Pressure: 87.0 mmHg; Body Height: 162.27 cm; Body Weight: 76.83 kg; Body Mass Index: 29.18 kg/m2; Systolic Blood Pressure: 121.0 mmHg; Diastolic Blood Pressure: 72.0 mmHg; Body Height: 162.97 cm; Body Weight: 79.01 kg; Body Mass Index: 29.75 kg/m2; Systolic Blood Pressure: 106.0 mmHg; Diastolic Blood Pressure: 77.0 mmHg; Body Height: 163.26 cm; Body Weight: 80.48 kg; Body Mass Index: 30.19 kg/m2; Systolic Blood Pressure: 137.0 mmHg; Body Height: 163.33 cm; Body Weight: 82.04 kg; Body Mass Index: 30.75 kg/m2; Systolic Blood Pressure: 123.0 mmHg. Immunizations: Influenza seasonal injectable preservative free; meningococcal MCV4P.",0
96b78ad3-f367-4ff8-b52a-1986b8996a21,"Demographics: born 1944-06-22, gender F, race white, ethnicity french. Encounters: Outpatient Encounter; Encounter for 'check-up'; Office Visit; Emergency room admission. Medications: 24 HR Metformin hydrochloride 500 MG Extended Release Oral Tablet; insulin human isophane 70 UNT/ML / Regular Insulin Human 30 UNT/ML Injectable Suspension [Humulin]; Galantamine 4 MG [Razadyne]; Donepezil hydrochloride 10 MG / Memantine hydrochloride 28 MG [Namzaric]; Acetaminophen 325 MG Oral Tablet. Procedures: Documentation of current medications; Colonoscopy; Suture open wound. Observations: Hemoglobin A1c/Hemoglobin.total in Blood: 4.2 %; Body Height: 165.72 cm; Body Weight: 95.75 kg; Body Mass Index: 34.87 kg/m2; Systolic Blood Pressure: 177.0 mmHg; Diastolic Blood Pressure: 101.0 mmHg; Glucose: 122.0 mg/dL; Urea Nitrogen: 19.0 mg/dL; Creatinine: 1.0 mg/dL; Calcium: 9.06 mg/dL; Sodium: 144.0 mmol/L; Potassium: 3.73 mmol/L; Chloride: 101.0 mmol/L; Carbon Dioxide: 27.0 mmol/L; Total Cholesterol: 205.0 mg/dL; Triglycerides: 190.0 mg/dL; Low Density Lipoprotein Cholesterol: 117.0 mg/dL; High Density Lipoprotein Cholesterol: 50.0 mg/dL; Microalbumin Creatine Ratio: 0.0 mg/g; Estimated Glomerular Filtration Rate: 60.0 mL/min/{1.73_m2}; Systolic Blood Pressure: 150.0 mmHg; Diastolic Blood Pressure: 92.0 mmHg; Glucose: 117.0 mg/dL; Urea Nitrogen: 13.0 mg/dL; Calcium: 9.34 mg/dL; Sodium: 141.0 mmol/L; Potassium: 5.07 mmol/L; Carbon Dioxide: 21.0 mmol/L; Total Cholesterol: 204.0 mg/dL; Triglycerides: 156.0 mg/dL; High Density Lipoprotein Cholesterol: 55.0 mg/dL; Microalbumin Creatine Ratio: 14.0 mg/g; Hemoglobin A1c/Hemoglobin.total in Blood: 4.1 %; Body Weight: 94.27 kg; Body Mass Index: 34.33 kg/m2; Systolic Blood Pressure: 191.0 mmHg; Diastolic Blood Pressure: 115.0 mmHg; Glucose: 107.0 mg/dL; Urea Nitrogen: 20.0 mg/dL; Calcium: 9.74 mg/dL. Immunizations: pneumococcal polysaccharide vaccine 23 valent; Influenza seasonal injectable preservative free; Td (adult) preservative free.",1
d1291ead-6ef7-4760-bb49-91596dd00e23,"Demographics: born 1929-11-27, gender M, race white, ethnicity french_canadian.",0
fcff57d0-25ba-4b40-ae0d-4279f24af0a8,"Demographics: born 1927-01-13, gender F, race black, ethnicity dominican. Encounters: Outpatient Encounter. Medications: Penicillin V Potassium 500 MG; 24 HR Metformin hydrochloride 500 MG Extended Release Oral Tablet; insulin human isophane 70 UNT/ML / Regular Insulin Human 30 UNT/ML Injectable Suspension [Humulin]. Procedures: Documentation of current medications. Observations: Hemoglobin A1c/Hemoglobin.total in Blood: 2.1 %; Body Height: 166.31 cm; Body Weight: 53.98 kg; Body Mass Index: 19.52 kg/m2; Systolic Blood Pressure: 180.0 mmHg; Diastolic Blood Pressure: 113.0 mmHg; Glucose: 67.0 mg/dL; Urea Nitrogen: 19.0 mg/dL; Creatinine: 1.0 mg/dL; Calcium: 9.51 mg/dL; Sodium: 142.0 mmol/L; Potassium: 4.05 mmol/L; Chloride: 110.0 mmol/L; Carbon Dioxide: 28.0 mmol/L; Total Cholesterol: 181.0 mg/dL; Triglycerides: 112.0 mg/dL; Low Density Lipoprotein Cholesterol: 96.0 mg/dL; High Density Lipoprotein Cholesterol: 62.0 mg/dL; Microalbumin Creatine Ratio: 99.0 mg/g; Estimated Glomerular Filtration Rate: 60.0 mL/min/{1.73_m2}; Body Weight: 52.73 kg; Body Mass Index: 19.06 kg/m2; Systolic Blood Pressure: 154.0 mmHg; Diastolic Blood Pressure: 102.0 mmHg; Glucose: 84.0 mg/dL; Urea Nitrogen: 9.0 mg/dL; Calcium: 9.47 mg/dL; Sodium: 143.0 mmol/L; Potassium: 4.34 mmol/L; Chloride: 101.0 mmol/L; Carbon Dioxide: 27.0 mmol/L; Total Cholesterol: 193.0 mg/dL; Triglycerides: 121.0 mg/dL; Low Density Lipoprotein Cholesterol: 93.0 mg/dL; High Density Lipoprotein Cholesterol: 75.0 mg/dL; Microalbumin Creatine Ratio: 237.0 mg/g; Body Weight: 50.01 kg; Body Mass Index: 18.08 kg/m2; Systolic Blood Pressure: 176.0 mmHg; Diastolic Blood Pressure: 99.0 mmHg. Immunizations: Influenza seasonal injectable preservative free.",1
65764bff-2557-4a48-951b-cc4d00f76b3e,"Demographics: born 1936-03-31, gender M, race hispanic, ethnicity central_american. Encounters: Death Certification. Medications: Penicillin V Potassium 500 MG; Nitroglycerin 0.4 MG/ACTUAT [Nitrolingual]; 24 HR Metformin hydrochloride 500 MG Extended Release Oral Tablet. Observations: Myocardial Infarction.",1
29381988-5a85-4983-9e70-0b78cc796040,"Demographics: born 1940-01-08, gender M, race black, ethnicity african. Encounters: Outpatient Encounter; Encounter for 'check-up'; Encounter for symptom. Medications: Penicillin V Potassium 250 MG; 24 HR Metformin hydrochloride 500 MG Extended Release Oral Tablet; insulin human isophane 70 UNT/ML / Regular Insulin Human 30 UNT/ML Injectable Suspension [Humulin]. Procedures: Documentation of current medications; Colonoscopy. Observations: Hemoglobin A1c/Hemoglobin.total in Blood: 6.1 %; Body Height: 180.58 cm; Body Weight: 99.43 kg; Body Mass Index: 30.49 kg/m2; Systolic Blood Pressure: 154.0 mmHg; Diastolic Blood Pressure: 104.0 mmHg; Glucose: 91.0 mg/dL; Urea Nitrogen: 13.0 mg/dL; Creatinine: 1.0 mg/dL; Calcium: 10.17 mg/dL; Sodium: 144.0 mmol/L; Potassium: 5.06 mmol/L; Chloride: 101.0 mmol/L; Carbon Dioxide: 25.0 mmol/L; Total Cholesterol: 172.0 mg/dL; Triglycerides: 115.0 mg/dL; Low Density Lipoprotein Cholesterol: 75.0 mg/dL; High Density Lipoprotein Cholesterol: 74.0 mg/dL; Microalbumin Creatine Ratio: 14.0 mg/g; Estimated Glomerular Filtration Rate: 60.0 mL/min/{1.73_m2}; Hemoglobin A1c/Hemoglobin.total in Blood: 3.1 %; Systolic Blood Pressure: 200.0 mmHg; Diastolic Blood Pressure: 110.0 mmHg; Glucose: 76.0 mg/dL; Urea Nitrogen: 18.0 mg/dL; Calcium: 8.52 mg/dL; Sodium: 140.0 mmol/L; Potassium: 5.13 mmol/L; Chloride: 111.0 mmol/L; Carbon Dioxide: 24.0 mmol/L; Total Cholesterol: 175.0 mg/dL; Triglycerides: 112.0 mg/dL; Low Density Lipoprotein Cholesterol: 77.0 mg/dL; High Density Lipoprotein Cholesterol: 75.0 mg/dL; Microalbumin Creatine Ratio: 3.0 mg/g; Hemoglobin A1c/Hemoglobin.total in Blood: 3.0 %; Body Weight: 97.61 kg; Body Mass Index: 29.93 kg/m2; Systolic Blood Pressure: 149.0 mmHg; Diastolic Blood Pressure: 91.0 mmHg. Immunizations: Influenza seasonal injectable preservative free; Td (adult) preservative free.",1
743ad8e4-e3ea-4be5-9dbb-234b4aadb3a0,"Demographics: born 1977-03-16, gender F, race white, ethnicity american. Encounters: Outpatient Encounter; Emergency room admission; Encounter for symptom. Medications: Penicillin V Potassium 250 MG; Penicillin V Potassium 500 MG; Ibuprofen 200 MG Oral Tablet. Procedures: Documentation of current medications. Observations: Body Height: 165.64 cm; Body Weight: 65.48 kg; Body Mass Index: 23.87 kg/m2; Systolic Blood Pressure: 119.0 mmHg; Diastolic Blood Pressure: 82.0 mmHg; Total Cholesterol: 196.0 mg/dL; Triglycerides: 131.0 mg/dL; Low Density Lipoprotein Cholesterol: 101.0 mg/dL; High Density Lipoprotein Cholesterol: 68.0 mg/dL; Body Weight: 72.04 kg; Body Mass Index: 26.26 kg/m2; Systolic Blood Pressure: 111.0 mmHg; Diastolic Blood Pressure: 83.0 mmHg; Total Cholesterol: 174.0 mg/dL; Triglycerides: 106.0 mg/dL; Low Density Lipoprotein Cholesterol: 78.0 mg/dL; High Density Lipoprotein Cholesterol: 74.0 mg/dL; Oral temperature: 38.0 Cel. Immunizations: Influenza seasonal injectable preservative free; Td (adult) preservative free.",0
12404935-7cbe-44e8-b06b-d149585071e6,"Demographics: born 1971-06-05, gender F, race white, ethnicity american. Encounters: Encounter for symptom; Outpatient Encounter. Medications: Nitrofurantoin 5 MG/ML [Furadantin]; Phenazopyridine hydrochloride 100 MG [Pyridium]. Procedures: Documentation of current medications. Observations: Oral temperature: 37.0 Cel; Body Height: 160.41 cm; Body Weight: 85.66 kg; Body Mass Index: 33.29 kg/m2; Systolic Blood Pressure: 131.0 mmHg; Diastolic Blood Pressure: 84.0 mmHg; Body Weight: 88.88 kg; Body Mass Index: 34.54 kg/m2; Systolic Blood Pressure: 110.0 mmHg; Diastolic Blood Pressure: 87.0 mmHg; Total Cholesterol: 165.0 mg/dL; Triglycerides: 117.0 mg/dL; Low Density Lipoprotein Cholesterol: 66.0 mg/dL; High Density Lipoprotein Cholesterol: 75.0 mg/dL; Body Weight: 91.32 kg; Body Mass Index: 35.49 kg/m2; Systolic Blood Pressure: 130.0 mmHg; Diastolic Blood Pressure: 82.0 mmHg. Immunizations: Influenza seasonal injectable preservative free; Td (adult) preservative free.",0
ebe8f7e6-5525-41ab-86a3-f173249afeb5,"Demographics: born 1911-12-31, gender M, race white, ethnicity scottish. Encounters: Death Certification. Medications: Penicillin V Potassium 250 MG; Nitroglycerin 0.4 MG/ACTUAT [Nitrolingual]; 24 HR Metformin hydrochloride 500 MG Extended Release Oral Tablet. Observations: Cardiac Arrest.",1
05bd22dd-2210-4eb7-88ae-fe4303de4f02,"Demographics: born 1941-01-19, gender F, race white, ethnicity french. Encounters: Outpatient Encounter; Encounter for 'check-up'; Encounter for symptom; Emergency room admission. Medications: Penicillin V Potassium 500 MG; 24 HR Metformin hydrochloride 500 MG Extended Release Oral Tablet; Acetaminophen 325 MG Oral Tablet. Procedures: Documentation of current medications; Colonoscopy; Throat culture (procedure). Observations: Hemoglobin A1c/Hemoglobin.total in Blood: 7.3 %; Body Height: 166.42 cm; Body Weight: 96.96 kg; Body Mass Index: 35.01 kg/m2; Systolic Blood Pressure: 186.0 mmHg; Diastolic Blood Pressure: 111.0 mmHg; Glucose: 107.0 mg/dL; Urea Nitrogen: 9.0 mg/dL; Creatinine: 1.0 mg/dL; Calcium: 9.89 mg/dL; Sodium: 144.0 mmol/L; Potassium: 4.75 mmol/L; Chloride: 102.0 mmol/L; Carbon Dioxide: 20.0 mmol/L; Total Cholesterol: 228.0 mg/dL; Triglycerides: 173.0 mg/dL; Low Density Lipoprotein Cholesterol: 145.0 mg/dL; High Density Lipoprotein Cholesterol: 48.0 mg/dL; Microalbumin Creatine Ratio: 14.0 mg/g; Estimated Glomerular Filtration Rate: 60.0 mL/min/{1.73_m2}; Hemoglobin A1c/Hemoglobin.total in Blood: 7.1 %; Body Weight: 95.65 kg; Body Mass Index: 34.54 kg/m2; Systolic Blood Pressure: 170.0 mmHg; Diastolic Blood Pressure: 104.0 mmHg; Glucose: 106.0 mg/dL; Urea Nitrogen: 17.0 mg/dL; Calcium: 9.36 mg/dL; Sodium: 136.0 mmol/L; Potassium: 4.77 mmol/L; Chloride: 101.0 mmol/L; Carbon Dioxide: 21.0 mmol/L; Total Cholesterol: 217.0 mg/dL; Triglycerides: 190.0 mg/dL; Low Density Lipoprotein Cholesterol: 124.0 mg/dL; High Density Lipoprotein Cholesterol: 55.0 mg/dL; Microalbumin Creatine Ratio: 7.0 mg/g; Oral temperature: 37.58 Cel; Hemoglobin A1c/Hemoglobin.total in Blood: 6.8 %; Body Weight: 91.83 kg. Immunizations: Influenza seasonal injectable preservative free; Td (adult) preservative free.",1
1371d896-e446-4662-925f-f6f99e84d1ee,"Demographics: born 1956-01-07, gender F, race white, ethnicity french_canadian. Encounters: Outpatient Encounter; Encounter for 'check-up'. Medications: Penicillin V Potassium 250 MG; 24 HR Metformin hydrochloride 500 MG Extended Release Oral Tablet; Penicillin V Potassium 500 MG; insulin human isophane 70 UNT/ML / Regular Insulin Human 30 UNT/ML Injectable Suspension [Humulin]. Procedures: Colonoscopy. Observations: Hemoglobin A1c/Hemoglobin.total in Blood: 3.4 %; Body Height: 173.96 cm; Body Weight: 95.2 kg; Body Mass Index: 31.46 kg/m2; Systolic Blood Pressure: 111.0 mmHg; Diastolic Blood Pressure: 89.0 mmHg; Glucose: 73.0 mg/dL; Urea Nitrogen: 12.0 mg/dL; Creatinine: 1.0 mg/dL; Calcium: 9.77 mg/dL; Sodium: 142.0 mmol/L; Potassium: 4.53 mmol/L; Chloride: 107.0 mmol/L; Carbon Dioxide: 28.0 mmol/L; Total Cholesterol: 189.0 mg/dL; Triglycerides: 146.0 mg/dL; Low Density Lipoprotein Cholesterol: 79.0 mg/dL; High Density Lipoprotein Cholesterol: 80.0 mg/dL; Microalbumin Creatine Ratio: 6.0 mg/g; Estimated Glomerular Filtration Rate: 60.0 mL/min/{1.73_m2}; Systolic Blood Pressure: 119.0 mmHg; Diastolic Blood Pressure: 81.0 mmHg; Glucose: 85.0 mg/dL; Urea Nitrogen: 14.0 mg/dL; Calcium: 8.85 mg/dL; Sodium: 144.0 mmol/L; Potassium: 4.99 mmol/L; Chloride: 109.0 mmol/L; Total Cholesterol: 193.0 mg/dL; Triglycerides: 103.0 mg/dL; Low Density Lipoprotein Cholesterol: 105.0 mg/dL; High Density Lipoprotein Cholesterol: 67.0 mg/dL; Microalbumin Creatine Ratio: 2.0 mg/g; Systolic Blood Pressure: 103.0 mmHg; Diastolic Blood Pressure: 87.0 mmHg; Glucose: 94.0 mg/dL; Urea Nitrogen: 11.0 mg/dL; Calcium: 9.34 mg/dL; Potassium: 4.7 mmol/L; Chloride: 103.0 mmol/L. Immunizations: Influenza seasonal injectable preservative free; zoster; Td (adult) preservative free.",1
06977bb4-b30c-4e48-87ad-d32fd8453fb5,"Demographics: born 1931-05-26, gender F, race white, ethnicity english. Encounters: Emergency room admission; Encounter for 'check-up'; Outpatient Encounter; Encounter for symptom. Medications: Penicillin V Potassium 250 MG; Leucovorin 100 MG Injection; oxaliplatin 5 MG/ML [Eloxatin]; Acetaminophen 325 MG Oral Tablet. Procedures: Bone immobilization; Bone density scan (procedure); Documentation of current medications. Observations: DXA [T-score] Bone density: -0.25 {T-score}; Hemoglobin A1c/Hemoglobin.total in Blood: 6.4 %; Body Height: 162.97 cm; Body Weight: 68.83 kg; Body Mass Index: 25.92 kg/m2; Systolic Blood Pressure: 108.0 mmHg; Diastolic Blood Pressure: 75.0 mmHg; Glucose: 90.0 mg/dL; Urea Nitrogen: 11.0 mg/dL; Creatinine: 1.0 mg/dL; Calcium: 9.93 mg/dL; Sodium: 138.0 mmol/L; Potassium: 4.39 mmol/L; Chloride: 111.0 mmol/L; Carbon Dioxide: 29.0 mmol/L; Hemoglobin A1c/Hemoglobin.total in Blood: 6.2 %; Body Weight: 67.75 kg; Body Mass Index: 25.51 kg/m2; Systolic Blood Pressure: 129.0 mmHg; Diastolic Blood Pressure: 78.0 mmHg; Glucose: 92.0 mg/dL; Urea Nitrogen: 16.0 mg/dL; Calcium: 9.05 mg/dL; Sodium: 137.0 mmol/L; Potassium: 4.13 mmol/L; Chloride: 102.0 mmol/L; Hemoglobin A1c/Hemoglobin.total in Blood: 5.9 %; Body Weight: 66.01 kg; Body Mass Index: 24.85 kg/m2; Systolic Blood Pressure: 105.0 mmHg; Diastolic Blood Pressure: 77.0 mmHg; Glucose: 96.0 mg/dL; Urea Nitrogen: 8.0 mg/dL; Calcium: 9.7 mg/dL; Sodium: 142.0 mmol/L; Potassium: 4.55 mmol/L; Chloride: 110.0 mmol/L; Carbon Dioxide: 25.0 mmol/L; Total Cholesterol: 198.0 mg/dL; Triglycerides: 141.0 mg/dL. Immunizations: Influenza seasonal injectable preservative free; Td (adult) preservative free.",0
568f9c76-f1f6-4f5f-b26b-29277476d076,"Demographics: born 2010-11-15, gender M, race white, ethnicity irish. Encounters: Outpatient Encounter; Encounter for problem; Domiciliary or rest home patient evaluation and management; Encounter for symptom. Medications: Fexofenadine hydrochloride 30 MG Oral Tablet; 0.3 ML EPINEPHrine 0.5 MG/ML Auto-Injector; Amoxicillin 250 MG / Clavulanate 125 MG [Augmentin]. Procedures: Documentation of current medications; Allergy screening test; Information gathering (procedure). Observations: Body Height: 50.87 cm; Body Weight: 4.19 kg; Systolic Blood Pressure: 103.0 mmHg; Diastolic Blood Pressure: 86.0 mmHg; Body Height: 54.87 cm; Body Weight: 5.09 kg; Systolic Blood Pressure: 125.0 mmHg; Diastolic Blood Pressure: 78.0 mmHg; Body Height: 60.33 cm; Body Weight: 6.65 kg; Systolic Blood Pressure: 121.0 mmHg; Diastolic Blood Pressure: 88.0 mmHg; Body Height: 64.33 cm; Body Weight: 7.93 kg; Systolic Blood Pressure: 134.0 mmHg; Diastolic Blood Pressure: 74.0 mmHg; Peanut IgE Ab in Serum: 0.31 kU/L; Walnut IgE Ab in Serum: 0.23 kU/L; Codfish IgE Ab in Serum: 0.24 kU/L; Shrimp IgE Ab in Serum: 0.14 kU/L; Wheat IgE Ab in Serum: 0.29 kU/L; Egg white IgE Ab in Serum: 0.11 kU/L; Soybean IgE Ab in Serum: 22.22 kU/L; Cow milk IgE Ab in Serum: 0.3 kU/L; White oak IgE Ab in Serum: 80.67 kU/L; Common Ragweed IgE Ab in Serum: 88.43 kU/L; Cat dander IgE Ab in Serum: 56.0 kU/L; American house dust mite IgE Ab in Serum: 64.8 kU/L; Cladosporium herbarum IgE Ab in Serum: 67.45 kU/L; Honey bee IgE Ab in Serum: 0.29 kU/L; Latex IgE Ab in Serum: 0.17 kU/L; Body Height: 69.04 cm; Body Weight: 9.42 kg; Systolic Blood Pressure: 111.0 mmHg; Diastolic Blood Pressure: 87.0 mmHg; Body Height: 72.9 cm; Body Weight: 10.53 kg; Systolic Blood Pressure: 130.0 mmHg; Diastolic Blood Pressure: 83.0 mmHg; Sexual orientation: heterosexual {nominal}. Allergies: Allergy to soya; Allergy to tree pollen; Allergy to grass pollen; Dander (animal) allergy; House dust mite allergy; Allergy to mould. Immunizations: Hep B adolescent or pediatric; rotavirus monovalent; DTaP; Hib (PRP-OMP); Pneumococcal conjugate PCV 13; IPV; Influenza seasonal injectable preservative free; MMR; varicella; Hep A ped/adol 2 dose.",0
725004dd-95dd-4aa6-92c1-f7700c44a171,"Demographics: born 1921-10-11, gender F, race asian, ethnicity chinese. Encounters: Death Certification. Medications: Penicillin V Potassium 250 MG; 24 HR Metformin hydrochloride 500 MG Extended Release Oral Tablet; insulin human isophane 70 UNT/ML / Regular Insulin Human 30 UNT/ML Injectable Suspension [Humulin]; Penicillin V Potassium 500 MG. Observations: Familial Alzheimer's disease of early onset (disorder).",1
8465d8f2-2bca-4647-a9e1-4e67a593ad80,"Demographics: born 1966-01-24, gender F, race asian, ethnicity chinese. Encounters: Outpatient Encounter; Encounter for symptom; Encounter for 'check-up'. Medications: Penicillin V Potassium 250 MG; Penicillin V Potassium 500 MG; Amoxicillin 250 MG / Clavulanate 125 MG [Augmentin]. Procedures: Documentation of current medications; Colonoscopy. Observations: Body Height: 166.68 cm; Body Weight: 91.77 kg; Body Mass Index: 33.03 kg/m2; Systolic Blood Pressure: 168.0 mmHg; Diastolic Blood Pressure: 114.0 mmHg; Total Cholesterol: 162.0 mg/dL; Triglycerides: 105.0 mg/dL; Low Density Lipoprotein Cholesterol: 72.0 mg/dL; High Density Lipoprotein Cholesterol: 69.0 mg/dL; Estimated Glomerular Filtration Rate: 60.0 mL/min/{1.73_m2}; Body Weight: 94.32 kg; Body Mass Index: 33.95 kg/m2; Systolic Blood Pressure: 182.0 mmHg; Diastolic Blood Pressure: 101.0 mmHg; Hemoglobin A1c/Hemoglobin.total in Blood: 6.0 %; Body Weight: 98.2 kg; Body Mass Index: 35.34 kg/m2; Systolic Blood Pressure: 150.0 mmHg; Diastolic Blood Pressure: 93.0 mmHg; Glucose: 98.0 mg/dL; Urea Nitrogen: 10.0 mg/dL; Creatinine: 1.0 mg/dL; Calcium: 9.05 mg/dL; Sodium: 143.0 mmol/L; Potassium: 3.84 mmol/L; Chloride: 103.0 mmol/L; Carbon Dioxide: 29.0 mmol/L; Total Cholesterol: 161.0 mg/dL; Triglycerides: 127.0 mg/dL; Low Density Lipoprotein Cholesterol: 66.0 mg/dL; Oral temperature: 38.0 Cel; Systolic Blood Pressure: 198.0 mmHg; Diastolic Blood Pressure: 106.0 mmHg; Glucose: 74.0 mg/dL; Urea Nitrogen: 15.0 mg/dL; Calcium: 8.93 mg/dL; Sodium: 144.0 mmol/L; Potassium: 4.18 mmol/L; Chloride: 101.0 mmol/L; Carbon Dioxide: 28.0 mmol/L. Immunizations: Influenza seasonal injectable preservative free; Td (adult) preservative free.",0
18cd2a2c-ee20-4ef6-8b4b-88fbe1c685d9,"Demographics: born 2003-11-04, gender M, race white, ethnicity irish. Encounters: Encounter for symptom; Outpatient Encounter; Emergency room admission; Encounter for 'check-up'. Medications: Acetaminophen 160 MG; Dextromethorphan Hydrobromide 1 MG/ML; Acetaminophen 160 MG Oral Tablet; Amoxicillin 250 MG / Clavulanate 125 MG [Augmentin]; Penicillin V Potassium 250 MG. Procedures: Documentation of current medications; Plain chest X-ray (procedure); Bone immobilization. Observations: Body Height: 122.73 cm; Body Weight: 21.78 kg; Body Mass Index: 14.46 kg/m2; Systolic Blood Pressure: 109.0 mmHg; Diastolic Blood Pressure: 76.0 mmHg; Body Height: 129.29 cm; Body Weight: 24.33 kg; Body Mass Index: 14.55 kg/m2; Systolic Blood Pressure: 104.0 mmHg; Diastolic Blood Pressure: 70.0 mmHg; Body Height: 134.82 cm; Body Weight: 26.97 kg; Body Mass Index: 14.84 kg/m2; Systolic Blood Pressure: 120.0 mmHg; Diastolic Blood Pressure: 83.0 mmHg; Body Height: 140.27 cm; Body Weight: 30.3 kg; Body Mass Index: 15.4 kg/m2; Systolic Blood Pressure: 108.0 mmHg; Diastolic Blood Pressure: 79.0 mmHg; Body Height: 145.7 cm; Body Weight: 34.24 kg; Body Mass Index: 16.13 kg/m2; Systolic Blood Pressure: 100.0 mmHg; Body Height: 151.18 cm; Body Weight: 38.13 kg; Body Mass Index: 16.68 kg/m2; Systolic Blood Pressure: 139.0 mmHg; Oral temperature: 39.31 Cel; Body Height: 158.64 cm; Body Weight: 42.9 kg; Body Mass Index: 17.05 kg/m2; Systolic Blood Pressure: 124.0 mmHg. Immunizations: Influenza seasonal injectable preservative free; meningococcal MCV4P; Tdap; HPV quadrivalent.",0
a38be9bb-bfbd-4532-96b9-e2940f5078f6,"Demographics: born 1950-01-02, gender F, race hispanic, ethnicity central_american. Encounters: Outpatient Encounter; Encounter for symptom. Medications: Naproxen sodium 220 MG [Aleve]; 24 HR Metformin hydrochloride 500 MG Extended Release Oral Tablet. Procedures: Documentation of current medications. Observations: Hemoglobin A1c/Hemoglobin.total in Blood: 8.6 %; Body Height: 155.32 cm; Body Weight: 97.8 kg; Body Mass Index: 40.54 kg/m2; Systolic Blood Pressure: 101.0 mmHg; Diastolic Blood Pressure: 72.0 mmHg; Glucose: 177.0 mg/dL; Urea Nitrogen: 15.0 mg/dL; Creatinine: 1.0 mg/dL; Calcium: 9.02 mg/dL; Sodium: 139.0 mmol/L; Potassium: 4.94 mmol/L; Chloride: 105.0 mmol/L; Carbon Dioxide: 29.0 mmol/L; Total Cholesterol: 250.0 mg/dL; Triglycerides: 371.0 mg/dL; Low Density Lipoprotein Cholesterol: 148.0 mg/dL; High Density Lipoprotein Cholesterol: 27.0 mg/dL; Microalbumin Creatine Ratio: 5.0 mg/g; Estimated Glomerular Filtration Rate: 60.0 mL/min/{1.73_m2}; Hemoglobin A1c/Hemoglobin.total in Blood: 8.4 %; Body Weight: 96.01 kg; Body Mass Index: 39.8 kg/m2; Systolic Blood Pressure: 136.0 mmHg; Diastolic Blood Pressure: 81.0 mmHg; Glucose: 179.0 mg/dL; Urea Nitrogen: 20.0 mg/dL; Calcium: 9.98 mg/dL; Sodium: 144.0 mmol/L; Potassium: 3.94 mmol/L; Chloride: 107.0 mmol/L; Carbon Dioxide: 20.0 mmol/L; Total Cholesterol: 242.0 mg/dL; Triglycerides: 330.0 mg/dL; Low Density Lipoprotein Cholesterol: 142.0 mg/dL; High Density Lipoprotein Cholesterol: 34.0 mg/dL; Microalbumin Creatine Ratio: 4.0 mg/g; Oral temperature: 37.0 Cel; Hemoglobin A1c/Hemoglobin.total in Blood: 8.3 %; Body Weight: 94.93 kg. Immunizations: Influenza seasonal injectable preservative free; zoster; Td (adult) preservative free.",1
43f219a9-aff1-4446-a5a0-1dcde84d879e,"Demographics: born 2014-10-24, gender F, race white, ethnicity german. Encounters: Outpatient Encounter; Encounter for symptom. Medications: Amoxicillin 200 MG Oral Tablet; Acetaminophen 160 MG Oral Tablet; Cefuroxime 250 MG Oral Tablet; Ibuprofen 100 MG Oral Tablet. Procedures: Documentation of current medications. Observations: Body Height: 57.13 cm; Body Weight: 5.66 kg; Systolic Blood Pressure: 108.0 mmHg; Diastolic Blood Pressure: 86.0 mmHg; Body Height: 59.93 cm; Body Weight: 6.49 kg; Systolic Blood Pressure: 137.0 mmHg; Diastolic Blood Pressure: 75.0 mmHg; Body Height: 64.42 cm; Body Weight: 7.95 kg; Systolic Blood Pressure: 131.0 mmHg; Diastolic Blood Pressure: 89.0 mmHg; Body Height: 68.07 cm; Body Weight: 9.18 kg; Systolic Blood Pressure: 107.0 mmHg; Diastolic Blood Pressure: 84.0 mmHg; Body Height: 74.03 cm; Body Weight: 11.1 kg; Systolic Blood Pressure: 112.0 mmHg; Body Height: 77.79 cm; Body Weight: 12.2 kg; Systolic Blood Pressure: 100.0 mmHg; Diastolic Blood Pressure: 80.0 mmHg; Body Height: 82.2 cm; Body Weight: 13.39 kg; Systolic Blood Pressure: 101.0 mmHg; Body Height: 85.19 cm; Body Weight: 14.16 kg; Systolic Blood Pressure: 135.0 mmHg; Body Height: 89.87 cm; Body Weight: 15.58 kg; Body Mass Index: 19.3 kg/m2; Systolic Blood Pressure: 125.0 mmHg; Diastolic Blood Pressure: 73.0 mmHg. Immunizations: Hep B adolescent or pediatric; rotavirus monovalent; DTaP; Hib (PRP-OMP); Pneumococcal conjugate PCV 13; IPV; Influenza seasonal injectable preservative free; MMR; varicella; Hep A ped/adol 2 dose.",0
484faf8b-40f9-4057-90f2-e9fbe1c2b11e,"Demographics: born 2011-06-18, gender F, race hispanic, ethnicity mexican. Encounters: Outpatient Encounter; Encounter for symptom. Medications: Acetaminophen 160 MG. Procedures: Documentation of current medications; Sputum examination (procedure). Observations: Body Height: 55.4 cm; Body Weight: 3.46 kg; Systolic Blood Pressure: 104.0 mmHg; Diastolic Blood Pressure: 89.0 mmHg; Body Height: 58.21 cm; Body Weight: 4.06 kg; Systolic Blood Pressure: 105.0 mmHg; Diastolic Blood Pressure: 79.0 mmHg; Body Height: 62.65 cm; Body Weight: 5.12 kg; Systolic Blood Pressure: 122.0 mmHg; Diastolic Blood Pressure: 80.0 mmHg; Body Height: 66.24 cm; Body Weight: 6.02 kg; Systolic Blood Pressure: 116.0 mmHg; Diastolic Blood Pressure: 82.0 mmHg; Body Height: 70.72 cm; Body Weight: 7.13 kg; Systolic Blood Pressure: 132.0 mmHg; Diastolic Blood Pressure: 73.0 mmHg; Body Height: 74.53 cm; Body Weight: 8.01 kg; Systolic Blood Pressure: 103.0 mmHg; Diastolic Blood Pressure: 81.0 mmHg; Body Height: 77.9 cm; Body Weight: 8.7 kg; Systolic Blood Pressure: 130.0 mmHg; Diastolic Blood Pressure: 72.0 mmHg; Body Height: 80.95 cm; Body Weight: 9.27 kg; Systolic Blood Pressure: 137.0 mmHg; Diastolic Blood Pressure: 86.0 mmHg; Body Height: 86.45 cm; Body Weight: 10.26 kg; Body Mass Index: 13.73 kg/m2; Systolic Blood Pressure: 117.0 mmHg; Diastolic Blood Pressure: 87.0 mmHg; Body Height: 91.92 cm; Body Weight: 11.06 kg; Body Mass Index: 13.09 kg/m2. Immunizations: Hep B adolescent or pediatric; rotavirus monovalent; DTaP; Hib (PRP-OMP); Pneumococcal conjugate PCV 13; IPV; Influenza seasonal injectable preservative free; MMR; varicella; Hep A ped/adol 2 dose.",0
befca8e5-206c-42d8-9d2e-6597e3ee9ed7,"Demographics: born 1922-01-04, gender M, race white, ethnicity irish.",0
fcc121a7-cc35-47ff-8183-350744268a93,"Demographics: born 1984-05-14, gender F, race hispanic, ethnicity mexican. Encounters: Outpatient Encounter; Encounter for symptom. Medications: Penicillin V Potassium 250 MG; Jolivette 28 Day Pack; Acetaminophen 160 MG. Procedures: Documentation of current medications; Measurement of respiratory function (procedure). Observations: Body Height: 165.68 cm; Body Weight: 69.18 kg; Body Mass Index: 25.2 kg/m2; Systolic Blood Pressure: 130.0 mmHg; Diastolic Blood Pressure: 85.0 mmHg; Body Weight: 71.79 kg; Body Mass Index: 26.15 kg/m2; Systolic Blood Pressure: 116.0 mmHg; Diastolic Blood Pressure: 77.0 mmHg; Hemoglobin A1c/Hemoglobin.total in Blood: 6.9 %; Body Weight: 76.19 kg; Body Mass Index: 27.76 kg/m2; Systolic Blood Pressure: 100.0 mmHg; Diastolic Blood Pressure: 82.0 mmHg; Glucose: 64.0 mg/dL; Urea Nitrogen: 18.0 mg/dL; Creatinine: 1.0 mg/dL; Calcium: 8.85 mg/dL; Sodium: 138.0 mmol/L; Potassium: 4.17 mmol/L; Chloride: 103.0 mmol/L; Carbon Dioxide: 27.0 mmol/L; Total Cholesterol: 192.0 mg/dL; Triglycerides: 125.0 mg/dL; Low Density Lipoprotein Cholesterol: 102.0 mg/dL; High Density Lipoprotein Cholesterol: 65.0 mg/dL; Microalbumin Creatine Ratio: 4.0 mg/g; Estimated Glomerular Filtration Rate: 60.0 mL/min/{1.73_m2}. Immunizations: Influenza seasonal injectable preservative free; Td (adult) preservative free.",1
f41e1f3f-6d38-4be7-99c6-d22de301e986,"Demographics: born 1955-01-21, gender M, race white, ethnicity polish. Encounters: Outpatient Encounter; Encounter for symptom; Emergency Encounter; Death Certification. Medications: Penicillin V Potassium 250 MG; Naproxen sodium 220 MG [Aleve]; Amoxicillin 250 MG / Clavulanate 125 MG [Augmentin]; Clopidogrel 75 MG Oral Tablet; Alteplase 1 MG/ML Injectable Solution. Procedures: Documentation of current medications; Percutaneous mechanical thrombectomy of portal vein using fluoroscopic guidance. Observations: Body Height: 190.18 cm; Body Weight: 123.67 kg; Body Mass Index: 34.19 kg/m2; Systolic Blood Pressure: 119.0 mmHg; Diastolic Blood Pressure: 87.0 mmHg; Total Cholesterol: 164.0 mg/dL; Triglycerides: 100.0 mg/dL; Low Density Lipoprotein Cholesterol: 84.0 mg/dL; High Density Lipoprotein Cholesterol: 60.0 mg/dL; Systolic Blood Pressure: 106.0 mmHg; Diastolic Blood Pressure: 82.0 mmHg; Systolic Blood Pressure: 138.0 mmHg; Diastolic Blood Pressure: 86.0 mmHg; Stroke. Immunizations: Influenza seasonal injectable preservative free.",0
c25fd204-00e0-45cd-8045-5f352f648280,"Demographics: born 1965-03-06, gender M, race white, ethnicity french. Encounters: Emergency room admission; Outpatient Encounter; Encounter for symptom. Medications: Penicillin V Potassium 500 MG; Ibuprofen 200 MG Oral Tablet; Acetaminophen 160 MG; 24 HR Metformin hydrochloride 500 MG Extended Release Oral Tablet; 3 ML liraglutide 6 MG/ML Pen Injector. Procedures: Suture open wound; Documentation of current medications. Observations: Body Height: 177.78 cm; Body Weight: 110.58 kg; Body Mass Index: 34.99 kg/m2; Systolic Blood Pressure: 128.0 mmHg; Diastolic Blood Pressure: 78.0 mmHg; Hemoglobin A1c/Hemoglobin.total in Blood: 9.1 %; Body Weight: 115.18 kg; Body Mass Index: 36.45 kg/m2; Systolic Blood Pressure: 175.0 mmHg; Diastolic Blood Pressure: 114.0 mmHg; Glucose: 87.0 mg/dL; Urea Nitrogen: 12.0 mg/dL; Creatinine: 1.0 mg/dL; Calcium: 9.71 mg/dL; Sodium: 139.0 mmol/L; Potassium: 4.15 mmol/L; Chloride: 107.0 mmol/L; Carbon Dioxide: 26.0 mmol/L; Total Cholesterol: 187.0 mg/dL; Triglycerides: 111.0 mg/dL; Low Density Lipoprotein Cholesterol: 85.0 mg/dL; High Density Lipoprotein Cholesterol: 79.0 mg/dL; Microalbumin Creatine Ratio: 1.0 mg/g; Estimated Glomerular Filtration Rate: 60.0 mL/min/{1.73_m2}; Hemoglobin A1c/Hemoglobin.total in Blood: 7.1 %; Systolic Blood Pressure: 169.0 mmHg; Diastolic Blood Pressure: 108.0 mmHg; Glucose: 191.0 mg/dL; Calcium: 9.05 mg/dL; Sodium: 142.0 mmol/L; Potassium: 3.83 mmol/L; Chloride: 102.0 mmol/L; Carbon Dioxide: 22.0 mmol/L; Total Cholesterol: 274.0 mg/dL; Triglycerides: 517.0 mg/dL; Low Density Lipoprotein Cholesterol: 154.0 mg/dL; High Density Lipoprotein Cholesterol: 16.0 mg/dL; Microalbumin Creatine Ratio: 4.0 mg/g. Immunizations: Influenza seasonal injectable preservative free; Td (adult) preservative free.",1
962adb3c-9bfb-4f15-b038-1844f6e70f91,"Demographics: born 1929-06-18, gender M, race white, ethnicity american. Encounters: Death Certification. Medications: Penicillin V Potassium 250 MG. Observations: Non-small cell lung cancer (disorder).",0
6cf5b5cb-ff5d-4b4a-bca2-a8d3f23325e8,"Demographics: born 1951-08-01, gender M, race hispanic, ethnicity mexican. Encounters: Outpatient Encounter; Encounter for symptom. Medications: 24 HR Metformin hydrochloride 500 MG Extended Release Oral Tablet; 3 ML liraglutide 6 MG/ML Pen Injector; Clopidogrel 75 MG Oral Tablet; Simvastatin 20 MG Oral Tablet; Amlodipine 5 MG Oral Tablet; Nitroglycerin 0.4 MG/ACTUAT [Nitrolingual]; Penicillin V Potassium 500 MG; Leucovorin 100 MG Injection; oxaliplatin 5 MG/ML [Eloxatin]; Dextromethorphan Hydrobromide 1 MG/ML; Alendronic acid 10 MG [Fosamax]. Procedures: Measurement of respiratory function (procedure); Bone density scan (procedure); Documentation of current medications. Observations: Hemoglobin A1c/Hemoglobin.total in Blood: 9.4 %; Body Height: 177.36 cm; Body Weight: 142.9 kg; Body Mass Index: 45.42 kg/m2; Systolic Blood Pressure: 102.0 mmHg; Diastolic Blood Pressure: 84.0 mmHg; Glucose: 195.0 mg/dL; Urea Nitrogen: 18.0 mg/dL; Creatinine: 1.0 mg/dL; Calcium: 9.94 mg/dL; Sodium: 143.0 mmol/L; Potassium: 3.72 mmol/L; Chloride: 102.0 mmol/L; Carbon Dioxide: 24.0 mmol/L; Total Cholesterol: 277.0 mg/dL; Triglycerides: 505.0 mg/dL; Low Density Lipoprotein Cholesterol: 162.0 mg/dL; High Density Lipoprotein Cholesterol: 14.0 mg/dL; Microalbumin Creatine Ratio: 13.0 mg/g; Estimated Glomerular Filtration Rate: 60.0 mL/min/{1.73_m2}; Hemoglobin A1c/Hemoglobin.total in Blood: 9.3 %; DXA [T-score] Bone density: -3.26 {T-score}; Body Weight: 141.77 kg; Body Mass Index: 45.07 kg/m2; Systolic Blood Pressure: 108.0 mmHg; Diastolic Blood Pressure: 77.0 mmHg; Glucose: 171.0 mg/dL; Urea Nitrogen: 10.0 mg/dL; Calcium: 9.23 mg/dL; Sodium: 136.0 mmol/L; Potassium: 4.59 mmol/L; Chloride: 110.0 mmol/L; Carbon Dioxide: 23.0 mmol/L; Triglycerides: 533.0 mg/dL; Low Density Lipoprotein Cholesterol: 152.0 mg/dL; High Density Lipoprotein Cholesterol: 18.0 mg/dL; Microalbumin Creatine Ratio: 15.0 mg/g; Hemoglobin A1c/Hemoglobin.total in Blood: 9.2 %; Body Weight: 140.49 kg; Body Mass Index: 44.66 kg/m2. Immunizations: Influenza seasonal injectable preservative free; zoster; Td (adult) preservative free; Pneumococcal conjugate PCV 13.",1
58fd32a2-5c4f-4c15-9328-1297ffab4448,"Demographics: born 1951-02-02, gender M, race white, ethnicity english. Encounters: Outpatient Encounter; Encounter for 'check-up'. Medications: Penicillin V Potassium 250 MG; 24 HR Metformin hydrochloride 500 MG Extended Release Oral Tablet; insulin human isophane 70 UNT/ML / Regular Insulin Human 30 UNT/ML Injectable Suspension [Humulin]. Procedures: Documentation of current medications; Colonoscopy. Observations: Hemoglobin A1c/Hemoglobin.total in Blood: 5.4 %; Body Height: 174.13 cm; Body Weight: 119.61 kg; Body Mass Index: 39.45 kg/m2; Systolic Blood Pressure: 125.0 mmHg; Diastolic Blood Pressure: 88.0 mmHg; Glucose: 135.0 mg/dL; Urea Nitrogen: 10.0 mg/dL; Creatinine: 1.0 mg/dL; Calcium: 9.38 mg/dL; Sodium: 144.0 mmol/L; Potassium: 5.05 mmol/L; Chloride: 109.0 mmol/L; Carbon Dioxide: 20.0 mmol/L; Total Cholesterol: 244.0 mg/dL; Triglycerides: 490.0 mg/dL; Low Density Lipoprotein Cholesterol: 115.0 mg/dL; High Density Lipoprotein Cholesterol: 31.0 mg/dL; Microalbumin Creatine Ratio: 16.0 mg/g; Estimated Glomerular Filtration Rate: 60.0 mL/min/{1.73_m2}; Hemoglobin A1c/Hemoglobin.total in Blood: 5.3 %; Body Weight: 118.6 kg; Body Mass Index: 39.12 kg/m2; Systolic Blood Pressure: 130.0 mmHg; Diastolic Blood Pressure: 79.0 mmHg; Glucose: 169.0 mg/dL; Urea Nitrogen: 14.0 mg/dL; Calcium: 9.13 mg/dL; Sodium: 138.0 mmol/L; Potassium: 4.68 mmol/L; Chloride: 110.0 mmol/L; Carbon Dioxide: 23.0 mmol/L; Total Cholesterol: 250.0 mg/dL; Triglycerides: 400.0 mg/dL; Low Density Lipoprotein Cholesterol: 144.0 mg/dL; High Density Lipoprotein Cholesterol: 26.0 mg/dL; Microalbumin Creatine Ratio: 9.0 mg/g; Hemoglobin A1c/Hemoglobin.total in Blood: 5.2 %; Body Weight: 117.2 kg; Body Mass Index: 38.65 kg/m2. Immunizations: Influenza seasonal injectable preservative free; zoster; Td (adult) preservative free; Pneumococcal conjugate PCV 13.",1
7c4bca61-2259-4182-b260-f87b4ce86d9f,"Demographics: born 1916-08-17, gender M, race white, ethnicity italian.",0
a5ebbd20-4280-4bca-a729-c9d6cb13e583,"Demographics: born 1957-08-13, gender F, race white, ethnicity irish. Encounters: Outpatient Encounter; Encounter for 'check-up'; Encounter for symptom. Medications: Nitrofurantoin 5 MG/ML [Furadantin]; Phenazopyridine hydrochloride 100 MG [Pyridium]; Acetaminophen 160 MG; Penicillin V Potassium 500 MG. Procedures: Documentation of current medications; Colonoscopy; Measurement of respiratory function (procedure); Throat culture (procedure). Observations: Body Height: 167.34 cm; Body Weight: 113.79 kg; Body Mass Index: 40.63 kg/m2; Systolic Blood Pressure: 105.0 mmHg; Diastolic Blood Pressure: 73.0 mmHg; Total Cholesterol: 196.0 mg/dL; Triglycerides: 134.0 mg/dL; Low Density Lipoprotein Cholesterol: 90.0 mg/dL; High Density Lipoprotein Cholesterol: 79.0 mg/dL; Systolic Blood Pressure: 107.0 mmHg; Diastolic Blood Pressure: 81.0 mmHg; Systolic Blood Pressure: 126.0 mmHg; Diastolic Blood Pressure: 86.0 mmHg; Oral temperature: 38.16 Cel; Systolic Blood Pressure: 136.0 mmHg; Diastolic Blood Pressure: 77.0 mmHg; Total Cholesterol: 189.0 mg/dL; Triglycerides: 127.0 mg/dL; Low Density Lipoprotein Cholesterol: 87.0 mg/dL; High Density Lipoprotein Cholesterol: 76.0 mg/dL; Diastolic Blood Pressure: 79.0 mmHg; Diastolic Blood Pressure: 78.0 mmHg. Immunizations: Influenza seasonal injectable preservative free.",0
5144a96e-0f6f-4cf6-8dac-c0de9429abf2,"Demographics: born 1987-09-22, gender F, race white, ethnicity italian. Encounters: Consultation for treatment; Outpatient Encounter; Patient encounter procedure. Medications: Nexplanon 68 MG Drug Implant; 24 HR Metformin hydrochloride 500 MG Extended Release Oral Tablet. Procedures: Insertion of subcutaneous contraceptive; Replacement of subcutaneous contraceptive. Observations: Body Height: 159.98 cm; Body Weight: 72.42 kg; Body Mass Index: 28.3 kg/m2; Systolic Blood Pressure: 200.0 mmHg; Diastolic Blood Pressure: 98.0 mmHg; Estimated Glomerular Filtration Rate: 60.0 mL/min/{1.73_m2}; Hemoglobin A1c/Hemoglobin.total in Blood: 7.6 %; Body Weight: 77.77 kg; Body Mass Index: 30.39 kg/m2; Systolic Blood Pressure: 198.0 mmHg; Diastolic Blood Pressure: 94.0 mmHg; Glucose: 67.0 mg/dL; Urea Nitrogen: 16.0 mg/dL; Creatinine: 1.0 mg/dL; Calcium: 9.24 mg/dL; Sodium: 137.0 mmol/L; Potassium: 4.89 mmol/L; Chloride: 106.0 mmol/L; Carbon Dioxide: 25.0 mmol/L; Total Cholesterol: 184.0 mg/dL; Triglycerides: 139.0 mg/dL; Low Density Lipoprotein Cholesterol: 78.0 mg/dL; High Density Lipoprotein Cholesterol: 78.0 mg/dL; Microalbumin Creatine Ratio: 11.0 mg/g. Immunizations: Influenza seasonal injectable preservative free.",1
1b4d5c2e-f6a2-4462-9972-010ee68ed768,"Demographics: born 1948-09-10, gender M, race hispanic, ethnicity central_american. Encounters: Outpatient Encounter; Encounter for symptom. Medications: Hydrocortisone 10 MG/ML Topical Cream. Procedures: Documentation of current medications. Observations: Body Height: 183.57 cm; Body Weight: 129.53 kg; Body Mass Index: 38.44 kg/m2; Systolic Blood Pressure: 114.0 mmHg; Diastolic Blood Pressure: 73.0 mmHg; Body Weight: 128.37 kg; Body Mass Index: 38.09 kg/m2; Systolic Blood Pressure: 128.0 mmHg; Body Weight: 127.08 kg; Body Mass Index: 37.71 kg/m2; Systolic Blood Pressure: 131.0 mmHg; Diastolic Blood Pressure: 82.0 mmHg; Body Weight: 125.11 kg; Body Mass Index: 37.13 kg/m2; Systolic Blood Pressure: 119.0 mmHg; Total Cholesterol: 170.0 mg/dL; Triglycerides: 116.0 mg/dL; Low Density Lipoprotein Cholesterol: 69.0 mg/dL; High Density Lipoprotein Cholesterol: 77.0 mg/dL; Oral temperature: 37.0 Cel; Body Weight: 123.14 kg; Body Mass Index: 36.54 kg/m2; Systolic Blood Pressure: 102.0 mmHg; Diastolic Blood Pressure: 89.0 mmHg; Body Weight: 121.55 kg; Body Mass Index: 36.07 kg/m2; Body Weight: 119.56 kg; Body Mass Index: 35.48 kg/m2; Systolic Blood Pressure: 127.0 mmHg; Diastolic Blood Pressure: 85.0 mmHg; Total Cholesterol: 176.0 mg/dL; Triglycerides: 138.0 mg/dL; Low Density Lipoprotein Cholesterol: 83.0 mg/dL; High Density Lipoprotein Cholesterol: 65.0 mg/dL. Immunizations: Influenza seasonal injectable preservative free; Pneumococcal conjugate PCV 13; pneumococcal polysaccharide vaccine 23 valent.",0
ccd26734-bb35-46f2-81de-a924a992b97d,"Demographics: born 1995-12-26, gender M, race hispanic, ethnicity mexican. Encounters: Outpatient procedure; Outpatient Encounter; Allergic disorder follow-up assessment; Encounter for symptom. Medications: Loratadine 5 MG Chewable Tablet; 0.3 ML EPINEPHrine 0.5 MG/ML Auto-Injector. Procedures: Subcutaneous immunotherapy; Documentation of current medications; Allergy screening test. Observations: Body Height: 153.23 cm; Body Weight: 53.48 kg; Body Mass Index: 22.78 kg/m2; Systolic Blood Pressure: 108.0 mmHg; Diastolic Blood Pressure: 75.0 mmHg; Body Height: 157.97 cm; Body Weight: 58.24 kg; Body Mass Index: 23.34 kg/m2; Systolic Blood Pressure: 130.0 mmHg; Diastolic Blood Pressure: 78.0 mmHg; Body Height: 160.45 cm; Body Weight: 61.51 kg; Body Mass Index: 23.89 kg/m2; Systolic Blood Pressure: 136.0 mmHg; Diastolic Blood Pressure: 86.0 mmHg; Peanut IgE Ab in Serum: 0.05 kU/L; Walnut IgE Ab in Serum: 0.01 kU/L; Codfish IgE Ab in Serum: 0.06 kU/L; Shrimp IgE Ab in Serum: 0.24 kU/L; Wheat IgE Ab in Serum: 0.34 kU/L; Egg white IgE Ab in Serum: 0.14 kU/L; Soybean IgE Ab in Serum: 0.27 kU/L; Cow milk IgE Ab in Serum: 0.26 kU/L; White oak IgE Ab in Serum: 0.25 kU/L; Common Ragweed IgE Ab in Serum: 0.15 kU/L; Cat dander IgE Ab in Serum: 0.32 kU/L; American house dust mite IgE Ab in Serum: 0.23 kU/L; Cladosporium herbarum IgE Ab in Serum: 0.05 kU/L; Honey bee IgE Ab in Serum: 0.2 kU/L; Latex IgE Ab in Serum: 49.24 kU/L; Body Height: 162.1 cm; Body Weight: 64.47 kg; Body Mass Index: 24.54 kg/m2; Systolic Blood Pressure: 116.0 mmHg; Body Height: 162.89 cm; Body Weight: 66.58 kg; Body Mass Index: 25.09 kg/m2; Systolic Blood Pressure: 128.0 mmHg; Diastolic Blood Pressure: 72.0 mmHg; Body Height: 163.24 cm. Allergies: Dander (animal) allergy; House dust mite allergy; Allergy to mould; Latex allergy. Immunizations: Influenza seasonal injectable preservative free; meningococcal MCV4P.",0
d9e9954f-ae87-470a-92e1-e37dddd74c4d,"Demographics: born 1935-06-17, gender M, race white, ethnicity english. Encounters: Outpatient Encounter; Encounter for 'check-up'; Emergency room admission; Encounter for symptom. Medications: insulin human isophane 70 UNT/ML / Regular Insulin Human 30 UNT/ML Injectable Suspension [Humulin]; Meperidine Hydrochloride 50 MG Oral Tablet; Naproxen sodium 220 MG Oral Tablet; Acetaminophen 160 MG. Procedures: Documentation of current medications; Colonoscopy; Fecal occult blood test; Rectal polypectomy; Admission to orthopedic department; Bone density scan (procedure); Sputum examination (procedure). Observations: Hemoglobin A1c/Hemoglobin.total in Blood: 3.8 %; Body Height: 190.18 cm; Body Weight: 98.48 kg; Body Mass Index: 27.23 kg/m2; Systolic Blood Pressure: 128.0 mmHg; Diastolic Blood Pressure: 74.0 mmHg; Glucose: 106.0 mg/dL; Urea Nitrogen: 12.0 mg/dL; Creatinine: 1.0 mg/dL; Calcium: 8.85 mg/dL; Sodium: 142.0 mmol/L; Potassium: 4.64 mmol/L; Chloride: 109.0 mmol/L; Carbon Dioxide: 23.0 mmol/L; Total Cholesterol: 221.0 mg/dL; Triglycerides: 160.0 mg/dL; Low Density Lipoprotein Cholesterol: 141.0 mg/dL; High Density Lipoprotein Cholesterol: 48.0 mg/dL; Microalbumin Creatine Ratio: 203.0 mg/g; Estimated Glomerular Filtration Rate: 60.0 mL/min/{1.73_m2}; Hemoglobin A1c/Hemoglobin.total in Blood: 3.6 %; Body Weight: 96.97 kg; Body Mass Index: 26.81 kg/m2; Systolic Blood Pressure: 107.0 mmHg; Diastolic Blood Pressure: 85.0 mmHg; Glucose: 105.0 mg/dL; Urea Nitrogen: 14.0 mg/dL; Calcium: 8.78 mg/dL; Sodium: 140.0 mmol/L; Potassium: 4.95 mmol/L; Chloride: 105.0 mmol/L; Triglycerides: 173.0 mg/dL; Low Density Lipoprotein Cholesterol: 143.0 mg/dL; High Density Lipoprotein Cholesterol: 43.0 mg/dL; Microalbumin Creatine Ratio: 264.0 mg/g; Polyp size greatest dimension by CAP cancer protocols: 4.0 mm; Hemoglobin.gastrointestinal [Presence] in Stool by Immunologic method: 22.0 ng/mL; Body Weight: 95.52 kg; Body Mass Index: 26.41 kg/m2; Systolic Blood Pressure: 139.0 mmHg. Immunizations: Influenza seasonal injectable preservative free.",1
ad471328-7af9-4c94-bf67-1f4d878d9c09,"Demographics: born 1958-04-10, gender F, race black, ethnicity african. Encounters: Outpatient Encounter; Encounter for symptom. Medications: 24 HR Metformin hydrochloride 500 MG Extended Release Oral Tablet; Dextromethorphan Hydrobromide 1 MG/ML. Procedures: Documentation of current medications. Observations: Hemoglobin A1c/Hemoglobin.total in Blood: 7.8 %; Body Height: 159.24 cm; Body Weight: 94.55 kg; Body Mass Index: 37.29 kg/m2; Systolic Blood Pressure: 127.0 mmHg; Diastolic Blood Pressure: 84.0 mmHg; Glucose: 134.0 mg/dL; Urea Nitrogen: 10.0 mg/dL; Creatinine: 1.0 mg/dL; Calcium: 9.6 mg/dL; Sodium: 139.0 mmol/L; Potassium: 5.03 mmol/L; Chloride: 102.0 mmol/L; Carbon Dioxide: 27.0 mmol/L; Total Cholesterol: 253.0 mg/dL; Triglycerides: 397.0 mg/dL; Low Density Lipoprotein Cholesterol: 150.0 mg/dL; High Density Lipoprotein Cholesterol: 23.0 mg/dL; Microalbumin Creatine Ratio: 8.0 mg/g; Estimated Glomerular Filtration Rate: 60.0 mL/min/{1.73_m2}; Systolic Blood Pressure: 101.0 mmHg; Diastolic Blood Pressure: 87.0 mmHg; Glucose: 197.0 mg/dL; Calcium: 9.56 mg/dL; Sodium: 140.0 mmol/L; Potassium: 4.79 mmol/L; Chloride: 111.0 mmol/L; Carbon Dioxide: 21.0 mmol/L; Total Cholesterol: 256.0 mg/dL; Triglycerides: 243.0 mg/dL; Low Density Lipoprotein Cholesterol: 180.0 mg/dL; High Density Lipoprotein Cholesterol: 27.0 mg/dL; Systolic Blood Pressure: 135.0 mmHg; Diastolic Blood Pressure: 86.0 mmHg; Glucose: 164.0 mg/dL; Urea Nitrogen: 18.0 mg/dL; Calcium: 9.24 mg/dL; Sodium: 143.0 mmol/L; Potassium: 4.14 mmol/L; Chloride: 101.0 mmol/L. Immunizations: Influenza seasonal injectable preservative free.",1
2c6a0993-8109-4852-9e17-5a2656737f55,"Demographics: born 1960-07-08, gender F, race hispanic, ethnicity mexican. Encounters: Encounter for 'check-up'; Outpatient Encounter; Encounter for symptom; Emergency room admission. Medications: Penicillin V Potassium 250 MG; diphenhydrAMINE Hydrochloride 25 MG Oral Tablet; 24 HR Metformin hydrochloride 500 MG Extended Release Oral Tablet; insulin human isophane 70 UNT/ML / Regular Insulin Human 30 UNT/ML Injectable Suspension [Humulin]; Amoxicillin 250 MG / Clavulanate 125 MG [Augmentin]; Naproxen sodium 220 MG Oral Tablet. Procedures: Colonoscopy; Documentation of current medications. Observations: Hemoglobin A1c/Hemoglobin.total in Blood: 8.1 %; Body Height: 156.78 cm; Body Weight: 94.43 kg; Body Mass Index: 38.41 kg/m2; Systolic Blood Pressure: 165.0 mmHg; Diastolic Blood Pressure: 97.0 mmHg; Glucose: 172.0 mg/dL; Urea Nitrogen: 13.0 mg/dL; Creatinine: 1.0 mg/dL; Calcium: 10.13 mg/dL; Sodium: 140.0 mmol/L; Potassium: 4.37 mmol/L; Chloride: 108.0 mmol/L; Carbon Dioxide: 26.0 mmol/L; Total Cholesterol: 245.0 mg/dL; Triglycerides: 428.0 mg/dL; Low Density Lipoprotein Cholesterol: 126.0 mg/dL; High Density Lipoprotein Cholesterol: 33.0 mg/dL; Microalbumin Creatine Ratio: 9.0 mg/g; Estimated Glomerular Filtration Rate: 60.0 mL/min/{1.73_m2}; Systolic Blood Pressure: 157.0 mmHg; Diastolic Blood Pressure: 99.0 mmHg; Glucose: 163.0 mg/dL; Urea Nitrogen: 20.0 mg/dL; Calcium: 9.21 mg/dL; Sodium: 139.0 mmol/L; Potassium: 4.49 mmol/L; Chloride: 111.0 mmol/L; Carbon Dioxide: 23.0 mmol/L; Total Cholesterol: 239.0 mg/dL; Triglycerides: 289.0 mg/dL; Low Density Lipoprotein Cholesterol: 153.0 mg/dL; High Density Lipoprotein Cholesterol: 28.0 mg/dL; Microalbumin Creatine Ratio: 1.0 mg/g; Hemoglobin A1c/Hemoglobin.total in Blood: 5.1 %; Systolic Blood Pressure: 175.0 mmHg; Glucose: 175.0 mg/dL; Calcium: 8.77 mg/dL; Sodium: 136.0 mmol/L; Potassium: 4.9 mmol/L. Allergies: Allergy to fish; Allergy to tree pollen; Allergy to grass pollen. Immunizations: Influenza seasonal injectable preservative free; Td (adult) preservative free.",1
cfd0b4f0-793a-43ad-aa33-512bd824493b,"Demographics: born 1942-07-26, gender F, race white, ethnicity irish. Encounters: Outpatient Encounter; Encounter for 'check-up'; Encounter for symptom; Emergency room admission; Encounter for problem. Medications: 24 HR Metformin hydrochloride 500 MG Extended Release Oral Tablet; insulin human isophane 70 UNT/ML / Regular Insulin Human 30 UNT/ML Injectable Suspension [Humulin]; Alendronic acid 10 MG [Fosamax]; Clopidogrel 75 MG Oral Tablet; Simvastatin 20 MG Oral Tablet; Amlodipine 5 MG Oral Tablet; Nitroglycerin 0.4 MG/ACTUAT [Nitrolingual]; Naproxen sodium 220 MG Oral Tablet; Naproxen sodium 220 MG [Aleve]. Procedures: Colonoscopy; Documentation of current medications. Observations: Hemoglobin A1c/Hemoglobin.total in Blood: 4.3 %; Body Height: 163.46 cm; Body Weight: 93.92 kg; Body Mass Index: 35.15 kg/m2; Systolic Blood Pressure: 185.0 mmHg; Diastolic Blood Pressure: 108.0 mmHg; Glucose: 170.0 mg/dL; Urea Nitrogen: 16.0 mg/dL; Creatinine: 1.0 mg/dL; Calcium: 9.66 mg/dL; Sodium: 140.0 mmol/L; Potassium: 4.38 mmol/L; Chloride: 102.0 mmol/L; Carbon Dioxide: 29.0 mmol/L; Total Cholesterol: 241.0 mg/dL; Triglycerides: 337.0 mg/dL; Low Density Lipoprotein Cholesterol: 145.0 mg/dL; High Density Lipoprotein Cholesterol: 28.0 mg/dL; Microalbumin Creatine Ratio: 221.0 mg/g; Estimated Glomerular Filtration Rate: 60.0 mL/min/{1.73_m2}; Hemoglobin A1c/Hemoglobin.total in Blood: 4.2 %; Body Weight: 92.62 kg; Body Mass Index: 34.66 kg/m2; Systolic Blood Pressure: 169.0 mmHg; Glucose: 150.0 mg/dL; Urea Nitrogen: 12.0 mg/dL; Calcium: 9.5 mg/dL; Sodium: 142.0 mmol/L; Potassium: 5.18 mmol/L; Chloride: 110.0 mmol/L; Carbon Dioxide: 27.0 mmol/L; Total Cholesterol: 254.0 mg/dL; Triglycerides: 429.0 mg/dL; Low Density Lipoprotein Cholesterol: 134.0 mg/dL; High Density Lipoprotein Cholesterol: 34.0 mg/dL; Microalbumin Creatine Ratio: 164.0 mg/g; Oral temperature: 37.0 Cel; Hemoglobin A1c/Hemoglobin.total in Blood: 4.1 %; Body Weight: 91.56 kg; Body Mass Index: 34.27 kg/m2. Immunizations: Pneumococcal conjugate PCV 13; Influenza seasonal injectable preservative free; Td (adult) preservative free.",1
37d6ae4b-b84b-4300-98ce-59d73512998e,"Demographics: born 1945-05-03, gender F, race hispanic, ethnicity puerto_rican. Encounters: Death Certification. Observations: Stroke.",0
17bddd9f-6276-4cfb-ba28-971e8010cd4e,"Demographics: born 1981-08-11, gender M, race white, ethnicity irish. Encounters: Outpatient Encounter. Medications: Penicillin V Potassium 250 MG; Hydrocortisone 10 MG/ML Topical Cream; Loratadine 10 MG Oral Tablet; 0.3 ML EPINEPHrine 0.5 MG/ML Auto-Injector; 24 HR Metformin hydrochloride 500 MG Extended Release Oral Tablet. Procedures: Documentation of current medications. Observations: Hemoglobin A1c/Hemoglobin.total in Blood: 6.1 %; Body Height: 163.33 cm; Body Weight: 88.94 kg; Body Mass Index: 33.34 kg/m2; Systolic Blood Pressure: 158.0 mmHg; Diastolic Blood Pressure: 112.0 mmHg; Glucose: 66.0 mg/dL; Urea Nitrogen: 13.0 mg/dL; Creatinine: 1.0 mg/dL; Calcium: 9.24 mg/dL; Sodium: 139.0 mmol/L; Potassium: 4.39 mmol/L; Chloride: 103.0 mmol/L; Carbon Dioxide: 28.0 mmol/L; Estimated Glomerular Filtration Rate: 60.0 mL/min/{1.73_m2}; Hemoglobin A1c/Hemoglobin.total in Blood: 8.7 %; Body Weight: 92.65 kg; Body Mass Index: 34.73 kg/m2; Systolic Blood Pressure: 170.0 mmHg; Diastolic Blood Pressure: 97.0 mmHg; Glucose: 77.0 mg/dL; Calcium: 9.56 mg/dL; Sodium: 136.0 mmol/L; Potassium: 3.88 mmol/L; Chloride: 106.0 mmol/L; Total Cholesterol: 194.0 mg/dL; Triglycerides: 123.0 mg/dL; Low Density Lipoprotein Cholesterol: 92.0 mg/dL; High Density Lipoprotein Cholesterol: 77.0 mg/dL; Microalbumin Creatine Ratio: 0.0 mg/g; Hemoglobin A1c/Hemoglobin.total in Blood: 7.4 %; Body Weight: 95.49 kg; Body Mass Index: 35.8 kg/m2; Systolic Blood Pressure: 146.0 mmHg; Diastolic Blood Pressure: 115.0 mmHg; Glucose: 159.0 mg/dL; Urea Nitrogen: 18.0 mg/dL; Calcium: 9.1 mg/dL; Sodium: 144.0 mmol/L; Potassium: 4.47 mmol/L. Immunizations: Influenza seasonal injectable preservative free; Td (adult) preservative free.",1
1d2cf5cb-b439-478c-9006-902c7731d1ae,"Demographics: born 1945-08-24, gender F, race white, ethnicity english. Encounters: Death Certification. Medications: 24 HR Metformin hydrochloride 500 MG Extended Release Oral Tablet; Simvastatin 20 MG Oral Tablet; Amlodipine 5 MG Oral Tablet; Nitroglycerin 0.4 MG/ACTUAT [Nitrolingual]; Clopidogrel 75 MG Oral Tablet. Observations: Non-small cell lung cancer (disorder).",1
095c10b2-8014-4da6-8e4e-533d168fc5c5,"Demographics: born 1956-02-25, gender M, race white, ethnicity portuguese. Encounters: Outpatient Encounter; Emergency room admission; Encounter for 'check-up'; Encounter for symptom. Medications: 24 HR Metformin hydrochloride 500 MG Extended Release Oral Tablet; 3 ML liraglutide 6 MG/ML Pen Injector; Acetaminophen 160 MG. Procedures: Documentation of current medications; Colonoscopy; Measurement of respiratory function (procedure). Observations: Hemoglobin A1c/Hemoglobin.total in Blood: 9.9 %; Body Height: 165.76 cm; Body Weight: 125.39 kg; Body Mass Index: 45.63 kg/m2; Systolic Blood Pressure: 179.0 mmHg; Diastolic Blood Pressure: 106.0 mmHg; Glucose: 149.0 mg/dL; Urea Nitrogen: 16.0 mg/dL; Creatinine: 1.0 mg/dL; Calcium: 9.87 mg/dL; Sodium: 138.0 mmol/L; Potassium: 4.03 mmol/L; Chloride: 105.0 mmol/L; Carbon Dioxide: 25.0 mmol/L; Total Cholesterol: 243.0 mg/dL; Triglycerides: 332.0 mg/dL; Low Density Lipoprotein Cholesterol: 147.0 mg/dL; High Density Lipoprotein Cholesterol: 29.0 mg/dL; Microalbumin Creatine Ratio: 16.0 mg/g; Estimated Glomerular Filtration Rate: 60.0 mL/min/{1.73_m2}; Hemoglobin A1c/Hemoglobin.total in Blood: 9.4 %; Systolic Blood Pressure: 155.0 mmHg; Diastolic Blood Pressure: 93.0 mmHg; Glucose: 166.0 mg/dL; Urea Nitrogen: 14.0 mg/dL; Calcium: 9.9 mg/dL; Sodium: 143.0 mmol/L; Potassium: 4.81 mmol/L; Chloride: 109.0 mmol/L; Carbon Dioxide: 28.0 mmol/L; Total Cholesterol: 259.0 mg/dL; Triglycerides: 504.0 mg/dL; Low Density Lipoprotein Cholesterol: 146.0 mg/dL; High Density Lipoprotein Cholesterol: 12.0 mg/dL; Microalbumin Creatine Ratio: 7.0 mg/g; Systolic Blood Pressure: 193.0 mmHg; Diastolic Blood Pressure: 94.0 mmHg; Glucose: 142.0 mg/dL; Urea Nitrogen: 20.0 mg/dL; Calcium: 9.82 mg/dL. Immunizations: Influenza seasonal injectable preservative free; Td (adult) preservative free; zoster.",1
23e50b58-74b0-4e77-ae7d-dba675b2662b,"Demographics: born 1959-05-15, gender M, race black, ethnicity african. Encounters: Death Certification. Medications: 24 HR Metformin hydrochloride 500 MG Extended Release Oral Tablet. Observations: Non-small cell lung cancer (disorder).",1
0281d8d7-d9ad-4acf-be8f-55b8787e0525,"Demographics: born 1967-06-23, gender M, race hispanic, ethnicity mexican. Encounters: Outpatient Encounter; Encounter for symptom. Medications: Penicillin V Potassium 250 MG; 24 HR Metformin hydrochloride 500 MG Extended Release Oral Tablet. Procedures: Documentation of current medications. Observations: Hemoglobin A1c/Hemoglobin.total in Blood: 8.3 %; Body Height: 186.61 cm; Body Weight: 137.14 kg; Body Mass Index: 39.38 kg/m2; Systolic Blood Pressure: 120.0 mmHg; Diastolic Blood Pressure: 85.0 mmHg; Glucose: 158.0 mg/dL; Urea Nitrogen: 18.0 mg/dL; Creatinine: 1.0 mg/dL; Calcium: 9.61 mg/dL; Sodium: 143.0 mmol/L; Potassium: 3.86 mmol/L; Chloride: 104.0 mmol/L; Carbon Dioxide: 25.0 mmol/L; Total Cholesterol: 252.0 mg/dL; Triglycerides: 255.0 mg/dL; Low Density Lipoprotein Cholesterol: 161.0 mg/dL; High Density Lipoprotein Cholesterol: 40.0 mg/dL; Microalbumin Creatine Ratio: 13.0 mg/g; Estimated Glomerular Filtration Rate: 60.0 mL/min/{1.73_m2}; Hemoglobin A1c/Hemoglobin.total in Blood: 8.5 %; Body Weight: 139.65 kg; Body Mass Index: 40.1 kg/m2; Systolic Blood Pressure: 119.0 mmHg; Diastolic Blood Pressure: 83.0 mmHg; Glucose: 165.0 mg/dL; Urea Nitrogen: 10.0 mg/dL; Calcium: 8.65 mg/dL; Sodium: 144.0 mmol/L; Potassium: 4.7 mmol/L; Chloride: 110.0 mmol/L; Carbon Dioxide: 27.0 mmol/L; Total Cholesterol: 251.0 mg/dL; Triglycerides: 486.0 mg/dL; Low Density Lipoprotein Cholesterol: 118.0 mg/dL; High Density Lipoprotein Cholesterol: 35.0 mg/dL; Microalbumin Creatine Ratio: 8.0 mg/g; Hemoglobin A1c/Hemoglobin.total in Blood: 8.8 %; Body Weight: 143.24 kg; Body Mass Index: 41.13 kg/m2. Immunizations: Influenza seasonal injectable preservative free.",1
3c5a6f84-5288-42fe-8754-f6b6f015c1d4,"Demographics: born 1912-01-30, gender M, race hispanic, ethnicity puerto_rican.",0
ca347b6f-4d10-48a5-8cec-9b607fd8b190,"Demographics: born 1953-03-04, gender M, race white, ethnicity italian. Encounters: Encounter for symptom; Outpatient Encounter; Admission to thoracic surgery department; Encounter for 'check-up'. Medications: Penicillin V Potassium 250 MG; Fluticasone propionate 0.25 MG/ACTUAT / salmeterol 0.05 MG/ACTUAT [Advair]; Naproxen sodium 220 MG [Aleve]; 24 HR Metformin hydrochloride 500 MG Extended Release Oral Tablet. Procedures: Spirometry (procedure); Pulmonary rehabilitation (regime/therapy); Documentation of current medications; Transplant of lung (procedure); Colonoscopy. Observations: FEV1/​FVC: 24.0 %; Hemoglobin A1c/Hemoglobin.total in Blood: 7.4 %; Body Height: 176.54 cm; Body Weight: 111.18 kg; Body Mass Index: 35.67 kg/m2; Systolic Blood Pressure: 132.0 mmHg; Diastolic Blood Pressure: 89.0 mmHg; Glucose: 125.0 mg/dL; Urea Nitrogen: 19.0 mg/dL; Creatinine: 1.0 mg/dL; Calcium: 9.7 mg/dL; Sodium: 138.0 mmol/L; Potassium: 4.78 mmol/L; Chloride: 103.0 mmol/L; Carbon Dioxide: 28.0 mmol/L; Total Cholesterol: 219.0 mg/dL; Triglycerides: 160.0 mg/dL; Low Density Lipoprotein Cholesterol: 129.0 mg/dL; High Density Lipoprotein Cholesterol: 58.0 mg/dL; Microalbumin Creatine Ratio: 2.0 mg/g; Estimated Glomerular Filtration Rate: 60.0 mL/min/{1.73_m2}; FEV1/​FVC: 18.0 %; Systolic Blood Pressure: 133.0 mmHg; Diastolic Blood Pressure: 74.0 mmHg; Glucose: 105.0 mg/dL; Urea Nitrogen: 8.0 mg/dL; Calcium: 9.65 mg/dL; Potassium: 5.08 mmol/L; Chloride: 101.0 mmol/L; Carbon Dioxide: 24.0 mmol/L; Total Cholesterol: 239.0 mg/dL; Triglycerides: 177.0 mg/dL; Low Density Lipoprotein Cholesterol: 151.0 mg/dL; High Density Lipoprotein Cholesterol: 52.0 mg/dL; Microalbumin Creatine Ratio: 7.0 mg/g; FEV1/​FVC: 17.0 %; Hemoglobin A1c/Hemoglobin.total in Blood: 7.3 %; Body Weight: 110.02 kg; Body Mass Index: 35.3 kg/m2; Systolic Blood Pressure: 113.0 mmHg. Immunizations: Influenza seasonal injectable preservative free; zoster; Td (adult) preservative free.",1
b7e8ecaa-7bc8-4338-8b31-2571576fedb8,"Demographics: born 1979-09-16, gender F, race white, ethnicity irish. Encounters: Prenatal visit; Obstetric emergency hospital admission; Consultation for treatment; Admission to surgical department; Encounter for symptom; Outpatient Encounter. Medications: Penicillin V Potassium 250 MG; Amoxicillin 250 MG / Clavulanate 125 MG [Augmentin]. Procedures: Medical induction of labor; Childbirth; Bilateral tubal ligation; Throat culture (procedure); Documentation of current medications. Observations: Oral temperature: 38.0 Cel; Body Height: 157.5 cm; Body Weight: 77.18 kg; Body Mass Index: 31.11 kg/m2; Systolic Blood Pressure: 104.0 mmHg; Diastolic Blood Pressure: 89.0 mmHg; Total Cholesterol: 191.0 mg/dL; Triglycerides: 132.0 mg/dL; Low Density Lipoprotein Cholesterol: 92.0 mg/dL; High Density Lipoprotein Cholesterol: 72.0 mg/dL; Body Weight: 81.2 kg; Body Mass Index: 32.73 kg/m2; Systolic Blood Pressure: 103.0 mmHg. Immunizations: Influenza seasonal injectable preservative free; Td (adult) preservative free.",0
f45f4cfa-b76b-44d3-ad57-0c057ce6c2ca,"Demographics: born 1946-04-06, gender M, race white, ethnicity swedish. Encounters: Outpatient Encounter; Encounter for 'check-up'. Medications: 24 HR Metformin hydrochloride 500 MG Extended Release Oral Tablet; Penicillin V Potassium 500 MG; insulin human isophane 70 UNT/ML / Regular Insulin Human 30 UNT/ML Injectable Suspension [Humulin]. Procedures: Colonoscopy; Fecal occult blood test; Rectal polypectomy; Documentation of current medications. Observations: Hemoglobin A1c/Hemoglobin.total in Blood: 3.8 %; Body Height: 177.46 cm; Body Weight: 104.22 kg; Body Mass Index: 33.09 kg/m2; Systolic Blood Pressure: 112.0 mmHg; Diastolic Blood Pressure: 86.0 mmHg; Glucose: 125.0 mg/dL; Urea Nitrogen: 14.0 mg/dL; Creatinine: 1.0 mg/dL; Calcium: 9.54 mg/dL; Sodium: 142.0 mmol/L; Potassium: 5.06 mmol/L; Chloride: 110.0 mmol/L; Carbon Dioxide: 25.0 mmol/L; Total Cholesterol: 232.0 mg/dL; Triglycerides: 162.0 mg/dL; Low Density Lipoprotein Cholesterol: 141.0 mg/dL; High Density Lipoprotein Cholesterol: 58.0 mg/dL; Microalbumin Creatine Ratio: 27.0 mg/g; Estimated Glomerular Filtration Rate: 60.0 mL/min/{1.73_m2}; Hemoglobin A1c/Hemoglobin.total in Blood: 3.7 %; Body Weight: 102.85 kg; Body Mass Index: 32.66 kg/m2; Systolic Blood Pressure: 105.0 mmHg; Diastolic Blood Pressure: 73.0 mmHg; Glucose: 103.0 mg/dL; Urea Nitrogen: 13.0 mg/dL; Calcium: 9.02 mg/dL; Sodium: 141.0 mmol/L; Potassium: 3.94 mmol/L; Chloride: 106.0 mmol/L; Carbon Dioxide: 26.0 mmol/L; Total Cholesterol: 222.0 mg/dL; Triglycerides: 198.0 mg/dL; Low Density Lipoprotein Cholesterol: 127.0 mg/dL; High Density Lipoprotein Cholesterol: 55.0 mg/dL; Microalbumin Creatine Ratio: 26.0 mg/g; Polyp size greatest dimension by CAP cancer protocols: 6.0 mm; Hemoglobin.gastrointestinal [Presence] in Stool by Immunologic method: 23.0 ng/mL; Hemoglobin A1c/Hemoglobin.total in Blood: 3.5 %. Immunizations: Influenza seasonal injectable preservative free; Pneumococcal conjugate PCV 13; pneumococcal polysaccharide vaccine 23 valent.",1
1dbce935-7107-4730-9fba-c747f71429a0,"Demographics: born 1984-01-03, gender F, race white, ethnicity english. Encounters: Prenatal initial visit; Prenatal visit; Outpatient Encounter; Obstetric emergency hospital admission; Consultation for treatment; Patient encounter procedure; Encounter for symptom. Medications: 0.65 ML depo-subQ provera 160 MG/ML Prefilled Syringe; Acetaminophen 160 MG. Procedures: Standard pregnancy test; Documentation of current medications; Childbirth; Intramuscular injection. Observations: Hemoglobin A1c/Hemoglobin.total in Blood: 6.6 %; Body Height: 163.5 cm; Body Weight: 69.26 kg; Body Mass Index: 25.91 kg/m2; Systolic Blood Pressure: 110.0 mmHg; Diastolic Blood Pressure: 77.0 mmHg; Glucose: 89.0 mg/dL; Urea Nitrogen: 11.0 mg/dL; Creatinine: 1.0 mg/dL; Calcium: 8.76 mg/dL; Sodium: 141.0 mmol/L; Potassium: 3.75 mmol/L; Chloride: 108.0 mmol/L; Carbon Dioxide: 28.0 mmol/L; Total Cholesterol: 192.0 mg/dL; Triglycerides: 142.0 mg/dL; Low Density Lipoprotein Cholesterol: 91.0 mg/dL; High Density Lipoprotein Cholesterol: 72.0 mg/dL; Microalbumin Creatine Ratio: 5.0 mg/g; Estimated Glomerular Filtration Rate: 60.0 mL/min/{1.73_m2}; Hemoglobin A1c/Hemoglobin.total in Blood: 6.8 %; Body Weight: 73.04 kg; Body Mass Index: 27.32 kg/m2; Systolic Blood Pressure: 123.0 mmHg; Diastolic Blood Pressure: 76.0 mmHg; Glucose: 116.0 mg/dL; Urea Nitrogen: 9.0 mg/dL; Calcium: 9.78 mg/dL; Potassium: 4.01 mmol/L; Chloride: 103.0 mmol/L; Carbon Dioxide: 20.0 mmol/L; Total Cholesterol: 234.0 mg/dL; Triglycerides: 159.0 mg/dL; Low Density Lipoprotein Cholesterol: 156.0 mg/dL; High Density Lipoprotein Cholesterol: 46.0 mg/dL; Microalbumin Creatine Ratio: 11.0 mg/g; Hemoglobin A1c/Hemoglobin.total in Blood: 7.5 %; Body Weight: 79.7 kg; Body Mass Index: 29.81 kg/m2; Systolic Blood Pressure: 107.0 mmHg. Immunizations: Influenza seasonal injectable preservative free; Td (adult) preservative free.",1
96bc5541-2aa6-4d61-9430-7cf181fe34cd,"Demographics: born 1906-10-28, gender F, race white, ethnicity italian.",0
e0f768bc-a5cd-4f3b-ae41-c05b2ce8145c,"Demographics: born 1958-12-26, gender F, race white, ethnicity italian. Encounters: Outpatient Encounter; Encounter for symptom; Encounter for 'check-up'. Medications: 24 HR Metformin hydrochloride 500 MG Extended Release Oral Tablet; 3 ML liraglutide 6 MG/ML Pen Injector; canagliflozin 100 MG Oral Tablet; Acetaminophen 160 MG. Procedures: Documentation of current medications; Colonoscopy. Observations: Hemoglobin A1c/Hemoglobin.total in Blood: 9.9 %; Body Height: 152.11 cm; Body Weight: 110.22 kg; Body Mass Index: 47.64 kg/m2; Systolic Blood Pressure: 152.0 mmHg; Diastolic Blood Pressure: 116.0 mmHg; Glucose: 159.0 mg/dL; Urea Nitrogen: 20.0 mg/dL; Creatinine: 1.0 mg/dL; Calcium: 9.54 mg/dL; Sodium: 142.0 mmol/L; Potassium: 4.24 mmol/L; Chloride: 110.0 mmol/L; Carbon Dioxide: 28.0 mmol/L; Total Cholesterol: 260.0 mg/dL; Triglycerides: 511.0 mg/dL; Low Density Lipoprotein Cholesterol: 143.0 mg/dL; High Density Lipoprotein Cholesterol: 14.0 mg/dL; Microalbumin Creatine Ratio: 12.0 mg/g; Estimated Glomerular Filtration Rate: 60.0 mL/min/{1.73_m2}; Hemoglobin A1c/Hemoglobin.total in Blood: 9.4 %; Systolic Blood Pressure: 182.0 mmHg; Diastolic Blood Pressure: 93.0 mmHg; Glucose: 171.0 mg/dL; Urea Nitrogen: 18.0 mg/dL; Calcium: 9.76 mg/dL; Sodium: 139.0 mmol/L; Potassium: 4.3 mmol/L; Carbon Dioxide: 20.0 mmol/L; Total Cholesterol: 282.0 mg/dL; Triglycerides: 582.0 mg/dL; Low Density Lipoprotein Cholesterol: 155.0 mg/dL; High Density Lipoprotein Cholesterol: 10.0 mg/dL; Microalbumin Creatine Ratio: 10.0 mg/g; Systolic Blood Pressure: 179.0 mmHg; Diastolic Blood Pressure: 96.0 mmHg; Glucose: 137.0 mg/dL; Urea Nitrogen: 8.0 mg/dL; Calcium: 10.1 mg/dL; Sodium: 138.0 mmol/L. Immunizations: Influenza seasonal injectable preservative free; Td (adult) preservative free.",1
7c9861e5-67aa-491a-84df-f5433e8bf6db,"Demographics: born 1961-07-18, gender F, race white, ethnicity irish. Encounters: Encounter for symptom; Outpatient Encounter. Medications: 24 HR Metformin hydrochloride 500 MG Extended Release Oral Tablet; Estrostep Fe 28 Day Pack; Acetaminophen 160 MG. Procedures: Documentation of current medications. Observations: Oral temperature: 37.0 Cel; Hemoglobin A1c/Hemoglobin.total in Blood: 8.4 %; Body Height: 156.5 cm; Body Weight: 96.5 kg; Body Mass Index: 39.4 kg/m2; Systolic Blood Pressure: 120.0 mmHg; Diastolic Blood Pressure: 73.0 mmHg; Glucose: 200.0 mg/dL; Urea Nitrogen: 13.0 mg/dL; Creatinine: 1.0 mg/dL; Calcium: 9.96 mg/dL; Sodium: 141.0 mmol/L; Potassium: 4.45 mmol/L; Chloride: 101.0 mmol/L; Carbon Dioxide: 23.0 mmol/L; Total Cholesterol: 259.0 mg/dL; Triglycerides: 460.0 mg/dL; Low Density Lipoprotein Cholesterol: 145.0 mg/dL; High Density Lipoprotein Cholesterol: 22.0 mg/dL; Microalbumin Creatine Ratio: 4.0 mg/g; Estimated Glomerular Filtration Rate: 60.0 mL/min/{1.73_m2}; Systolic Blood Pressure: 106.0 mmHg; Diastolic Blood Pressure: 88.0 mmHg; Glucose: 189.0 mg/dL; Urea Nitrogen: 11.0 mg/dL; Calcium: 9.61 mg/dL; Sodium: 138.0 mmol/L; Potassium: 4.13 mmol/L; Chloride: 106.0 mmol/L; Carbon Dioxide: 27.0 mmol/L; Total Cholesterol: 247.0 mg/dL; Triglycerides: 316.0 mg/dL; Low Density Lipoprotein Cholesterol: 158.0 mg/dL; High Density Lipoprotein Cholesterol: 25.0 mg/dL; Microalbumin Creatine Ratio: 2.0 mg/g; Systolic Blood Pressure: 126.0 mmHg; Diastolic Blood Pressure: 89.0 mmHg; Glucose: 191.0 mg/dL; Urea Nitrogen: 19.0 mg/dL; Calcium: 8.94 mg/dL. Immunizations: Influenza seasonal injectable preservative free; Td (adult) preservative free.",1
38b18144-557e-4d99-b226-909bb0086b32,"Demographics: born 1934-09-30, gender M, race black, ethnicity african. Encounters: Outpatient Encounter; Encounter for symptom. Medications: Penicillin V Potassium 500 MG. Procedures: Documentation of current medications. Observations: Hemoglobin A1c/Hemoglobin.total in Blood: 6.0 %; Body Height: 172.96 cm; Body Weight: 95.26 kg; Body Mass Index: 31.84 kg/m2; Systolic Blood Pressure: 118.0 mmHg; Diastolic Blood Pressure: 85.0 mmHg; Glucose: 96.0 mg/dL; Urea Nitrogen: 11.0 mg/dL; Creatinine: 1.0 mg/dL; Calcium: 10.01 mg/dL; Sodium: 139.0 mmol/L; Potassium: 3.87 mmol/L; Chloride: 101.0 mmol/L; Carbon Dioxide: 29.0 mmol/L; Body Weight: 93.77 kg; Body Mass Index: 31.35 kg/m2; Systolic Blood Pressure: 125.0 mmHg; Diastolic Blood Pressure: 84.0 mmHg; Glucose: 91.0 mg/dL; Urea Nitrogen: 15.0 mg/dL; Calcium: 9.84 mg/dL; Sodium: 143.0 mmol/L; Potassium: 4.2 mmol/L; Chloride: 105.0 mmol/L; Carbon Dioxide: 23.0 mmol/L. Immunizations: Influenza seasonal injectable preservative free.",0
147d7730-6665-4cf5-89ef-b06863d3fdc3,"Demographics: born 1959-04-07, gender M, race white, ethnicity irish. Encounters: Outpatient Encounter; Encounter for symptom; Encounter for problem. Medications: Naproxen sodium 220 MG [Aleve]. Procedures: Documentation of current medications. Observations: Body Height: 181.75 cm; Body Weight: 115.41 kg; Body Mass Index: 34.94 kg/m2; Systolic Blood Pressure: 113.0 mmHg; Diastolic Blood Pressure: 75.0 mmHg; Systolic Blood Pressure: 138.0 mmHg; Diastolic Blood Pressure: 70.0 mmHg; Total Cholesterol: 199.0 mg/dL; Triglycerides: 132.0 mg/dL; Low Density Lipoprotein Cholesterol: 113.0 mg/dL; High Density Lipoprotein Cholesterol: 59.0 mg/dL; Systolic Blood Pressure: 112.0 mmHg; Diastolic Blood Pressure: 84.0 mmHg; Systolic Blood Pressure: 105.0 mmHg; Diastolic Blood Pressure: 85.0 mmHg; Systolic Blood Pressure: 100.0 mmHg; Diastolic Blood Pressure: 76.0 mmHg; Oral temperature: 37.0 Cel; Systolic Blood Pressure: 108.0 mmHg; Diastolic Blood Pressure: 83.0 mmHg; Total Cholesterol: 174.0 mg/dL; Triglycerides: 103.0 mg/dL; Low Density Lipoprotein Cholesterol: 84.0 mg/dL; High Density Lipoprotein Cholesterol: 69.0 mg/dL; Systolic Blood Pressure: 104.0 mmHg. Immunizations: Influenza seasonal injectable preservative free; Td (adult) preservative free.",0
df26b602-4eb8-4dcd-906b-dda66e21d0ce,"Demographics: born 1972-10-23, gender F, race white, ethnicity french. Encounters: Patient encounter procedure; Encounter for symptom; Outpatient Encounter. Medications: 1 ML Depo-Provera 150 MG/ML Injection; 24 HR Metformin hydrochloride 500 MG Extended Release Oral Tablet. Procedures: Intramuscular injection; Documentation of current medications. Observations: Body Height: 160.65 cm; Body Weight: 86.6 kg; Body Mass Index: 33.55 kg/m2; Systolic Blood Pressure: 110.0 mmHg; Diastolic Blood Pressure: 88.0 mmHg; Total Cholesterol: 200.0 mg/dL; Triglycerides: 102.0 mg/dL; Low Density Lipoprotein Cholesterol: 101.0 mg/dL; High Density Lipoprotein Cholesterol: 78.0 mg/dL; Hemoglobin A1c/Hemoglobin.total in Blood: 8.7 %; Body Weight: 89.45 kg; Body Mass Index: 34.66 kg/m2; Systolic Blood Pressure: 153.0 mmHg; Diastolic Blood Pressure: 101.0 mmHg; Glucose: 80.0 mg/dL; Urea Nitrogen: 18.0 mg/dL; Creatinine: 1.0 mg/dL; Calcium: 8.76 mg/dL; Sodium: 137.0 mmol/L; Potassium: 4.48 mmol/L; Chloride: 106.0 mmol/L; Carbon Dioxide: 29.0 mmol/L; Total Cholesterol: 170.0 mg/dL; Triglycerides: 122.0 mg/dL; Low Density Lipoprotein Cholesterol: 82.0 mg/dL; High Density Lipoprotein Cholesterol: 63.0 mg/dL; Microalbumin Creatine Ratio: 12.0 mg/g; Estimated Glomerular Filtration Rate: 60.0 mL/min/{1.73_m2}; Oral temperature: 37.0 Cel; Hemoglobin A1c/Hemoglobin.total in Blood: 7.3 %; Body Weight: 90.55 kg; Body Mass Index: 35.08 kg/m2; Systolic Blood Pressure: 189.0 mmHg; Diastolic Blood Pressure: 116.0 mmHg; Glucose: 131.0 mg/dL; Urea Nitrogen: 8.0 mg/dL; Calcium: 8.52 mg/dL; Sodium: 142.0 mmol/L; Potassium: 4.36 mmol/L; Chloride: 104.0 mmol/L. Immunizations: Influenza seasonal injectable preservative free; Td (adult) preservative free.",1
f90fcc90-9ac0-4eb9-a44a-9eb1e8e3fe14,"Demographics: born 2014-04-28, gender F, race white, ethnicity english. Encounters: Outpatient Encounter; Encounter for symptom. Medications: Cefuroxime 250 MG Oral Tablet; Acetaminophen 160 MG Oral Tablet; Amoxicillin 200 MG Oral Tablet; Ibuprofen 100 MG Oral Tablet. Procedures: Documentation of current medications. Observations: Body Height: 53.19 cm; Body Weight: 3.4 kg; Systolic Blood Pressure: 109.0 mmHg; Diastolic Blood Pressure: 81.0 mmHg; Body Height: 55.96 cm; Body Weight: 4.0 kg; Systolic Blood Pressure: 135.0 mmHg; Diastolic Blood Pressure: 88.0 mmHg; Body Height: 60.3 cm; Body Weight: 5.05 kg; Diastolic Blood Pressure: 70.0 mmHg; Body Height: 63.78 cm; Body Weight: 5.95 kg; Systolic Blood Pressure: 108.0 mmHg; Diastolic Blood Pressure: 75.0 mmHg; Body Height: 69.38 cm; Body Weight: 7.37 kg; Systolic Blood Pressure: 113.0 mmHg; Diastolic Blood Pressure: 78.0 mmHg; Body Height: 72.88 cm; Body Weight: 8.18 kg; Systolic Blood Pressure: 100.0 mmHg; Body Height: 75.99 cm; Body Weight: 8.82 kg; Body Height: 78.82 cm; Body Weight: 9.35 kg; Systolic Blood Pressure: 137.0 mmHg; Diastolic Blood Pressure: 89.0 mmHg; Body Height: 83.95 cm; Body Weight: 10.29 kg; Body Mass Index: 14.6 kg/m2; Systolic Blood Pressure: 117.0 mmHg; Diastolic Blood Pressure: 80.0 mmHg; Body Height: 88.98 cm; Body Weight: 11.06 kg; Body Mass Index: 13.98 kg/m2; Systolic Blood Pressure: 105.0 mmHg; Diastolic Blood Pressure: 76.0 mmHg. Immunizations: Hep B adolescent or pediatric; rotavirus monovalent; DTaP; Hib (PRP-OMP); Pneumococcal conjugate PCV 13; IPV; Influenza seasonal injectable preservative free; MMR; varicella; Hep A ped/adol 2 dose.",0
ddc49ef1-7add-4dda-b28d-2f3ad7fac616,"Demographics: born 1975-03-13, gender F, race white, ethnicity english. Encounters: Outpatient Encounter; Encounter for symptom. Medications: Dextromethorphan Hydrobromide 1 MG/ML. Procedures: Documentation of current medications; Measurement of respiratory function (procedure). Observations: Hemoglobin A1c/Hemoglobin.total in Blood: 6.3 %; Body Height: 162.31 cm; Body Weight: 84.57 kg; Body Mass Index: 32.1 kg/m2; Systolic Blood Pressure: 150.0 mmHg; Diastolic Blood Pressure: 120.0 mmHg; Glucose: 65.0 mg/dL; Urea Nitrogen: 14.0 mg/dL; Creatinine: 1.0 mg/dL; Calcium: 10.07 mg/dL; Sodium: 142.0 mmol/L; Potassium: 5.06 mmol/L; Chloride: 107.0 mmol/L; Carbon Dioxide: 29.0 mmol/L; Total Cholesterol: 160.0 mg/dL; Triglycerides: 141.0 mg/dL; Low Density Lipoprotein Cholesterol: 61.0 mg/dL; High Density Lipoprotein Cholesterol: 70.0 mg/dL; Estimated Glomerular Filtration Rate: 60.0 mL/min/{1.73_m2}; Hemoglobin A1c/Hemoglobin.total in Blood: 6.2 %; Body Weight: 91.03 kg; Body Mass Index: 34.55 kg/m2; Systolic Blood Pressure: 186.0 mmHg; Diastolic Blood Pressure: 103.0 mmHg; Glucose: 77.0 mg/dL; Urea Nitrogen: 9.0 mg/dL; Calcium: 8.99 mg/dL; Sodium: 144.0 mmol/L; Potassium: 4.01 mmol/L; Chloride: 103.0 mmol/L; Carbon Dioxide: 23.0 mmol/L; Total Cholesterol: 184.0 mg/dL; Triglycerides: 121.0 mg/dL; Low Density Lipoprotein Cholesterol: 79.0 mg/dL; High Density Lipoprotein Cholesterol: 80.0 mg/dL. Immunizations: Influenza seasonal injectable preservative free; Td (adult) preservative free.",0
cacf67d7-5ed3-477a-9d79-2fa27cf107d4,"Demographics: born 1983-08-16, gender F, race white, ethnicity french_canadian. Encounters: Encounter for symptom; Encounter for problem; Allergic disorder initial assessment; Outpatient procedure; Outpatient Encounter; Allergic disorder follow-up assessment. Medications: Jolivette 28 Day Pack; Nitrofurantoin 5 MG/ML [Furadantin]; Phenazopyridine hydrochloride 100 MG [Pyridium]; Hydrocortisone 10 MG/ML Topical Cream; Loratadine 10 MG Oral Tablet; 0.3 ML EPINEPHrine 0.5 MG/ML Auto-Injector; NITROFURANTOIN MACROCRYSTALS 50 MG [Macrodantin]. Procedures: Allergy screening test; Subcutaneous immunotherapy; Documentation of current medications. Observations: Percentage area affected by eczema Head and Neck: 0.0 %; Percentage area affected by eczema Trunk: 0.0 %; Percentage area affected by eczema Upper extremitiy - bilateral: 38.0 %; Percentage area affected by eczema Lower extremitiy - bilateral: 6.0 %; Peanut IgE Ab in Serum: 0.09 kU/L; Walnut IgE Ab in Serum: 0.08 kU/L; Codfish IgE Ab in Serum: 0.17 kU/L; Shrimp IgE Ab in Serum: 0.21 kU/L; Wheat IgE Ab in Serum: 0.04 kU/L; Egg white IgE Ab in Serum: 0.13 kU/L; Soybean IgE Ab in Serum: 0.02 kU/L; Cow milk IgE Ab in Serum: 0.3 kU/L; White oak IgE Ab in Serum: 0.33 kU/L; Common Ragweed IgE Ab in Serum: 0.07 kU/L; Cat dander IgE Ab in Serum: 0.31 kU/L; American house dust mite IgE Ab in Serum: 0.29 kU/L; Cladosporium herbarum IgE Ab in Serum: 0.07 kU/L; Honey bee IgE Ab in Serum: 0.17 kU/L; Latex IgE Ab in Serum: 0.02 kU/L; Peanut IgE Ab in Serum: 0.24 kU/L; Walnut IgE Ab in Serum: 0.15 kU/L; Codfish IgE Ab in Serum: 0.15 kU/L; Wheat IgE Ab in Serum: 0.35 kU/L; Egg white IgE Ab in Serum: 0.26 kU/L; Soybean IgE Ab in Serum: 0.34 kU/L; Cow milk IgE Ab in Serum: 0.14 kU/L; White oak IgE Ab in Serum: 0.32 kU/L; Common Ragweed IgE Ab in Serum: 0.14 kU/L; Cat dander IgE Ab in Serum: 0.17 kU/L; American house dust mite IgE Ab in Serum: 0.02 kU/L; Cladosporium herbarum IgE Ab in Serum: 0.03 kU/L; Honey bee IgE Ab in Serum: 0.33 kU/L; Hemoglobin A1c/Hemoglobin.total in Blood: 5.8 %; Body Height: 156.27 cm; Body Weight: 69.79 kg; Body Mass Index: 28.58 kg/m2; Systolic Blood Pressure: 177.0 mmHg; Diastolic Blood Pressure: 110.0 mmHg; Glucose: 65.0 mg/dL; Urea Nitrogen: 16.0 mg/dL. Immunizations: Influenza seasonal injectable preservative free; Td (adult) preservative free.",0
5c5f9a22-9103-49f3-958c-f2dbe3eecda5,"Demographics: born 1983-01-04, gender M, race white, ethnicity italian. Encounters: Outpatient procedure; Allergic disorder follow-up assessment; Encounter for symptom; Outpatient Encounter; Domiciliary or rest home patient evaluation and management. Medications: Penicillin V Potassium 250 MG; Hydrocortisone 10 MG/ML Topical Cream; cetirizine hydrochloride 10 MG Oral Tablet; 0.3 ML EPINEPHrine 0.5 MG/ML Auto-Injector. Procedures: Subcutaneous immunotherapy; Allergy screening test; Information gathering (procedure). Observations: Peanut IgE Ab in Serum: 0.13 kU/L; Walnut IgE Ab in Serum: 0.16 kU/L; Codfish IgE Ab in Serum: 0.1 kU/L; Shrimp IgE Ab in Serum: 0.32 kU/L; Wheat IgE Ab in Serum: 0.22 kU/L; Egg white IgE Ab in Serum: 0.28 kU/L; Soybean IgE Ab in Serum: 0.29 kU/L; Cow milk IgE Ab in Serum: 0.0 kU/L; White oak IgE Ab in Serum: 0.0 kU/L; Common Ragweed IgE Ab in Serum: 0.08 kU/L; Cat dander IgE Ab in Serum: 0.11 kU/L; American house dust mite IgE Ab in Serum: 0.32 kU/L; Cladosporium herbarum IgE Ab in Serum: 0.16 kU/L; Honey bee IgE Ab in Serum: 0.15 kU/L; Latex IgE Ab in Serum: 0.19 kU/L; Hemoglobin A1c/Hemoglobin.total in Blood: 5.9 %; Body Height: 170.89 cm; Body Weight: 72.08 kg; Body Mass Index: 24.68 kg/m2; Systolic Blood Pressure: 152.0 mmHg; Diastolic Blood Pressure: 100.0 mmHg; Glucose: 64.0 mg/dL; Urea Nitrogen: 17.0 mg/dL; Creatinine: 1.0 mg/dL; Calcium: 9.39 mg/dL; Sodium: 140.0 mmol/L; Potassium: 3.9 mmol/L; Chloride: 109.0 mmol/L; Carbon Dioxide: 29.0 mmol/L; Estimated Glomerular Filtration Rate: 60.0 mL/min/{1.73_m2}; Sexual orientation: heterosexual {nominal}; HIV status: not HIV positive {nominal}; Abuse Status [OMAHA]: Severe signs/symptoms {nominal}; Housing status: Patient is homeless {nominal}; Are you covered by health insurance or some other kind of health care plan [PhenX]: Yes {nominal}; History of Hospitalizations+​Outpatient visits: 8.0 {count}; Abuse Status [OMAHA]: No signs/symptoms {nominal}; History of Hospitalizations+​Outpatient visits: 3.0 {count}; Are you covered by health insurance or some other kind of health care plan [PhenX]: No {nominal}; History of Hospitalizations+​Outpatient visits: 6.0 {count}. Allergies: Allergy to mould. Immunizations: Influenza seasonal injectable preservative free; Td (adult) preservative free.",0
d468cd1e-b816-4082-b96e-f85c55a6413b,"Demographics: born 1971-12-18, gender F, race asian, ethnicity chinese. Encounters: Outpatient Encounter; Encounter for symptom. Medications: insulin human isophane 70 UNT/ML / Regular Insulin Human 30 UNT/ML Injectable Suspension [Humulin]; Acetaminophen 160 MG. Procedures: Documentation of current medications; Throat culture (procedure); Measurement of respiratory function (procedure). Observations: Hemoglobin A1c/Hemoglobin.total in Blood: 4.7 %; Body Height: 155.97 cm; Body Weight: 75.3 kg; Body Mass Index: 30.96 kg/m2; Systolic Blood Pressure: 163.0 mmHg; Diastolic Blood Pressure: 95.0 mmHg; Glucose: 105.0 mg/dL; Urea Nitrogen: 14.0 mg/dL; Creatinine: 1.0 mg/dL; Calcium: 9.79 mg/dL; Sodium: 140.0 mmol/L; Potassium: 4.98 mmol/L; Chloride: 101.0 mmol/L; Carbon Dioxide: 27.0 mmol/L; Total Cholesterol: 236.0 mg/dL; Triglycerides: 155.0 mg/dL; Low Density Lipoprotein Cholesterol: 158.0 mg/dL; High Density Lipoprotein Cholesterol: 47.0 mg/dL; Microalbumin Creatine Ratio: 18.0 mg/g; Estimated Glomerular Filtration Rate: 60.0 mL/min/{1.73_m2}; Hemoglobin A1c/Hemoglobin.total in Blood: 4.9 %; Body Weight: 77.13 kg; Body Mass Index: 31.71 kg/m2; Systolic Blood Pressure: 172.0 mmHg; Diastolic Blood Pressure: 96.0 mmHg; Glucose: 109.0 mg/dL; Urea Nitrogen: 20.0 mg/dL; Calcium: 9.94 mg/dL; Sodium: 139.0 mmol/L; Potassium: 5.09 mmol/L; Chloride: 108.0 mmol/L; Carbon Dioxide: 22.0 mmol/L; Total Cholesterol: 204.0 mg/dL; Triglycerides: 157.0 mg/dL; Low Density Lipoprotein Cholesterol: 124.0 mg/dL; High Density Lipoprotein Cholesterol: 48.0 mg/dL; Microalbumin Creatine Ratio: 22.0 mg/g; Oral temperature: 37.0 Cel; Systolic Blood Pressure: 153.0 mmHg; Diastolic Blood Pressure: 107.0 mmHg. Immunizations: Influenza seasonal injectable preservative free; Td (adult) preservative free.",1
7516fb57-dc0b-4e85-826d-47d5c496b4f8,"Demographics: born 1957-12-12, gender M, race white, ethnicity french. Encounters: Outpatient Encounter; Emergency room admission; Encounter for 'check-up'; Encounter for symptom. Medications: Ibuprofen 200 MG Oral Tablet. Procedures: Documentation of current medications; Suture open wound; Colonoscopy. Observations: Hemoglobin A1c/Hemoglobin.total in Blood: 6.1 %; Body Height: 177.13 cm; Body Weight: 125.72 kg; Body Mass Index: 40.07 kg/m2; Systolic Blood Pressure: 109.0 mmHg; Diastolic Blood Pressure: 81.0 mmHg; Glucose: 84.0 mg/dL; Urea Nitrogen: 12.0 mg/dL; Creatinine: 1.0 mg/dL; Calcium: 9.18 mg/dL; Sodium: 141.0 mmol/L; Potassium: 3.85 mmol/L; Chloride: 107.0 mmol/L; Carbon Dioxide: 20.0 mmol/L; Hemoglobin A1c/Hemoglobin.total in Blood: 5.9 %; Systolic Blood Pressure: 127.0 mmHg; Glucose: 87.0 mg/dL; Urea Nitrogen: 8.0 mg/dL; Calcium: 9.46 mg/dL; Sodium: 140.0 mmol/L; Potassium: 4.68 mmol/L; Chloride: 104.0 mmol/L; Carbon Dioxide: 29.0 mmol/L; Total Cholesterol: 165.0 mg/dL; Triglycerides: 136.0 mg/dL; Low Density Lipoprotein Cholesterol: 73.0 mg/dL; High Density Lipoprotein Cholesterol: 64.0 mg/dL; Hemoglobin A1c/Hemoglobin.total in Blood: 6.0 %; Systolic Blood Pressure: 123.0 mmHg; Diastolic Blood Pressure: 80.0 mmHg; Glucose: 98.0 mg/dL; Urea Nitrogen: 10.0 mg/dL; Calcium: 9.99 mg/dL; Sodium: 143.0 mmol/L; Potassium: 4.72 mmol/L; Chloride: 109.0 mmol/L; Carbon Dioxide: 23.0 mmol/L; Systolic Blood Pressure: 103.0 mmHg; Diastolic Blood Pressure: 74.0 mmHg; Glucose: 75.0 mg/dL. Immunizations: Influenza seasonal injectable preservative free.",0
3ebb858b-21c1-494f-8e9a-f2b42beada61,"Demographics: born 1953-09-16, gender M, race white, ethnicity russian. Encounters: Death Certification. Medications: Fluticasone propionate 0.25 MG/ACTUAT / salmeterol 0.05 MG/ACTUAT [Advair]. Observations: Non-small cell lung cancer (disorder).",0
01852069-cb21-406b-9528-022868e2be6c,"Demographics: born 1972-02-08, gender F, race white, ethnicity scottish. Encounters: Encounter for symptom; Outpatient Encounter. Medications: Jolivette 28 Day Pack; Acetaminophen 160 MG; Fluticasone propionate 0.25 MG/ACTUAT / salmeterol 0.05 MG/ACTUAT [Advair]. Procedures: Sputum examination (procedure); Documentation of current medications; Measurement of respiratory function (procedure); Spirometry (procedure). Observations: Hemoglobin A1c/Hemoglobin.total in Blood: 6.6 %; Body Height: 175.46 cm; Body Weight: 76.25 kg; Body Mass Index: 24.77 kg/m2; Systolic Blood Pressure: 161.0 mmHg; Diastolic Blood Pressure: 95.0 mmHg; Glucose: 75.0 mg/dL; Urea Nitrogen: 7.0 mg/dL; Creatinine: 1.0 mg/dL; Calcium: 8.64 mg/dL; Sodium: 138.0 mmol/L; Potassium: 5.01 mmol/L; Chloride: 107.0 mmol/L; Carbon Dioxide: 29.0 mmol/L; Total Cholesterol: 180.0 mg/dL; Triglycerides: 126.0 mg/dL; Low Density Lipoprotein Cholesterol: 93.0 mg/dL; High Density Lipoprotein Cholesterol: 61.0 mg/dL; Microalbumin Creatine Ratio: 2.0 mg/g; Estimated Glomerular Filtration Rate: 60.0 mL/min/{1.73_m2}; FEV1/​FVC: 58.0 %; Body Weight: 81.44 kg; Body Mass Index: 26.45 kg/m2; Systolic Blood Pressure: 178.0 mmHg; Diastolic Blood Pressure: 112.0 mmHg; Glucose: 109.0 mg/dL; Urea Nitrogen: 19.0 mg/dL; Calcium: 9.35 mg/dL; Sodium: 136.0 mmol/L; Potassium: 4.07 mmol/L; Chloride: 108.0 mmol/L; Carbon Dioxide: 26.0 mmol/L; Total Cholesterol: 223.0 mg/dL; Triglycerides: 172.0 mg/dL; Low Density Lipoprotein Cholesterol: 144.0 mg/dL; High Density Lipoprotein Cholesterol: 44.0 mg/dL; Microalbumin Creatine Ratio: 15.0 mg/g; FEV1/​FVC: 65.0 %; Hemoglobin A1c/Hemoglobin.total in Blood: 6.9 %; Body Weight: 84.48 kg. Immunizations: Influenza seasonal injectable preservative free; Td (adult) preservative free.",1
383782ae-0431-4a70-86e4-0bb24d002145,"Demographics: born 1935-03-10, gender M, race white, ethnicity italian. Encounters: Outpatient Encounter; Encounter for symptom; Emergency Encounter. Medications: Penicillin V Potassium 250 MG; 24 HR Metformin hydrochloride 500 MG Extended Release Oral Tablet; Amoxicillin 250 MG / Clavulanate 125 MG [Augmentin]; Penicillin V Potassium 500 MG; Clopidogrel 75 MG Oral Tablet; Alteplase 1 MG/ML Injectable Solution. Procedures: Documentation of current medications; Throat culture (procedure); Percutaneous mechanical thrombectomy of portal vein using fluoroscopic guidance. Observations: Hemoglobin A1c/Hemoglobin.total in Blood: 5.1 %; Body Height: 185.53 cm; Body Weight: 91.18 kg; Body Mass Index: 26.49 kg/m2; Systolic Blood Pressure: 171.0 mmHg; Diastolic Blood Pressure: 99.0 mmHg; Glucose: 83.0 mg/dL; Urea Nitrogen: 8.0 mg/dL; Creatinine: 1.0 mg/dL; Calcium: 9.57 mg/dL; Sodium: 136.0 mmol/L; Potassium: 5.11 mmol/L; Chloride: 110.0 mmol/L; Carbon Dioxide: 22.0 mmol/L; Total Cholesterol: 179.0 mg/dL; Triglycerides: 142.0 mg/dL; Low Density Lipoprotein Cholesterol: 91.0 mg/dL; High Density Lipoprotein Cholesterol: 59.0 mg/dL; Microalbumin Creatine Ratio: 14.0 mg/g; Estimated Glomerular Filtration Rate: 60.0 mL/min/{1.73_m2}; Body Weight: 89.82 kg; Body Mass Index: 26.09 kg/m2; Systolic Blood Pressure: 195.0 mmHg; Diastolic Blood Pressure: 107.0 mmHg; Glucose: 88.0 mg/dL; Urea Nitrogen: 20.0 mg/dL; Calcium: 8.98 mg/dL; Sodium: 141.0 mmol/L; Potassium: 4.05 mmol/L; Chloride: 102.0 mmol/L; Carbon Dioxide: 26.0 mmol/L; Total Cholesterol: 181.0 mg/dL; Triglycerides: 126.0 mg/dL; Low Density Lipoprotein Cholesterol: 90.0 mg/dL; High Density Lipoprotein Cholesterol: 65.0 mg/dL; Microalbumin Creatine Ratio: 16.0 mg/g; Body Weight: 88.23 kg; Body Mass Index: 25.63 kg/m2; Systolic Blood Pressure: 147.0 mmHg; Diastolic Blood Pressure: 109.0 mmHg. Immunizations: Influenza seasonal injectable preservative free; Td (adult) preservative free.",1
e194115d-20ce-403e-9301-4cb6c450128d,"Demographics: born 1967-11-20, gender M, race asian, ethnicity chinese. Encounters: Outpatient Encounter; Encounter for symptom; Emergency room admission. Medications: Penicillin V Potassium 250 MG; 24 HR Metformin hydrochloride 500 MG Extended Release Oral Tablet; insulin human isophane 70 UNT/ML / Regular Insulin Human 30 UNT/ML Injectable Suspension [Humulin]; Naproxen sodium 220 MG Oral Tablet; Clopidogrel 75 MG Oral Tablet; Simvastatin 20 MG Oral Tablet; Amlodipine 5 MG Oral Tablet; Nitroglycerin 0.4 MG/ACTUAT [Nitrolingual]; Amoxicillin 250 MG / Clavulanate 125 MG [Augmentin]. Procedures: Suture open wound; Documentation of current medications. Observations: Hemoglobin A1c/Hemoglobin.total in Blood: 4.7 %; Body Height: 177.49 cm; Body Weight: 116.04 kg; Body Mass Index: 36.84 kg/m2; Systolic Blood Pressure: 165.0 mmHg; Diastolic Blood Pressure: 99.0 mmHg; Glucose: 123.0 mg/dL; Urea Nitrogen: 17.0 mg/dL; Creatinine: 1.0 mg/dL; Calcium: 10.11 mg/dL; Sodium: 140.0 mmol/L; Potassium: 4.75 mmol/L; Chloride: 107.0 mmol/L; Carbon Dioxide: 24.0 mmol/L; Total Cholesterol: 234.0 mg/dL; Triglycerides: 166.0 mg/dL; Low Density Lipoprotein Cholesterol: 149.0 mg/dL; High Density Lipoprotein Cholesterol: 51.0 mg/dL; Microalbumin Creatine Ratio: 5.0 mg/g; Estimated Glomerular Filtration Rate: 60.0 mL/min/{1.73_m2}; Oral temperature: 37.0 Cel; Hemoglobin A1c/Hemoglobin.total in Blood: 5.0 %; Body Weight: 119.12 kg; Body Mass Index: 37.81 kg/m2; Systolic Blood Pressure: 153.0 mmHg; Diastolic Blood Pressure: 95.0 mmHg; Glucose: 102.0 mg/dL; Urea Nitrogen: 11.0 mg/dL; Calcium: 8.87 mg/dL; Sodium: 136.0 mmol/L; Potassium: 3.99 mmol/L; Carbon Dioxide: 29.0 mmol/L; Total Cholesterol: 200.0 mg/dL; Triglycerides: 161.0 mg/dL; Low Density Lipoprotein Cholesterol: 116.0 mg/dL; Microalbumin Creatine Ratio: 14.0 mg/g; Hemoglobin A1c/Hemoglobin.total in Blood: 5.2 %; Body Weight: 122.11 kg; Body Mass Index: 38.76 kg/m2; Systolic Blood Pressure: 147.0 mmHg. Immunizations: Influenza seasonal injectable preservative free.",1
e4db9885-4c7f-4b06-98c1-dba6d523a8ea,"Demographics: born 1939-04-01, gender F, race hispanic, ethnicity puerto_rican. Encounters: Death Certification. Medications: Penicillin V Potassium 250 MG; 24 HR Metformin hydrochloride 500 MG Extended Release Oral Tablet; insulin human isophane 70 UNT/ML / Regular Insulin Human 30 UNT/ML Injectable Suspension [Humulin]; Alendronic acid 10 MG [Fosamax]. Observations: Non-small cell lung cancer (disorder).",1
f2db96bc-d25e-4667-82f0-17a84e43b139,"Demographics: born 1979-08-14, gender F, race hispanic, ethnicity central_american. Encounters: Outpatient Encounter; Encounter for symptom. Medications: Penicillin V Potassium 250 MG; Camila 28 Day Pack. Observations: Hemoglobin A1c/Hemoglobin.total in Blood: 6.0 %; Body Height: 160.22 cm; Body Weight: 79.55 kg; Body Mass Index: 30.99 kg/m2; Systolic Blood Pressure: 155.0 mmHg; Diastolic Blood Pressure: 108.0 mmHg; Glucose: 69.0 mg/dL; Urea Nitrogen: 10.0 mg/dL; Creatinine: 1.0 mg/dL; Calcium: 9.06 mg/dL; Sodium: 143.0 mmol/L; Potassium: 4.82 mmol/L; Chloride: 106.0 mmol/L; Carbon Dioxide: 23.0 mmol/L; Total Cholesterol: 177.0 mg/dL; Triglycerides: 117.0 mg/dL; Low Density Lipoprotein Cholesterol: 85.0 mg/dL; High Density Lipoprotein Cholesterol: 68.0 mg/dL; Estimated Glomerular Filtration Rate: 60.0 mL/min/{1.73_m2}; Hemoglobin A1c/Hemoglobin.total in Blood: 5.9 %; Body Weight: 82.54 kg; Body Mass Index: 32.16 kg/m2; Systolic Blood Pressure: 168.0 mmHg; Diastolic Blood Pressure: 113.0 mmHg; Glucose: 88.0 mg/dL; Urea Nitrogen: 13.0 mg/dL; Calcium: 10.06 mg/dL; Sodium: 141.0 mmol/L; Potassium: 3.92 mmol/L; Chloride: 111.0 mmol/L; Carbon Dioxide: 28.0 mmol/L; Oral temperature: 37.0 Cel. Immunizations: Influenza seasonal injectable preservative free; Td (adult) preservative free.",0
a719df75-4eca-4221-8da8-53e67b8ec371,"Demographics: born 1930-07-07, gender M, race white, ethnicity portuguese. Encounters: Death Certification. Medications: Penicillin V Potassium 250 MG; 24 HR Metformin hydrochloride 500 MG Extended Release Oral Tablet; insulin human isophane 70 UNT/ML / Regular Insulin Human 30 UNT/ML Injectable Suspension [Humulin]; Nitroglycerin 0.4 MG/ACTUAT [Nitrolingual]; Simvastatin 20 MG Oral Tablet; Amlodipine 5 MG Oral Tablet. Observations: Myocardial Infarction.",1
560f34c0-0ce9-4033-98f8-044e3763955c,"Demographics: born 1966-05-17, gender M, race asian, ethnicity asian_indian. Encounters: Outpatient Encounter; Encounter for 'check-up'. Medications: 24 HR Metformin hydrochloride 500 MG Extended Release Oral Tablet. Procedures: Documentation of current medications; Colonoscopy. Observations: Hemoglobin A1c/Hemoglobin.total in Blood: 7.5 %; Body Height: 176.09 cm; Body Weight: 92.44 kg; Body Mass Index: 29.81 kg/m2; Systolic Blood Pressure: 107.0 mmHg; Diastolic Blood Pressure: 89.0 mmHg; Glucose: 112.0 mg/dL; Urea Nitrogen: 12.0 mg/dL; Creatinine: 1.0 mg/dL; Calcium: 9.02 mg/dL; Sodium: 144.0 mmol/L; Potassium: 3.83 mmol/L; Chloride: 101.0 mmol/L; Carbon Dioxide: 27.0 mmol/L; Total Cholesterol: 233.0 mg/dL; Triglycerides: 188.0 mg/dL; Low Density Lipoprotein Cholesterol: 152.0 mg/dL; High Density Lipoprotein Cholesterol: 43.0 mg/dL; Microalbumin Creatine Ratio: 8.0 mg/g; Estimated Glomerular Filtration Rate: 60.0 mL/min/{1.73_m2}; Hemoglobin A1c/Hemoglobin.total in Blood: 7.7 %; Body Weight: 95.23 kg; Body Mass Index: 30.71 kg/m2; Systolic Blood Pressure: 118.0 mmHg; Diastolic Blood Pressure: 84.0 mmHg; Glucose: 102.0 mg/dL; Urea Nitrogen: 20.0 mg/dL; Calcium: 9.4 mg/dL; Sodium: 139.0 mmol/L; Potassium: 3.81 mmol/L; Chloride: 103.0 mmol/L; Carbon Dioxide: 22.0 mmol/L; Total Cholesterol: 212.0 mg/dL; Triglycerides: 158.0 mg/dL; Low Density Lipoprotein Cholesterol: 126.0 mg/dL; High Density Lipoprotein Cholesterol: 54.0 mg/dL; Microalbumin Creatine Ratio: 5.0 mg/g; Hemoglobin A1c/Hemoglobin.total in Blood: 6.4 %; Body Weight: 97.88 kg; Body Mass Index: 31.57 kg/m2. Immunizations: Influenza seasonal injectable preservative free.",1
b41b4a0f-64bf-42a7-8d00-2a26f6dce6ed,"Demographics: born 1960-08-10, gender M, race hispanic, ethnicity puerto_rican. Encounters: Death Certification. Medications: Nitroglycerin 0.4 MG/ACTUAT [Nitrolingual]. Observations: Myocardial Infarction.",0
d3545cd0-80b0-4c34-970f-47fe21275980,"Demographics: born 1974-09-20, gender F, race white, ethnicity irish. Encounters: Encounter for symptom; Outpatient Encounter. Medications: 24 HR Metformin hydrochloride 500 MG Extended Release Oral Tablet; Penicillin V Potassium 500 MG; Nitrofurantoin 5 MG/ML [Furadantin]; Phenazopyridine hydrochloride 100 MG [Pyridium]; Dextromethorphan Hydrobromide 1 MG/ML. Procedures: Throat culture (procedure); Sputum examination (procedure). Observations: Oral temperature: 38.0 Cel; Hemoglobin A1c/Hemoglobin.total in Blood: 8.2 %; Body Height: 167.23 cm; Body Weight: 108.58 kg; Body Mass Index: 38.83 kg/m2; Systolic Blood Pressure: 180.0 mmHg; Diastolic Blood Pressure: 105.0 mmHg; Glucose: 168.0 mg/dL; Urea Nitrogen: 8.0 mg/dL; Creatinine: 1.0 mg/dL; Calcium: 8.66 mg/dL; Sodium: 144.0 mmol/L; Potassium: 3.81 mmol/L; Chloride: 108.0 mmol/L; Carbon Dioxide: 20.0 mmol/L; Total Cholesterol: 248.0 mg/dL; Triglycerides: 319.0 mg/dL; Low Density Lipoprotein Cholesterol: 157.0 mg/dL; High Density Lipoprotein Cholesterol: 27.0 mg/dL; Microalbumin Creatine Ratio: 11.0 mg/g; Estimated Glomerular Filtration Rate: 60.0 mL/min/{1.73_m2}; Hemoglobin A1c/Hemoglobin.total in Blood: 8.6 %; Body Weight: 113.03 kg; Body Mass Index: 40.42 kg/m2; Systolic Blood Pressure: 187.0 mmHg; Diastolic Blood Pressure: 101.0 mmHg; Glucose: 173.0 mg/dL; Urea Nitrogen: 13.0 mg/dL; Calcium: 8.77 mg/dL; Sodium: 140.0 mmol/L; Potassium: 5.11 mmol/L; Chloride: 110.0 mmol/L; Carbon Dioxide: 29.0 mmol/L; Total Cholesterol: 253.0 mg/dL; Triglycerides: 496.0 mg/dL; Low Density Lipoprotein Cholesterol: 133.0 mg/dL; High Density Lipoprotein Cholesterol: 20.0 mg/dL; Microalbumin Creatine Ratio: 1.0 mg/g; Hemoglobin A1c/Hemoglobin.total in Blood: 8.9 %; Body Weight: 116.1 kg. Immunizations: Influenza seasonal injectable preservative free; Td (adult) preservative free.",1
26b77007-0e7d-417b-a64d-67562a49b3ee,"Demographics: born 1959-03-10, gender F, race asian, ethnicity chinese. Encounters: Outpatient Encounter; Encounter for symptom. Medications: 24 HR Metformin hydrochloride 500 MG Extended Release Oral Tablet. Procedures: Documentation of current medications. Observations: Hemoglobin A1c/Hemoglobin.total in Blood: 8.5 %; Body Height: 164.91 cm; Body Weight: 108.5 kg; Body Mass Index: 39.9 kg/m2; Systolic Blood Pressure: 184.0 mmHg; Diastolic Blood Pressure: 111.0 mmHg; Glucose: 198.0 mg/dL; Urea Nitrogen: 19.0 mg/dL; Creatinine: 1.0 mg/dL; Calcium: 8.93 mg/dL; Sodium: 137.0 mmol/L; Potassium: 3.71 mmol/L; Chloride: 102.0 mmol/L; Carbon Dioxide: 25.0 mmol/L; Total Cholesterol: 243.0 mg/dL; Triglycerides: 490.0 mg/dL; Low Density Lipoprotein Cholesterol: 107.0 mg/dL; High Density Lipoprotein Cholesterol: 38.0 mg/dL; Microalbumin Creatine Ratio: 6.0 mg/g; Estimated Glomerular Filtration Rate: 60.0 mL/min/{1.73_m2}; Systolic Blood Pressure: 189.0 mmHg; Diastolic Blood Pressure: 116.0 mmHg; Glucose: 176.0 mg/dL; Urea Nitrogen: 10.0 mg/dL; Calcium: 9.63 mg/dL; Sodium: 143.0 mmol/L; Potassium: 4.14 mmol/L; Chloride: 110.0 mmol/L; Carbon Dioxide: 23.0 mmol/L; Total Cholesterol: 247.0 mg/dL; Triglycerides: 365.0 mg/dL; Low Density Lipoprotein Cholesterol: 137.0 mg/dL; High Density Lipoprotein Cholesterol: 37.0 mg/dL; Microalbumin Creatine Ratio: 16.0 mg/g; Systolic Blood Pressure: 152.0 mmHg; Diastolic Blood Pressure: 113.0 mmHg; Glucose: 145.0 mg/dL; Urea Nitrogen: 12.0 mg/dL; Calcium: 8.98 mg/dL; Sodium: 142.0 mmol/L. Immunizations: Influenza seasonal injectable preservative free; Td (adult) preservative free.",1
6d02131c-f20d-4d4b-8ec1-cc5207c43a9a,"Demographics: born 1967-12-05, gender M, race black, ethnicity african. Encounters: Outpatient Encounter; Encounter for symptom; Emergency hospital admission for asthma; Asthma follow-up. Medications: 120 ACTUAT Fluticasone propionate 0.044 MG/ACTUAT Metered Dose Inhaler; 200 ACTUAT Albuterol 0.09 MG/ACTUAT Metered Dose Inhaler; diphenhydrAMINE Hydrochloride 25 MG Oral Tablet; 24 HR Metformin hydrochloride 500 MG Extended Release Oral Tablet. Procedures: Documentation of current medications. Observations: Hemoglobin A1c/Hemoglobin.total in Blood: 7.4 %; Body Height: 176.45 cm; Body Weight: 91.8 kg; Body Mass Index: 29.49 kg/m2; Systolic Blood Pressure: 100.0 mmHg; Diastolic Blood Pressure: 89.0 mmHg; Glucose: 107.0 mg/dL; Urea Nitrogen: 15.0 mg/dL; Creatinine: 1.0 mg/dL; Calcium: 8.56 mg/dL; Sodium: 144.0 mmol/L; Potassium: 4.81 mmol/L; Chloride: 105.0 mmol/L; Carbon Dioxide: 27.0 mmol/L; Total Cholesterol: 201.0 mg/dL; Triglycerides: 154.0 mg/dL; Low Density Lipoprotein Cholesterol: 118.0 mg/dL; High Density Lipoprotein Cholesterol: 52.0 mg/dL; Microalbumin Creatine Ratio: 6.0 mg/g; Estimated Glomerular Filtration Rate: 60.0 mL/min/{1.73_m2}; Hemoglobin A1c/Hemoglobin.total in Blood: 7.6 %; Body Weight: 95.13 kg; Body Mass Index: 30.56 kg/m2; Systolic Blood Pressure: 126.0 mmHg; Diastolic Blood Pressure: 79.0 mmHg; Urea Nitrogen: 14.0 mg/dL; Calcium: 9.39 mg/dL; Sodium: 136.0 mmol/L; Potassium: 3.78 mmol/L; Chloride: 104.0 mmol/L; Total Cholesterol: 205.0 mg/dL; Low Density Lipoprotein Cholesterol: 131.0 mg/dL; High Density Lipoprotein Cholesterol: 43.0 mg/dL; Microalbumin Creatine Ratio: 17.0 mg/g; Hemoglobin A1c/Hemoglobin.total in Blood: 6.4 %; Body Weight: 98.02 kg; Body Mass Index: 31.48 kg/m2; Diastolic Blood Pressure: 81.0 mmHg; Glucose: 161.0 mg/dL; Urea Nitrogen: 16.0 mg/dL. Allergies: Allergy to nut; Allergy to fish; Allergy to tree pollen; Allergy to grass pollen; Dander (animal) allergy; House dust mite allergy; Allergy to mould. Immunizations: Influenza seasonal injectable preservative free; Td (adult) preservative free.",1
f248ffa6-adbb-47b8-b0ca-e8bd3a93a0c5,"Demographics: born 1958-06-07, gender F, race black, ethnicity african. Encounters: Outpatient Encounter; Encounter for problem; Encounter for 'check-up'. Medications: Penicillin V Potassium 500 MG; Naproxen sodium 220 MG [Aleve]. Procedures: Documentation of current medications; Colonoscopy. Observations: Hemoglobin A1c/Hemoglobin.total in Blood: 5.9 %; Body Height: 157.59 cm; Body Weight: 104.34 kg; Body Mass Index: 42.01 kg/m2; Systolic Blood Pressure: 154.0 mmHg; Diastolic Blood Pressure: 95.0 mmHg; Glucose: 65.0 mg/dL; Urea Nitrogen: 15.0 mg/dL; Creatinine: 1.0 mg/dL; Calcium: 9.84 mg/dL; Sodium: 140.0 mmol/L; Potassium: 3.85 mmol/L; Chloride: 106.0 mmol/L; Carbon Dioxide: 29.0 mmol/L; Estimated Glomerular Filtration Rate: 60.0 mL/min/{1.73_m2}; Hemoglobin A1c/Hemoglobin.total in Blood: 6.0 %; Systolic Blood Pressure: 194.0 mmHg; Diastolic Blood Pressure: 96.0 mmHg; Glucose: 87.0 mg/dL; Urea Nitrogen: 18.0 mg/dL; Calcium: 10.15 mg/dL; Sodium: 139.0 mmol/L; Potassium: 3.77 mmol/L; Carbon Dioxide: 25.0 mmol/L; Hemoglobin A1c/Hemoglobin.total in Blood: 6.2 %; Diastolic Blood Pressure: 117.0 mmHg; Glucose: 88.0 mg/dL; Urea Nitrogen: 7.0 mg/dL; Calcium: 9.08 mg/dL; Sodium: 136.0 mmol/L; Potassium: 4.77 mmol/L; Chloride: 105.0 mmol/L; Carbon Dioxide: 28.0 mmol/L; Total Cholesterol: 171.0 mg/dL; Triglycerides: 128.0 mg/dL; Low Density Lipoprotein Cholesterol: 66.0 mg/dL; High Density Lipoprotein Cholesterol: 79.0 mg/dL; Systolic Blood Pressure: 159.0 mmHg; Diastolic Blood Pressure: 108.0 mmHg; Glucose: 74.0 mg/dL. Immunizations: Influenza seasonal injectable preservative free.",0
513a9ba4-c52a-4167-9695-4283a634c3b9,"Demographics: born 1948-04-30, gender M, race black, ethnicity dominican. Encounters: Outpatient Encounter; Encounter for symptom; Encounter for 'check-up'. Medications: 24 HR Metformin hydrochloride 500 MG Extended Release Oral Tablet; Acetaminophen 160 MG. Procedures: Documentation of current medications; Colonoscopy; Sputum examination (procedure). Observations: Hemoglobin A1c/Hemoglobin.total in Blood: 7.1 %; Body Height: 178.53 cm; Body Weight: 109.66 kg; Body Mass Index: 34.4 kg/m2; Systolic Blood Pressure: 106.0 mmHg; Diastolic Blood Pressure: 74.0 mmHg; Glucose: 118.0 mg/dL; Urea Nitrogen: 16.0 mg/dL; Creatinine: 1.0 mg/dL; Calcium: 9.17 mg/dL; Sodium: 143.0 mmol/L; Potassium: 3.94 mmol/L; Chloride: 105.0 mmol/L; Carbon Dioxide: 27.0 mmol/L; Total Cholesterol: 222.0 mg/dL; Triglycerides: 193.0 mg/dL; Low Density Lipoprotein Cholesterol: 124.0 mg/dL; High Density Lipoprotein Cholesterol: 59.0 mg/dL; Microalbumin Creatine Ratio: 15.0 mg/g; Estimated Glomerular Filtration Rate: 60.0 mL/min/{1.73_m2}; Hemoglobin A1c/Hemoglobin.total in Blood: 7.0 %; Body Weight: 108.65 kg; Body Mass Index: 34.09 kg/m2; Systolic Blood Pressure: 109.0 mmHg; Diastolic Blood Pressure: 70.0 mmHg; Glucose: 117.0 mg/dL; Urea Nitrogen: 13.0 mg/dL; Calcium: 9.81 mg/dL; Sodium: 140.0 mmol/L; Potassium: 5.13 mmol/L; Chloride: 101.0 mmol/L; Carbon Dioxide: 28.0 mmol/L; Total Cholesterol: 205.0 mg/dL; Triglycerides: 180.0 mg/dL; Low Density Lipoprotein Cholesterol: 122.0 mg/dL; High Density Lipoprotein Cholesterol: 47.0 mg/dL; Microalbumin Creatine Ratio: 7.0 mg/g; Hemoglobin A1c/Hemoglobin.total in Blood: 6.9 %; Body Weight: 106.9 kg; Body Mass Index: 33.54 kg/m2. Immunizations: Influenza seasonal injectable preservative free; Pneumococcal conjugate PCV 13; pneumococcal polysaccharide vaccine 23 valent.",1
30340c71-4167-4b94-bbe7-44dac6639219,"Demographics: born 1981-02-04, gender F, race asian, ethnicity chinese. Encounters: Outpatient Encounter; Prenatal initial visit; Patient-initiated encounter; Prenatal visit; Obstetric emergency hospital admission; Consultation for treatment; Admission to surgical department; Emergency room admission. Medications: Ibuprofen 200 MG Oral Tablet. Procedures: Standard pregnancy test; Induced termination of pregnancy; Medical induction of labor; Cesarean section; Bilateral tubal ligation. Observations: Hemoglobin A1c/Hemoglobin.total in Blood: 6.6 %; Body Height: 175.46 cm; Body Weight: 68.25 kg; Body Mass Index: 22.17 kg/m2; Systolic Blood Pressure: 151.0 mmHg; Diastolic Blood Pressure: 116.0 mmHg; Glucose: 106.0 mg/dL; Urea Nitrogen: 17.0 mg/dL; Creatinine: 1.0 mg/dL; Calcium: 9.56 mg/dL; Sodium: 136.0 mmol/L; Potassium: 5.1 mmol/L; Chloride: 102.0 mmol/L; Carbon Dioxide: 28.0 mmol/L; Total Cholesterol: 214.0 mg/dL; Triglycerides: 198.0 mg/dL; Low Density Lipoprotein Cholesterol: 130.0 mg/dL; High Density Lipoprotein Cholesterol: 44.0 mg/dL; Microalbumin Creatine Ratio: 12.0 mg/g; Estimated Glomerular Filtration Rate: 60.0 mL/min/{1.73_m2}; Body Weight: 72.3 kg; Body Mass Index: 23.48 kg/m2; Systolic Blood Pressure: 199.0 mmHg; Diastolic Blood Pressure: 99.0 mmHg; Glucose: 105.0 mg/dL; Urea Nitrogen: 13.0 mg/dL; Calcium: 9.54 mg/dL; Sodium: 139.0 mmol/L; Potassium: 5.03 mmol/L; Chloride: 105.0 mmol/L; Carbon Dioxide: 24.0 mmol/L; Total Cholesterol: 220.0 mg/dL; Triglycerides: 195.0 mg/dL; Low Density Lipoprotein Cholesterol: 124.0 mg/dL; High Density Lipoprotein Cholesterol: 57.0 mg/dL; Microalbumin Creatine Ratio: 10.0 mg/g. Immunizations: Influenza seasonal injectable preservative free; Td (adult) preservative free.",1
dbaf3b3a-dbee-41c4-8ad5-cfcb791908e7,"Demographics: born 1921-01-05, gender M, race white, ethnicity irish. Encounters: Encounter for symptom; Outpatient Encounter. Medications: Penicillin V Potassium 250 MG; 24 HR Metformin hydrochloride 500 MG Extended Release Oral Tablet; insulin human isophane 70 UNT/ML / Regular Insulin Human 30 UNT/ML Injectable Suspension [Humulin]; Penicillin V Potassium 500 MG. Observations: Oral temperature: 37.0 Cel; Hemoglobin A1c/Hemoglobin.total in Blood: 2.1 %; Body Height: 190.18 cm; Body Weight: 87.62 kg; Body Mass Index: 24.22 kg/m2; Systolic Blood Pressure: 126.0 mmHg; Diastolic Blood Pressure: 82.0 mmHg; Glucose: 104.0 mg/dL; Urea Nitrogen: 12.0 mg/dL; Creatinine: 1.0 mg/dL; Calcium: 9.01 mg/dL; Sodium: 137.0 mmol/L; Potassium: 3.94 mmol/L; Chloride: 107.0 mmol/L; Carbon Dioxide: 20.0 mmol/L; Total Cholesterol: 207.0 mg/dL; Triglycerides: 155.0 mg/dL; Low Density Lipoprotein Cholesterol: 124.0 mg/dL; High Density Lipoprotein Cholesterol: 52.0 mg/dL; Microalbumin Creatine Ratio: 169.0 mg/g; Estimated Glomerular Filtration Rate: 60.0 mL/min/{1.73_m2}. Immunizations: Influenza seasonal injectable preservative free.",1
5577bde3-9ce8-4130-8fb7-66ba84cae6e6,"Demographics: born 1981-08-21, gender M, race white, ethnicity german. Encounters: Encounter for symptom; Outpatient Encounter; Emergency Room Admission. Medications: Penicillin V Potassium 250 MG; Amoxicillin 250 MG / Clavulanate 125 MG [Augmentin]; Naproxen sodium 220 MG Oral Tablet. Procedures: Documentation of current medications; Suture open wound. Observations: Body Height: 172.13 cm; Body Weight: 89.43 kg; Body Mass Index: 30.18 kg/m2; Systolic Blood Pressure: 100.0 mmHg; Diastolic Blood Pressure: 79.0 mmHg; Total Cholesterol: 164.0 mg/dL; Triglycerides: 104.0 mg/dL; Low Density Lipoprotein Cholesterol: 80.0 mg/dL; High Density Lipoprotein Cholesterol: 63.0 mg/dL; Body Weight: 94.43 kg; Body Mass Index: 31.87 kg/m2; Systolic Blood Pressure: 102.0 mmHg; Diastolic Blood Pressure: 76.0 mmHg. Immunizations: Influenza seasonal injectable preservative free; Td (adult) preservative free.",0
3fe3d265-5557-4ba3-8471-fba2c0a39661,"Demographics: born 1925-05-19, gender F, race black, ethnicity african. Encounters: Death Certification. Medications: Penicillin V Potassium 250 MG; Acetaminophen 325 MG / oxyCODONE Hydrochloride 5 MG Oral Tablet; Fluticasone propionate 0.25 MG/ACTUAT / salmeterol 0.05 MG/ACTUAT [Advair]; 24 HR Metformin hydrochloride 500 MG Extended Release Oral Tablet; Naproxen sodium 220 MG [Aleve]; Insulin Lispro 100 UNT/ML Injectable Solution [Humalog]. Observations: Chronic obstructive bronchitis (disorder).",1
7294c6f2-db71-4c70-8622-3b8c3df92534,"Demographics: born 1965-05-08, gender M, race black, ethnicity west_indian. Encounters: Outpatient Encounter; Encounter for 'check-up'; Encounter for symptom. Medications: Penicillin V Potassium 500 MG; 24 HR Metformin hydrochloride 500 MG Extended Release Oral Tablet. Procedures: Documentation of current medications; Colonoscopy. Observations: Hemoglobin A1c/Hemoglobin.total in Blood: 7.2 %; Body Height: 176.45 cm; Body Weight: 107.86 kg; Body Mass Index: 34.64 kg/m2; Systolic Blood Pressure: 140.0 mmHg; Diastolic Blood Pressure: 94.0 mmHg; Glucose: 120.0 mg/dL; Urea Nitrogen: 13.0 mg/dL; Creatinine: 1.0 mg/dL; Calcium: 9.35 mg/dL; Sodium: 140.0 mmol/L; Potassium: 4.19 mmol/L; Chloride: 102.0 mmol/L; Carbon Dioxide: 26.0 mmol/L; Total Cholesterol: 211.0 mg/dL; Triglycerides: 197.0 mg/dL; Low Density Lipoprotein Cholesterol: 124.0 mg/dL; High Density Lipoprotein Cholesterol: 47.0 mg/dL; Microalbumin Creatine Ratio: 5.0 mg/g; Estimated Glomerular Filtration Rate: 60.0 mL/min/{1.73_m2}; Hemoglobin A1c/Hemoglobin.total in Blood: 7.4 %; Body Weight: 111.25 kg; Body Mass Index: 35.73 kg/m2; Systolic Blood Pressure: 153.0 mmHg; Diastolic Blood Pressure: 113.0 mmHg; Glucose: 108.0 mg/dL; Urea Nitrogen: 7.0 mg/dL; Calcium: 9.69 mg/dL; Potassium: 3.78 mmol/L; Chloride: 111.0 mmol/L; Carbon Dioxide: 28.0 mmol/L; Total Cholesterol: 221.0 mg/dL; Triglycerides: 196.0 mg/dL; Low Density Lipoprotein Cholesterol: 128.0 mg/dL; High Density Lipoprotein Cholesterol: 53.0 mg/dL; Microalbumin Creatine Ratio: 4.0 mg/g; Hemoglobin A1c/Hemoglobin.total in Blood: 7.7 %; Body Weight: 114.92 kg; Body Mass Index: 36.91 kg/m2; Systolic Blood Pressure: 179.0 mmHg. Immunizations: Influenza seasonal injectable preservative free; Td (adult) preservative free.",1
4d1311f8-c1b0-44aa-aa7b-589917dc9466,"Demographics: born 1932-09-22, gender F, race white, ethnicity french. Encounters: Outpatient Encounter; Encounter for symptom. Medications: Penicillin V Potassium 250 MG; Alendronic acid 10 MG [Fosamax]; Naproxen sodium 220 MG [Aleve]; Acetaminophen 160 MG. Procedures: Documentation of current medications; Plain chest X-ray (procedure). Observations: Body Height: 165.34 cm; Body Weight: 61.37 kg; Body Mass Index: 22.45 kg/m2; Systolic Blood Pressure: 120.0 mmHg; Diastolic Blood Pressure: 81.0 mmHg; Body Weight: 59.93 kg; Body Mass Index: 21.92 kg/m2; Systolic Blood Pressure: 109.0 mmHg; Diastolic Blood Pressure: 71.0 mmHg. Immunizations: Influenza seasonal injectable preservative free.",0
e2c748cc-552f-40eb-80cb-5772fc1db9d3,"Demographics: born 1959-09-19, gender M, race hispanic, ethnicity central_american. Encounters: Outpatient Encounter; Encounter for 'check-up'. Medications: Penicillin V Potassium 500 MG; 24 HR Metformin hydrochloride 500 MG Extended Release Oral Tablet; Insulin Lispro 100 UNT/ML Injectable Solution [Humalog]. Procedures: Documentation of current medications; Colonoscopy. Observations: Hemoglobin A1c/Hemoglobin.total in Blood: 3.4 %; Body Height: 175.33 cm; Body Weight: 134.46 kg; Body Mass Index: 43.74 kg/m2; Systolic Blood Pressure: 160.0 mmHg; Diastolic Blood Pressure: 104.0 mmHg; Glucose: 73.0 mg/dL; Urea Nitrogen: 15.0 mg/dL; Creatinine: 1.0 mg/dL; Calcium: 9.61 mg/dL; Sodium: 144.0 mmol/L; Potassium: 4.53 mmol/L; Chloride: 103.0 mmol/L; Carbon Dioxide: 22.0 mmol/L; Total Cholesterol: 182.0 mg/dL; Triglycerides: 143.0 mg/dL; Low Density Lipoprotein Cholesterol: 88.0 mg/dL; High Density Lipoprotein Cholesterol: 65.0 mg/dL; Microalbumin Creatine Ratio: 30.0 mg/g; Estimated Glomerular Filtration Rate: 60.0 mL/min/{1.73_m2}; Systolic Blood Pressure: 148.0 mmHg; Diastolic Blood Pressure: 116.0 mmHg; Glucose: 93.0 mg/dL; Urea Nitrogen: 11.0 mg/dL; Calcium: 10.06 mg/dL; Sodium: 141.0 mmol/L; Potassium: 3.77 mmol/L; Chloride: 109.0 mmol/L; Carbon Dioxide: 29.0 mmol/L; Total Cholesterol: 191.0 mg/dL; Triglycerides: 135.0 mg/dL; Low Density Lipoprotein Cholesterol: 99.0 mg/dL; Microalbumin Creatine Ratio: 23.0 mg/g; Systolic Blood Pressure: 141.0 mmHg; Diastolic Blood Pressure: 99.0 mmHg; Urea Nitrogen: 20.0 mg/dL; Calcium: 9.9 mg/dL; Sodium: 137.0 mmol/L; Potassium: 5.12 mmol/L; Chloride: 104.0 mmol/L. Immunizations: Influenza seasonal injectable preservative free; Td (adult) preservative free.",1
14883302-f80f-4854-9bfc-1bc9ad2cf30c,"Demographics: born 1972-02-13, gender M, race white, ethnicity polish. Encounters: Outpatient Encounter; Encounter for symptom. Medications: Penicillin V Potassium 250 MG; Dextromethorphan Hydrobromide 1 MG/ML. Procedures: Throat culture (procedure); Sputum examination (procedure). Observations: Body Height: 190.18 cm; Body Weight: 97.68 kg; Body Mass Index: 27.01 kg/m2; Systolic Blood Pressure: 138.0 mmHg; Diastolic Blood Pressure: 70.0 mmHg; Body Weight: 100.09 kg; Body Mass Index: 27.67 kg/m2; Systolic Blood Pressure: 113.0 mmHg; Diastolic Blood Pressure: 84.0 mmHg; Total Cholesterol: 164.0 mg/dL; Triglycerides: 143.0 mg/dL; Low Density Lipoprotein Cholesterol: 71.0 mg/dL; High Density Lipoprotein Cholesterol: 64.0 mg/dL; Oral temperature: 38.0 Cel; Body Weight: 102.33 kg; Body Mass Index: 28.29 kg/m2; Diastolic Blood Pressure: 74.0 mmHg. Immunizations: Influenza seasonal injectable preservative free; Td (adult) preservative free.",0
9f92aac7-3b12-450d-9893-79d7276e0b5d,"Demographics: born 1980-11-24, gender F, race white, ethnicity portuguese. Encounters: Emergency room admission; Encounter for symptom; Encounter for 'check-up'; Domiciliary or rest home patient evaluation and management; Outpatient Encounter. Medications: Astemizole 10 MG Oral Tablet; Acetaminophen 160 MG. Procedures: Measurement of respiratory function (procedure); Information gathering (procedure); Documentation of current medications. Observations: Sexual orientation: heterosexual {nominal}; HIV status: not HIV positive {nominal}; Abuse Status [OMAHA]: No signs/symptoms {nominal}; Housing status: Patient is homeless {nominal}; Are you covered by health insurance or some other kind of health care plan [PhenX]: No {nominal}; History of Hospitalizations+​Outpatient visits: 2.0 {count}; Body Height: 166.5 cm; Body Weight: 77.83 kg; Body Mass Index: 28.07 kg/m2; Systolic Blood Pressure: 117.0 mmHg; Diastolic Blood Pressure: 84.0 mmHg; Total Cholesterol: 195.0 mg/dL; Triglycerides: 135.0 mg/dL; Low Density Lipoprotein Cholesterol: 108.0 mg/dL; High Density Lipoprotein Cholesterol: 60.0 mg/dL; Body Weight: 82.57 kg; Body Mass Index: 29.78 kg/m2; Systolic Blood Pressure: 138.0 mmHg; Diastolic Blood Pressure: 89.0 mmHg; Total Cholesterol: 200.0 mg/dL; Triglycerides: 148.0 mg/dL; Low Density Lipoprotein Cholesterol: 104.0 mg/dL; High Density Lipoprotein Cholesterol: 66.0 mg/dL. Allergies: Shellfish allergy; Allergy to mould. Immunizations: Influenza seasonal injectable preservative free; Td (adult) preservative free.",0
52408b7a-f0f2-4150-ac8b-0ab30331ff0e,"Demographics: born 1929-09-20, gender F, race white, ethnicity irish. Encounters: Death Certification. Medications: Penicillin V Potassium 250 MG; Penicillin V Potassium 500 MG; Donepezil hydrochloride 10 MG [Aricept]; Memantine hydrochloride 2 MG/ML [Namenda]. Observations: Pneumonia.",0
ba519219-5e63-4828-b2f7-8ad423d4c090,"Demographics: born 1929-11-10, gender M, race white, ethnicity irish. Encounters: Outpatient Encounter; Encounter for symptom; Emergency room admission; Encounter for 'check-up'. Medications: 24 HR Metformin hydrochloride 500 MG Extended Release Oral Tablet; Ibuprofen 200 MG Oral Tablet. Procedures: Documentation of current medications; Admission to orthopedic department. Observations: Hemoglobin A1c/Hemoglobin.total in Blood: 8.0 %; Body Height: 172.09 cm; Body Weight: 113.03 kg; Body Mass Index: 38.16 kg/m2; Systolic Blood Pressure: 169.0 mmHg; Diastolic Blood Pressure: 115.0 mmHg; Glucose: 188.0 mg/dL; Urea Nitrogen: 13.0 mg/dL; Creatinine: 1.0 mg/dL; Calcium: 8.65 mg/dL; Sodium: 143.0 mmol/L; Potassium: 4.11 mmol/L; Chloride: 104.0 mmol/L; Carbon Dioxide: 29.0 mmol/L; Total Cholesterol: 241.0 mg/dL; Triglycerides: 262.0 mg/dL; Low Density Lipoprotein Cholesterol: 167.0 mg/dL; High Density Lipoprotein Cholesterol: 21.0 mg/dL; Microalbumin Creatine Ratio: 14.0 mg/g; Estimated Glomerular Filtration Rate: 60.0 mL/min/{1.73_m2}; Hemoglobin A1c/Hemoglobin.total in Blood: 7.9 %; Body Weight: 111.54 kg; Body Mass Index: 37.66 kg/m2; Systolic Blood Pressure: 150.0 mmHg; Diastolic Blood Pressure: 97.0 mmHg; Glucose: 152.0 mg/dL; Calcium: 9.75 mg/dL; Sodium: 139.0 mmol/L; Potassium: 4.7 mmol/L; Chloride: 111.0 mmol/L; Carbon Dioxide: 27.0 mmol/L; Total Cholesterol: 252.0 mg/dL; Triglycerides: 432.0 mg/dL; Low Density Lipoprotein Cholesterol: 137.0 mg/dL; High Density Lipoprotein Cholesterol: 28.0 mg/dL; Hemoglobin A1c/Hemoglobin.total in Blood: 7.8 %; Body Weight: 109.98 kg; Body Mass Index: 37.14 kg/m2; Systolic Blood Pressure: 155.0 mmHg; Diastolic Blood Pressure: 96.0 mmHg. Immunizations: Influenza seasonal injectable preservative free; Td (adult) preservative free.",1
b28fd815-4e2f-4c41-bbad-0463578c5724,"Demographics: born 1974-01-24, gender M, race white, ethnicity portuguese. Encounters: Outpatient Encounter; Encounter for symptom. Medications: Penicillin V Potassium 250 MG; Acetaminophen 160 MG; Penicillin V Potassium 500 MG. Procedures: Measurement of respiratory function (procedure). Observations: Body Height: 174.25 cm; Body Weight: 94.61 kg; Body Mass Index: 31.16 kg/m2; Systolic Blood Pressure: 107.0 mmHg; Diastolic Blood Pressure: 79.0 mmHg; Total Cholesterol: 180.0 mg/dL; Triglycerides: 125.0 mg/dL; Low Density Lipoprotein Cholesterol: 87.0 mg/dL; High Density Lipoprotein Cholesterol: 68.0 mg/dL; Body Weight: 99.18 kg; Body Mass Index: 32.67 kg/m2; Systolic Blood Pressure: 121.0 mmHg; Diastolic Blood Pressure: 70.0 mmHg; Total Cholesterol: 163.0 mg/dL; Triglycerides: 116.0 mg/dL; Low Density Lipoprotein Cholesterol: 60.0 mg/dL; High Density Lipoprotein Cholesterol: 79.0 mg/dL; Oral temperature: 38.83 Cel; Body Weight: 101.56 kg; Body Mass Index: 33.45 kg/m2; Systolic Blood Pressure: 135.0 mmHg; Diastolic Blood Pressure: 82.0 mmHg. Immunizations: Influenza seasonal injectable preservative free; Td (adult) preservative free.",0
78b0a11f-de20-48f2-ae34-78940641f54a,"Demographics: born 2000-11-17, gender F, race white, ethnicity german. Encounters: Outpatient Encounter; Encounter for symptom; Consultation for treatment. Medications: Amoxicillin 250 MG / Clavulanate 125 MG [Augmentin]; Dextromethorphan Hydrobromide 1 MG/ML; Natazia 28 Day Pack. Procedures: Documentation of current medications. Observations: Body Height: 146.14 cm; Body Weight: 31.49 kg; Body Mass Index: 14.75 kg/m2; Systolic Blood Pressure: 128.0 mmHg; Diastolic Blood Pressure: 80.0 mmHg; Body Height: 152.35 cm; Body Weight: 35.13 kg; Body Mass Index: 15.14 kg/m2; Systolic Blood Pressure: 115.0 mmHg; Diastolic Blood Pressure: 73.0 mmHg; Body Height: 160.47 cm; Body Weight: 39.88 kg; Body Mass Index: 15.49 kg/m2; Systolic Blood Pressure: 139.0 mmHg; Diastolic Blood Pressure: 83.0 mmHg; Body Height: 163.79 cm; Body Weight: 42.46 kg; Body Mass Index: 15.83 kg/m2; Systolic Blood Pressure: 121.0 mmHg; Diastolic Blood Pressure: 87.0 mmHg; Body Height: 164.99 cm; Body Weight: 43.68 kg; Body Mass Index: 16.04 kg/m2; Systolic Blood Pressure: 135.0 mmHg; Diastolic Blood Pressure: 81.0 mmHg; Body Height: 167.1 cm; Body Weight: 46.63 kg; Body Mass Index: 16.7 kg/m2; Systolic Blood Pressure: 137.0 mmHg; Diastolic Blood Pressure: 76.0 mmHg; Body Height: 168.14 cm; Body Weight: 48.94 kg; Body Mass Index: 17.31 kg/m2; Systolic Blood Pressure: 107.0 mmHg; Diastolic Blood Pressure: 82.0 mmHg; Body Height: 168.65 cm; Body Weight: 50.47 kg; Body Mass Index: 17.74 kg/m2; Systolic Blood Pressure: 110.0 mmHg. Immunizations: Influenza seasonal injectable preservative free; meningococcal MCV4P; Tdap; HPV quadrivalent.",0
f1032c84-0261-44ed-9a73-79ea4570083a,"Demographics: born 1952-04-13, gender F, race hispanic, ethnicity puerto_rican. Encounters: Encounter for symptom; Emergency room admission; Outpatient Encounter. Medications: Penicillin V Potassium 250 MG; 24 HR Metformin hydrochloride 500 MG Extended Release Oral Tablet; Naproxen sodium 220 MG Oral Tablet; Acetaminophen 160 MG. Procedures: Documentation of current medications. Observations: Hemoglobin A1c/Hemoglobin.total in Blood: 8.9 %; Body Height: 160.49 cm; Body Weight: 106.97 kg; Body Mass Index: 41.53 kg/m2; Systolic Blood Pressure: 142.0 mmHg; Diastolic Blood Pressure: 109.0 mmHg; Glucose: 182.0 mg/dL; Urea Nitrogen: 17.0 mg/dL; Creatinine: 1.0 mg/dL; Calcium: 9.81 mg/dL; Sodium: 138.0 mmol/L; Potassium: 4.82 mmol/L; Chloride: 106.0 mmol/L; Carbon Dioxide: 21.0 mmol/L; Total Cholesterol: 257.0 mg/dL; Triglycerides: 486.0 mg/dL; Low Density Lipoprotein Cholesterol: 134.0 mg/dL; High Density Lipoprotein Cholesterol: 25.0 mg/dL; Microalbumin Creatine Ratio: 1.0 mg/g; Estimated Glomerular Filtration Rate: 60.0 mL/min/{1.73_m2}; Systolic Blood Pressure: 182.0 mmHg; Glucose: 147.0 mg/dL; Urea Nitrogen: 19.0 mg/dL; Calcium: 10.17 mg/dL; Sodium: 137.0 mmol/L; Potassium: 4.28 mmol/L; Chloride: 109.0 mmol/L; Carbon Dioxide: 22.0 mmol/L; Total Cholesterol: 252.0 mg/dL; Triglycerides: 398.0 mg/dL; Low Density Lipoprotein Cholesterol: 132.0 mg/dL; High Density Lipoprotein Cholesterol: 40.0 mg/dL; Microalbumin Creatine Ratio: 11.0 mg/g; Hemoglobin A1c/Hemoglobin.total in Blood: 8.6 %; Body Weight: 104.02 kg; Body Mass Index: 40.39 kg/m2; Systolic Blood Pressure: 143.0 mmHg; Diastolic Blood Pressure: 100.0 mmHg; Glucose: 133.0 mg/dL; Urea Nitrogen: 20.0 mg/dL. Immunizations: Influenza seasonal injectable preservative free; Td (adult) preservative free; zoster.",1
a0610c4c-0b49-4824-ad34-bc25b78b2916,"Demographics: born 1954-01-07, gender M, race black, ethnicity dominican. Encounters: Death Certification. Medications: 24 HR Metformin hydrochloride 500 MG Extended Release Oral Tablet; Clopidogrel 75 MG Oral Tablet; Simvastatin 20 MG Oral Tablet; Amlodipine 5 MG Oral Tablet; Nitroglycerin 0.4 MG/ACTUAT [Nitrolingual]. Observations: Non-small cell lung cancer (disorder).",1
b6e21406-e1a8-4a84-97c8-e05d4b193163,"Demographics: born 1948-01-23, gender M, race hispanic, ethnicity mexican. Encounters: Encounter for symptom; Outpatient Encounter; Encounter for 'check-up'; Emergency room admission. Medications: diphenhydrAMINE Hydrochloride 25 MG Oral Tablet; 24 HR Metformin hydrochloride 500 MG Extended Release Oral Tablet; insulin human isophane 70 UNT/ML / Regular Insulin Human 30 UNT/ML Injectable Suspension [Humulin]; Naproxen sodium 220 MG [Aleve]; Acetaminophen 160 MG; Acetaminophen 325 MG / HYDROcodone Bitartrate 7.5 MG Oral Tablet; Naproxen sodium 220 MG Oral Tablet. Procedures: Documentation of current medications; Measurement of respiratory function (procedure); Colonoscopy; Admission to orthopedic department; Bone density scan (procedure). Observations: Hemoglobin A1c/Hemoglobin.total in Blood: 4.6 %; Body Height: 174.91 cm; Body Weight: 111.25 kg; Body Mass Index: 36.36 kg/m2; Systolic Blood Pressure: 105.0 mmHg; Diastolic Blood Pressure: 82.0 mmHg; Glucose: 136.0 mg/dL; Urea Nitrogen: 12.0 mg/dL; Creatinine: 1.0 mg/dL; Calcium: 9.86 mg/dL; Sodium: 139.0 mmol/L; Potassium: 4.19 mmol/L; Chloride: 103.0 mmol/L; Carbon Dioxide: 27.0 mmol/L; Total Cholesterol: 242.0 mg/dL; Triglycerides: 218.0 mg/dL; Low Density Lipoprotein Cholesterol: 172.0 mg/dL; High Density Lipoprotein Cholesterol: 26.0 mg/dL; Microalbumin Creatine Ratio: 153.0 mg/g; Estimated Glomerular Filtration Rate: 60.0 mL/min/{1.73_m2}; Hemoglobin A1c/Hemoglobin.total in Blood: 4.5 %; Body Weight: 109.78 kg; Body Mass Index: 35.88 kg/m2; Systolic Blood Pressure: 136.0 mmHg; Diastolic Blood Pressure: 77.0 mmHg; Glucose: 192.0 mg/dL; Urea Nitrogen: 17.0 mg/dL; Calcium: 8.94 mg/dL; Sodium: 137.0 mmol/L; Potassium: 4.35 mmol/L; Chloride: 109.0 mmol/L; Total Cholesterol: 250.0 mg/dL; Triglycerides: 452.0 mg/dL; Low Density Lipoprotein Cholesterol: 127.0 mg/dL; High Density Lipoprotein Cholesterol: 32.0 mg/dL; Microalbumin Creatine Ratio: 53.0 mg/g; Hemoglobin A1c/Hemoglobin.total in Blood: 4.3 %; Body Weight: 107.97 kg; Body Mass Index: 35.29 kg/m2; Systolic Blood Pressure: 125.0 mmHg. Allergies: Allergy to nut; Shellfish allergy. Immunizations: Influenza seasonal injectable preservative free; Pneumococcal conjugate PCV 13; pneumococcal polysaccharide vaccine 23 valent.",1
e45bd36d-1784-4a8b-b3ba-2c89c3c79d08,"Demographics: born 1930-04-14, gender M, race black, ethnicity west_indian. Encounters: Death Certification. Medications: Penicillin V Potassium 250 MG; 24 HR Metformin hydrochloride 500 MG Extended Release Oral Tablet; insulin human isophane 70 UNT/ML / Regular Insulin Human 30 UNT/ML Injectable Suspension [Humulin]; Donepezil hydrochloride 10 MG [Aricept]. Observations: End stage renal disease.",1
d5a2c7e2-6251-47c0-a512-00335e55815a,"Demographics: born 1970-08-04, gender M, race white, ethnicity irish. Encounters: Outpatient Encounter. Medications: Penicillin V Potassium 250 MG. Procedures: Documentation of current medications. Observations: Body Height: 164.39 cm; Body Weight: 93.19 kg; Body Mass Index: 34.48 kg/m2; Systolic Blood Pressure: 171.0 mmHg; Diastolic Blood Pressure: 118.0 mmHg; Estimated Glomerular Filtration Rate: 60.0 mL/min/{1.73_m2}; Hemoglobin A1c/Hemoglobin.total in Blood: 6.3 %; Body Weight: 95.46 kg; Body Mass Index: 35.33 kg/m2; Systolic Blood Pressure: 158.0 mmHg; Diastolic Blood Pressure: 95.0 mmHg; Glucose: 77.0 mg/dL; Urea Nitrogen: 15.0 mg/dL; Creatinine: 1.0 mg/dL; Calcium: 9.53 mg/dL; Sodium: 143.0 mmol/L; Potassium: 4.95 mmol/L; Chloride: 111.0 mmol/L; Carbon Dioxide: 21.0 mmol/L; Total Cholesterol: 161.0 mg/dL; Triglycerides: 144.0 mg/dL; Low Density Lipoprotein Cholesterol: 61.0 mg/dL; High Density Lipoprotein Cholesterol: 71.0 mg/dL; Hemoglobin A1c/Hemoglobin.total in Blood: 6.4 %; Body Weight: 99.0 kg; Body Mass Index: 36.63 kg/m2; Systolic Blood Pressure: 175.0 mmHg; Diastolic Blood Pressure: 110.0 mmHg; Glucose: 83.0 mg/dL; Sodium: 144.0 mmol/L; Potassium: 4.39 mmol/L; Chloride: 103.0 mmol/L; Carbon Dioxide: 29.0 mmol/L; Hemoglobin A1c/Hemoglobin.total in Blood: 5.9 %; Body Weight: 102.35 kg; Body Mass Index: 37.87 kg/m2; Systolic Blood Pressure: 157.0 mmHg; Diastolic Blood Pressure: 107.0 mmHg; Glucose: 98.0 mg/dL; Urea Nitrogen: 18.0 mg/dL. Immunizations: Influenza seasonal injectable preservative free; Td (adult) preservative free.",0
18dde8d0-793f-4447-963e-3bd69deaf110,"Demographics: born 1984-03-11, gender M, race white, ethnicity italian. Encounters: Outpatient Encounter; Encounter for symptom. Medications: Amoxicillin 250 MG / Clavulanate 125 MG [Augmentin]; Dextromethorphan Hydrobromide 1 MG/ML; 24 HR Metformin hydrochloride 500 MG Extended Release Oral Tablet. Procedures: Sputum examination (procedure). Observations: Body Height: 163.33 cm; Body Weight: 74.66 kg; Body Mass Index: 27.99 kg/m2; Systolic Blood Pressure: 122.0 mmHg; Diastolic Blood Pressure: 74.0 mmHg; Hemoglobin A1c/Hemoglobin.total in Blood: 7.3 %; Body Weight: 77.77 kg; Body Mass Index: 29.15 kg/m2; Systolic Blood Pressure: 106.0 mmHg; Diastolic Blood Pressure: 78.0 mmHg; Glucose: 78.0 mg/dL; Urea Nitrogen: 12.0 mg/dL; Creatinine: 1.0 mg/dL; Calcium: 9.44 mg/dL; Sodium: 143.0 mmol/L; Potassium: 4.37 mmol/L; Chloride: 110.0 mmol/L; Carbon Dioxide: 27.0 mmol/L; Total Cholesterol: 175.0 mg/dL; Triglycerides: 104.0 mg/dL; Low Density Lipoprotein Cholesterol: 76.0 mg/dL; High Density Lipoprotein Cholesterol: 78.0 mg/dL; Microalbumin Creatine Ratio: 5.0 mg/g; Estimated Glomerular Filtration Rate: 60.0 mL/min/{1.73_m2}; Hemoglobin A1c/Hemoglobin.total in Blood: 7.6 %; Body Weight: 81.53 kg; Body Mass Index: 30.56 kg/m2; Systolic Blood Pressure: 108.0 mmHg; Diastolic Blood Pressure: 86.0 mmHg; Glucose: 117.0 mg/dL; Urea Nitrogen: 16.0 mg/dL; Calcium: 9.78 mg/dL; Sodium: 139.0 mmol/L; Potassium: 4.89 mmol/L; Chloride: 101.0 mmol/L; Carbon Dioxide: 21.0 mmol/L; Total Cholesterol: 225.0 mg/dL; Triglycerides: 193.0 mg/dL; Low Density Lipoprotein Cholesterol: 130.0 mg/dL; High Density Lipoprotein Cholesterol: 56.0 mg/dL. Immunizations: Influenza seasonal injectable preservative free; Td (adult) preservative free.",1
5f28e512-3a27-42a6-9c36-024de096b720,"Demographics: born 1930-02-05, gender M, race black, ethnicity west_indian. Encounters: Death Certification. Medications: Penicillin V Potassium 500 MG; Fluticasone propionate 0.25 MG/ACTUAT / salmeterol 0.05 MG/ACTUAT [Advair]; insulin human isophane 70 UNT/ML / Regular Insulin Human 30 UNT/ML Injectable Suspension [Humulin]. Observations: Pulmonary emphysema (disorder).",1
24d0d32b-c151-44a4-8162-89246672b363,"Demographics: born 1957-11-19, gender M, race white, ethnicity italian. Encounters: Outpatient Encounter; Encounter for problem; Encounter for symptom; Encounter for 'check-up'. Medications: Penicillin V Potassium 250 MG; Fluticasone propionate 0.25 MG/ACTUAT / salmeterol 0.05 MG/ACTUAT [Advair]; Acetaminophen 160 MG. Procedures: Spirometry (procedure); Documentation of current medications; Colonoscopy; Pulmonary rehabilitation (regime/therapy); Measurement of respiratory function (procedure). Observations: FEV1/​FVC: 35.0 %; Body Height: 175.82 cm; Body Weight: 120.94 kg; Body Mass Index: 39.12 kg/m2; Systolic Blood Pressure: 118.0 mmHg; Diastolic Blood Pressure: 73.0 mmHg; Total Cholesterol: 181.0 mg/dL; Triglycerides: 131.0 mg/dL; Low Density Lipoprotein Cholesterol: 81.0 mg/dL; High Density Lipoprotein Cholesterol: 73.0 mg/dL; FEV1/​FVC: 45.0 %; Systolic Blood Pressure: 101.0 mmHg; Diastolic Blood Pressure: 89.0 mmHg; FEV1/​FVC: 26.0 %; Systolic Blood Pressure: 106.0 mmHg; FEV1/​FVC: 27.0 %; Systolic Blood Pressure: 107.0 mmHg; Diastolic Blood Pressure: 81.0 mmHg; Total Cholesterol: 190.0 mg/dL; Triglycerides: 118.0 mg/dL; Low Density Lipoprotein Cholesterol: 105.0 mg/dL; High Density Lipoprotein Cholesterol: 61.0 mg/dL; Oral temperature: 37.0 Cel; FEV1/​FVC: 22.0 %; Systolic Blood Pressure: 115.0 mmHg; Diastolic Blood Pressure: 88.0 mmHg; FEV1/​FVC: 24.0 %; Systolic Blood Pressure: 105.0 mmHg; Diastolic Blood Pressure: 71.0 mmHg; FEV1/​FVC: 29.0 %; Diastolic Blood Pressure: 83.0 mmHg; Total Cholesterol: 182.0 mg/dL; Triglycerides: 111.0 mg/dL; Low Density Lipoprotein Cholesterol: 98.0 mg/dL. Allergies: Shellfish allergy. Immunizations: Influenza seasonal injectable preservative free.",0
ba2d6772-01aa-4ab2-ad84-b9a02c52f1e9,"Demographics: born 1983-02-21, gender F, race white, ethnicity irish. Encounters: Encounter for symptom; Outpatient Encounter. Medications: Penicillin V Potassium 250 MG; Clopidogrel 75 MG Oral Tablet; Simvastatin 20 MG Oral Tablet; Amlodipine 5 MG Oral Tablet; Nitroglycerin 0.4 MG/ACTUAT [Nitrolingual]. Procedures: Documentation of current medications. Observations: Oral temperature: 37.0 Cel; Hemoglobin A1c/Hemoglobin.total in Blood: 7.0 %; Body Height: 160.49 cm; Body Weight: 72.11 kg; Body Mass Index: 28.0 kg/m2; Systolic Blood Pressure: 111.0 mmHg; Diastolic Blood Pressure: 84.0 mmHg; Glucose: 117.0 mg/dL; Urea Nitrogen: 19.0 mg/dL; Creatinine: 1.0 mg/dL; Calcium: 9.3 mg/dL; Sodium: 137.0 mmol/L; Potassium: 4.82 mmol/L; Chloride: 109.0 mmol/L; Carbon Dioxide: 29.0 mmol/L; Total Cholesterol: 225.0 mg/dL; Triglycerides: 180.0 mg/dL; Low Density Lipoprotein Cholesterol: 133.0 mg/dL; High Density Lipoprotein Cholesterol: 56.0 mg/dL; Microalbumin Creatine Ratio: 0.0 mg/g; Estimated Glomerular Filtration Rate: 60.0 mL/min/{1.73_m2}; Hemoglobin A1c/Hemoglobin.total in Blood: 7.4 %; Body Weight: 76.72 kg; Body Mass Index: 29.79 kg/m2; Systolic Blood Pressure: 104.0 mmHg; Diastolic Blood Pressure: 71.0 mmHg; Glucose: 105.0 mg/dL; Urea Nitrogen: 17.0 mg/dL; Calcium: 8.66 mg/dL; Sodium: 144.0 mmol/L; Potassium: 4.27 mmol/L; Chloride: 102.0 mmol/L; Carbon Dioxide: 25.0 mmol/L; Total Cholesterol: 210.0 mg/dL; Triglycerides: 179.0 mg/dL; Low Density Lipoprotein Cholesterol: 117.0 mg/dL; High Density Lipoprotein Cholesterol: 57.0 mg/dL. Immunizations: Influenza seasonal injectable preservative free; Td (adult) preservative free.",1
52fd4b1b-9a4e-4865-b7af-6df64b7f86bc,"Demographics: born 1993-06-24, gender F, race white, ethnicity scottish. Encounters: Outpatient Encounter; Patient encounter procedure; Encounter for symptom. Medications: Implanon 68 MG Drug Implant. Procedures: Documentation of current medications; Replacement of subcutaneous contraceptive. Observations: Body Height: 162.65 cm; Body Weight: 61.54 kg; Body Mass Index: 23.26 kg/m2; Systolic Blood Pressure: 111.0 mmHg; Diastolic Blood Pressure: 73.0 mmHg; Body Height: 162.84 cm; Body Weight: 62.95 kg; Body Mass Index: 23.74 kg/m2; Systolic Blood Pressure: 106.0 mmHg; Diastolic Blood Pressure: 75.0 mmHg; Oral temperature: 38.0 Cel; Body Height: 162.95 cm; Body Weight: 64.33 kg; Body Mass Index: 24.23 kg/m2; Systolic Blood Pressure: 128.0 mmHg; Diastolic Blood Pressure: 70.0 mmHg; Body Height: 162.97 cm; Body Weight: 66.49 kg; Body Mass Index: 25.04 kg/m2; Systolic Blood Pressure: 119.0 mmHg; Diastolic Blood Pressure: 76.0 mmHg; Body Weight: 71.43 kg; Body Mass Index: 26.89 kg/m2; Diastolic Blood Pressure: 78.0 mmHg. Immunizations: Influenza seasonal injectable preservative free; Td (adult) preservative free.",0
c31dd53c-5e4e-42ab-b469-ec8d502cc9fa,"Demographics: born 1930-03-17, gender F, race white, ethnicity english. Encounters: Outpatient Encounter; Office Visit; Emergency room admission; Encounter for 'check-up'. Medications: 24 HR Metformin hydrochloride 500 MG Extended Release Oral Tablet; Insulin Lispro 100 UNT/ML Injectable Solution [Humalog]; Penicillin V Potassium 500 MG; Alendronic acid 10 MG [Fosamax]; Galantamine 4 MG [Razadyne]; Memantine hydrochloride 2 MG/ML [Namenda]; Acetaminophen 325 MG / oxyCODONE Hydrochloride 5 MG Oral Tablet; Ibuprofen 200 MG Oral Tablet. Procedures: Documentation of current medications; Bone immobilization. Observations: Hemoglobin A1c/Hemoglobin.total in Blood: 0.0 %; Body Height: 160.92 cm; Body Weight: 77.78 kg; Body Mass Index: 30.04 kg/m2; Systolic Blood Pressure: 117.0 mmHg; Diastolic Blood Pressure: 79.0 mmHg; Glucose: 69.0 mg/dL; Urea Nitrogen: 7.0 mg/dL; Creatinine: 1.0 mg/dL; Calcium: 9.65 mg/dL; Sodium: 142.0 mmol/L; Potassium: 4.97 mmol/L; Chloride: 103.0 mmol/L; Carbon Dioxide: 23.0 mmol/L; Total Cholesterol: 168.0 mg/dL; Triglycerides: 133.0 mg/dL; Low Density Lipoprotein Cholesterol: 73.0 mg/dL; High Density Lipoprotein Cholesterol: 68.0 mg/dL; Microalbumin Creatine Ratio: 228.0 mg/g; Estimated Glomerular Filtration Rate: 60.0 mL/min/{1.73_m2}; Total score [MMSE]: 15.0 (score); Hemoglobin A1c/Hemoglobin.total in Blood: -0.1 %; Body Weight: 76.19 kg; Body Mass Index: 29.42 kg/m2; Systolic Blood Pressure: 128.0 mmHg; Diastolic Blood Pressure: 74.0 mmHg; Glucose: 77.0 mg/dL; Urea Nitrogen: 12.0 mg/dL; Calcium: 9.85 mg/dL; Sodium: 140.0 mmol/L; Potassium: 4.59 mmol/L; Chloride: 107.0 mmol/L; Carbon Dioxide: 24.0 mmol/L; Total Cholesterol: 162.0 mg/dL; Triglycerides: 129.0 mg/dL; Low Density Lipoprotein Cholesterol: 75.0 mg/dL; High Density Lipoprotein Cholesterol: 61.0 mg/dL; Microalbumin Creatine Ratio: 151.0 mg/g; Total score [MMSE]: 11.0 (score); Hemoglobin A1c/Hemoglobin.total in Blood: -0.3 %. Immunizations: Influenza seasonal injectable preservative free; Td (adult) preservative free.",1
32753eef-8801-4f4b-81e3-85130311ca32,"Demographics: born 1990-12-18, gender F, race white, ethnicity irish. Encounters: Outpatient Encounter; Prenatal initial visit; Prenatal visit; Encounter for symptom; Obstetric emergency hospital admission; Consultation for treatment; Patient-initiated encounter. Medications: Penicillin V Potassium 250 MG; Camila 28 Day Pack; Dextromethorphan Hydrobromide 1 MG/ML; Levora 0.15/30 28 Day Pack; Acetaminophen 160 MG; Amoxicillin 250 MG / Clavulanate 125 MG [Augmentin]. Procedures: Standard pregnancy test; Sputum examination (procedure); Episiotomy; Childbirth; Induced termination of pregnancy. Observations: Body Height: 160.25 cm; Body Weight: 61.83 kg; Body Mass Index: 24.08 kg/m2; Systolic Blood Pressure: 102.0 mmHg; Diastolic Blood Pressure: 70.0 mmHg; Body Height: 160.26 cm; Body Weight: 63.12 kg; Body Mass Index: 24.58 kg/m2; Systolic Blood Pressure: 114.0 mmHg; Diastolic Blood Pressure: 75.0 mmHg; Oral temperature: 38.0 Cel; Body Weight: 67.82 kg; Body Mass Index: 26.4 kg/m2. Immunizations: Influenza seasonal injectable preservative free; Td (adult) preservative free.",0
111f27ea-2437-4d62-80db-6696fe18ac1a,"Demographics: born 1948-05-18, gender F, race white, ethnicity italian. Encounters: Outpatient Encounter; Encounter for symptom; Encounter for 'check-up'; Emergency room admission. Medications: Penicillin V Potassium 250 MG; 24 HR Metformin hydrochloride 500 MG Extended Release Oral Tablet; Amoxicillin 250 MG / Clavulanate 125 MG [Augmentin]; Acetaminophen 160 MG; Naproxen sodium 220 MG Oral Tablet. Procedures: Documentation of current medications; Measurement of respiratory function (procedure); Suture open wound; Injection of tetanus antitoxin. Observations: Hemoglobin A1c/Hemoglobin.total in Blood: 6.9 %; Body Height: 167.59 cm; Body Weight: 94.09 kg; Body Mass Index: 33.5 kg/m2; Systolic Blood Pressure: 198.0 mmHg; Diastolic Blood Pressure: 103.0 mmHg; Glucose: 108.0 mg/dL; Urea Nitrogen: 10.0 mg/dL; Creatinine: 1.0 mg/dL; Calcium: 8.89 mg/dL; Sodium: 137.0 mmol/L; Potassium: 4.21 mmol/L; Chloride: 111.0 mmol/L; Carbon Dioxide: 21.0 mmol/L; Total Cholesterol: 208.0 mg/dL; Triglycerides: 184.0 mg/dL; Low Density Lipoprotein Cholesterol: 128.0 mg/dL; High Density Lipoprotein Cholesterol: 43.0 mg/dL; Microalbumin Creatine Ratio: 16.0 mg/g; Estimated Glomerular Filtration Rate: 60.0 mL/min/{1.73_m2}; Hemoglobin A1c/Hemoglobin.total in Blood: 6.7 %; Body Weight: 92.26 kg; Body Mass Index: 32.85 kg/m2; Systolic Blood Pressure: 152.0 mmHg; Diastolic Blood Pressure: 110.0 mmHg; Glucose: 122.0 mg/dL; Urea Nitrogen: 12.0 mg/dL; Calcium: 8.72 mg/dL; Sodium: 140.0 mmol/L; Potassium: 3.86 mmol/L; Chloride: 107.0 mmol/L; Carbon Dioxide: 29.0 mmol/L; Total Cholesterol: 203.0 mg/dL; Triglycerides: 162.0 mg/dL; Low Density Lipoprotein Cholesterol: 114.0 mg/dL; High Density Lipoprotein Cholesterol: 56.0 mg/dL; Microalbumin Creatine Ratio: 2.0 mg/g; Hemoglobin A1c/Hemoglobin.total in Blood: 6.5 %; Body Weight: 90.35 kg; Body Mass Index: 32.17 kg/m2. Immunizations: Influenza seasonal injectable preservative free; Pneumococcal conjugate PCV 13; pneumococcal polysaccharide vaccine 23 valent.",1
17d56767-f645-401f-937f-57d4d3d51a44,"Demographics: born 1931-09-01, gender M, race white, ethnicity irish. Encounters: Death Certification. Medications: Penicillin V Potassium 500 MG; 24 HR Metformin hydrochloride 500 MG Extended Release Oral Tablet. Observations: Non-small cell lung cancer (disorder).",1
3e602065-879c-418c-a055-273c665e616c,"Demographics: born 1936-06-05, gender F, race white, ethnicity italian. Encounters: Outpatient Encounter; Drug addiction therapy; Encounter for 'check-up'; Office Visit; Drug rehabilitation and detoxification; Death Certification. Medications: Penicillin V Potassium 250 MG; Penicillin V Potassium 500 MG; Naproxen sodium 220 MG [Aleve]; Galantamine 4 MG [Razadyne]; Alendronic acid 10 MG [Fosamax]; Memantine hydrochloride 2 MG/ML [Namenda]. Procedures: Documentation of current medications. Observations: Body Height: 163.96 cm; Body Weight: 85.0 kg; Body Mass Index: 31.62 kg/m2; Systolic Blood Pressure: 135.0 mmHg; Diastolic Blood Pressure: 75.0 mmHg; Total Cholesterol: 188.0 mg/dL; Triglycerides: 137.0 mg/dL; Low Density Lipoprotein Cholesterol: 93.0 mg/dL; High Density Lipoprotein Cholesterol: 67.0 mg/dL; Total score [MMSE]: 4.0 (score); Body Weight: 83.92 kg; Body Mass Index: 31.21 kg/m2; Systolic Blood Pressure: 137.0 mmHg; Diastolic Blood Pressure: 80.0 mmHg; Alzheimer's disease (disorder). Immunizations: Influenza seasonal injectable preservative free.",0
ddc69d6a-9627-4df1-a54b-3f587d2f8c1a,"Demographics: born 1965-04-10, gender M, race white, ethnicity german. Encounters: Outpatient Encounter; Encounter for symptom; Encounter for 'check-up'; Emergency room admission; Encounter for problem. Medications: 24 HR Metformin hydrochloride 500 MG Extended Release Oral Tablet; insulin human isophane 70 UNT/ML / Regular Insulin Human 30 UNT/ML Injectable Suspension [Humulin]; Acetaminophen 160 MG; Cisplatin 50 MG Injection; PACLitaxel 100 MG Injection. Procedures: Documentation of current medications; Measurement of respiratory function (procedure); Colonoscopy; Plain chest X-ray (procedure); Computed tomography of chest and abdomen; Sputum microscopy (procedure); Magnetic resonance imaging for measurement of brain volume (procedure); Combined chemotherapy and radiation therapy (procedure). Observations: Hemoglobin A1c/Hemoglobin.total in Blood: 6.5 %; Body Height: 175.15 cm; Body Weight: 98.38 kg; Body Mass Index: 32.07 kg/m2; Systolic Blood Pressure: 142.0 mmHg; Diastolic Blood Pressure: 115.0 mmHg; Glucose: 99.0 mg/dL; Urea Nitrogen: 7.0 mg/dL; Creatinine: 1.0 mg/dL; Calcium: 9.35 mg/dL; Sodium: 142.0 mmol/L; Potassium: 4.13 mmol/L; Chloride: 101.0 mmol/L; Carbon Dioxide: 20.0 mmol/L; Total Cholesterol: 192.0 mg/dL; Triglycerides: 136.0 mg/dL; Low Density Lipoprotein Cholesterol: 84.0 mg/dL; High Density Lipoprotein Cholesterol: 80.0 mg/dL; Microalbumin Creatine Ratio: 21.0 mg/g; Estimated Glomerular Filtration Rate: 60.0 mL/min/{1.73_m2}; Hemoglobin A1c/Hemoglobin.total in Blood: 3.5 %; Systolic Blood Pressure: 155.0 mmHg; Diastolic Blood Pressure: 120.0 mmHg; Glucose: 93.0 mg/dL; Urea Nitrogen: 8.0 mg/dL; Calcium: 9.81 mg/dL; Sodium: 144.0 mmol/L; Potassium: 5.1 mmol/L; Chloride: 102.0 mmol/L; Carbon Dioxide: 21.0 mmol/L; Total Cholesterol: 200.0 mg/dL; Triglycerides: 130.0 mg/dL; Low Density Lipoprotein Cholesterol: 110.0 mg/dL; High Density Lipoprotein Cholesterol: 64.0 mg/dL; Microalbumin Creatine Ratio: 22.0 mg/g; Hemoglobin A1c/Hemoglobin.total in Blood: 3.9 %; Body Weight: 102.81 kg; Body Mass Index: 33.51 kg/m2; Systolic Blood Pressure: 175.0 mmHg; Glucose: 96.0 mg/dL. Immunizations: Influenza seasonal injectable preservative free; Td (adult) preservative free.",1
00ecd9b7-c2ea-4835-be6e-d531dbf7bb1a,"Demographics: born 1949-01-19, gender F, race white, ethnicity german. Encounters: Outpatient Encounter; Encounter for symptom; Encounter for 'check-up'. Medications: 24 HR Metformin hydrochloride 500 MG Extended Release Oral Tablet; 3 ML liraglutide 6 MG/ML Pen Injector. Procedures: Colonoscopy; Documentation of current medications. Observations: Hemoglobin A1c/Hemoglobin.total in Blood: 8.6 %; Body Height: 159.69 cm; Body Weight: 108.32 kg; Body Mass Index: 42.47 kg/m2; Systolic Blood Pressure: 160.0 mmHg; Diastolic Blood Pressure: 111.0 mmHg; Glucose: 163.0 mg/dL; Urea Nitrogen: 17.0 mg/dL; Creatinine: 1.0 mg/dL; Calcium: 8.9 mg/dL; Sodium: 144.0 mmol/L; Potassium: 4.01 mmol/L; Chloride: 105.0 mmol/L; Carbon Dioxide: 27.0 mmol/L; Total Cholesterol: 262.0 mg/dL; Triglycerides: 509.0 mg/dL; Low Density Lipoprotein Cholesterol: 146.0 mg/dL; High Density Lipoprotein Cholesterol: 14.0 mg/dL; Microalbumin Creatine Ratio: 5.0 mg/g; Estimated Glomerular Filtration Rate: 60.0 mL/min/{1.73_m2}; Hemoglobin A1c/Hemoglobin.total in Blood: 9.0 %; Body Weight: 107.06 kg; Body Mass Index: 41.98 kg/m2; Systolic Blood Pressure: 155.0 mmHg; Diastolic Blood Pressure: 94.0 mmHg; Glucose: 172.0 mg/dL; Urea Nitrogen: 9.0 mg/dL; Calcium: 9.89 mg/dL; Sodium: 140.0 mmol/L; Potassium: 3.89 mmol/L; Chloride: 111.0 mmol/L; Carbon Dioxide: 25.0 mmol/L; Total Cholesterol: 244.0 mg/dL; Triglycerides: 460.0 mg/dL; Low Density Lipoprotein Cholesterol: 116.0 mg/dL; High Density Lipoprotein Cholesterol: 36.0 mg/dL; Microalbumin Creatine Ratio: 8.0 mg/g; Oral temperature: 37.0 Cel; Hemoglobin A1c/Hemoglobin.total in Blood: 8.9 %; Body Weight: 105.98 kg. Immunizations: Influenza seasonal injectable preservative free; Pneumococcal conjugate PCV 13; pneumococcal polysaccharide vaccine 23 valent.",1
a73c6882-ca11-4533-92cb-37fd9da89e6b,"Demographics: born 1950-06-18, gender F, race white, ethnicity english. Encounters: Outpatient Encounter; Encounter for 'check-up'; Encounter for symptom. Medications: Penicillin V Potassium 500 MG; 24 HR Metformin hydrochloride 500 MG Extended Release Oral Tablet; insulin human isophane 70 UNT/ML / Regular Insulin Human 30 UNT/ML Injectable Suspension [Humulin]. Procedures: Colonoscopy; Documentation of current medications. Observations: Hemoglobin A1c/Hemoglobin.total in Blood: 6.7 %; Body Height: 171.83 cm; Body Weight: 97.1 kg; Body Mass Index: 32.89 kg/m2; Systolic Blood Pressure: 174.0 mmHg; Diastolic Blood Pressure: 102.0 mmHg; Glucose: 118.0 mg/dL; Urea Nitrogen: 9.0 mg/dL; Creatinine: 1.0 mg/dL; Calcium: 8.86 mg/dL; Sodium: 143.0 mmol/L; Potassium: 4.22 mmol/L; Chloride: 108.0 mmol/L; Carbon Dioxide: 20.0 mmol/L; Total Cholesterol: 233.0 mg/dL; Triglycerides: 181.0 mg/dL; Low Density Lipoprotein Cholesterol: 144.0 mg/dL; High Density Lipoprotein Cholesterol: 52.0 mg/dL; Microalbumin Creatine Ratio: 2.0 mg/g; Estimated Glomerular Filtration Rate: 60.0 mL/min/{1.73_m2}; Hemoglobin A1c/Hemoglobin.total in Blood: 6.6 %; Body Weight: 95.66 kg; Body Mass Index: 32.4 kg/m2; Systolic Blood Pressure: 148.0 mmHg; Diastolic Blood Pressure: 103.0 mmHg; Glucose: 113.0 mg/dL; Urea Nitrogen: 16.0 mg/dL; Calcium: 8.95 mg/dL; Potassium: 5.17 mmol/L; Chloride: 103.0 mmol/L; Carbon Dioxide: 21.0 mmol/L; Total Cholesterol: 204.0 mg/dL; Triglycerides: 151.0 mg/dL; Low Density Lipoprotein Cholesterol: 114.0 mg/dL; High Density Lipoprotein Cholesterol: 59.0 mg/dL; Hemoglobin A1c/Hemoglobin.total in Blood: 6.5 %; Body Weight: 94.4 kg; Body Mass Index: 31.97 kg/m2; Systolic Blood Pressure: 165.0 mmHg; Diastolic Blood Pressure: 115.0 mmHg. Immunizations: Influenza seasonal injectable preservative free; zoster; Td (adult) preservative free; Pneumococcal conjugate PCV 13; pneumococcal polysaccharide vaccine 23 valent.",1
aed0768c-9940-4cbe-a724-106a5a4b6192,"Demographics: born 1975-10-28, gender F, race asian, ethnicity chinese. Encounters: Consultation for treatment; Admission to surgical department; Outpatient Encounter; Encounter for symptom. Medications: Ortho Tri-Cyclen 28 Day Pack; Acetaminophen 160 MG. Procedures: Bilateral tubal ligation; Sputum examination (procedure). Observations: Body Height: 164.88 cm; Body Weight: 72.33 kg; Body Mass Index: 26.6 kg/m2; Systolic Blood Pressure: 105.0 mmHg; Diastolic Blood Pressure: 81.0 mmHg; Total Cholesterol: 166.0 mg/dL; Triglycerides: 143.0 mg/dL; Low Density Lipoprotein Cholesterol: 69.0 mg/dL; High Density Lipoprotein Cholesterol: 68.0 mg/dL; Hemoglobin A1c/Hemoglobin.total in Blood: 7.2 %; Body Weight: 78.67 kg; Body Mass Index: 28.94 kg/m2; Systolic Blood Pressure: 104.0 mmHg; Glucose: 67.0 mg/dL; Urea Nitrogen: 15.0 mg/dL; Creatinine: 1.0 mg/dL; Calcium: 8.85 mg/dL; Sodium: 141.0 mmol/L; Potassium: 4.49 mmol/L; Chloride: 103.0 mmol/L; Carbon Dioxide: 27.0 mmol/L; Total Cholesterol: 176.0 mg/dL; Triglycerides: 136.0 mg/dL; Low Density Lipoprotein Cholesterol: 85.0 mg/dL; High Density Lipoprotein Cholesterol: 63.0 mg/dL; Microalbumin Creatine Ratio: 10.0 mg/g; Estimated Glomerular Filtration Rate: 60.0 mL/min/{1.73_m2}. Immunizations: Influenza seasonal injectable preservative free.",1
976e594a-b8db-4963-bbe8-d017d15172a9,"Demographics: born 2005-11-09, gender F, race hispanic, ethnicity puerto_rican. Encounters: Outpatient Encounter; Encounter for symptom. Medications: Amoxicillin 250 MG / Clavulanate 125 MG [Augmentin]; Penicillin V Potassium 250 MG; Acetaminophen 160 MG. Procedures: Documentation of current medications. Observations: Body Height: 107.99 cm; Body Weight: 20.03 kg; Body Mass Index: 17.17 kg/m2; Systolic Blood Pressure: 114.0 mmHg; Diastolic Blood Pressure: 82.0 mmHg; Body Height: 114.99 cm; Body Weight: 22.73 kg; Body Mass Index: 17.19 kg/m2; Systolic Blood Pressure: 100.0 mmHg; Diastolic Blood Pressure: 78.0 mmHg; Body Height: 121.13 cm; Body Weight: 25.47 kg; Body Mass Index: 17.36 kg/m2; Systolic Blood Pressure: 119.0 mmHg; Diastolic Blood Pressure: 81.0 mmHg; Body Height: 127.15 cm; Body Weight: 28.92 kg; Body Mass Index: 17.89 kg/m2; Diastolic Blood Pressure: 87.0 mmHg; Oral temperature: 38.38 Cel; Body Height: 132.0 cm; Body Weight: 32.63 kg; Body Mass Index: 18.73 kg/m2; Systolic Blood Pressure: 107.0 mmHg; Diastolic Blood Pressure: 71.0 mmHg; Body Height: 136.57 cm; Body Weight: 36.86 kg; Body Mass Index: 19.76 kg/m2; Systolic Blood Pressure: 111.0 mmHg; Body Height: 141.77 cm; Body Weight: 41.48 kg; Body Mass Index: 20.64 kg/m2; Systolic Blood Pressure: 110.0 mmHg; Diastolic Blood Pressure: 79.0 mmHg. Immunizations: Influenza seasonal injectable preservative free.",0
597d5174-f0fe-4a03-a979-bc10e3aaf048,"Demographics: born 1953-07-26, gender M, race white, ethnicity irish. Encounters: Outpatient Encounter; Encounter for symptom. Medications: Penicillin V Potassium 250 MG; Penicillin V Potassium 500 MG. Procedures: Documentation of current medications. Observations: Body Height: 177.14 cm; Body Weight: 122.59 kg; Body Mass Index: 39.07 kg/m2; Systolic Blood Pressure: 103.0 mmHg; Diastolic Blood Pressure: 84.0 mmHg; Total Cholesterol: 176.0 mg/dL; Triglycerides: 137.0 mg/dL; Low Density Lipoprotein Cholesterol: 68.0 mg/dL; High Density Lipoprotein Cholesterol: 80.0 mg/dL; Systolic Blood Pressure: 133.0 mmHg; Diastolic Blood Pressure: 87.0 mmHg; Systolic Blood Pressure: 118.0 mmHg; Diastolic Blood Pressure: 77.0 mmHg; Body Weight: 121.56 kg; Body Mass Index: 38.74 kg/m2; Systolic Blood Pressure: 130.0 mmHg; Diastolic Blood Pressure: 78.0 mmHg; Body Weight: 120.07 kg; Body Mass Index: 38.27 kg/m2; Systolic Blood Pressure: 104.0 mmHg; Diastolic Blood Pressure: 86.0 mmHg; Total Cholesterol: 194.0 mg/dL; Triglycerides: 127.0 mg/dL; Low Density Lipoprotein Cholesterol: 109.0 mg/dL; High Density Lipoprotein Cholesterol: 59.0 mg/dL; Body Weight: 119.0 kg; Body Mass Index: 37.92 kg/m2; Systolic Blood Pressure: 119.0 mmHg; Body Weight: 117.5 kg; Body Mass Index: 37.45 kg/m2; Systolic Blood Pressure: 137.0 mmHg; Diastolic Blood Pressure: 81.0 mmHg. Immunizations: Influenza seasonal injectable preservative free; zoster; Td (adult) preservative free.",0
e60afe0d-72e6-4b59-83c1-421f4e0e9be6,"Demographics: born 1972-04-19, gender M, race hispanic, ethnicity puerto_rican. Encounters: Outpatient Encounter; Emergency room admission; Encounter for 'check-up'; Encounter for symptom. Medications: Amoxicillin 250 MG / Clavulanate 125 MG [Augmentin]. Procedures: Documentation of current medications. Observations: Body Height: 172.4 cm; Body Weight: 96.99 kg; Body Mass Index: 32.63 kg/m2; Systolic Blood Pressure: 120.0 mmHg; Diastolic Blood Pressure: 79.0 mmHg; Total Cholesterol: 177.0 mg/dL; Triglycerides: 147.0 mg/dL; Low Density Lipoprotein Cholesterol: 72.0 mg/dL; High Density Lipoprotein Cholesterol: 75.0 mg/dL; Body Weight: 101.47 kg; Body Mass Index: 34.14 kg/m2; Systolic Blood Pressure: 123.0 mmHg; Diastolic Blood Pressure: 89.0 mmHg; Total Cholesterol: 197.0 mg/dL; Triglycerides: 111.0 mg/dL; Low Density Lipoprotein Cholesterol: 101.0 mg/dL; High Density Lipoprotein Cholesterol: 73.0 mg/dL; Body Weight: 104.88 kg; Body Mass Index: 35.29 kg/m2; Systolic Blood Pressure: 135.0 mmHg; Diastolic Blood Pressure: 87.0 mmHg. Immunizations: Influenza seasonal injectable preservative free; Td (adult) preservative free.",0
caec42b4-f366-4ff4-acde-3afa20f07dc4,"Demographics: born 1935-04-30, gender F, race asian, ethnicity chinese. Encounters: Encounter for symptom. Medications: Penicillin V Potassium 250 MG; Hydrocortisone 10 MG/ML Topical Cream; Naproxen sodium 220 MG [Aleve]; Fluticasone propionate 0.25 MG/ACTUAT / salmeterol 0.05 MG/ACTUAT [Advair]; Galantamine 4 MG [Razadyne]. Observations: Oral temperature: 37.0 Cel.",0
25f4c6b2-5e8d-4b8c-8de2-3361df44bc29,"Demographics: born 2002-04-17, gender F, race white, ethnicity portuguese. Encounters: Outpatient Encounter; Encounter for symptom; Emergency room admission; Emergency hospital admission for asthma; Asthma follow-up; Allergic disorder initial assessment; Outpatient procedure; Consultation for treatment. Medications: Loratadine 5 MG Chewable Tablet; 0.3 ML EPINEPHrine 0.5 MG/ML Auto-Injector; Penicillin V Potassium 250 MG; 120 ACTUAT Fluticasone propionate 0.044 MG/ACTUAT Metered Dose Inhaler; 200 ACTUAT Albuterol 0.09 MG/ACTUAT Metered Dose Inhaler; Acetaminophen 160 MG; Acetaminophen 160 MG Oral Tablet; Jolivette 28 Day Pack; Naproxen sodium 220 MG Oral Tablet. Procedures: Measurement of respiratory function (procedure); Documentation of current medications; Allergy screening test; Subcutaneous immunotherapy; Suture open wound. Observations: Body Height: 132.87 cm; Body Weight: 40.95 kg; Body Mass Index: 23.19 kg/m2; Systolic Blood Pressure: 112.0 mmHg; Diastolic Blood Pressure: 71.0 mmHg; Body Height: 138.58 cm; Body Weight: 47.92 kg; Body Mass Index: 24.95 kg/m2; Systolic Blood Pressure: 124.0 mmHg; Diastolic Blood Pressure: 87.0 mmHg; Body Height: 144.76 cm; Body Weight: 55.66 kg; Body Mass Index: 26.56 kg/m2; Diastolic Blood Pressure: 83.0 mmHg; Body Height: 153.03 cm; Body Weight: 64.15 kg; Body Mass Index: 27.39 kg/m2; Systolic Blood Pressure: 134.0 mmHg; Diastolic Blood Pressure: 80.0 mmHg; Body Height: 159.31 cm; Body Weight: 70.85 kg; Body Mass Index: 27.92 kg/m2; Systolic Blood Pressure: 109.0 mmHg; Diastolic Blood Pressure: 74.0 mmHg; Peanut IgE Ab in Serum: 0.14 kU/L; Walnut IgE Ab in Serum: 0.17 kU/L; Codfish IgE Ab in Serum: 0.03 kU/L; Shrimp IgE Ab in Serum: 0.12 kU/L; Wheat IgE Ab in Serum: 48.92 kU/L; Egg white IgE Ab in Serum: 0.18 kU/L; Soybean IgE Ab in Serum: 51.73 kU/L; Cow milk IgE Ab in Serum: 0.07 kU/L; White oak IgE Ab in Serum: 95.78 kU/L; Common Ragweed IgE Ab in Serum: 68.77 kU/L; Cat dander IgE Ab in Serum: 12.03 kU/L; American house dust mite IgE Ab in Serum: 78.96 kU/L; Cladosporium herbarum IgE Ab in Serum: 88.05 kU/L; Honey bee IgE Ab in Serum: 0.14 kU/L; Latex IgE Ab in Serum: 0.1 kU/L; Body Height: 162.7 cm. Allergies: Allergy to wheat; Allergy to soya; Allergy to tree pollen; Allergy to grass pollen; Dander (animal) allergy; House dust mite allergy; Allergy to mould. Immunizations: Influenza seasonal injectable preservative free; meningococcal MCV4P; Tdap; HPV quadrivalent.",0
d5f1e08e-a3d3-46d6-a150-6447cc4621e9,"Demographics: born 1976-02-28, gender F, race black, ethnicity dominican. Encounters: Prenatal initial visit; Prenatal visit; Emergency room admission; Encounter for 'check-up'; Obstetric emergency hospital admission; Outpatient Encounter; Encounter for symptom. Medications: Penicillin V Potassium 250 MG; 24 HR Metformin hydrochloride 500 MG Extended Release Oral Tablet; Naproxen sodium 220 MG Oral Tablet; Nitrofurantoin 5 MG/ML [Furadantin]; Phenazopyridine hydrochloride 100 MG [Pyridium]. Procedures: Standard pregnancy test; Admission to orthopedic department; Medical induction of labor; Cesarean section. Observations: Hemoglobin A1c/Hemoglobin.total in Blood: 6.8 %; Body Height: 164.74 cm; Body Weight: 90.01 kg; Body Mass Index: 33.16 kg/m2; Systolic Blood Pressure: 183.0 mmHg; Diastolic Blood Pressure: 115.0 mmHg; Glucose: 153.0 mg/dL; Urea Nitrogen: 17.0 mg/dL; Creatinine: 1.0 mg/dL; Calcium: 9.09 mg/dL; Sodium: 141.0 mmol/L; Potassium: 4.37 mmol/L; Chloride: 108.0 mmol/L; Carbon Dioxide: 20.0 mmol/L; Total Cholesterol: 254.0 mg/dL; Triglycerides: 363.0 mg/dL; Low Density Lipoprotein Cholesterol: 153.0 mg/dL; High Density Lipoprotein Cholesterol: 28.0 mg/dL; Microalbumin Creatine Ratio: 11.0 mg/g; Estimated Glomerular Filtration Rate: 60.0 mL/min/{1.73_m2}; Systolic Blood Pressure: 157.0 mmHg; Glucose: 116.0 mg/dL; Urea Nitrogen: 16.0 mg/dL; Calcium: 9.29 mg/dL; Sodium: 142.0 mmol/L; Potassium: 4.09 mmol/L; Total Cholesterol: 232.0 mg/dL; Triglycerides: 159.0 mg/dL; Low Density Lipoprotein Cholesterol: 142.0 mg/dL; High Density Lipoprotein Cholesterol: 58.0 mg/dL; Microalbumin Creatine Ratio: 3.0 mg/g; Hemoglobin A1c/Hemoglobin.total in Blood: 7.2 %; Body Weight: 94.06 kg; Body Mass Index: 34.66 kg/m2; Systolic Blood Pressure: 147.0 mmHg; Diastolic Blood Pressure: 90.0 mmHg; Glucose: 123.0 mg/dL; Urea Nitrogen: 20.0 mg/dL; Calcium: 9.82 mg/dL; Sodium: 138.0 mmol/L. Immunizations: Influenza seasonal injectable preservative free.",1
44a6e927-118c-4e19-b336-9ad38443def4,"Demographics: born 1973-04-18, gender M, race white, ethnicity irish. Encounters: Encounter for symptom; Outpatient Encounter; Emergency room admission. Medications: 24 HR Metformin hydrochloride 500 MG Extended Release Oral Tablet; Ibuprofen 200 MG Oral Tablet; Penicillin V Potassium 500 MG; Clopidogrel 75 MG Oral Tablet; Simvastatin 20 MG Oral Tablet; Amlodipine 5 MG Oral Tablet; Nitroglycerin 0.4 MG/ACTUAT [Nitrolingual]. Procedures: Suture open wound. Observations: Oral temperature: 38.0 Cel; Hemoglobin A1c/Hemoglobin.total in Blood: 8.4 %; Body Height: 175.44 cm; Body Weight: 122.0 kg; Body Mass Index: 39.63 kg/m2; Systolic Blood Pressure: 128.0 mmHg; Diastolic Blood Pressure: 84.0 mmHg; Glucose: 169.0 mg/dL; Urea Nitrogen: 19.0 mg/dL; Creatinine: 1.0 mg/dL; Calcium: 8.62 mg/dL; Sodium: 136.0 mmol/L; Potassium: 3.94 mmol/L; Chloride: 102.0 mmol/L; Carbon Dioxide: 21.0 mmol/L; Total Cholesterol: 257.0 mg/dL; Triglycerides: 391.0 mg/dL; Low Density Lipoprotein Cholesterol: 156.0 mg/dL; High Density Lipoprotein Cholesterol: 22.0 mg/dL; Microalbumin Creatine Ratio: 4.0 mg/g; Estimated Glomerular Filtration Rate: 60.0 mL/min/{1.73_m2}; Oral temperature: 38.71 Cel; Hemoglobin A1c/Hemoglobin.total in Blood: 8.8 %; Body Weight: 126.53 kg; Body Mass Index: 41.11 kg/m2; Systolic Blood Pressure: 103.0 mmHg; Diastolic Blood Pressure: 76.0 mmHg; Glucose: 190.0 mg/dL; Urea Nitrogen: 13.0 mg/dL; Calcium: 9.84 mg/dL; Sodium: 137.0 mmol/L; Potassium: 4.3 mmol/L; Chloride: 101.0 mmol/L; Carbon Dioxide: 23.0 mmol/L; Total Cholesterol: 243.0 mg/dL; Triglycerides: 293.0 mg/dL; Low Density Lipoprotein Cholesterol: 152.0 mg/dL; High Density Lipoprotein Cholesterol: 32.0 mg/dL; Microalbumin Creatine Ratio: 9.0 mg/g. Immunizations: Influenza seasonal injectable preservative free; Td (adult) preservative free.",1
c2820667-34af-4f50-906a-263fd9639fe0,"Demographics: born 2012-12-30, gender F, race white, ethnicity french_canadian. Encounters: Outpatient Encounter; Domiciliary or rest home patient evaluation and management; Encounter for symptom; Emergency room admission. Medications: Acetaminophen 160 MG Oral Tablet. Procedures: Documentation of current medications; Information gathering (procedure); Suture open wound. Observations: Body Height: 60.0 cm; Body Weight: 3.9 kg; Systolic Blood Pressure: 115.0 mmHg; Diastolic Blood Pressure: 79.0 mmHg; Body Height: 62.75 cm; Body Weight: 4.53 kg; Systolic Blood Pressure: 114.0 mmHg; Diastolic Blood Pressure: 83.0 mmHg; Body Height: 67.23 cm; Body Weight: 5.63 kg; Systolic Blood Pressure: 107.0 mmHg; Diastolic Blood Pressure: 86.0 mmHg; Body Height: 70.96 cm; Body Weight: 6.58 kg; Systolic Blood Pressure: 119.0 mmHg; Body Height: 77.13 cm; Body Weight: 8.05 kg; Systolic Blood Pressure: 112.0 mmHg; Sexual orientation: heterosexual {nominal}; HIV status: not HIV positive {nominal}; Abuse Status [OMAHA]: No signs/symptoms {nominal}; Housing status: Patient is homeless {nominal}; Are you covered by health insurance or some other kind of health care plan [PhenX]: No {nominal}; History of Hospitalizations+​Outpatient visits: 4.0 {count}; Body Height: 81.07 cm; Body Weight: 8.89 kg; Systolic Blood Pressure: 139.0 mmHg; Diastolic Blood Pressure: 72.0 mmHg; History of Hospitalizations+​Outpatient visits: 7.0 {count}; Body Height: 84.62 cm; Body Weight: 9.56 kg; Systolic Blood Pressure: 135.0 mmHg; Are you covered by health insurance or some other kind of health care plan [PhenX]: Yes {nominal}; History of Hospitalizations+​Outpatient visits: 2.0 {count}; Body Height: 87.87 cm; Body Weight: 10.11 kg; Systolic Blood Pressure: 110.0 mmHg; Diastolic Blood Pressure: 74.0 mmHg; Body Height: 91.86 cm; Body Weight: 10.73 kg. Immunizations: Hep B adolescent or pediatric; rotavirus monovalent; DTaP; Hib (PRP-OMP); Pneumococcal conjugate PCV 13; IPV; Influenza seasonal injectable preservative free; MMR; varicella; Hep A ped/adol 2 dose.",0
5018293f-fc31-49eb-b625-b9439e95fbf9,"Demographics: born 1956-09-30, gender F, race white, ethnicity english. Encounters: Outpatient Encounter; Encounter for symptom. Medications: Penicillin V Potassium 250 MG. Procedures: Documentation of current medications. Observations: Body Height: 161.78 cm; Body Weight: 107.27 kg; Body Mass Index: 40.98 kg/m2; Systolic Blood Pressure: 197.0 mmHg; Diastolic Blood Pressure: 108.0 mmHg; Estimated Glomerular Filtration Rate: 60.0 mL/min/{1.73_m2}; Systolic Blood Pressure: 192.0 mmHg; Diastolic Blood Pressure: 116.0 mmHg; Systolic Blood Pressure: 196.0 mmHg; Diastolic Blood Pressure: 113.0 mmHg; Oral temperature: 37.0 Cel; Systolic Blood Pressure: 198.0 mmHg; Diastolic Blood Pressure: 105.0 mmHg; Total Cholesterol: 195.0 mg/dL; Triglycerides: 107.0 mg/dL; Low Density Lipoprotein Cholesterol: 102.0 mg/dL; High Density Lipoprotein Cholesterol: 71.0 mg/dL; Systolic Blood Pressure: 149.0 mmHg; Diastolic Blood Pressure: 92.0 mmHg; Systolic Blood Pressure: 195.0 mmHg; Diastolic Blood Pressure: 96.0 mmHg; Systolic Blood Pressure: 168.0 mmHg; Diastolic Blood Pressure: 94.0 mmHg; Systolic Blood Pressure: 152.0 mmHg. Immunizations: Influenza seasonal injectable preservative free.",0
0e8b7583-0582-4369-827c-f129b7d99e4c,"Demographics: born 1977-02-15, gender M, race white, ethnicity irish. Encounters: Death Certification. Medications: Nitroglycerin 0.4 MG/ACTUAT [Nitrolingual]; Penicillin V Potassium 250 MG; Simvastatin 20 MG Oral Tablet; Amlodipine 5 MG Oral Tablet; Clopidogrel 75 MG Oral Tablet. Observations: Myocardial Infarction.",0
0056f239-7bdb-4352-9618-8f67d24de240,"Demographics: born 1999-10-13, gender F, race hispanic, ethnicity central_american. Encounters: Outpatient Encounter; Encounter for symptom. Procedures: Documentation of current medications. Observations: Body Height: 143.32 cm; Body Weight: 34.13 kg; Body Mass Index: 16.62 kg/m2; Systolic Blood Pressure: 135.0 mmHg; Diastolic Blood Pressure: 72.0 mmHg; Body Height: 150.44 cm; Body Weight: 38.0 kg; Body Mass Index: 16.79 kg/m2; Systolic Blood Pressure: 139.0 mmHg; Diastolic Blood Pressure: 88.0 mmHg; Body Height: 155.39 cm; Body Weight: 41.65 kg; Body Mass Index: 17.25 kg/m2; Systolic Blood Pressure: 116.0 mmHg; Body Height: 157.89 cm; Body Weight: 45.01 kg; Body Mass Index: 18.05 kg/m2; Systolic Blood Pressure: 119.0 mmHg; Diastolic Blood Pressure: 87.0 mmHg; Body Height: 158.88 cm; Body Weight: 47.36 kg; Body Mass Index: 18.76 kg/m2; Systolic Blood Pressure: 123.0 mmHg; Body Height: 159.33 cm; Body Weight: 48.88 kg; Body Mass Index: 19.26 kg/m2; Systolic Blood Pressure: 138.0 mmHg; Oral temperature: 37.0 Cel; Body Height: 159.63 cm; Body Weight: 50.12 kg; Body Mass Index: 19.67 kg/m2; Systolic Blood Pressure: 104.0 mmHg; Diastolic Blood Pressure: 73.0 mmHg. Immunizations: meningococcal MCV4P; Tdap; HPV quadrivalent; Influenza seasonal injectable preservative free.",0
930eeb91-dbbf-4244-ad16-1d6359f2ddbd,"Demographics: born 1947-01-15, gender M, race white, ethnicity irish.",0
792a401f-2b28-4b04-a050-4c0f8b794b4a,"Demographics: born 1980-04-21, gender M, race white, ethnicity polish. Encounters: Outpatient Encounter; Encounter for symptom. Medications: Penicillin V Potassium 250 MG; 24 HR Metformin hydrochloride 500 MG Extended Release Oral Tablet; insulin human isophane 70 UNT/ML / Regular Insulin Human 30 UNT/ML Injectable Suspension [Humulin]; Acetaminophen 160 MG. Procedures: Documentation of current medications; Measurement of respiratory function (procedure). Observations: Hemoglobin A1c/Hemoglobin.total in Blood: 7.7 %; Body Height: 179.37 cm; Body Weight: 99.7 kg; Body Mass Index: 30.99 kg/m2; Systolic Blood Pressure: 128.0 mmHg; Diastolic Blood Pressure: 76.0 mmHg; Glucose: 104.0 mg/dL; Urea Nitrogen: 15.0 mg/dL; Creatinine: 1.0 mg/dL; Calcium: 9.44 mg/dL; Sodium: 136.0 mmol/L; Potassium: 4.35 mmol/L; Chloride: 111.0 mmol/L; Carbon Dioxide: 26.0 mmol/L; Total Cholesterol: 204.0 mg/dL; Triglycerides: 185.0 mg/dL; Low Density Lipoprotein Cholesterol: 123.0 mg/dL; High Density Lipoprotein Cholesterol: 44.0 mg/dL; Microalbumin Creatine Ratio: 10.0 mg/g; Estimated Glomerular Filtration Rate: 60.0 mL/min/{1.73_m2}; Hemoglobin A1c/Hemoglobin.total in Blood: 6.5 %; Body Weight: 102.89 kg; Body Mass Index: 31.98 kg/m2; Systolic Blood Pressure: 113.0 mmHg; Diastolic Blood Pressure: 80.0 mmHg; Glucose: 161.0 mg/dL; Urea Nitrogen: 11.0 mg/dL; Calcium: 9.92 mg/dL; Sodium: 138.0 mmol/L; Potassium: 4.58 mmol/L; Chloride: 107.0 mmol/L; Carbon Dioxide: 23.0 mmol/L; Total Cholesterol: 252.0 mg/dL; Triglycerides: 477.0 mg/dL; Low Density Lipoprotein Cholesterol: 131.0 mg/dL; High Density Lipoprotein Cholesterol: 25.0 mg/dL; Microalbumin Creatine Ratio: 2.0 mg/g; Hemoglobin A1c/Hemoglobin.total in Blood: 6.7 %; Body Weight: 105.88 kg; Body Mass Index: 32.91 kg/m2. Immunizations: Influenza seasonal injectable preservative free; Td (adult) preservative free.",1
574fe8bf-80e2-4a0f-9eb6-a60e46f4db34,"Demographics: born 1987-08-03, gender M, race white, ethnicity english. Encounters: Outpatient Encounter; Encounter for symptom. Medications: Acetaminophen 160 MG; Dextromethorphan Hydrobromide 1 MG/ML; Amoxicillin 500 MG Oral Tablet; Ibuprofen 200 MG Oral Tablet. Procedures: Documentation of current medications; Measurement of respiratory function (procedure). Observations: Body Height: 179.52 cm; Body Weight: 80.96 kg; Body Mass Index: 25.12 kg/m2; Systolic Blood Pressure: 129.0 mmHg; Diastolic Blood Pressure: 89.0 mmHg; Body Weight: 87.79 kg; Body Mass Index: 27.24 kg/m2; Systolic Blood Pressure: 128.0 mmHg; Diastolic Blood Pressure: 83.0 mmHg; Body Weight: 92.26 kg; Body Mass Index: 28.63 kg/m2; Systolic Blood Pressure: 100.0 mmHg; Diastolic Blood Pressure: 85.0 mmHg. Immunizations: Influenza seasonal injectable preservative free; Td (adult) preservative free.",0
32b074d7-9941-4670-a828-2bb6e5f3fd7e,"Demographics: born 2011-05-03, gender M, race white, ethnicity polish. Encounters: Outpatient Encounter; Encounter for symptom. Medications: Amoxicillin 250 MG / Clavulanate 125 MG [Augmentin]. Procedures: Documentation of current medications. Observations: Body Height: 57.31 cm; Body Weight: 4.39 kg; Systolic Blood Pressure: 130.0 mmHg; Diastolic Blood Pressure: 89.0 mmHg; Body Height: 60.29 cm; Body Weight: 5.15 kg; Systolic Blood Pressure: 139.0 mmHg; Diastolic Blood Pressure: 79.0 mmHg; Body Height: 64.91 cm; Body Weight: 6.44 kg; Systolic Blood Pressure: 133.0 mmHg; Body Height: 68.58 cm; Body Weight: 7.5 kg; Systolic Blood Pressure: 125.0 mmHg; Diastolic Blood Pressure: 74.0 mmHg; Body Height: 73.11 cm; Body Weight: 8.74 kg; Systolic Blood Pressure: 129.0 mmHg; Diastolic Blood Pressure: 80.0 mmHg; Body Height: 76.92 cm; Body Weight: 9.66 kg; Diastolic Blood Pressure: 84.0 mmHg; Body Height: 80.27 cm; Body Weight: 10.36 kg; Systolic Blood Pressure: 111.0 mmHg; Body Height: 84.23 cm; Body Weight: 11.08 kg; Systolic Blood Pressure: 106.0 mmHg; Diastolic Blood Pressure: 87.0 mmHg; Body Height: 88.61 cm; Body Weight: 11.92 kg; Body Mass Index: 15.17 kg/m2; Systolic Blood Pressure: 136.0 mmHg; Body Height: 93.72 cm; Body Weight: 12.79 kg; Body Mass Index: 14.56 kg/m2; Systolic Blood Pressure: 103.0 mmHg; Diastolic Blood Pressure: 76.0 mmHg; Body Height: 98.24 cm; Body Weight: 13.71 kg. Immunizations: Hep B adolescent or pediatric; rotavirus monovalent; DTaP; Hib (PRP-OMP); Pneumococcal conjugate PCV 13; IPV; Influenza seasonal injectable preservative free; MMR; varicella; Hep A ped/adol 2 dose.",0
24288af3-e9b6-411c-88fe-66c929efcd49,"Demographics: born 1958-09-27, gender F, race black, ethnicity west_indian. Encounters: Outpatient Encounter; Emergency room admission; Encounter for 'check-up'. Medications: Penicillin V Potassium 250 MG; Naproxen sodium 220 MG Oral Tablet. Procedures: Colonoscopy; Documentation of current medications. Observations: Body Height: 175.46 cm; Body Weight: 97.01 kg; Body Mass Index: 31.51 kg/m2; Systolic Blood Pressure: 117.0 mmHg; Diastolic Blood Pressure: 77.0 mmHg; Total Cholesterol: 162.0 mg/dL; Triglycerides: 122.0 mg/dL; Low Density Lipoprotein Cholesterol: 66.0 mg/dL; High Density Lipoprotein Cholesterol: 71.0 mg/dL; Systolic Blood Pressure: 114.0 mmHg; Diastolic Blood Pressure: 76.0 mmHg; Systolic Blood Pressure: 102.0 mmHg; Systolic Blood Pressure: 110.0 mmHg; Systolic Blood Pressure: 130.0 mmHg; Diastolic Blood Pressure: 84.0 mmHg; Total Cholesterol: 184.0 mg/dL; Triglycerides: 111.0 mg/dL; Low Density Lipoprotein Cholesterol: 98.0 mg/dL; High Density Lipoprotein Cholesterol: 63.0 mg/dL; Systolic Blood Pressure: 121.0 mmHg; Systolic Blood Pressure: 133.0 mmHg; Diastolic Blood Pressure: 71.0 mmHg; Systolic Blood Pressure: 109.0 mmHg; Diastolic Blood Pressure: 85.0 mmHg. Immunizations: Influenza seasonal injectable preservative free; Td (adult) preservative free.",0
c92222ea-647b-407b-b822-1eec238a7b5f,"Demographics: born 1953-04-29, gender M, race white, ethnicity american. Encounters: Outpatient Encounter; Encounter for 'check-up'; Encounter for symptom; Emergency room admission; Non-urgent orthopedic admission; Encounter for problem. Medications: Penicillin V Potassium 250 MG; Acetaminophen 160 MG; Meperidine Hydrochloride 50 MG Oral Tablet; Acetaminophen 325 MG Oral Tablet; Leucovorin 100 MG Injection; oxaliplatin 5 MG/ML [Eloxatin]. Procedures: Colonoscopy; Fecal occult blood test; Rectal polypectomy; Measurement of respiratory function (procedure); Surgical manipulation of joint of knee; Documentation of current medications; Partial resection of colon; Combined chemotherapy and radiation therapy (procedure); Sputum examination (procedure). Observations: Hemoglobin A1c/Hemoglobin.total in Blood: 7.1 %; Body Height: 190.18 cm; Body Weight: 102.43 kg; Body Mass Index: 28.32 kg/m2; Systolic Blood Pressure: 153.0 mmHg; Diastolic Blood Pressure: 110.0 mmHg; Glucose: 123.0 mg/dL; Urea Nitrogen: 12.0 mg/dL; Creatinine: 1.0 mg/dL; Calcium: 10.02 mg/dL; Sodium: 139.0 mmol/L; Potassium: 3.98 mmol/L; Chloride: 106.0 mmol/L; Carbon Dioxide: 25.0 mmol/L; Total Cholesterol: 236.0 mg/dL; Triglycerides: 178.0 mg/dL; Low Density Lipoprotein Cholesterol: 151.0 mg/dL; High Density Lipoprotein Cholesterol: 49.0 mg/dL; Microalbumin Creatine Ratio: 15.0 mg/g; Estimated Glomerular Filtration Rate: 60.0 mL/min/{1.73_m2}; Systolic Blood Pressure: 195.0 mmHg; Diastolic Blood Pressure: 100.0 mmHg; Glucose: 101.0 mg/dL; Urea Nitrogen: 13.0 mg/dL; Calcium: 9.31 mg/dL; Sodium: 137.0 mmol/L; Potassium: 4.28 mmol/L; Chloride: 102.0 mmol/L; Carbon Dioxide: 29.0 mmol/L; Total Cholesterol: 206.0 mg/dL; Triglycerides: 168.0 mg/dL; Low Density Lipoprotein Cholesterol: 128.0 mg/dL; High Density Lipoprotein Cholesterol: 44.0 mg/dL; Microalbumin Creatine Ratio: 8.0 mg/g; Systolic Blood Pressure: 146.0 mmHg; Diastolic Blood Pressure: 107.0 mmHg; Glucose: 106.0 mg/dL; Urea Nitrogen: 9.0 mg/dL; Calcium: 9.82 mg/dL; Sodium: 142.0 mmol/L. Allergies: Shellfish allergy. Immunizations: Influenza seasonal injectable preservative free; zoster; Td (adult) preservative free.",1
8ffe08f0-d572-4c42-b2d2-db59c3094475,"Demographics: born 1934-12-21, gender M, race hispanic, ethnicity puerto_rican. Encounters: Encounter for symptom; Outpatient Encounter; Emergency room admission; Encounter for 'check-up'. Medications: 24 HR Metformin hydrochloride 500 MG Extended Release Oral Tablet; Clopidogrel 75 MG Oral Tablet; Simvastatin 20 MG Oral Tablet; Amlodipine 5 MG Oral Tablet; Nitroglycerin 0.4 MG/ACTUAT [Nitrolingual]; Naproxen sodium 220 MG Oral Tablet. Procedures: Documentation of current medications; Colonoscopy. Observations: Hemoglobin A1c/Hemoglobin.total in Blood: 6.1 %; Body Height: 178.58 cm; Body Weight: 96.65 kg; Body Mass Index: 30.3 kg/m2; Systolic Blood Pressure: 150.0 mmHg; Diastolic Blood Pressure: 115.0 mmHg; Glucose: 69.0 mg/dL; Urea Nitrogen: 17.0 mg/dL; Creatinine: 1.0 mg/dL; Calcium: 9.69 mg/dL; Sodium: 143.0 mmol/L; Potassium: 4.4 mmol/L; Chloride: 106.0 mmol/L; Carbon Dioxide: 20.0 mmol/L; Total Cholesterol: 161.0 mg/dL; Triglycerides: 127.0 mg/dL; Low Density Lipoprotein Cholesterol: 56.0 mg/dL; High Density Lipoprotein Cholesterol: 79.0 mg/dL; Microalbumin Creatine Ratio: 17.0 mg/g; Estimated Glomerular Filtration Rate: 60.0 mL/min/{1.73_m2}; Hemoglobin A1c/Hemoglobin.total in Blood: 5.9 %; Body Weight: 94.85 kg; Body Mass Index: 29.74 kg/m2; Systolic Blood Pressure: 149.0 mmHg; Diastolic Blood Pressure: 112.0 mmHg; Glucose: 76.0 mg/dL; Urea Nitrogen: 10.0 mg/dL; Calcium: 8.71 mg/dL; Sodium: 139.0 mmol/L; Potassium: 3.79 mmol/L; Carbon Dioxide: 23.0 mmol/L; Total Cholesterol: 180.0 mg/dL; Triglycerides: 107.0 mg/dL; Low Density Lipoprotein Cholesterol: 81.0 mg/dL; High Density Lipoprotein Cholesterol: 77.0 mg/dL; Microalbumin Creatine Ratio: 8.0 mg/g; Hemoglobin A1c/Hemoglobin.total in Blood: 5.8 %; Body Weight: 93.75 kg; Body Mass Index: 29.4 kg/m2; Systolic Blood Pressure: 155.0 mmHg. Immunizations: Influenza seasonal injectable preservative free; Td (adult) preservative free.",1
93e36160-4e80-4712-b77e-c2fe2cd34560,"Demographics: born 1930-03-18, gender F, race black, ethnicity dominican.",0
8d9397a3-bf7a-4ad4-993a-e076c75fad23,"Demographics: born 1946-02-10, gender M, race black, ethnicity west_indian. Encounters: Outpatient Encounter; Encounter for 'check-up'; Emergency Encounter; Encounter for symptom; Emergency room admission. Medications: 24 HR Metformin hydrochloride 500 MG Extended Release Oral Tablet; Clopidogrel 75 MG Oral Tablet; Simvastatin 20 MG Oral Tablet; Amlodipine 5 MG Oral Tablet; Nitroglycerin 0.4 MG/ACTUAT [Nitrolingual]; Penicillin V Potassium 500 MG; Alteplase 1 MG/ML Injectable Solution; Acetaminophen 160 MG; Meperidine Hydrochloride 50 MG Oral Tablet; Naproxen sodium 220 MG Oral Tablet. Procedures: Documentation of current medications; Colonoscopy; Percutaneous mechanical thrombectomy of portal vein using fluoroscopic guidance; Measurement of respiratory function (procedure); Admission to orthopedic department; Bone density scan (procedure). Observations: Hemoglobin A1c/Hemoglobin.total in Blood: 7.8 %; Body Height: 169.63 cm; Body Weight: 106.52 kg; Body Mass Index: 37.02 kg/m2; Systolic Blood Pressure: 192.0 mmHg; Diastolic Blood Pressure: 111.0 mmHg; Glucose: 147.0 mg/dL; Urea Nitrogen: 7.0 mg/dL; Creatinine: 1.0 mg/dL; Calcium: 9.45 mg/dL; Sodium: 141.0 mmol/L; Potassium: 4.16 mmol/L; Chloride: 109.0 mmol/L; Carbon Dioxide: 28.0 mmol/L; Total Cholesterol: 246.0 mg/dL; Triglycerides: 334.0 mg/dL; Low Density Lipoprotein Cholesterol: 147.0 mg/dL; High Density Lipoprotein Cholesterol: 32.0 mg/dL; Microalbumin Creatine Ratio: 16.0 mg/g; Estimated Glomerular Filtration Rate: 60.0 mL/min/{1.73_m2}; Hemoglobin A1c/Hemoglobin.total in Blood: 7.6 %; Body Weight: 105.14 kg; Body Mass Index: 36.54 kg/m2; Systolic Blood Pressure: 169.0 mmHg; Diastolic Blood Pressure: 105.0 mmHg; Urea Nitrogen: 11.0 mg/dL; Calcium: 9.86 mg/dL; Sodium: 142.0 mmol/L; Potassium: 3.86 mmol/L; Chloride: 102.0 mmol/L; Carbon Dioxide: 22.0 mmol/L; Total Cholesterol: 243.0 mg/dL; Triglycerides: 228.0 mg/dL; Low Density Lipoprotein Cholesterol: 158.0 mg/dL; High Density Lipoprotein Cholesterol: 39.0 mg/dL; Microalbumin Creatine Ratio: 0.0 mg/g; Hemoglobin A1c/Hemoglobin.total in Blood: 7.5 %; Body Weight: 103.46 kg; Body Mass Index: 35.96 kg/m2; Systolic Blood Pressure: 182.0 mmHg. Immunizations: Influenza seasonal injectable preservative free; Pneumococcal conjugate PCV 13; pneumococcal polysaccharide vaccine 23 valent; Td (adult) preservative free.",1
99521427-66be-45c1-87b3-721bfe8ec337,"Demographics: born 1969-02-16, gender F, race white, ethnicity irish. Encounters: Outpatient Encounter; Encounter for symptom. Medications: Errin 28 Day Pack; Nitrofurantoin 5 MG/ML [Furadantin]; Phenazopyridine hydrochloride 100 MG [Pyridium]. Observations: Hemoglobin A1c/Hemoglobin.total in Blood: 6.2 %; Body Height: 165.54 cm; Body Weight: 117.0 kg; Body Mass Index: 42.69 kg/m2; Systolic Blood Pressure: 196.0 mmHg; Diastolic Blood Pressure: 114.0 mmHg; Glucose: 95.0 mg/dL; Urea Nitrogen: 20.0 mg/dL; Creatinine: 1.0 mg/dL; Calcium: 9.96 mg/dL; Sodium: 143.0 mmol/L; Potassium: 4.89 mmol/L; Chloride: 103.0 mmol/L; Carbon Dioxide: 24.0 mmol/L; Total Cholesterol: 189.0 mg/dL; Triglycerides: 110.0 mg/dL; Low Density Lipoprotein Cholesterol: 100.0 mg/dL; High Density Lipoprotein Cholesterol: 67.0 mg/dL; Estimated Glomerular Filtration Rate: 60.0 mL/min/{1.73_m2}; Hemoglobin A1c/Hemoglobin.total in Blood: 6.0 %; Body Weight: 120.53 kg; Body Mass Index: 43.98 kg/m2; Systolic Blood Pressure: 189.0 mmHg; Diastolic Blood Pressure: 93.0 mmHg; Glucose: 92.0 mg/dL; Urea Nitrogen: 13.0 mg/dL; Calcium: 8.84 mg/dL; Potassium: 3.97 mmol/L; Chloride: 106.0 mmol/L; Hemoglobin A1c/Hemoglobin.total in Blood: 6.1 %; Body Weight: 123.39 kg; Body Mass Index: 45.03 kg/m2; Systolic Blood Pressure: 191.0 mmHg; Diastolic Blood Pressure: 96.0 mmHg; Glucose: 70.0 mg/dL; Urea Nitrogen: 18.0 mg/dL; Calcium: 9.73 mg/dL; Sodium: 141.0 mmol/L; Potassium: 4.63 mmol/L; Chloride: 111.0 mmol/L. Immunizations: Influenza seasonal injectable preservative free; Td (adult) preservative free.",0
4a56ad47-3121-46cf-bf47-af70c39bea39,"Demographics: born 1988-03-01, gender F, race white, ethnicity italian. Encounters: Prenatal visit; Encounter for symptom; Obstetric emergency hospital admission; Outpatient Encounter; Prenatal initial visit; Patient-initiated encounter; Consultation for treatment. Medications: Amoxicillin 250 MG / Clavulanate 125 MG [Augmentin]; Errin 28 Day Pack; Nitrofurantoin 5 MG/ML [Furadantin]; Phenazopyridine hydrochloride 100 MG [Pyridium]; NITROFURANTOIN MACROCRYSTALS 50 MG [Macrodantin]. Procedures: Childbirth; Standard pregnancy test; Induced termination of pregnancy. Observations: Body Height: 157.87 cm; Body Weight: 50.72 kg; Body Mass Index: 20.35 kg/m2; Systolic Blood Pressure: 123.0 mmHg; Diastolic Blood Pressure: 79.0 mmHg; Body Weight: 56.41 kg; Body Mass Index: 22.63 kg/m2; Systolic Blood Pressure: 104.0 mmHg; Diastolic Blood Pressure: 73.0 mmHg; Oral temperature: 37.0 Cel. Immunizations: Influenza seasonal injectable preservative free; Td (adult) preservative free.",0
ffc4faae-7662-481e-adcf-a1842b912a92,"Demographics: born 1972-03-05, gender M, race black, ethnicity dominican. Encounters: Emergency room admission; Encounter for symptom; Encounter for 'check-up'; Emergency Encounter; Outpatient Encounter; Death Certification. Medications: Clopidogrel 75 MG Oral Tablet; Simvastatin 20 MG Oral Tablet; Amlodipine 5 MG Oral Tablet; Nitroglycerin 0.4 MG/ACTUAT [Nitrolingual]; Fluticasone propionate 0.25 MG/ACTUAT / salmeterol 0.05 MG/ACTUAT [Advair]; Ibuprofen 200 MG Oral Tablet; Amoxicillin 250 MG / Clavulanate 125 MG [Augmentin]; Atorvastatin 80 MG Oral Tablet; Captopril 25 MG Oral Tablet; Naproxen sodium 220 MG Oral Tablet; 24 HR Metformin hydrochloride 500 MG Extended Release Oral Tablet. Procedures: Bone immobilization; Percutaneous coronary intervention; Coronary artery bypass grafting; Spirometry (procedure). Observations: Oral temperature: 37.0 Cel; FEV1/​FVC: 55.0 %; Hemoglobin A1c/Hemoglobin.total in Blood: 7.4 %; Body Height: 180.15 cm; Body Weight: 96.46 kg; Body Mass Index: 29.72 kg/m2; Systolic Blood Pressure: 143.0 mmHg; Diastolic Blood Pressure: 94.0 mmHg; Glucose: 121.0 mg/dL; Urea Nitrogen: 8.0 mg/dL; Creatinine: 1.0 mg/dL; Calcium: 9.41 mg/dL; Sodium: 144.0 mmol/L; Potassium: 4.57 mmol/L; Chloride: 107.0 mmol/L; Carbon Dioxide: 24.0 mmol/L; Total Cholesterol: 226.0 mg/dL; Triglycerides: 175.0 mg/dL; Low Density Lipoprotein Cholesterol: 133.0 mg/dL; High Density Lipoprotein Cholesterol: 58.0 mg/dL; Microalbumin Creatine Ratio: 11.0 mg/g; Estimated Glomerular Filtration Rate: 60.0 mL/min/{1.73_m2}; FEV1/​FVC: 49.0 %; Hemoglobin A1c/Hemoglobin.total in Blood: 7.6 %; Body Weight: 99.27 kg; Body Mass Index: 30.59 kg/m2; Systolic Blood Pressure: 191.0 mmHg; Diastolic Blood Pressure: 98.0 mmHg; Glucose: 117.0 mg/dL; Urea Nitrogen: 18.0 mg/dL; Calcium: 10.15 mg/dL; Sodium: 140.0 mmol/L; Potassium: 5.0 mmol/L; Chloride: 101.0 mmol/L; Carbon Dioxide: 23.0 mmol/L; Total Cholesterol: 201.0 mg/dL; Triglycerides: 188.0 mg/dL; Low Density Lipoprotein Cholesterol: 119.0 mg/dL; High Density Lipoprotein Cholesterol: 44.0 mg/dL; Microalbumin Creatine Ratio: 3.0 mg/g. Immunizations: Influenza seasonal injectable preservative free; Td (adult) preservative free.",1
ee35f6a4-3101-4ebc-881a-f3573cf3ab2f,"Demographics: born 1947-05-02, gender M, race white, ethnicity russian. Encounters: Outpatient Encounter; Encounter for symptom. Medications: Penicillin V Potassium 250 MG; 24 HR Metformin hydrochloride 500 MG Extended Release Oral Tablet; insulin human isophane 70 UNT/ML / Regular Insulin Human 30 UNT/ML Injectable Suspension [Humulin]. Procedures: Documentation of current medications. Observations: Hemoglobin A1c/Hemoglobin.total in Blood: 4.8 %; Body Height: 171.52 cm; Body Weight: 110.02 kg; Body Mass Index: 37.4 kg/m2; Systolic Blood Pressure: 103.0 mmHg; Diastolic Blood Pressure: 72.0 mmHg; Glucose: 125.0 mg/dL; Urea Nitrogen: 17.0 mg/dL; Creatinine: 1.0 mg/dL; Calcium: 9.83 mg/dL; Sodium: 136.0 mmol/L; Potassium: 4.88 mmol/L; Chloride: 104.0 mmol/L; Carbon Dioxide: 25.0 mmol/L; Total Cholesterol: 229.0 mg/dL; Triglycerides: 194.0 mg/dL; Low Density Lipoprotein Cholesterol: 136.0 mg/dL; High Density Lipoprotein Cholesterol: 54.0 mg/dL; Microalbumin Creatine Ratio: 18.0 mg/g; Estimated Glomerular Filtration Rate: 60.0 mL/min/{1.73_m2}; Hemoglobin A1c/Hemoglobin.total in Blood: 4.7 %; Body Weight: 108.65 kg; Body Mass Index: 36.93 kg/m2; Systolic Blood Pressure: 139.0 mmHg; Diastolic Blood Pressure: 78.0 mmHg; Glucose: 101.0 mg/dL; Urea Nitrogen: 11.0 mg/dL; Calcium: 8.97 mg/dL; Sodium: 138.0 mmol/L; Potassium: 4.11 mmol/L; Chloride: 105.0 mmol/L; Carbon Dioxide: 29.0 mmol/L; Total Cholesterol: 212.0 mg/dL; Triglycerides: 167.0 mg/dL; Low Density Lipoprotein Cholesterol: 130.0 mg/dL; High Density Lipoprotein Cholesterol: 48.0 mg/dL; Microalbumin Creatine Ratio: 25.0 mg/g; Hemoglobin A1c/Hemoglobin.total in Blood: 4.6 %; Body Weight: 106.91 kg; Body Mass Index: 36.34 kg/m2. Immunizations: Influenza seasonal injectable preservative free; Pneumococcal conjugate PCV 13.",1
2dcf495c-f71e-4d3c-af17-a281d0830299,"Demographics: born 1934-11-10, gender M, race white, ethnicity german. Encounters: Death Certification. Medications: Insulin Lispro 100 UNT/ML Injectable Solution [Humalog]. Observations: End stage renal disease. Allergies: Allergy to wheat.",1
640d06c6-a953-48f9-bd46-b847bbc04c9f,"Demographics: born 1912-01-29, gender F, race white, ethnicity french_canadian.",0
ed46036b-c810-4b07-915b-fdd5a04dd3d9,"Demographics: born 1968-11-01, gender M, race hispanic, ethnicity puerto_rican. Encounters: Outpatient Encounter; Encounter for symptom. Medications: Penicillin V Potassium 500 MG; 24 HR Metformin hydrochloride 500 MG Extended Release Oral Tablet; Acetaminophen 160 MG. Procedures: Sputum examination (procedure); Documentation of current medications; Measurement of respiratory function (procedure). Observations: Hemoglobin A1c/Hemoglobin.total in Blood: 7.1 %; Body Height: 170.91 cm; Body Weight: 100.02 kg; Body Mass Index: 34.24 kg/m2; Systolic Blood Pressure: 115.0 mmHg; Diastolic Blood Pressure: 77.0 mmHg; Glucose: 124.0 mg/dL; Urea Nitrogen: 19.0 mg/dL; Creatinine: 1.0 mg/dL; Calcium: 9.13 mg/dL; Sodium: 138.0 mmol/L; Potassium: 4.22 mmol/L; Chloride: 106.0 mmol/L; Carbon Dioxide: 28.0 mmol/L; Total Cholesterol: 210.0 mg/dL; Triglycerides: 195.0 mg/dL; Low Density Lipoprotein Cholesterol: 125.0 mg/dL; High Density Lipoprotein Cholesterol: 46.0 mg/dL; Microalbumin Creatine Ratio: 3.0 mg/g; Estimated Glomerular Filtration Rate: 60.0 mL/min/{1.73_m2}; Hemoglobin A1c/Hemoglobin.total in Blood: 7.5 %; Body Weight: 104.92 kg; Body Mass Index: 35.92 kg/m2; Systolic Blood Pressure: 122.0 mmHg; Diastolic Blood Pressure: 86.0 mmHg; Glucose: 123.0 mg/dL; Urea Nitrogen: 11.0 mg/dL; Calcium: 9.54 mg/dL; Potassium: 4.03 mmol/L; Chloride: 104.0 mmol/L; Carbon Dioxide: 24.0 mmol/L; Total Cholesterol: 236.0 mg/dL; Triglycerides: 196.0 mg/dL; Low Density Lipoprotein Cholesterol: 151.0 mg/dL; High Density Lipoprotein Cholesterol: 45.0 mg/dL; Microalbumin Creatine Ratio: 4.0 mg/g; Hemoglobin A1c/Hemoglobin.total in Blood: 7.6 %; Body Weight: 106.91 kg; Body Mass Index: 36.6 kg/m2; Systolic Blood Pressure: 102.0 mmHg. Immunizations: Influenza seasonal injectable preservative free; Td (adult) preservative free.",1
041b0f89-17bf-4c42-a64d-80ea74229edf,"Demographics: born 1968-11-14, gender M, race white, ethnicity italian. Encounters: Emergency room admission; Outpatient Encounter; Encounter for symptom. Medications: diphenhydrAMINE Hydrochloride 25 MG Oral Tablet; Naproxen sodium 220 MG Oral Tablet; Amoxicillin 250 MG / Clavulanate 125 MG [Augmentin]. Procedures: Suture open wound; Documentation of current medications. Observations: Hemoglobin A1c/Hemoglobin.total in Blood: 6.0 %; Body Height: 171.43 cm; Body Weight: 98.45 kg; Body Mass Index: 33.5 kg/m2; Systolic Blood Pressure: 120.0 mmHg; Diastolic Blood Pressure: 82.0 mmHg; Glucose: 87.0 mg/dL; Urea Nitrogen: 20.0 mg/dL; Creatinine: 1.0 mg/dL; Calcium: 8.73 mg/dL; Sodium: 143.0 mmol/L; Potassium: 4.83 mmol/L; Chloride: 105.0 mmol/L; Carbon Dioxide: 20.0 mmol/L; Hemoglobin A1c/Hemoglobin.total in Blood: 6.2 %; Body Weight: 101.72 kg; Body Mass Index: 34.61 kg/m2; Systolic Blood Pressure: 116.0 mmHg; Diastolic Blood Pressure: 85.0 mmHg; Glucose: 70.0 mg/dL; Urea Nitrogen: 15.0 mg/dL; Calcium: 8.83 mg/dL; Sodium: 136.0 mmol/L; Potassium: 4.02 mmol/L; Chloride: 109.0 mmol/L; Carbon Dioxide: 22.0 mmol/L; Total Cholesterol: 175.0 mg/dL; Triglycerides: 106.0 mg/dL; Low Density Lipoprotein Cholesterol: 93.0 mg/dL; High Density Lipoprotein Cholesterol: 60.0 mg/dL; Body Weight: 104.81 kg; Body Mass Index: 35.66 kg/m2; Systolic Blood Pressure: 108.0 mmHg; Diastolic Blood Pressure: 72.0 mmHg; Urea Nitrogen: 12.0 mg/dL; Calcium: 9.89 mg/dL; Sodium: 142.0 mmol/L; Potassium: 5.13 mmol/L; Chloride: 104.0 mmol/L; Carbon Dioxide: 27.0 mmol/L. Immunizations: Influenza seasonal injectable preservative free; Td (adult) preservative free.",0
d5fb815e-7566-42b2-b9a4-21bfb1ff0edf,"Demographics: born 1964-04-18, gender F, race white, ethnicity irish. Encounters: Outpatient Encounter; Encounter for 'check-up'; Encounter for problem; Encounter for symptom. Medications: Fluticasone propionate 0.25 MG/ACTUAT / salmeterol 0.05 MG/ACTUAT [Advair]. Procedures: Spirometry (procedure); Colonoscopy; Fecal occult blood test; Rectal polypectomy; Biopsy of colon; Documentation of current medications. Observations: FEV1/​FVC: 49.0 %; Body Height: 161.83 cm; Body Weight: 107.64 kg; Body Mass Index: 41.11 kg/m2; Systolic Blood Pressure: 139.0 mmHg; Diastolic Blood Pressure: 70.0 mmHg; FEV1/​FVC: 47.0 %; Body Weight: 110.89 kg; Body Mass Index: 42.34 kg/m2; Systolic Blood Pressure: 121.0 mmHg; Diastolic Blood Pressure: 74.0 mmHg; Total Cholesterol: 178.0 mg/dL; Triglycerides: 132.0 mg/dL; Low Density Lipoprotein Cholesterol: 91.0 mg/dL; High Density Lipoprotein Cholesterol: 60.0 mg/dL; Polyp size greatest dimension by CAP cancer protocols: 17.0 mm; Hemoglobin.gastrointestinal [Presence] in Stool by Immunologic method: 179.0 ng/mL; FEV1/​FVC: 37.0 %; Systolic Blood Pressure: 127.0 mmHg; Diastolic Blood Pressure: 79.0 mmHg; Oral temperature: 38.0 Cel; FEV1/​FVC: 48.0 %; Systolic Blood Pressure: 107.0 mmHg; Diastolic Blood Pressure: 75.0 mmHg. Immunizations: Influenza seasonal injectable preservative free; Td (adult) preservative free.",0
1205129e-174f-468d-bdb1-8ec307a64a87,"Demographics: born 1991-10-09, gender M, race hispanic, ethnicity puerto_rican. Encounters: Outpatient Encounter; Encounter for symptom. Medications: Loratadine 5 MG Chewable Tablet; 0.3 ML EPINEPHrine 0.5 MG/ML Auto-Injector; Penicillin V Potassium 250 MG; Amoxicillin 250 MG / Clavulanate 125 MG [Augmentin]. Procedures: Documentation of current medications. Observations: Body Height: 189.86 cm; Body Weight: 81.35 kg; Body Mass Index: 22.57 kg/m2; Systolic Blood Pressure: 125.0 mmHg; Diastolic Blood Pressure: 75.0 mmHg; Body Height: 190.17 cm; Body Weight: 83.09 kg; Body Mass Index: 22.98 kg/m2; Systolic Blood Pressure: 100.0 mmHg; Diastolic Blood Pressure: 83.0 mmHg; Body Height: 190.18 cm; Body Weight: 85.0 kg; Body Mass Index: 23.5 kg/m2; Systolic Blood Pressure: 134.0 mmHg; Diastolic Blood Pressure: 87.0 mmHg; Body Weight: 89.93 kg; Body Mass Index: 24.86 kg/m2; Systolic Blood Pressure: 127.0 mmHg; Diastolic Blood Pressure: 88.0 mmHg; Oral temperature: 38.0 Cel. Allergies: Allergy to nut; Shellfish allergy; Allergy to wheat; Allergy to tree pollen; Allergy to grass pollen; Dander (animal) allergy; House dust mite allergy; Allergy to mould. Immunizations: Influenza seasonal injectable preservative free; Td (adult) preservative free.",0
a4a965ce-c36e-4786-9967-5152591944b1,"Demographics: born 1950-01-26, gender F, race white, ethnicity french. Encounters: Outpatient Encounter; Encounter for problem; Encounter for symptom; Emergency room admission; Encounter for 'check-up'. Medications: Penicillin V Potassium 250 MG; Naproxen sodium 220 MG [Aleve]; Penicillin V Potassium 500 MG; Acetaminophen 325 MG Oral Tablet; Ibuprofen 200 MG Oral Tablet. Procedures: Documentation of current medications; Throat culture (procedure); Suture open wound. Observations: Hemoglobin A1c/Hemoglobin.total in Blood: 6.1 %; Body Height: 164.97 cm; Body Weight: 100.51 kg; Body Mass Index: 36.93 kg/m2; Systolic Blood Pressure: 163.0 mmHg; Diastolic Blood Pressure: 95.0 mmHg; Glucose: 99.0 mg/dL; Urea Nitrogen: 10.0 mg/dL; Creatinine: 1.0 mg/dL; Calcium: 8.76 mg/dL; Sodium: 140.0 mmol/L; Potassium: 4.75 mmol/L; Chloride: 108.0 mmol/L; Carbon Dioxide: 26.0 mmol/L; Estimated Glomerular Filtration Rate: 60.0 mL/min/{1.73_m2}; Hemoglobin A1c/Hemoglobin.total in Blood: 6.4 %; Body Weight: 98.88 kg; Body Mass Index: 36.33 kg/m2; Systolic Blood Pressure: 160.0 mmHg; Diastolic Blood Pressure: 115.0 mmHg; Glucose: 82.0 mg/dL; Urea Nitrogen: 7.0 mg/dL; Calcium: 10.13 mg/dL; Sodium: 142.0 mmol/L; Potassium: 4.27 mmol/L; Chloride: 105.0 mmol/L; Carbon Dioxide: 23.0 mmol/L; Estimated Glomerular Filtration Rate: 56.0 mL/min/{1.73_m2}; Hemoglobin A1c/Hemoglobin.total in Blood: 5.9 %; Body Weight: 97.03 kg; Body Mass Index: 35.65 kg/m2; Systolic Blood Pressure: 164.0 mmHg; Diastolic Blood Pressure: 118.0 mmHg; Glucose: 67.0 mg/dL; Urea Nitrogen: 9.0 mg/dL; Calcium: 8.77 mg/dL; Sodium: 136.0 mmol/L; Potassium: 4.94 mmol/L; Chloride: 102.0 mmol/L; Carbon Dioxide: 25.0 mmol/L. Immunizations: Influenza seasonal injectable preservative free; zoster; Td (adult) preservative free; Pneumococcal conjugate PCV 13; pneumococcal polysaccharide vaccine 23 valent.",0
1dbcd874-0e6d-47ac-a326-d6ee495a6b61,"Demographics: born 1950-11-02, gender F, race hispanic, ethnicity puerto_rican. Encounters: Death Certification. Observations: Non-small cell lung cancer (disorder).",0
c98f32db-cc6a-41c1-ba9a-7495b53cc0ab,"Demographics: born 1948-01-29, gender M, race white, ethnicity italian. Encounters: Death Certification. Medications: Penicillin V Potassium 250 MG; Fluticasone propionate 0.25 MG/ACTUAT / salmeterol 0.05 MG/ACTUAT [Advair]. Observations: Pulmonary emphysema (disorder).",0
039f9be4-944e-4f7f-bb13-0473bb809bfc,"Demographics: born 1955-03-05, gender F, race hispanic, ethnicity central_american. Encounters: Outpatient Encounter; Patient encounter procedure; Encounter for 'check-up'. Medications: Penicillin V Potassium 250 MG. Procedures: Documentation of current medications; Replacement of contraceptive intrauterine device; Colonoscopy. Observations: Body Height: 175.46 cm; Body Weight: 101.19 kg; Body Mass Index: 32.87 kg/m2; Systolic Blood Pressure: 113.0 mmHg; Diastolic Blood Pressure: 73.0 mmHg; Systolic Blood Pressure: 133.0 mmHg; Diastolic Blood Pressure: 82.0 mmHg; Systolic Blood Pressure: 127.0 mmHg; Total Cholesterol: 173.0 mg/dL; Triglycerides: 143.0 mg/dL; Low Density Lipoprotein Cholesterol: 83.0 mg/dL; High Density Lipoprotein Cholesterol: 61.0 mg/dL; Systolic Blood Pressure: 118.0 mmHg; Diastolic Blood Pressure: 85.0 mmHg; Body Weight: 99.27 kg; Body Mass Index: 32.24 kg/m2; Systolic Blood Pressure: 106.0 mmHg; Body Weight: 97.46 kg; Body Mass Index: 31.66 kg/m2; Systolic Blood Pressure: 129.0 mmHg; Total Cholesterol: 180.0 mg/dL; Triglycerides: 138.0 mg/dL; Low Density Lipoprotein Cholesterol: 76.0 mg/dL; High Density Lipoprotein Cholesterol: 76.0 mg/dL. Immunizations: Influenza seasonal injectable preservative free; zoster; Td (adult) preservative free.",0
35777f24-df8a-48e6-bb33-7821380890cd,"Demographics: born 1930-06-02, gender M, race white, ethnicity polish. Encounters: Outpatient Encounter; Hospital admission; Death Certification. Medications: Penicillin V Potassium 250 MG; 24 HR Metformin hydrochloride 500 MG Extended Release Oral Tablet; insulin human isophane 70 UNT/ML / Regular Insulin Human 30 UNT/ML Injectable Suspension [Humulin]; Penicillin V Potassium 500 MG; Galantamine 4 MG [Razadyne]; Memantine hydrochloride 2 MG/ML [Namenda]. Observations: Hemoglobin A1c/Hemoglobin.total in Blood: 2.7 %; Body Height: 163.33 cm; Body Weight: 77.32 kg; Body Mass Index: 28.98 kg/m2; Systolic Blood Pressure: 198.0 mmHg; Diastolic Blood Pressure: 115.0 mmHg; Glucose: 167.0 mg/dL; Urea Nitrogen: 17.0 mg/dL; Creatinine: 1.0 mg/dL; Calcium: 9.44 mg/dL; Sodium: 143.0 mmol/L; Potassium: 4.31 mmol/L; Chloride: 111.0 mmol/L; Carbon Dioxide: 20.0 mmol/L; Total Cholesterol: 254.0 mg/dL; Triglycerides: 427.0 mg/dL; Low Density Lipoprotein Cholesterol: 132.0 mg/dL; High Density Lipoprotein Cholesterol: 36.0 mg/dL; Microalbumin Creatine Ratio: 27.0 mg/g; Estimated Glomerular Filtration Rate: 60.0 mL/min/{1.73_m2}; Pneumonia. Immunizations: Influenza seasonal injectable preservative free.",1
5587c408-c80d-448c-83eb-6e00c044134f,"Demographics: born 1963-01-01, gender M, race white, ethnicity russian. Encounters: Outpatient Encounter; Emergency room admission; Encounter for 'check-up'. Medications: 24 HR Metformin hydrochloride 500 MG Extended Release Oral Tablet; Naproxen sodium 220 MG Oral Tablet; Acetaminophen 325 MG Oral Tablet; Clopidogrel 75 MG Oral Tablet; Simvastatin 20 MG Oral Tablet; Amlodipine 5 MG Oral Tablet; Nitroglycerin 0.4 MG/ACTUAT [Nitrolingual]. Procedures: Colonoscopy; Documentation of current medications; Suture open wound; Injection of tetanus antitoxin. Observations: Hemoglobin A1c/Hemoglobin.total in Blood: 7.7 %; Body Height: 176.77 cm; Body Weight: 114.81 kg; Body Mass Index: 36.74 kg/m2; Systolic Blood Pressure: 176.0 mmHg; Diastolic Blood Pressure: 104.0 mmHg; Glucose: 106.0 mg/dL; Urea Nitrogen: 19.0 mg/dL; Creatinine: 1.0 mg/dL; Calcium: 10.1 mg/dL; Sodium: 137.0 mmol/L; Potassium: 5.04 mmol/L; Chloride: 103.0 mmol/L; Carbon Dioxide: 29.0 mmol/L; Total Cholesterol: 218.0 mg/dL; Triglycerides: 187.0 mg/dL; Low Density Lipoprotein Cholesterol: 140.0 mg/dL; High Density Lipoprotein Cholesterol: 40.0 mg/dL; Microalbumin Creatine Ratio: 9.0 mg/g; Estimated Glomerular Filtration Rate: 60.0 mL/min/{1.73_m2}; Hemoglobin A1c/Hemoglobin.total in Blood: 7.8 %; Body Weight: 115.99 kg; Body Mass Index: 37.12 kg/m2; Systolic Blood Pressure: 160.0 mmHg; Diastolic Blood Pressure: 110.0 mmHg; Glucose: 140.0 mg/dL; Urea Nitrogen: 16.0 mg/dL; Calcium: 9.25 mg/dL; Sodium: 142.0 mmol/L; Potassium: 4.6 mmol/L; Chloride: 105.0 mmol/L; Carbon Dioxide: 22.0 mmol/L; Total Cholesterol: 259.0 mg/dL; Triglycerides: 463.0 mg/dL; Low Density Lipoprotein Cholesterol: 137.0 mg/dL; High Density Lipoprotein Cholesterol: 29.0 mg/dL; Systolic Blood Pressure: 144.0 mmHg; Diastolic Blood Pressure: 107.0 mmHg; Glucose: 194.0 mg/dL; Urea Nitrogen: 9.0 mg/dL. Immunizations: Influenza seasonal injectable preservative free; Td (adult) preservative free.",1
27c1d532-3074-4257-ad42-7a2058cc714d,"Demographics: born 1960-05-24, gender F, race white, ethnicity english. Encounters: Encounter for 'check-up'; Outpatient Encounter; Hospital admission; Encounter for symptom; Death Certification. Medications: Penicillin V Potassium 250 MG; Hydrocortisone 10 MG/ML Topical Cream; diphenhydrAMINE Hydrochloride 25 MG Oral Tablet; Fluticasone propionate 0.25 MG/ACTUAT / salmeterol 0.05 MG/ACTUAT [Advair]; 1 ML Depo-Provera 150 MG/ML Injection; 24 HR Metformin hydrochloride 500 MG Extended Release Oral Tablet; insulin human isophane 70 UNT/ML / Regular Insulin Human 30 UNT/ML Injectable Suspension [Humulin]; Naproxen sodium 550 MG [Anaprox]; Milnacipran hydrochloride 100 MG [Savella]. Procedures: Colonoscopy; Spirometry (procedure); Pulmonary rehabilitation (regime/therapy); Documentation of current medications. Observations: FEV1/​FVC: 20.0 %; Hemoglobin A1c/Hemoglobin.total in Blood: 4.4 %; Body Height: 173.49 cm; Body Weight: 107.34 kg; Body Mass Index: 35.66 kg/m2; Systolic Blood Pressure: 135.0 mmHg; Diastolic Blood Pressure: 84.0 mmHg; Glucose: 106.0 mg/dL; Urea Nitrogen: 9.0 mg/dL; Creatinine: 1.0 mg/dL; Calcium: 9.06 mg/dL; Sodium: 138.0 mmol/L; Potassium: 3.8 mmol/L; Chloride: 109.0 mmol/L; Carbon Dioxide: 28.0 mmol/L; Total Cholesterol: 216.0 mg/dL; Triglycerides: 174.0 mg/dL; Low Density Lipoprotein Cholesterol: 129.0 mg/dL; High Density Lipoprotein Cholesterol: 52.0 mg/dL; Microalbumin Creatine Ratio: 8.0 mg/g; Estimated Glomerular Filtration Rate: 60.0 mL/min/{1.73_m2}; FEV1/​FVC: 14.0 %; Systolic Blood Pressure: 109.0 mmHg; Diastolic Blood Pressure: 88.0 mmHg; Glucose: 111.0 mg/dL; Urea Nitrogen: 15.0 mg/dL; Calcium: 9.41 mg/dL; Potassium: 4.51 mmol/L; Chloride: 105.0 mmol/L; Carbon Dioxide: 26.0 mmol/L; Total Cholesterol: 230.0 mg/dL; Triglycerides: 193.0 mg/dL; Low Density Lipoprotein Cholesterol: 135.0 mg/dL; High Density Lipoprotein Cholesterol: 56.0 mg/dL; Microalbumin Creatine Ratio: 6.0 mg/g; Oral temperature: 37.0 Cel; FEV1/​FVC: 16.0 %; Systolic Blood Pressure: 107.0 mmHg; Diastolic Blood Pressure: 73.0 mmHg; Glucose: 105.0 mg/dL. Immunizations: Influenza seasonal injectable preservative free; Td (adult) preservative free.",1
53993041-b64c-4354-9b1a-cdd827ba96c3,"Demographics: born 1964-11-13, gender M, race asian, ethnicity chinese. Encounters: Encounter for symptom; Outpatient Encounter; Encounter for 'check-up'. Medications: 24 HR Metformin hydrochloride 500 MG Extended Release Oral Tablet; 3 ML liraglutide 6 MG/ML Pen Injector; Acetaminophen 160 MG; Amoxicillin 250 MG / Clavulanate 125 MG [Augmentin]; Clopidogrel 75 MG Oral Tablet; Simvastatin 20 MG Oral Tablet; Amlodipine 5 MG Oral Tablet; Nitroglycerin 0.4 MG/ACTUAT [Nitrolingual]. Procedures: Colonoscopy; Documentation of current medications. Observations: Oral temperature: 38.0 Cel; Hemoglobin A1c/Hemoglobin.total in Blood: 9.3 %; Body Height: 177.85 cm; Body Weight: 143.25 kg; Body Mass Index: 45.29 kg/m2; Systolic Blood Pressure: 200.0 mmHg; Diastolic Blood Pressure: 98.0 mmHg; Glucose: 199.0 mg/dL; Urea Nitrogen: 13.0 mg/dL; Creatinine: 1.0 mg/dL; Calcium: 9.67 mg/dL; Sodium: 140.0 mmol/L; Potassium: 5.01 mmol/L; Chloride: 101.0 mmol/L; Carbon Dioxide: 25.0 mmol/L; Total Cholesterol: 264.0 mg/dL; Triglycerides: 543.0 mg/dL; Low Density Lipoprotein Cholesterol: 144.0 mg/dL; High Density Lipoprotein Cholesterol: 11.0 mg/dL; Microalbumin Creatine Ratio: 0.0 mg/g; Estimated Glomerular Filtration Rate: 60.0 mL/min/{1.73_m2}; Hemoglobin A1c/Hemoglobin.total in Blood: 9.6 %; Body Weight: 146.55 kg; Body Mass Index: 46.33 kg/m2; Systolic Blood Pressure: 199.0 mmHg; Diastolic Blood Pressure: 120.0 mmHg; Glucose: 163.0 mg/dL; Urea Nitrogen: 8.0 mg/dL; Calcium: 8.79 mg/dL; Sodium: 137.0 mmol/L; Potassium: 4.72 mmol/L; Chloride: 103.0 mmol/L; Carbon Dioxide: 26.0 mmol/L; Total Cholesterol: 272.0 mg/dL; Triglycerides: 518.0 mg/dL; Low Density Lipoprotein Cholesterol: 153.0 mg/dL; High Density Lipoprotein Cholesterol: 15.0 mg/dL; Microalbumin Creatine Ratio: 5.0 mg/g; Systolic Blood Pressure: 149.0 mmHg; Diastolic Blood Pressure: 96.0 mmHg. Immunizations: Influenza seasonal injectable preservative free; Td (adult) preservative free.",1
1cdcb098-27b1-4f88-ab20-f7028c192708,"Demographics: born 2002-03-13, gender M, race black, ethnicity african. Encounters: Outpatient Encounter; Encounter for symptom; Emergency Room Admission. Medications: Dextromethorphan Hydrobromide 1 MG/ML; Ibuprofen 100 MG Oral Tablet. Procedures: Documentation of current medications. Observations: Body Height: 127.22 cm; Body Weight: 26.84 kg; Body Mass Index: 16.58 kg/m2; Systolic Blood Pressure: 100.0 mmHg; Diastolic Blood Pressure: 78.0 mmHg; Body Height: 132.11 cm; Body Weight: 29.67 kg; Body Mass Index: 17.0 kg/m2; Systolic Blood Pressure: 136.0 mmHg; Diastolic Blood Pressure: 70.0 mmHg; Body Height: 137.74 cm; Body Weight: 33.92 kg; Body Mass Index: 17.88 kg/m2; Systolic Blood Pressure: 135.0 mmHg; Diastolic Blood Pressure: 89.0 mmHg; Body Height: 143.91 cm; Body Weight: 39.38 kg; Body Mass Index: 19.02 kg/m2; Systolic Blood Pressure: 112.0 mmHg; Body Height: 150.76 cm; Body Weight: 44.86 kg; Body Mass Index: 19.74 kg/m2; Systolic Blood Pressure: 101.0 mmHg; Diastolic Blood Pressure: 84.0 mmHg; Body Height: 156.46 cm; Body Weight: 48.93 kg; Body Mass Index: 19.99 kg/m2; Systolic Blood Pressure: 128.0 mmHg; Diastolic Blood Pressure: 71.0 mmHg; Body Height: 163.71 cm; Body Weight: 54.4 kg; Body Mass Index: 20.3 kg/m2; Systolic Blood Pressure: 129.0 mmHg; Diastolic Blood Pressure: 77.0 mmHg. Immunizations: Influenza seasonal injectable preservative free; meningococcal MCV4P; Tdap; HPV quadrivalent.",0
b049101d-a73b-4a1e-9347-661925468d7f,"Demographics: born 1978-12-14, gender F, race white, ethnicity irish. Encounters: Outpatient Encounter; Encounter for symptom; Consultation for treatment; Admission to surgical department. Medications: Chlorpheniramine 2 MG Chewable Tablet; Simvastatin 20 MG Oral Tablet; Amlodipine 5 MG Oral Tablet; Nitroglycerin 0.4 MG/ACTUAT [Nitrolingual]; Clopidogrel 75 MG Oral Tablet. Procedures: Documentation of current medications; Bilateral tubal ligation. Observations: Hemoglobin A1c/Hemoglobin.total in Blood: 7.0 %; Body Height: 170.56 cm; Body Weight: 81.06 kg; Body Mass Index: 27.86 kg/m2; Systolic Blood Pressure: 160.0 mmHg; Diastolic Blood Pressure: 110.0 mmHg; Glucose: 96.0 mg/dL; Urea Nitrogen: 13.0 mg/dL; Creatinine: 1.0 mg/dL; Calcium: 9.88 mg/dL; Sodium: 139.0 mmol/L; Potassium: 4.94 mmol/L; Chloride: 106.0 mmol/L; Carbon Dioxide: 28.0 mmol/L; Total Cholesterol: 191.0 mg/dL; Triglycerides: 121.0 mg/dL; Low Density Lipoprotein Cholesterol: 101.0 mg/dL; High Density Lipoprotein Cholesterol: 65.0 mg/dL; Microalbumin Creatine Ratio: 4.0 mg/g; Estimated Glomerular Filtration Rate: 58.0 mL/min/{1.73_m2}; Hemoglobin A1c/Hemoglobin.total in Blood: 7.4 %; Body Weight: 86.15 kg; Body Mass Index: 29.61 kg/m2; Systolic Blood Pressure: 178.0 mmHg; Diastolic Blood Pressure: 109.0 mmHg; Glucose: 104.0 mg/dL; Urea Nitrogen: 7.0 mg/dL; Calcium: 8.78 mg/dL; Sodium: 144.0 mmol/L; Potassium: 4.72 mmol/L; Chloride: 111.0 mmol/L; Carbon Dioxide: 23.0 mmol/L; Total Cholesterol: 210.0 mg/dL; Triglycerides: 193.0 mg/dL; Low Density Lipoprotein Cholesterol: 118.0 mg/dL; High Density Lipoprotein Cholesterol: 53.0 mg/dL; Microalbumin Creatine Ratio: 11.0 mg/g; Estimated Glomerular Filtration Rate: 60.0 mL/min/{1.73_m2}. Immunizations: Influenza seasonal injectable preservative free; Td (adult) preservative free.",1
05d36a4b-c52b-4600-a324-2235af4e94b2,"Demographics: born 1971-02-09, gender F, race hispanic, ethnicity central_american. Encounters: Outpatient Encounter; Patient encounter procedure; Encounter for symptom. Medications: Penicillin V Potassium 250 MG; Implanon 68 MG Drug Implant. Procedures: Replacement of subcutaneous contraceptive. Observations: Body Height: 159.05 cm; Body Weight: 97.45 kg; Body Mass Index: 38.52 kg/m2; Systolic Blood Pressure: 121.0 mmHg; Diastolic Blood Pressure: 70.0 mmHg; Body Weight: 99.63 kg; Body Mass Index: 39.38 kg/m2; Systolic Blood Pressure: 139.0 mmHg; Diastolic Blood Pressure: 74.0 mmHg; Total Cholesterol: 166.0 mg/dL; Triglycerides: 114.0 mg/dL; Low Density Lipoprotein Cholesterol: 80.0 mg/dL; High Density Lipoprotein Cholesterol: 63.0 mg/dL; Body Weight: 102.22 kg; Body Mass Index: 40.41 kg/m2; Systolic Blood Pressure: 109.0 mmHg; Diastolic Blood Pressure: 73.0 mmHg. Immunizations: Influenza seasonal injectable preservative free; Td (adult) preservative free.",0
acefe9cf-b55c-482b-9c75-cfa5eeff3e5c,"Demographics: born 1943-01-23, gender M, race white, ethnicity irish. Encounters: Death Certification. Medications: Penicillin V Potassium 500 MG; 24 HR Metformin hydrochloride 500 MG Extended Release Oral Tablet; Nitroglycerin 0.4 MG/ACTUAT [Nitrolingual]. Observations: Cardiac Arrest. Allergies: Dander (animal) allergy.",1
6f37f258-e85b-416d-87cd-f1ddb851eb6f,"Demographics: born 1945-08-02, gender M, race white, ethnicity irish. Encounters: Encounter for 'check-up'; Outpatient Encounter; Encounter for symptom. Medications: 24 HR Metformin hydrochloride 500 MG Extended Release Oral Tablet; insulin human isophane 70 UNT/ML / Regular Insulin Human 30 UNT/ML Injectable Suspension [Humulin]; Penicillin V Potassium 500 MG; Acetaminophen 160 MG. Procedures: Colonoscopy; Documentation of current medications; Fecal occult blood test; Rectal polypectomy. Observations: Hemoglobin A1c/Hemoglobin.total in Blood: 4.9 %; Body Height: 170.87 cm; Body Weight: 109.4 kg; Body Mass Index: 37.47 kg/m2; Systolic Blood Pressure: 197.0 mmHg; Diastolic Blood Pressure: 111.0 mmHg; Glucose: 85.0 mg/dL; Urea Nitrogen: 8.0 mg/dL; Creatinine: 1.0 mg/dL; Calcium: 10.03 mg/dL; Sodium: 136.0 mmol/L; Potassium: 4.39 mmol/L; Chloride: 106.0 mmol/L; Carbon Dioxide: 29.0 mmol/L; Total Cholesterol: 166.0 mg/dL; Triglycerides: 144.0 mg/dL; Low Density Lipoprotein Cholesterol: 62.0 mg/dL; High Density Lipoprotein Cholesterol: 75.0 mg/dL; Microalbumin Creatine Ratio: 66.0 mg/g; Estimated Glomerular Filtration Rate: 60.0 mL/min/{1.73_m2}; Hemoglobin A1c/Hemoglobin.total in Blood: 4.7 %; Body Weight: 107.64 kg; Body Mass Index: 36.87 kg/m2; Systolic Blood Pressure: 186.0 mmHg; Diastolic Blood Pressure: 109.0 mmHg; Glucose: 68.0 mg/dL; Urea Nitrogen: 7.0 mg/dL; Calcium: 9.45 mg/dL; Sodium: 139.0 mmol/L; Potassium: 4.23 mmol/L; Chloride: 101.0 mmol/L; Carbon Dioxide: 20.0 mmol/L; Total Cholesterol: 169.0 mg/dL; Triglycerides: 149.0 mg/dL; Low Density Lipoprotein Cholesterol: 69.0 mg/dL; High Density Lipoprotein Cholesterol: 70.0 mg/dL; Microalbumin Creatine Ratio: 160.0 mg/g; Hemoglobin A1c/Hemoglobin.total in Blood: 4.6 %; Body Weight: 106.43 kg; Body Mass Index: 36.45 kg/m2. Immunizations: Pneumococcal conjugate PCV 13; Influenza seasonal injectable preservative free; pneumococcal polysaccharide vaccine 23 valent; Td (adult) preservative free.",1
1b77aa08-be0d-4917-b070-c7168fff1e79,"Demographics: born 1981-03-28, gender M, race white, ethnicity english. Encounters: Outpatient Encounter; Emergency room admission; Encounter for 'check-up'; Encounter for symptom. Medications: Penicillin V Potassium 250 MG; 24 HR Metformin hydrochloride 500 MG Extended Release Oral Tablet; Naproxen sodium 220 MG Oral Tablet. Procedures: Documentation of current medications; Bone immobilization. Observations: Hemoglobin A1c/Hemoglobin.total in Blood: 7.9 %; Body Height: 169.87 cm; Body Weight: 91.24 kg; Body Mass Index: 31.62 kg/m2; Systolic Blood Pressure: 114.0 mmHg; Diastolic Blood Pressure: 71.0 mmHg; Glucose: 116.0 mg/dL; Urea Nitrogen: 11.0 mg/dL; Creatinine: 1.0 mg/dL; Calcium: 8.61 mg/dL; Sodium: 136.0 mmol/L; Potassium: 4.95 mmol/L; Chloride: 102.0 mmol/L; Carbon Dioxide: 21.0 mmol/L; Total Cholesterol: 213.0 mg/dL; Triglycerides: 184.0 mg/dL; Low Density Lipoprotein Cholesterol: 131.0 mg/dL; High Density Lipoprotein Cholesterol: 45.0 mg/dL; Microalbumin Creatine Ratio: 6.0 mg/g; Estimated Glomerular Filtration Rate: 60.0 mL/min/{1.73_m2}; Hemoglobin A1c/Hemoglobin.total in Blood: 6.8 %; Body Weight: 96.33 kg; Body Mass Index: 33.38 kg/m2; Systolic Blood Pressure: 119.0 mmHg; Diastolic Blood Pressure: 88.0 mmHg; Glucose: 170.0 mg/dL; Urea Nitrogen: 10.0 mg/dL; Calcium: 10.04 mg/dL; Sodium: 140.0 mmol/L; Potassium: 5.08 mmol/L; Chloride: 105.0 mmol/L; Carbon Dioxide: 28.0 mmol/L; Total Cholesterol: 257.0 mg/dL; Triglycerides: 246.0 mg/dL; Low Density Lipoprotein Cholesterol: 171.0 mg/dL; High Density Lipoprotein Cholesterol: 36.0 mg/dL; Microalbumin Creatine Ratio: 2.0 mg/g. Immunizations: Influenza seasonal injectable preservative free; Td (adult) preservative free.",1
a662ce24-3093-4fa7-a4d7-71274ce1f5f7,"Demographics: born 1955-11-07, gender M, race white, ethnicity american. Encounters: Encounter for symptom; Encounter for 'check-up'; Outpatient Encounter; Emergency Encounter. Medications: Penicillin V Potassium 250 MG; Insulin Lispro 100 UNT/ML Injectable Solution [Humalog]; Clopidogrel 75 MG Oral Tablet; Alteplase 1 MG/ML Injectable Solution; Amoxicillin 250 MG / Clavulanate 125 MG [Augmentin]. Procedures: Colonoscopy; Documentation of current medications; Percutaneous mechanical thrombectomy of portal vein using fluoroscopic guidance. Observations: Hemoglobin A1c/Hemoglobin.total in Blood: 3.7 %; Body Height: 172.25 cm; Body Weight: 115.1 kg; Body Mass Index: 38.79 kg/m2; Systolic Blood Pressure: 153.0 mmHg; Diastolic Blood Pressure: 119.0 mmHg; Glucose: 75.0 mg/dL; Urea Nitrogen: 11.0 mg/dL; Creatinine: 1.0 mg/dL; Calcium: 9.37 mg/dL; Sodium: 140.0 mmol/L; Potassium: 3.83 mmol/L; Chloride: 104.0 mmol/L; Carbon Dioxide: 25.0 mmol/L; Total Cholesterol: 192.0 mg/dL; Triglycerides: 100.0 mg/dL; Low Density Lipoprotein Cholesterol: 104.0 mg/dL; High Density Lipoprotein Cholesterol: 68.0 mg/dL; Microalbumin Creatine Ratio: 170.0 mg/g; Estimated Glomerular Filtration Rate: 60.0 mL/min/{1.73_m2}; Oral temperature: 37.32 Cel; Systolic Blood Pressure: 192.0 mmHg; Diastolic Blood Pressure: 104.0 mmHg; Glucose: 83.0 mg/dL; Urea Nitrogen: 17.0 mg/dL; Calcium: 9.35 mg/dL; Sodium: 144.0 mmol/L; Potassium: 4.81 mmol/L; Chloride: 106.0 mmol/L; Carbon Dioxide: 21.0 mmol/L; Total Cholesterol: 197.0 mg/dL; Triglycerides: 120.0 mg/dL; Low Density Lipoprotein Cholesterol: 97.0 mg/dL; High Density Lipoprotein Cholesterol: 76.0 mg/dL; Microalbumin Creatine Ratio: 48.0 mg/g; Systolic Blood Pressure: 168.0 mmHg; Diastolic Blood Pressure: 116.0 mmHg; Glucose: 64.0 mg/dL; Urea Nitrogen: 18.0 mg/dL; Calcium: 8.77 mg/dL. Immunizations: Influenza seasonal injectable preservative free; zoster.",1
f2d8f7d0-5b0a-4d01-8f82-4b7804baddba,"Demographics: born 1964-01-07, gender M, race black, ethnicity african. Encounters: Encounter for symptom; Outpatient Encounter; Encounter for 'check-up'; Encounter for problem. Medications: Penicillin V Potassium 250 MG; 24 HR Metformin hydrochloride 500 MG Extended Release Oral Tablet; Acetaminophen 160 MG. Procedures: Documentation of current medications; Colonoscopy; Fecal occult blood test; Rectal polypectomy; Partial resection of colon; Measurement of respiratory function (procedure). Observations: Oral temperature: 38.0 Cel; Hemoglobin A1c/Hemoglobin.total in Blood: 7.7 %; Body Height: 175.63 cm; Body Weight: 112.9 kg; Body Mass Index: 36.6 kg/m2; Systolic Blood Pressure: 139.0 mmHg; Diastolic Blood Pressure: 70.0 mmHg; Glucose: 124.0 mg/dL; Urea Nitrogen: 18.0 mg/dL; Creatinine: 1.0 mg/dL; Calcium: 8.87 mg/dL; Sodium: 141.0 mmol/L; Potassium: 4.92 mmol/L; Chloride: 103.0 mmol/L; Carbon Dioxide: 20.0 mmol/L; Total Cholesterol: 226.0 mg/dL; Triglycerides: 167.0 mg/dL; Low Density Lipoprotein Cholesterol: 146.0 mg/dL; High Density Lipoprotein Cholesterol: 46.0 mg/dL; Microalbumin Creatine Ratio: 13.0 mg/g; Estimated Glomerular Filtration Rate: 60.0 mL/min/{1.73_m2}; Hemoglobin A1c/Hemoglobin.total in Blood: 7.8 %; Body Weight: 115.15 kg; Body Mass Index: 37.33 kg/m2; Systolic Blood Pressure: 110.0 mmHg; Diastolic Blood Pressure: 74.0 mmHg; Glucose: 172.0 mg/dL; Urea Nitrogen: 11.0 mg/dL; Calcium: 8.81 mg/dL; Sodium: 138.0 mmol/L; Potassium: 4.91 mmol/L; Chloride: 102.0 mmol/L; Carbon Dioxide: 26.0 mmol/L; Total Cholesterol: 243.0 mg/dL; Triglycerides: 457.0 mg/dL; Low Density Lipoprotein Cholesterol: 126.0 mg/dL; High Density Lipoprotein Cholesterol: 25.0 mg/dL; Microalbumin Creatine Ratio: 11.0 mg/g; Polyp size greatest dimension by CAP cancer protocols: 4.0 mm; Hemoglobin.gastrointestinal [Presence] in Stool by Immunologic method: 25.0 ng/mL. Immunizations: Influenza seasonal injectable preservative free; Td (adult) preservative free.",1
c197faf0-88d6-4b21-8199-e9b176c8620d,"Demographics: born 1978-08-17, gender M, race white, ethnicity french. Encounters: Outpatient Encounter. Medications: Penicillin V Potassium 250 MG. Procedures: Documentation of current medications. Observations: Hemoglobin A1c/Hemoglobin.total in Blood: 6.9 %; Body Height: 181.98 cm; Body Weight: 90.82 kg; Body Mass Index: 27.42 kg/m2; Systolic Blood Pressure: 197.0 mmHg; Diastolic Blood Pressure: 104.0 mmHg; Glucose: 103.0 mg/dL; Urea Nitrogen: 13.0 mg/dL; Creatinine: 1.0 mg/dL; Calcium: 8.95 mg/dL; Sodium: 136.0 mmol/L; Potassium: 4.7 mmol/L; Chloride: 111.0 mmol/L; Carbon Dioxide: 27.0 mmol/L; Total Cholesterol: 228.0 mg/dL; Triglycerides: 159.0 mg/dL; Low Density Lipoprotein Cholesterol: 144.0 mg/dL; High Density Lipoprotein Cholesterol: 52.0 mg/dL; Microalbumin Creatine Ratio: 5.0 mg/g; Estimated Glomerular Filtration Rate: 60.0 mL/min/{1.73_m2}; Hemoglobin A1c/Hemoglobin.total in Blood: 7.2 %; Body Weight: 95.8 kg; Body Mass Index: 28.93 kg/m2; Systolic Blood Pressure: 172.0 mmHg; Diastolic Blood Pressure: 119.0 mmHg; Glucose: 106.0 mg/dL; Urea Nitrogen: 11.0 mg/dL; Calcium: 8.88 mg/dL; Sodium: 141.0 mmol/L; Potassium: 4.15 mmol/L; Chloride: 102.0 mmol/L; Total Cholesterol: 218.0 mg/dL; Triglycerides: 180.0 mg/dL; Low Density Lipoprotein Cholesterol: 141.0 mg/dL; High Density Lipoprotein Cholesterol: 41.0 mg/dL; Hemoglobin A1c/Hemoglobin.total in Blood: 7.5 %; Body Weight: 99.4 kg; Body Mass Index: 30.01 kg/m2; Systolic Blood Pressure: 186.0 mmHg; Diastolic Blood Pressure: 109.0 mmHg. Immunizations: Influenza seasonal injectable preservative free; Td (adult) preservative free.",1
a5db2bb5-c1b4-4f01-b15c-555c81b4c0bc,"Demographics: born 1960-08-02, gender F, race hispanic, ethnicity mexican. Encounters: Encounter for 'check-up'; Outpatient Encounter; Encounter for symptom. Medications: Penicillin V Potassium 250 MG; diphenhydrAMINE Hydrochloride 25 MG Oral Tablet; 24 HR Metformin hydrochloride 500 MG Extended Release Oral Tablet; Nitrofurantoin 5 MG/ML [Furadantin]; Phenazopyridine hydrochloride 100 MG [Pyridium]. Procedures: Colonoscopy; Documentation of current medications. Observations: Hemoglobin A1c/Hemoglobin.total in Blood: 7.3 %; Body Height: 175.46 cm; Body Weight: 108.8 kg; Body Mass Index: 35.34 kg/m2; Systolic Blood Pressure: 189.0 mmHg; Diastolic Blood Pressure: 108.0 mmHg; Glucose: 110.0 mg/dL; Urea Nitrogen: 20.0 mg/dL; Creatinine: 1.0 mg/dL; Calcium: 9.65 mg/dL; Sodium: 139.0 mmol/L; Potassium: 4.51 mmol/L; Chloride: 107.0 mmol/L; Carbon Dioxide: 20.0 mmol/L; Total Cholesterol: 224.0 mg/dL; Triglycerides: 172.0 mg/dL; Low Density Lipoprotein Cholesterol: 131.0 mg/dL; High Density Lipoprotein Cholesterol: 58.0 mg/dL; Microalbumin Creatine Ratio: 7.0 mg/g; Estimated Glomerular Filtration Rate: 60.0 mL/min/{1.73_m2}; Systolic Blood Pressure: 162.0 mmHg; Diastolic Blood Pressure: 92.0 mmHg; Glucose: 117.0 mg/dL; Urea Nitrogen: 10.0 mg/dL; Calcium: 9.51 mg/dL; Sodium: 141.0 mmol/L; Potassium: 4.18 mmol/L; Chloride: 110.0 mmol/L; Carbon Dioxide: 26.0 mmol/L; Total Cholesterol: 237.0 mg/dL; Triglycerides: 164.0 mg/dL; Low Density Lipoprotein Cholesterol: 155.0 mg/dL; High Density Lipoprotein Cholesterol: 49.0 mg/dL; Microalbumin Creatine Ratio: 10.0 mg/g; Systolic Blood Pressure: 151.0 mmHg; Diastolic Blood Pressure: 109.0 mmHg; Glucose: 104.0 mg/dL; Urea Nitrogen: 11.0 mg/dL; Calcium: 9.36 mg/dL; Potassium: 4.16 mmol/L. Immunizations: Influenza seasonal injectable preservative free; Td (adult) preservative free.",1
d0634708-fc99-4930-915e-b3f1fab2e97b,"Demographics: born 1934-02-12, gender M, race white, ethnicity italian. Encounters: Outpatient Encounter; Encounter for symptom. Medications: Penicillin V Potassium 500 MG; Naproxen sodium 220 MG [Aleve]; Fluticasone propionate 0.25 MG/ACTUAT / salmeterol 0.05 MG/ACTUAT [Advair]. Procedures: Spirometry (procedure); Documentation of current medications. Observations: FEV1/​FVC: 60.0 %; Body Height: 179.66 cm; Body Weight: 84.45 kg; Body Mass Index: 26.16 kg/m2; Systolic Blood Pressure: 120.0 mmHg; Diastolic Blood Pressure: 88.0 mmHg; Total Cholesterol: 179.0 mg/dL; Triglycerides: 105.0 mg/dL; Low Density Lipoprotein Cholesterol: 81.0 mg/dL; High Density Lipoprotein Cholesterol: 77.0 mg/dL; FEV1/​FVC: 51.0 %; Body Weight: 82.7 kg; Body Mass Index: 25.62 kg/m2; Systolic Blood Pressure: 123.0 mmHg; Diastolic Blood Pressure: 74.0 mmHg. Immunizations: Influenza seasonal injectable preservative free.",0
de16a707-131a-42ce-a013-f58b3c366f92,"Demographics: born 2003-04-25, gender M, race white, ethnicity russian. Encounters: Outpatient Encounter; Encounter for symptom; Emergency room admission; Encounter for 'check-up'. Medications: Acetaminophen 160 MG. Procedures: Measurement of respiratory function (procedure); Documentation of current medications. Observations: Body Height: 115.25 cm; Body Weight: 19.33 kg; Body Mass Index: 14.55 kg/m2; Systolic Blood Pressure: 128.0 mmHg; Diastolic Blood Pressure: 75.0 mmHg; Body Height: 119.63 cm; Body Weight: 20.92 kg; Body Mass Index: 14.62 kg/m2; Systolic Blood Pressure: 132.0 mmHg; Diastolic Blood Pressure: 82.0 mmHg; Body Height: 123.88 cm; Body Weight: 22.76 kg; Body Mass Index: 14.83 kg/m2; Systolic Blood Pressure: 129.0 mmHg; Diastolic Blood Pressure: 77.0 mmHg; Body Height: 128.02 cm; Body Weight: 24.95 kg; Body Mass Index: 15.22 kg/m2; Systolic Blood Pressure: 110.0 mmHg; Diastolic Blood Pressure: 80.0 mmHg; Body Height: 132.31 cm; Body Weight: 27.49 kg; Body Mass Index: 15.7 kg/m2; Body Height: 136.59 cm; Body Weight: 30.01 kg; Body Mass Index: 16.09 kg/m2; Systolic Blood Pressure: 113.0 mmHg; Body Height: 142.29 cm; Body Weight: 33.29 kg; Body Mass Index: 16.44 kg/m2; Systolic Blood Pressure: 120.0 mmHg; Diastolic Blood Pressure: 86.0 mmHg; Body Height: 147.4 cm; Body Weight: 36.35 kg; Body Mass Index: 16.73 kg/m2; Systolic Blood Pressure: 131.0 mmHg. Immunizations: Influenza seasonal injectable preservative free; meningococcal MCV4P; Tdap; HPV quadrivalent.",0
2a15b217-637d-4296-b9e4-3aa7b25c1882,"Demographics: born 1944-11-11, gender M, race white, ethnicity irish. Encounters: Outpatient Encounter; Emergency room admission; Encounter for 'check-up'. Medications: Penicillin V Potassium 250 MG; Penicillin V Potassium 500 MG; 24 HR Metformin hydrochloride 500 MG Extended Release Oral Tablet; Acetaminophen 325 MG Oral Tablet. Procedures: Documentation of current medications; Bone immobilization; Bone density scan (procedure). Observations: Hemoglobin A1c/Hemoglobin.total in Blood: 6.7 %; Body Height: 174.91 cm; Body Weight: 100.87 kg; Body Mass Index: 32.97 kg/m2; Systolic Blood Pressure: 175.0 mmHg; Diastolic Blood Pressure: 105.0 mmHg; Glucose: 123.0 mg/dL; Urea Nitrogen: 20.0 mg/dL; Creatinine: 1.0 mg/dL; Calcium: 9.33 mg/dL; Sodium: 138.0 mmol/L; Potassium: 4.94 mmol/L; Chloride: 107.0 mmol/L; Carbon Dioxide: 29.0 mmol/L; Total Cholesterol: 201.0 mg/dL; Triglycerides: 167.0 mg/dL; Low Density Lipoprotein Cholesterol: 108.0 mg/dL; High Density Lipoprotein Cholesterol: 59.0 mg/dL; Microalbumin Creatine Ratio: 1.0 mg/g; Estimated Glomerular Filtration Rate: 60.0 mL/min/{1.73_m2}; Hemoglobin A1c/Hemoglobin.total in Blood: 6.6 %; Body Weight: 99.2 kg; Body Mass Index: 32.42 kg/m2; Systolic Blood Pressure: 164.0 mmHg; Diastolic Blood Pressure: 96.0 mmHg; Glucose: 101.0 mg/dL; Urea Nitrogen: 13.0 mg/dL; Calcium: 8.78 mg/dL; Potassium: 3.97 mmol/L; Chloride: 103.0 mmol/L; Carbon Dioxide: 21.0 mmol/L; Total Cholesterol: 222.0 mg/dL; Triglycerides: 159.0 mg/dL; Low Density Lipoprotein Cholesterol: 131.0 mg/dL; Microalbumin Creatine Ratio: 9.0 mg/g; Hemoglobin A1c/Hemoglobin.total in Blood: 6.5 %; Body Weight: 98.12 kg; Body Mass Index: 32.07 kg/m2; Systolic Blood Pressure: 181.0 mmHg; Diastolic Blood Pressure: 91.0 mmHg. Immunizations: Influenza seasonal injectable preservative free; pneumococcal polysaccharide vaccine 23 valent; Td (adult) preservative free.",1
86b8443d-9a4c-43f1-811e-3f325f7232be,"Demographics: born 1955-06-30, gender F, race black, ethnicity african. Encounters: Encounter for 'check-up'; Outpatient Encounter; Encounter for symptom. Medications: Penicillin V Potassium 250 MG; 24 HR Metformin hydrochloride 500 MG Extended Release Oral Tablet; insulin human isophane 70 UNT/ML / Regular Insulin Human 30 UNT/ML Injectable Suspension [Humulin]. Procedures: Colonoscopy; Documentation of current medications. Observations: Hemoglobin A1c/Hemoglobin.total in Blood: 8.2 %; Body Height: 162.88 cm; Body Weight: 102.81 kg; Body Mass Index: 38.76 kg/m2; Systolic Blood Pressure: 150.0 mmHg; Diastolic Blood Pressure: 98.0 mmHg; Glucose: 129.0 mg/dL; Urea Nitrogen: 11.0 mg/dL; Creatinine: 1.0 mg/dL; Calcium: 9.64 mg/dL; Sodium: 144.0 mmol/L; Potassium: 4.6 mmol/L; Chloride: 110.0 mmol/L; Carbon Dioxide: 21.0 mmol/L; Total Cholesterol: 257.0 mg/dL; Triglycerides: 255.0 mg/dL; Low Density Lipoprotein Cholesterol: 180.0 mg/dL; High Density Lipoprotein Cholesterol: 26.0 mg/dL; Microalbumin Creatine Ratio: 3.0 mg/g; Estimated Glomerular Filtration Rate: 60.0 mL/min/{1.73_m2}; Hemoglobin A1c/Hemoglobin.total in Blood: 5.2 %; Systolic Blood Pressure: 189.0 mmHg; Diastolic Blood Pressure: 107.0 mmHg; Glucose: 160.0 mg/dL; Urea Nitrogen: 13.0 mg/dL; Calcium: 9.66 mg/dL; Sodium: 141.0 mmol/L; Potassium: 4.62 mmol/L; Carbon Dioxide: 20.0 mmol/L; Triglycerides: 204.0 mg/dL; Low Density Lipoprotein Cholesterol: 178.0 mg/dL; High Density Lipoprotein Cholesterol: 38.0 mg/dL; Microalbumin Creatine Ratio: 7.0 mg/g; Systolic Blood Pressure: 180.0 mmHg; Diastolic Blood Pressure: 120.0 mmHg; Glucose: 131.0 mg/dL; Urea Nitrogen: 20.0 mg/dL; Calcium: 9.52 mg/dL; Potassium: 3.8 mmol/L; Chloride: 108.0 mmol/L. Immunizations: Influenza seasonal injectable preservative free.",1
e6be5e9e-f83a-40b2-9a0f-feaf86fa346d,"Demographics: born 1930-09-11, gender M, race white, ethnicity irish.",0
0a8247d2-b1dd-4b2a-bd3c-3cc0efa73ad2,"Demographics: born 1948-01-24, gender M, race black, ethnicity african. Encounters: Death Certification. Medications: 24 HR Metformin hydrochloride 500 MG Extended Release Oral Tablet; Penicillin V Potassium 500 MG; Nitroglycerin 0.4 MG/ACTUAT [Nitrolingual]; Simvastatin 20 MG Oral Tablet; Amlodipine 5 MG Oral Tablet; Clopidogrel 75 MG Oral Tablet. Observations: Cardiac Arrest.",1
65ea7572-4389-4a76-86eb-e12a93ebc478,"Demographics: born 1957-06-17, gender F, race white, ethnicity american. Encounters: Encounter for symptom; Outpatient Encounter; Encounter for 'check-up'; Emergency room admission. Medications: Penicillin V Potassium 250 MG; Acetaminophen 160 MG; Acetaminophen 325 MG Oral Tablet. Procedures: Documentation of current medications; Plain chest X-ray (procedure); Colonoscopy. Observations: Body Height: 154.92 cm; Body Weight: 96.38 kg; Body Mass Index: 40.16 kg/m2; Systolic Blood Pressure: 108.0 mmHg; Diastolic Blood Pressure: 83.0 mmHg; Diastolic Blood Pressure: 73.0 mmHg; Systolic Blood Pressure: 133.0 mmHg; Diastolic Blood Pressure: 78.0 mmHg; Systolic Blood Pressure: 102.0 mmHg; Diastolic Blood Pressure: 70.0 mmHg; Total Cholesterol: 196.0 mg/dL; Triglycerides: 111.0 mg/dL; Low Density Lipoprotein Cholesterol: 105.0 mg/dL; High Density Lipoprotein Cholesterol: 68.0 mg/dL; Systolic Blood Pressure: 123.0 mmHg; Diastolic Blood Pressure: 81.0 mmHg; Oral temperature: 37.0 Cel; Systolic Blood Pressure: 104.0 mmHg; Diastolic Blood Pressure: 82.0 mmHg; Systolic Blood Pressure: 134.0 mmHg; Diastolic Blood Pressure: 87.0 mmHg. Immunizations: Influenza seasonal injectable preservative free.",0
e82f4a2d-aa55-4f33-8c91-a9db2cdc5263,"Demographics: born 1928-08-06, gender M, race white, ethnicity german.",0
def0bc1c-8c7d-43bb-bcbc-61628c19a99c,"Demographics: born 1961-11-16, gender F, race white, ethnicity french_canadian. Encounters: Outpatient Encounter; Encounter for 'check-up'. Medications: 24 HR Metformin hydrochloride 500 MG Extended Release Oral Tablet; 3 ML liraglutide 6 MG/ML Pen Injector; canagliflozin 100 MG Oral Tablet. Procedures: Colonoscopy; Documentation of current medications. Observations: Hemoglobin A1c/Hemoglobin.total in Blood: 11.5 %; Body Height: 151.11 cm; Body Weight: 105.17 kg; Body Mass Index: 46.06 kg/m2; Systolic Blood Pressure: 194.0 mmHg; Diastolic Blood Pressure: 101.0 mmHg; Glucose: 69.0 mg/dL; Urea Nitrogen: 17.0 mg/dL; Creatinine: 1.0 mg/dL; Calcium: 8.97 mg/dL; Sodium: 144.0 mmol/L; Potassium: 5.06 mmol/L; Chloride: 107.0 mmol/L; Carbon Dioxide: 23.0 mmol/L; Total Cholesterol: 189.0 mg/dL; Triglycerides: 121.0 mg/dL; Low Density Lipoprotein Cholesterol: 84.0 mg/dL; High Density Lipoprotein Cholesterol: 80.0 mg/dL; Microalbumin Creatine Ratio: 5.0 mg/g; Estimated Glomerular Filtration Rate: 60.0 mL/min/{1.73_m2}; Hemoglobin A1c/Hemoglobin.total in Blood: 9.5 %; Systolic Blood Pressure: 142.0 mmHg; Diastolic Blood Pressure: 117.0 mmHg; Glucose: 134.0 mg/dL; Urea Nitrogen: 7.0 mg/dL; Calcium: 9.64 mg/dL; Sodium: 141.0 mmol/L; Potassium: 4.65 mmol/L; Chloride: 108.0 mmol/L; Total Cholesterol: 270.0 mg/dL; Triglycerides: 527.0 mg/dL; Low Density Lipoprotein Cholesterol: 151.0 mg/dL; High Density Lipoprotein Cholesterol: 13.0 mg/dL; Microalbumin Creatine Ratio: 3.0 mg/g; Systolic Blood Pressure: 165.0 mmHg; Diastolic Blood Pressure: 118.0 mmHg; Glucose: 165.0 mg/dL; Calcium: 9.61 mg/dL; Sodium: 136.0 mmol/L; Potassium: 5.05 mmol/L. Immunizations: Influenza seasonal injectable preservative free; Td (adult) preservative free.",1
3f91a23d-5fb8-4009-ad6c-181df4114e3b,"Demographics: born 1945-08-01, gender F, race hispanic, ethnicity puerto_rican. Encounters: Encounter for symptom; Encounter for 'check-up'; Outpatient Encounter. Medications: 24 HR Metformin hydrochloride 500 MG Extended Release Oral Tablet; Acetaminophen 160 MG. Procedures: Colonoscopy. Observations: Hemoglobin A1c/Hemoglobin.total in Blood: 6.9 %; Body Height: 160.87 cm; Body Weight: 86.48 kg; Body Mass Index: 33.42 kg/m2; Systolic Blood Pressure: 169.0 mmHg; Diastolic Blood Pressure: 117.0 mmHg; Glucose: 119.0 mg/dL; Urea Nitrogen: 15.0 mg/dL; Creatinine: 1.0 mg/dL; Calcium: 9.68 mg/dL; Sodium: 144.0 mmol/L; Potassium: 4.66 mmol/L; Chloride: 101.0 mmol/L; Carbon Dioxide: 27.0 mmol/L; Total Cholesterol: 221.0 mg/dL; Triglycerides: 184.0 mg/dL; Low Density Lipoprotein Cholesterol: 143.0 mg/dL; High Density Lipoprotein Cholesterol: 41.0 mg/dL; Microalbumin Creatine Ratio: 1.0 mg/g; Estimated Glomerular Filtration Rate: 60.0 mL/min/{1.73_m2}. Immunizations: Pneumococcal conjugate PCV 13; Influenza seasonal injectable preservative free.",1
036c17a6-c566-4d5f-9a2c-781242b1df5e,"Demographics: born 1965-01-16, gender F, race white, ethnicity french. Encounters: Outpatient Encounter; Encounter for symptom; Encounter for 'check-up'. Medications: Penicillin V Potassium 250 MG. Procedures: Colonoscopy; Documentation of current medications. Observations: Hemoglobin A1c/Hemoglobin.total in Blood: 6.3 %; Body Height: 159.15 cm; Body Weight: 84.56 kg; Body Mass Index: 33.38 kg/m2; Systolic Blood Pressure: 100.0 mmHg; Diastolic Blood Pressure: 81.0 mmHg; Glucose: 70.0 mg/dL; Urea Nitrogen: 13.0 mg/dL; Creatinine: 1.0 mg/dL; Calcium: 9.33 mg/dL; Sodium: 141.0 mmol/L; Potassium: 3.89 mmol/L; Chloride: 106.0 mmol/L; Carbon Dioxide: 22.0 mmol/L; Total Cholesterol: 198.0 mg/dL; Triglycerides: 101.0 mg/dL; Low Density Lipoprotein Cholesterol: 111.0 mg/dL; High Density Lipoprotein Cholesterol: 66.0 mg/dL; Body Weight: 87.93 kg; Body Mass Index: 34.72 kg/m2; Systolic Blood Pressure: 107.0 mmHg; Diastolic Blood Pressure: 77.0 mmHg; Glucose: 100.0 mg/dL; Urea Nitrogen: 9.0 mg/dL; Calcium: 8.7 mg/dL; Sodium: 143.0 mmol/L; Potassium: 4.37 mmol/L; Chloride: 111.0 mmol/L; Carbon Dioxide: 20.0 mmol/L; Hemoglobin A1c/Hemoglobin.total in Blood: 5.9 %; Body Weight: 90.84 kg; Body Mass Index: 35.86 kg/m2; Systolic Blood Pressure: 137.0 mmHg; Diastolic Blood Pressure: 75.0 mmHg; Glucose: 85.0 mg/dL; Urea Nitrogen: 14.0 mg/dL; Calcium: 9.28 mg/dL; Potassium: 3.76 mmol/L; Chloride: 105.0 mmol/L; Carbon Dioxide: 29.0 mmol/L. Allergies: Allergy to mould. Immunizations: Influenza seasonal injectable preservative free; Td (adult) preservative free.",0
e6cb3753-d170-49dc-be3b-bb6b0597e291,"Demographics: born 1998-11-10, gender F, race white, ethnicity german. Encounters: Outpatient Encounter; Emergency room admission; Encounter for symptom. Medications: Naproxen sodium 220 MG Oral Tablet. Procedures: Suture open wound; Documentation of current medications. Observations: Body Height: 139.9 cm; Body Weight: 48.2 kg; Body Mass Index: 24.63 kg/m2; Systolic Blood Pressure: 138.0 mmHg; Diastolic Blood Pressure: 79.0 mmHg; Oral temperature: 38.0 Cel; Body Height: 145.5 cm; Body Weight: 52.15 kg; Body Mass Index: 24.64 kg/m2; Systolic Blood Pressure: 112.0 mmHg; Diastolic Blood Pressure: 73.0 mmHg; Body Height: 148.5 cm; Body Weight: 55.34 kg; Body Mass Index: 25.1 kg/m2; Systolic Blood Pressure: 121.0 mmHg; Body Height: 149.82 cm; Body Weight: 57.66 kg; Body Mass Index: 25.69 kg/m2; Systolic Blood Pressure: 116.0 mmHg; Diastolic Blood Pressure: 85.0 mmHg; Body Height: 150.42 cm; Body Weight: 59.21 kg; Body Mass Index: 26.17 kg/m2; Systolic Blood Pressure: 102.0 mmHg; Diastolic Blood Pressure: 88.0 mmHg; Body Height: 150.75 cm; Body Weight: 60.39 kg; Body Mass Index: 26.57 kg/m2; Diastolic Blood Pressure: 74.0 mmHg; Body Height: 150.94 cm; Body Weight: 61.58 kg; Body Mass Index: 27.03 kg/m2; Systolic Blood Pressure: 113.0 mmHg; Diastolic Blood Pressure: 84.0 mmHg. Immunizations: Influenza seasonal injectable preservative free; HPV quadrivalent; meningococcal MCV4P.",0
b16c1805-b375-4386-90d1-41569afa1c09,"Demographics: born 1969-03-18, gender M, race black, ethnicity west_indian. Encounters: Emergency room admission; Outpatient Encounter; Encounter for symptom. Medications: Naproxen sodium 220 MG Oral Tablet; Acetaminophen 160 MG. Procedures: Suture open wound; Documentation of current medications; Sputum examination (procedure). Observations: Body Height: 175.55 cm; Body Weight: 100.43 kg; Body Mass Index: 32.59 kg/m2; Systolic Blood Pressure: 114.0 mmHg; Diastolic Blood Pressure: 78.0 mmHg; Total Cholesterol: 163.0 mg/dL; Triglycerides: 111.0 mg/dL; Low Density Lipoprotein Cholesterol: 72.0 mg/dL; High Density Lipoprotein Cholesterol: 68.0 mg/dL; Body Weight: 102.72 kg; Body Mass Index: 33.33 kg/m2; Systolic Blood Pressure: 113.0 mmHg; Body Weight: 105.82 kg; Body Mass Index: 34.34 kg/m2; Systolic Blood Pressure: 107.0 mmHg; Diastolic Blood Pressure: 77.0 mmHg; Total Cholesterol: 186.0 mg/dL; Triglycerides: 110.0 mg/dL; Low Density Lipoprotein Cholesterol: 97.0 mg/dL; High Density Lipoprotein Cholesterol: 67.0 mg/dL. Immunizations: Influenza seasonal injectable preservative free; Td (adult) preservative free.",0
c259b355-1025-4eb0-a566-4d805f9e5af7,"Demographics: born 1977-12-27, gender M, race hispanic, ethnicity puerto_rican. Encounters: Outpatient Encounter; Encounter for symptom. Medications: 24 HR Metformin hydrochloride 500 MG Extended Release Oral Tablet. Procedures: Documentation of current medications. Observations: Hemoglobin A1c/Hemoglobin.total in Blood: 6.4 %; Body Height: 181.77 cm; Body Weight: 104.59 kg; Body Mass Index: 31.65 kg/m2; Systolic Blood Pressure: 181.0 mmHg; Diastolic Blood Pressure: 119.0 mmHg; Glucose: 164.0 mg/dL; Urea Nitrogen: 7.0 mg/dL; Creatinine: 1.0 mg/dL; Calcium: 9.53 mg/dL; Sodium: 136.0 mmol/L; Potassium: 4.75 mmol/L; Chloride: 108.0 mmol/L; Carbon Dioxide: 23.0 mmol/L; Total Cholesterol: 255.0 mg/dL; Triglycerides: 220.0 mg/dL; Low Density Lipoprotein Cholesterol: 174.0 mg/dL; High Density Lipoprotein Cholesterol: 37.0 mg/dL; Microalbumin Creatine Ratio: 3.0 mg/g; Estimated Glomerular Filtration Rate: 60.0 mL/min/{1.73_m2}; Hemoglobin A1c/Hemoglobin.total in Blood: 6.7 %; Body Weight: 108.86 kg; Body Mass Index: 32.95 kg/m2; Systolic Blood Pressure: 166.0 mmHg; Diastolic Blood Pressure: 100.0 mmHg; Glucose: 90.0 mg/dL; Urea Nitrogen: 10.0 mg/dL; Calcium: 9.85 mg/dL; Sodium: 139.0 mmol/L; Potassium: 4.37 mmol/L; Chloride: 111.0 mmol/L; Carbon Dioxide: 29.0 mmol/L; Total Cholesterol: 189.0 mg/dL; Triglycerides: 112.0 mg/dL; Low Density Lipoprotein Cholesterol: 92.0 mg/dL; High Density Lipoprotein Cholesterol: 74.0 mg/dL; Microalbumin Creatine Ratio: 8.0 mg/g; Hemoglobin A1c/Hemoglobin.total in Blood: 6.8 %; Body Weight: 110.27 kg; Body Mass Index: 33.37 kg/m2. Immunizations: Influenza seasonal injectable preservative free.",1
fcdbdab2-c069-421a-a09e-e400bafccc79,"Demographics: born 1951-12-17, gender M, race black, ethnicity african. Encounters: Outpatient Encounter; Encounter for 'check-up'; Emergency room admission; Encounter for symptom. Medications: 24 HR Metformin hydrochloride 500 MG Extended Release Oral Tablet; Insulin Lispro 100 UNT/ML Injectable Solution [Humalog]; Ibuprofen 200 MG Oral Tablet. Procedures: Colonoscopy; Documentation of current medications. Observations: Hemoglobin A1c/Hemoglobin.total in Blood: 3.3 %; Body Height: 166.2 cm; Body Weight: 119.72 kg; Body Mass Index: 43.34 kg/m2; Systolic Blood Pressure: 109.0 mmHg; Diastolic Blood Pressure: 77.0 mmHg; Glucose: 97.0 mg/dL; Urea Nitrogen: 15.0 mg/dL; Creatinine: 1.0 mg/dL; Calcium: 9.75 mg/dL; Sodium: 141.0 mmol/L; Potassium: 4.57 mmol/L; Chloride: 103.0 mmol/L; Carbon Dioxide: 20.0 mmol/L; Total Cholesterol: 186.0 mg/dL; Triglycerides: 143.0 mg/dL; Low Density Lipoprotein Cholesterol: 89.0 mg/dL; High Density Lipoprotein Cholesterol: 68.0 mg/dL; Microalbumin Creatine Ratio: 65.0 mg/g; Estimated Glomerular Filtration Rate: 60.0 mL/min/{1.73_m2}; Hemoglobin A1c/Hemoglobin.total in Blood: 3.2 %; Body Weight: 118.33 kg; Body Mass Index: 42.84 kg/m2; Systolic Blood Pressure: 110.0 mmHg; Diastolic Blood Pressure: 79.0 mmHg; Glucose: 72.0 mg/dL; Urea Nitrogen: 7.0 mg/dL; Calcium: 10.06 mg/dL; Sodium: 137.0 mmol/L; Potassium: 5.03 mmol/L; Chloride: 109.0 mmol/L; Carbon Dioxide: 27.0 mmol/L; Total Cholesterol: 177.0 mg/dL; Triglycerides: 132.0 mg/dL; Low Density Lipoprotein Cholesterol: 90.0 mg/dL; High Density Lipoprotein Cholesterol: 60.0 mg/dL; Microalbumin Creatine Ratio: 97.0 mg/g; Hemoglobin A1c/Hemoglobin.total in Blood: 3.1 %; Body Weight: 116.83 kg; Body Mass Index: 42.29 kg/m2. Immunizations: Influenza seasonal injectable preservative free; zoster; Td (adult) preservative free; Pneumococcal conjugate PCV 13.",1
448879bc-6b97-48f8-9f88-7c4f68b4faec,"Demographics: born 1970-03-05, gender F, race asian, ethnicity asian_indian. Encounters: Outpatient Encounter; Patient encounter procedure. Medications: Levonorgestrel 0.00354 MG/HR [Norplant]; Penicillin V Potassium 500 MG; 24 HR Metformin hydrochloride 500 MG Extended Release Oral Tablet. Procedures: Documentation of current medications; Replacement of subcutaneous contraceptive. Observations: Hemoglobin A1c/Hemoglobin.total in Blood: 7.3 %; Body Height: 161.56 cm; Body Weight: 91.87 kg; Body Mass Index: 35.19 kg/m2; Systolic Blood Pressure: 145.0 mmHg; Diastolic Blood Pressure: 102.0 mmHg; Glucose: 116.0 mg/dL; Urea Nitrogen: 14.0 mg/dL; Creatinine: 1.0 mg/dL; Calcium: 9.11 mg/dL; Sodium: 143.0 mmol/L; Potassium: 4.64 mmol/L; Chloride: 108.0 mmol/L; Carbon Dioxide: 26.0 mmol/L; Total Cholesterol: 234.0 mg/dL; Triglycerides: 174.0 mg/dL; Low Density Lipoprotein Cholesterol: 144.0 mg/dL; High Density Lipoprotein Cholesterol: 55.0 mg/dL; Microalbumin Creatine Ratio: 7.0 mg/g; Estimated Glomerular Filtration Rate: 60.0 mL/min/{1.73_m2}; Hemoglobin A1c/Hemoglobin.total in Blood: 7.6 %; Body Weight: 94.81 kg; Body Mass Index: 36.32 kg/m2; Systolic Blood Pressure: 181.0 mmHg; Diastolic Blood Pressure: 95.0 mmHg; Glucose: 101.0 mg/dL; Urea Nitrogen: 11.0 mg/dL; Calcium: 9.88 mg/dL; Potassium: 4.87 mmol/L; Chloride: 105.0 mmol/L; Total Cholesterol: 239.0 mg/dL; Triglycerides: 190.0 mg/dL; Low Density Lipoprotein Cholesterol: 148.0 mg/dL; High Density Lipoprotein Cholesterol: 53.0 mg/dL; Microalbumin Creatine Ratio: 1.0 mg/g; Hemoglobin A1c/Hemoglobin.total in Blood: 8.0 %; Body Weight: 99.57 kg; Body Mass Index: 38.14 kg/m2; Systolic Blood Pressure: 158.0 mmHg; Diastolic Blood Pressure: 100.0 mmHg. Immunizations: Influenza seasonal injectable preservative free; Td (adult) preservative free.",1
3569af05-9103-4f80-8a3a-34ce212a63a7,"Demographics: born 1949-05-11, gender M, race white, ethnicity french. Encounters: Death Certification. Medications: Penicillin V Potassium 250 MG; 24 HR Metformin hydrochloride 500 MG Extended Release Oral Tablet; Clopidogrel 75 MG Oral Tablet; Simvastatin 20 MG Oral Tablet; Amlodipine 5 MG Oral Tablet; Nitroglycerin 0.4 MG/ACTUAT [Nitrolingual]. Observations: Myocardial Infarction.",1
56dadb38-db24-4961-9d34-addc079773f2,"Demographics: born 1967-04-02, gender M, race white, ethnicity french. Encounters: Outpatient Encounter; Encounter for symptom; Encounter for 'check-up'. Medications: Penicillin V Potassium 500 MG; 24 HR Metformin hydrochloride 500 MG Extended Release Oral Tablet; 3 ML liraglutide 6 MG/ML Pen Injector. Procedures: Documentation of current medications; Colonoscopy. Observations: Body Height: 176.04 cm; Body Weight: 131.03 kg; Body Mass Index: 42.28 kg/m2; Systolic Blood Pressure: 134.0 mmHg; Diastolic Blood Pressure: 72.0 mmHg; Hemoglobin A1c/Hemoglobin.total in Blood: 10.8 %; Body Weight: 134.04 kg; Body Mass Index: 43.25 kg/m2; Systolic Blood Pressure: 200.0 mmHg; Diastolic Blood Pressure: 105.0 mmHg; Glucose: 99.0 mg/dL; Urea Nitrogen: 13.0 mg/dL; Creatinine: 1.0 mg/dL; Calcium: 8.61 mg/dL; Sodium: 139.0 mmol/L; Potassium: 4.75 mmol/L; Chloride: 103.0 mmol/L; Carbon Dioxide: 22.0 mmol/L; Total Cholesterol: 198.0 mg/dL; Triglycerides: 134.0 mg/dL; Low Density Lipoprotein Cholesterol: 107.0 mg/dL; High Density Lipoprotein Cholesterol: 64.0 mg/dL; Microalbumin Creatine Ratio: 7.0 mg/g; Estimated Glomerular Filtration Rate: 60.0 mL/min/{1.73_m2}; Oral temperature: 37.0 Cel; Hemoglobin A1c/Hemoglobin.total in Blood: 9.1 %; Body Weight: 137.54 kg; Body Mass Index: 44.38 kg/m2; Systolic Blood Pressure: 163.0 mmHg; Diastolic Blood Pressure: 116.0 mmHg; Glucose: 176.0 mg/dL; Urea Nitrogen: 16.0 mg/dL; Calcium: 9.3 mg/dL; Potassium: 4.84 mmol/L; Chloride: 101.0 mmol/L; Carbon Dioxide: 27.0 mmol/L; Total Cholesterol: 279.0 mg/dL; Triglycerides: 536.0 mg/dL; Low Density Lipoprotein Cholesterol: 161.0 mg/dL; High Density Lipoprotein Cholesterol: 10.0 mg/dL. Immunizations: Influenza seasonal injectable preservative free.",1
4f3223da-7a5d-4300-a3a5-e70e5bf47182,"Demographics: born 1997-05-28, gender F, race asian, ethnicity chinese. Encounters: Encounter for symptom; Consultation for treatment; Outpatient Encounter; Emergency room admission; Encounter for 'check-up'. Medications: Penicillin V Potassium 250 MG; Yaz 28 Day Pack. Procedures: Documentation of current medications. Observations: Body Height: 172.88 cm; Body Weight: 44.33 kg; Body Mass Index: 14.83 kg/m2; Systolic Blood Pressure: 103.0 mmHg; Diastolic Blood Pressure: 75.0 mmHg; Body Height: 174.08 cm; Body Weight: 46.85 kg; Body Mass Index: 15.46 kg/m2; Systolic Blood Pressure: 118.0 mmHg; Diastolic Blood Pressure: 88.0 mmHg; Oral temperature: 37.0 Cel; Body Height: 174.69 cm; Body Weight: 48.72 kg; Body Mass Index: 15.96 kg/m2; Diastolic Blood Pressure: 80.0 mmHg; Body Height: 175.08 cm; Body Weight: 50.23 kg; Body Mass Index: 16.39 kg/m2; Systolic Blood Pressure: 132.0 mmHg; Diastolic Blood Pressure: 73.0 mmHg; Body Height: 175.27 cm; Body Weight: 51.24 kg; Body Mass Index: 16.68 kg/m2; Systolic Blood Pressure: 109.0 mmHg; Diastolic Blood Pressure: 85.0 mmHg; Body Height: 175.4 cm; Body Weight: 52.24 kg; Body Mass Index: 16.98 kg/m2; Systolic Blood Pressure: 106.0 mmHg. Immunizations: Influenza seasonal injectable preservative free; meningococcal MCV4P.",0
961bc3fc-69d3-4f8c-982b-8b56d492ec68,"Demographics: born 1930-08-27, gender F, race white, ethnicity american. Encounters: Death Certification. Medications: 120 ACTUAT Fluticasone propionate 0.044 MG/ACTUAT Metered Dose Inhaler; 200 ACTUAT Albuterol 0.09 MG/ACTUAT Metered Dose Inhaler; Penicillin V Potassium 500 MG. Observations: Non-small cell lung cancer (disorder).",0
0733db67-c70b-4dc4-afb7-28d8d60eb006,"Demographics: born 1939-05-25, gender M, race white, ethnicity french. Encounters: Outpatient Encounter. Medications: 24 HR Metformin hydrochloride 500 MG Extended Release Oral Tablet; Penicillin V Potassium 500 MG; Alendronic acid 10 MG [Fosamax]; Clopidogrel 75 MG Oral Tablet; Simvastatin 20 MG Oral Tablet; Amlodipine 5 MG Oral Tablet; Nitroglycerin 0.4 MG/ACTUAT [Nitrolingual]. Procedures: Documentation of current medications. Observations: Hemoglobin A1c/Hemoglobin.total in Blood: 8.6 %; Body Height: 176.67 cm; Body Weight: 125.63 kg; Body Mass Index: 40.25 kg/m2; Systolic Blood Pressure: 101.0 mmHg; Diastolic Blood Pressure: 78.0 mmHg; Glucose: 177.0 mg/dL; Urea Nitrogen: 7.0 mg/dL; Creatinine: 1.0 mg/dL; Calcium: 8.81 mg/dL; Sodium: 137.0 mmol/L; Potassium: 4.94 mmol/L; Chloride: 107.0 mmol/L; Carbon Dioxide: 29.0 mmol/L; Total Cholesterol: 242.0 mg/dL; Triglycerides: 489.0 mg/dL; Low Density Lipoprotein Cholesterol: 112.0 mg/dL; High Density Lipoprotein Cholesterol: 32.0 mg/dL; Microalbumin Creatine Ratio: 3.0 mg/g; Estimated Glomerular Filtration Rate: 60.0 mL/min/{1.73_m2}; Hemoglobin A1c/Hemoglobin.total in Blood: 8.4 %; Body Weight: 123.91 kg; Body Mass Index: 39.7 kg/m2; Systolic Blood Pressure: 135.0 mmHg; Diastolic Blood Pressure: 86.0 mmHg; Glucose: 199.0 mg/dL; Urea Nitrogen: 13.0 mg/dL; Calcium: 9.55 mg/dL; Sodium: 139.0 mmol/L; Potassium: 5.16 mmol/L; Chloride: 110.0 mmol/L; Carbon Dioxide: 21.0 mmol/L; Total Cholesterol: 250.0 mg/dL; Triglycerides: 308.0 mg/dL; Low Density Lipoprotein Cholesterol: 168.0 mg/dL; High Density Lipoprotein Cholesterol: 20.0 mg/dL; Microalbumin Creatine Ratio: 1.0 mg/g; Systolic Blood Pressure: 126.0 mmHg; Diastolic Blood Pressure: 84.0 mmHg; Glucose: 148.0 mg/dL. Immunizations: Influenza seasonal injectable preservative free; Td (adult) preservative free.",1
90d8398c-d118-47c3-be76-e8364dc1659b,"Demographics: born 1935-10-19, gender F, race white, ethnicity italian. Encounters: Death Certification. Medications: Penicillin V Potassium 250 MG; 24 HR Metformin hydrochloride 500 MG Extended Release Oral Tablet; Penicillin V Potassium 500 MG; Insulin Lispro 100 UNT/ML Injectable Solution [Humalog]. Observations: End stage renal disease.",1
11fe1cc7-b8f2-474d-9cbb-18b29fff79df,"Demographics: born 1960-12-26, gender M, race white, ethnicity american. Encounters: Encounter for 'check-up'; Outpatient Encounter; Emergency room admission; Encounter for symptom. Medications: Penicillin V Potassium 250 MG. Procedures: Colonoscopy; Documentation of current medications. Observations: Body Height: 163.33 cm; Body Weight: 137.17 kg; Body Mass Index: 51.42 kg/m2; Systolic Blood Pressure: 131.0 mmHg; Diastolic Blood Pressure: 70.0 mmHg; Total Cholesterol: 192.0 mg/dL; Triglycerides: 147.0 mg/dL; Low Density Lipoprotein Cholesterol: 85.0 mg/dL; High Density Lipoprotein Cholesterol: 77.0 mg/dL; Systolic Blood Pressure: 139.0 mmHg; Diastolic Blood Pressure: 79.0 mmHg; Systolic Blood Pressure: 125.0 mmHg; Diastolic Blood Pressure: 77.0 mmHg; Systolic Blood Pressure: 101.0 mmHg; Total Cholesterol: 193.0 mg/dL; Triglycerides: 107.0 mg/dL; Low Density Lipoprotein Cholesterol: 106.0 mg/dL; High Density Lipoprotein Cholesterol: 65.0 mg/dL; Systolic Blood Pressure: 105.0 mmHg; Diastolic Blood Pressure: 87.0 mmHg. Immunizations: Influenza seasonal injectable preservative free; Td (adult) preservative free.",0
31d2b276-5ae2-4599-aef9-441c3070725e,"Demographics: born 1979-07-13, gender F, race hispanic, ethnicity central_american. Encounters: Outpatient Encounter; Consultation for treatment; Admission to surgical department. Medications: Penicillin V Potassium 250 MG. Procedures: Documentation of current medications; Bilateral tubal ligation. Observations: Hemoglobin A1c/Hemoglobin.total in Blood: 6.6 %; Body Height: 171.05 cm; Body Weight: 73.36 kg; Body Mass Index: 25.07 kg/m2; Systolic Blood Pressure: 140.0 mmHg; Diastolic Blood Pressure: 96.0 mmHg; Glucose: 109.0 mg/dL; Urea Nitrogen: 16.0 mg/dL; Creatinine: 1.0 mg/dL; Calcium: 8.93 mg/dL; Sodium: 140.0 mmol/L; Potassium: 4.74 mmol/L; Chloride: 107.0 mmol/L; Carbon Dioxide: 29.0 mmol/L; Total Cholesterol: 228.0 mg/dL; Triglycerides: 182.0 mg/dL; Low Density Lipoprotein Cholesterol: 144.0 mg/dL; High Density Lipoprotein Cholesterol: 47.0 mg/dL; Microalbumin Creatine Ratio: 9.0 mg/g; Estimated Glomerular Filtration Rate: 60.0 mL/min/{1.73_m2}; Body Weight: 78.5 kg; Body Mass Index: 26.83 kg/m2; Systolic Blood Pressure: 141.0 mmHg; Diastolic Blood Pressure: 116.0 mmHg; Glucose: 102.0 mg/dL; Urea Nitrogen: 20.0 mg/dL; Calcium: 9.79 mg/dL; Sodium: 142.0 mmol/L; Potassium: 3.92 mmol/L; Chloride: 110.0 mmol/L; Carbon Dioxide: 23.0 mmol/L; Total Cholesterol: 224.0 mg/dL; Triglycerides: 183.0 mg/dL; Low Density Lipoprotein Cholesterol: 139.0 mg/dL; High Density Lipoprotein Cholesterol: 48.0 mg/dL; Microalbumin Creatine Ratio: 11.0 mg/g. Immunizations: Influenza seasonal injectable preservative free; Td (adult) preservative free.",1
2da85176-14fa-4c55-91f0-84eb51693257,"Demographics: born 1958-11-10, gender M, race white, ethnicity english. Encounters: Outpatient Encounter; Encounter for symptom; Encounter for 'check-up'; Asthma follow-up; Emergency hospital admission for asthma. Medications: 120 ACTUAT Fluticasone propionate 0.044 MG/ACTUAT Metered Dose Inhaler; 200 ACTUAT Albuterol 0.09 MG/ACTUAT Metered Dose Inhaler. Procedures: Documentation of current medications; Colonoscopy. Observations: Body Height: 181.99 cm; Body Weight: 131.95 kg; Body Mass Index: 39.84 kg/m2; Systolic Blood Pressure: 111.0 mmHg; Diastolic Blood Pressure: 83.0 mmHg; Systolic Blood Pressure: 102.0 mmHg; Diastolic Blood Pressure: 81.0 mmHg; Systolic Blood Pressure: 103.0 mmHg; Diastolic Blood Pressure: 85.0 mmHg; Total Cholesterol: 176.0 mg/dL; Triglycerides: 135.0 mg/dL; Low Density Lipoprotein Cholesterol: 78.0 mg/dL; High Density Lipoprotein Cholesterol: 71.0 mg/dL; Oral temperature: 38.0 Cel; Systolic Blood Pressure: 114.0 mmHg; Diastolic Blood Pressure: 87.0 mmHg; Systolic Blood Pressure: 100.0 mmHg; Diastolic Blood Pressure: 86.0 mmHg; Systolic Blood Pressure: 138.0 mmHg; Diastolic Blood Pressure: 84.0 mmHg; Total Cholesterol: 185.0 mg/dL; Triglycerides: 124.0 mg/dL; Low Density Lipoprotein Cholesterol: 91.0 mg/dL; High Density Lipoprotein Cholesterol: 69.0 mg/dL; Oral temperature: 37.0 Cel. Immunizations: Influenza seasonal injectable preservative free; Td (adult) preservative free.",0
89eb6d0b-cbe0-434e-beea-e519aab306ba,"Demographics: born 1969-05-28, gender M, race white, ethnicity irish. Encounters: Outpatient Encounter; Encounter for symptom. Medications: 24 HR Metformin hydrochloride 500 MG Extended Release Oral Tablet; 3 ML liraglutide 6 MG/ML Pen Injector; Penicillin V Potassium 500 MG. Procedures: Documentation of current medications; Throat culture (procedure). Observations: Hemoglobin A1c/Hemoglobin.total in Blood: 8.6 %; Body Height: 164.33 cm; Body Weight: 109.18 kg; Body Mass Index: 40.43 kg/m2; Systolic Blood Pressure: 119.0 mmHg; Diastolic Blood Pressure: 71.0 mmHg; Glucose: 164.0 mg/dL; Urea Nitrogen: 20.0 mg/dL; Creatinine: 1.0 mg/dL; Calcium: 10.19 mg/dL; Sodium: 140.0 mmol/L; Potassium: 4.13 mmol/L; Chloride: 107.0 mmol/L; Carbon Dioxide: 24.0 mmol/L; Total Cholesterol: 247.0 mg/dL; Triglycerides: 332.0 mg/dL; Low Density Lipoprotein Cholesterol: 160.0 mg/dL; High Density Lipoprotein Cholesterol: 20.0 mg/dL; Microalbumin Creatine Ratio: 15.0 mg/g; Estimated Glomerular Filtration Rate: 60.0 mL/min/{1.73_m2}; Hemoglobin A1c/Hemoglobin.total in Blood: 8.9 %; Body Weight: 112.11 kg; Body Mass Index: 41.51 kg/m2; Systolic Blood Pressure: 105.0 mmHg; Diastolic Blood Pressure: 74.0 mmHg; Glucose: 190.0 mg/dL; Urea Nitrogen: 13.0 mg/dL; Calcium: 9.9 mg/dL; Sodium: 137.0 mmol/L; Potassium: 3.99 mmol/L; Chloride: 110.0 mmol/L; Carbon Dioxide: 23.0 mmol/L; Total Cholesterol: 255.0 mg/dL; Triglycerides: 201.0 mg/dL; Low Density Lipoprotein Cholesterol: 188.0 mg/dL; High Density Lipoprotein Cholesterol: 26.0 mg/dL; Microalbumin Creatine Ratio: 16.0 mg/g; Hemoglobin A1c/Hemoglobin.total in Blood: 9.2 %; Body Weight: 115.3 kg; Body Mass Index: 42.69 kg/m2. Immunizations: Influenza seasonal injectable preservative free; Td (adult) preservative free.",1
d5fd76d3-f502-49b1-a3cd-100f30a03fb1,"Demographics: born 1958-07-09, gender F, race white, ethnicity portuguese. Encounters: Outpatient Encounter; Encounter for symptom; Encounter for 'check-up'; Emergency room admission. Medications: Naproxen sodium 220 MG [Aleve]; 24 HR Metformin hydrochloride 500 MG Extended Release Oral Tablet; Acetaminophen 160 MG. Procedures: Colonoscopy; Fecal occult blood test; Rectal polypectomy; Measurement of respiratory function (procedure); Documentation of current medications. Observations: Hemoglobin A1c/Hemoglobin.total in Blood: 8.2 %; Body Height: 161.31 cm; Body Weight: 100.53 kg; Body Mass Index: 38.63 kg/m2; Systolic Blood Pressure: 139.0 mmHg; Diastolic Blood Pressure: 88.0 mmHg; Glucose: 155.0 mg/dL; Urea Nitrogen: 19.0 mg/dL; Creatinine: 1.0 mg/dL; Calcium: 9.34 mg/dL; Sodium: 136.0 mmol/L; Potassium: 4.65 mmol/L; Chloride: 108.0 mmol/L; Carbon Dioxide: 23.0 mmol/L; Total Cholesterol: 247.0 mg/dL; Triglycerides: 479.0 mg/dL; Low Density Lipoprotein Cholesterol: 127.0 mg/dL; High Density Lipoprotein Cholesterol: 24.0 mg/dL; Microalbumin Creatine Ratio: 17.0 mg/g; Estimated Glomerular Filtration Rate: 60.0 mL/min/{1.73_m2}; Systolic Blood Pressure: 112.0 mmHg; Diastolic Blood Pressure: 82.0 mmHg; Glucose: 169.0 mg/dL; Urea Nitrogen: 11.0 mg/dL; Calcium: 8.91 mg/dL; Sodium: 141.0 mmol/L; Potassium: 4.51 mmol/L; Chloride: 101.0 mmol/L; Carbon Dioxide: 20.0 mmol/L; Total Cholesterol: 254.0 mg/dL; Triglycerides: 432.0 mg/dL; Low Density Lipoprotein Cholesterol: 136.0 mg/dL; High Density Lipoprotein Cholesterol: 31.0 mg/dL; Microalbumin Creatine Ratio: 6.0 mg/g; Systolic Blood Pressure: 111.0 mmHg; Diastolic Blood Pressure: 83.0 mmHg; Glucose: 189.0 mg/dL; Calcium: 9.92 mg/dL; Sodium: 138.0 mmol/L; Potassium: 4.05 mmol/L. Immunizations: Influenza seasonal injectable preservative free.",1
99209e92-2022-40d2-89c0-1495c9a6b12e,"Demographics: born 1963-07-26, gender F, race white, ethnicity irish. Encounters: Outpatient Encounter; Encounter for 'check-up'; Encounter for symptom. Medications: Penicillin V Potassium 250 MG; Penicillin V Potassium 500 MG; Nitrofurantoin 5 MG/ML [Furadantin]; Phenazopyridine hydrochloride 100 MG [Pyridium]; NITROFURANTOIN MACROCRYSTALS 50 MG [Macrodantin]. Procedures: Documentation of current medications; Colonoscopy. Observations: Body Height: 164.77 cm; Body Weight: 92.74 kg; Body Mass Index: 34.16 kg/m2; Systolic Blood Pressure: 138.0 mmHg; Diastolic Blood Pressure: 77.0 mmHg; Body Weight: 93.94 kg; Body Mass Index: 34.6 kg/m2; Systolic Blood Pressure: 123.0 mmHg; Diastolic Blood Pressure: 71.0 mmHg; Total Cholesterol: 176.0 mg/dL; Triglycerides: 135.0 mg/dL; Low Density Lipoprotein Cholesterol: 73.0 mg/dL; High Density Lipoprotein Cholesterol: 76.0 mg/dL; Systolic Blood Pressure: 136.0 mmHg; Diastolic Blood Pressure: 79.0 mmHg; Systolic Blood Pressure: 127.0 mmHg; Diastolic Blood Pressure: 89.0 mmHg; Systolic Blood Pressure: 137.0 mmHg; Total Cholesterol: 162.0 mg/dL; Triglycerides: 139.0 mg/dL; Low Density Lipoprotein Cholesterol: 72.0 mg/dL; High Density Lipoprotein Cholesterol: 62.0 mg/dL. Immunizations: Influenza seasonal injectable preservative free; Td (adult) preservative free.",0
40e3f3d6-780b-4d8d-861c-70ba50eefa83,"Demographics: born 1989-04-25, gender F, race white, ethnicity irish. Encounters: Encounter for symptom; Outpatient Encounter; Emergency room admission. Medications: Trinessa 28 Day Pack; Dextromethorphan Hydrobromide 1 MG/ML; Amoxicillin 250 MG / Clavulanate 125 MG [Augmentin]; Ibuprofen 200 MG Oral Tablet. Procedures: Documentation of current medications; Throat culture (procedure). Observations: Body Height: 166.97 cm; Body Weight: 52.43 kg; Body Mass Index: 18.81 kg/m2; Systolic Blood Pressure: 179.0 mmHg; Diastolic Blood Pressure: 90.0 mmHg; Estimated Glomerular Filtration Rate: 60.0 mL/min/{1.73_m2}; Oral temperature: 37.0 Cel; Hemoglobin A1c/Hemoglobin.total in Blood: 6.2 %; Body Weight: 58.86 kg; Body Mass Index: 21.11 kg/m2; Systolic Blood Pressure: 183.0 mmHg; Glucose: 77.0 mg/dL; Urea Nitrogen: 14.0 mg/dL; Creatinine: 1.0 mg/dL; Calcium: 8.83 mg/dL; Sodium: 143.0 mmol/L; Potassium: 4.76 mmol/L; Chloride: 111.0 mmol/L; Carbon Dioxide: 20.0 mmol/L. Immunizations: Influenza seasonal injectable preservative free; Td (adult) preservative free.",0
8aaa0fab-507e-490d-8959-7e0ea52020c7,"Demographics: born 1986-05-12, gender M, race white, ethnicity polish. Encounters: Asthma follow-up; Emergency room admission; Encounter for symptom; Outpatient Encounter. Medications: diphenhydrAMINE Hydrochloride 25 MG Oral Tablet; 0.3 ML EPINEPHrine 0.5 MG/ML Auto-Injector; 120 ACTUAT Fluticasone propionate 0.044 MG/ACTUAT Metered Dose Inhaler; 200 ACTUAT Albuterol 0.09 MG/ACTUAT Metered Dose Inhaler; Ibuprofen 200 MG Oral Tablet; Amoxicillin 250 MG / Clavulanate 125 MG [Augmentin]. Procedures: Suture open wound; Documentation of current medications. Observations: Body Height: 190.18 cm; Body Weight: 107.18 kg; Body Mass Index: 29.63 kg/m2; Systolic Blood Pressure: 122.0 mmHg; Diastolic Blood Pressure: 80.0 mmHg; Body Weight: 108.56 kg; Body Mass Index: 30.01 kg/m2; Systolic Blood Pressure: 138.0 mmHg; Diastolic Blood Pressure: 77.0 mmHg; Body Weight: 111.95 kg; Body Mass Index: 30.95 kg/m2; Systolic Blood Pressure: 118.0 mmHg; Diastolic Blood Pressure: 74.0 mmHg; Body Weight: 116.4 kg; Body Mass Index: 32.18 kg/m2; Systolic Blood Pressure: 119.0 mmHg; Diastolic Blood Pressure: 84.0 mmHg; Total Cholesterol: 184.0 mg/dL; Triglycerides: 131.0 mg/dL; Low Density Lipoprotein Cholesterol: 98.0 mg/dL; High Density Lipoprotein Cholesterol: 59.0 mg/dL. Allergies: Allergy to wheat; Allergy to mould. Immunizations: Influenza seasonal injectable preservative free.",0
f78cad7e-570e-4f42-9b60-3f26a7c9142d,"Demographics: born 1966-02-14, gender M, race hispanic, ethnicity central_american. Encounters: Emergency room admission; Outpatient Encounter; Encounter for 'check-up'; Encounter for symptom. Medications: Penicillin V Potassium 250 MG; Ibuprofen 200 MG Oral Tablet; Acetaminophen 325 MG / HYDROcodone Bitartrate 7.5 MG Oral Tablet. Procedures: Suture open wound; Admission to orthopedic department; Documentation of current medications; Colonoscopy. Observations: Body Height: 170.86 cm; Body Weight: 118.38 kg; Body Mass Index: 40.55 kg/m2; Systolic Blood Pressure: 163.0 mmHg; Diastolic Blood Pressure: 103.0 mmHg; Estimated Glomerular Filtration Rate: 60.0 mL/min/{1.73_m2}; Body Weight: 121.92 kg; Body Mass Index: 41.76 kg/m2; Systolic Blood Pressure: 194.0 mmHg; Diastolic Blood Pressure: 118.0 mmHg; Total Cholesterol: 184.0 mg/dL; Triglycerides: 150.0 mg/dL; Low Density Lipoprotein Cholesterol: 89.0 mg/dL; High Density Lipoprotein Cholesterol: 65.0 mg/dL; Body Weight: 124.92 kg; Body Mass Index: 42.79 kg/m2; Systolic Blood Pressure: 170.0 mmHg; Diastolic Blood Pressure: 114.0 mmHg; Body Weight: 125.98 kg; Body Mass Index: 43.15 kg/m2; Systolic Blood Pressure: 193.0 mmHg; Diastolic Blood Pressure: 95.0 mmHg; Total Cholesterol: 192.0 mg/dL; Triglycerides: 145.0 mg/dL; Low Density Lipoprotein Cholesterol: 99.0 mg/dL; High Density Lipoprotein Cholesterol: 64.0 mg/dL. Allergies: Allergy to grass pollen; House dust mite allergy; Allergy to mould; Allergy to bee venom. Immunizations: Influenza seasonal injectable preservative free.",0
44fb1dac-988f-4213-b606-63bd78388207,"Demographics: born 2017-04-22, gender F, race white, ethnicity irish. Encounters: Outpatient Encounter. Immunizations: Hep B adolescent or pediatric.",0
1d8b4ce0-bc02-4518-96b8-d6c6752b5950,"Demographics: born 1972-01-16, gender F, race white, ethnicity german. Encounters: Encounter for symptom; Outpatient Encounter; Prenatal initial visit; Prenatal visit; Obstetric emergency hospital admission; Consultation for treatment. Medications: 24 HR Metformin hydrochloride 500 MG Extended Release Oral Tablet; Acetaminophen 160 MG; Jolivette 28 Day Pack. Procedures: Standard pregnancy test; Epidural anesthesia; Cesarean section; Documentation of current medications. Observations: Hemoglobin A1c/Hemoglobin.total in Blood: 6.4 %; Body Height: 166.61 cm; Body Weight: 88.18 kg; Body Mass Index: 31.77 kg/m2; Systolic Blood Pressure: 140.0 mmHg; Diastolic Blood Pressure: 103.0 mmHg; Glucose: 144.0 mg/dL; Urea Nitrogen: 18.0 mg/dL; Creatinine: 1.0 mg/dL; Calcium: 10.12 mg/dL; Sodium: 144.0 mmol/L; Potassium: 4.14 mmol/L; Chloride: 110.0 mmol/L; Carbon Dioxide: 27.0 mmol/L; Total Cholesterol: 249.0 mg/dL; Triglycerides: 431.0 mg/dL; Low Density Lipoprotein Cholesterol: 136.0 mg/dL; High Density Lipoprotein Cholesterol: 26.0 mg/dL; Microalbumin Creatine Ratio: 10.0 mg/g; Estimated Glomerular Filtration Rate: 60.0 mL/min/{1.73_m2}; Hemoglobin A1c/Hemoglobin.total in Blood: 7.0 %; Body Weight: 94.41 kg; Body Mass Index: 34.01 kg/m2; Systolic Blood Pressure: 153.0 mmHg; Diastolic Blood Pressure: 116.0 mmHg; Glucose: 96.0 mg/dL; Urea Nitrogen: 12.0 mg/dL; Calcium: 8.7 mg/dL; Sodium: 137.0 mmol/L; Potassium: 4.82 mmol/L; Chloride: 107.0 mmol/L; Carbon Dioxide: 29.0 mmol/L; Total Cholesterol: 196.0 mg/dL; Triglycerides: 126.0 mg/dL; Low Density Lipoprotein Cholesterol: 101.0 mg/dL; High Density Lipoprotein Cholesterol: 69.0 mg/dL; Microalbumin Creatine Ratio: 7.0 mg/g; Oral temperature: 38.0 Cel; Hemoglobin A1c/Hemoglobin.total in Blood: 7.3 %; Body Weight: 97.98 kg. Immunizations: Influenza seasonal injectable preservative free; Td (adult) preservative free.",1
726766df-7e6b-47be-97ae-114567569e84,"Demographics: born 1942-08-25, gender M, race black, ethnicity african. Encounters: Outpatient Encounter; Encounter for symptom; Encounter for 'check-up'; Emergency room admission. Medications: Penicillin V Potassium 250 MG; insulin human isophane 70 UNT/ML / Regular Insulin Human 30 UNT/ML Injectable Suspension [Humulin]; Galantamine 4 MG [Razadyne]; Acetaminophen 325 MG / oxyCODONE Hydrochloride 5 MG Oral Tablet; Naproxen sodium 220 MG Oral Tablet. Procedures: Documentation of current medications; Colonoscopy; Admission to orthopedic department; Bone density scan (procedure). Observations: Hemoglobin A1c/Hemoglobin.total in Blood: 3.6 %; Body Height: 186.81 cm; Body Weight: 85.37 kg; Body Mass Index: 24.46 kg/m2; Systolic Blood Pressure: 141.0 mmHg; Diastolic Blood Pressure: 107.0 mmHg; Glucose: 120.0 mg/dL; Urea Nitrogen: 10.0 mg/dL; Creatinine: 1.0 mg/dL; Calcium: 8.5 mg/dL; Sodium: 137.0 mmol/L; Potassium: 4.5 mmol/L; Chloride: 106.0 mmol/L; Carbon Dioxide: 29.0 mmol/L; Total Cholesterol: 217.0 mg/dL; Triglycerides: 169.0 mg/dL; Low Density Lipoprotein Cholesterol: 125.0 mg/dL; High Density Lipoprotein Cholesterol: 58.0 mg/dL; Microalbumin Creatine Ratio: 24.0 mg/g; Estimated Glomerular Filtration Rate: 60.0 mL/min/{1.73_m2}; Oral temperature: 38.0 Cel; Body Weight: 84.35 kg; Body Mass Index: 24.17 kg/m2; Systolic Blood Pressure: 165.0 mmHg; Diastolic Blood Pressure: 108.0 mmHg; Glucose: 102.0 mg/dL; Urea Nitrogen: 14.0 mg/dL; Calcium: 9.34 mg/dL; Sodium: 140.0 mmol/L; Potassium: 3.94 mmol/L; Chloride: 110.0 mmol/L; Carbon Dioxide: 20.0 mmol/L; Total Cholesterol: 214.0 mg/dL; Triglycerides: 198.0 mg/dL; Low Density Lipoprotein Cholesterol: 119.0 mg/dL; High Density Lipoprotein Cholesterol: 55.0 mg/dL; Systolic Blood Pressure: 198.0 mmHg; Diastolic Blood Pressure: 116.0 mmHg; Glucose: 106.0 mg/dL; Urea Nitrogen: 18.0 mg/dL. Immunizations: Pneumococcal conjugate PCV 13; Influenza seasonal injectable preservative free; Td (adult) preservative free.",1
87cbdf63-272b-4a4e-9e6c-67aca8ef6aba,"Demographics: born 1974-07-25, gender M, race asian, ethnicity chinese. Encounters: Encounter for symptom; Outpatient Encounter. Medications: Penicillin V Potassium 250 MG; 24 HR Metformin hydrochloride 500 MG Extended Release Oral Tablet. Procedures: Documentation of current medications. Observations: Body Height: 178.5 cm; Body Weight: 100.65 kg; Body Mass Index: 31.59 kg/m2; Systolic Blood Pressure: 126.0 mmHg; Diastolic Blood Pressure: 87.0 mmHg; Total Cholesterol: 171.0 mg/dL; Triglycerides: 109.0 mg/dL; Low Density Lipoprotein Cholesterol: 89.0 mg/dL; High Density Lipoprotein Cholesterol: 60.0 mg/dL; Oral temperature: 38.0 Cel; Hemoglobin A1c/Hemoglobin.total in Blood: 8.2 %; Body Weight: 104.08 kg; Body Mass Index: 32.66 kg/m2; Systolic Blood Pressure: 136.0 mmHg; Diastolic Blood Pressure: 88.0 mmHg; Glucose: 71.0 mg/dL; Urea Nitrogen: 19.0 mg/dL; Creatinine: 1.0 mg/dL; Calcium: 9.33 mg/dL; Sodium: 140.0 mmol/L; Potassium: 4.16 mmol/L; Chloride: 106.0 mmol/L; Carbon Dioxide: 20.0 mmol/L; Total Cholesterol: 168.0 mg/dL; Triglycerides: 137.0 mg/dL; Low Density Lipoprotein Cholesterol: 76.0 mg/dL; High Density Lipoprotein Cholesterol: 64.0 mg/dL; Microalbumin Creatine Ratio: 12.0 mg/g; Estimated Glomerular Filtration Rate: 60.0 mL/min/{1.73_m2}. Immunizations: Influenza seasonal injectable preservative free; Td (adult) preservative free.",1
ea1ec522-f983-44b8-8650-a84056667183,"Demographics: born 1929-12-16, gender F, race white, ethnicity portuguese. Encounters: Death Certification. Medications: Nitroglycerin 0.4 MG/ACTUAT [Nitrolingual]; Penicillin V Potassium 250 MG. Observations: Cardiac Arrest.",0
9d29e1d1-7d2e-468a-b00f-a18ec1c0a8c1,"Demographics: born 1988-11-23, gender F, race white, ethnicity irish. Encounters: Outpatient Encounter; Prenatal initial visit; Prenatal visit; Obstetric emergency hospital admission; Encounter for symptom. Medications: Terfenadine 60 MG Oral Tablet; 0.3 ML EPINEPHrine 0.5 MG/ML Auto-Injector; Nitrofurantoin 5 MG/ML [Furadantin]; Phenazopyridine hydrochloride 100 MG [Pyridium]; NITROFURANTOIN MACROCRYSTALS 50 MG [Macrodantin]. Procedures: Documentation of current medications; Standard pregnancy test; Medical induction of labor; Childbirth. Observations: Body Height: 164.41 cm; Body Weight: 59.41 kg; Body Mass Index: 21.98 kg/m2; Systolic Blood Pressure: 157.0 mmHg; Diastolic Blood Pressure: 99.0 mmHg; Estimated Glomerular Filtration Rate: 60.0 mL/min/{1.73_m2}; Body Weight: 63.71 kg; Body Mass Index: 23.57 kg/m2; Systolic Blood Pressure: 192.0 mmHg; Diastolic Blood Pressure: 96.0 mmHg. Allergies: Allergy to peanuts. Immunizations: Influenza seasonal injectable preservative free; Td (adult) preservative free.",0
cdfcb9d6-7b13-463d-8be8-d682ed594dc7,"Demographics: born 1913-12-17, gender F, race white, ethnicity swedish.",0
4e6989ef-3caf-425b-aa1e-c236aca86dd6,"Demographics: born 1943-11-10, gender M, race white, ethnicity italian. Encounters: Emergency room admission; Encounter for 'check-up'; Outpatient Encounter; Encounter for symptom. Medications: 24 HR Metformin hydrochloride 500 MG Extended Release Oral Tablet; Clopidogrel 75 MG Oral Tablet; Simvastatin 20 MG Oral Tablet; Amlodipine 5 MG Oral Tablet; Nitroglycerin 0.4 MG/ACTUAT [Nitrolingual]; Acetaminophen 325 MG / oxyCODONE Hydrochloride 5 MG Oral Tablet; Naproxen sodium 220 MG Oral Tablet; insulin human isophane 70 UNT/ML / Regular Insulin Human 30 UNT/ML Injectable Suspension [Humulin]. Procedures: Admission to orthopedic department; Bone density scan (procedure); Documentation of current medications; Colonoscopy. Observations: DXA [T-score] Bone density: 0.48 {T-score}; Hemoglobin A1c/Hemoglobin.total in Blood: 6.1 %; Body Height: 180.01 cm; Body Weight: 98.15 kg; Body Mass Index: 30.29 kg/m2; Systolic Blood Pressure: 137.0 mmHg; Diastolic Blood Pressure: 85.0 mmHg; Glucose: 100.0 mg/dL; Urea Nitrogen: 10.0 mg/dL; Creatinine: 1.0 mg/dL; Calcium: 9.91 mg/dL; Sodium: 139.0 mmol/L; Potassium: 5.0 mmol/L; Chloride: 106.0 mmol/L; Carbon Dioxide: 25.0 mmol/L; Total Cholesterol: 174.0 mg/dL; Triglycerides: 117.0 mg/dL; Low Density Lipoprotein Cholesterol: 70.0 mg/dL; High Density Lipoprotein Cholesterol: 80.0 mg/dL; Microalbumin Creatine Ratio: 5.0 mg/g; Estimated Glomerular Filtration Rate: 60.0 mL/min/{1.73_m2}; Hemoglobin A1c/Hemoglobin.total in Blood: 6.0 %; Body Weight: 96.57 kg; Body Mass Index: 29.8 kg/m2; Systolic Blood Pressure: 120.0 mmHg; Diastolic Blood Pressure: 88.0 mmHg; Glucose: 82.0 mg/dL; Urea Nitrogen: 12.0 mg/dL; Sodium: 137.0 mmol/L; Potassium: 4.24 mmol/L; Chloride: 107.0 mmol/L; Carbon Dioxide: 21.0 mmol/L; Total Cholesterol: 170.0 mg/dL; Triglycerides: 101.0 mg/dL; Low Density Lipoprotein Cholesterol: 89.0 mg/dL; High Density Lipoprotein Cholesterol: 60.0 mg/dL; Microalbumin Creatine Ratio: 28.0 mg/g; Hemoglobin A1c/Hemoglobin.total in Blood: 3.0 %; Systolic Blood Pressure: 105.0 mmHg; Diastolic Blood Pressure: 84.0 mmHg. Immunizations: Pneumococcal conjugate PCV 13; Influenza seasonal injectable preservative free; Td (adult) preservative free.",1
017fbe13-6be4-4859-b127-054dff7d90e4,"Demographics: born 1910-11-27, gender F, race white, ethnicity portuguese.",0
885c1c85-eef7-491e-982e-be5aec590e40,"Demographics: born 1977-01-18, gender M, race asian, ethnicity asian_indian. Encounters: Outpatient Encounter; Encounter for symptom. Medications: Penicillin V Potassium 250 MG. Procedures: Documentation of current medications. Observations: Body Height: 181.07 cm; Body Weight: 95.39 kg; Body Mass Index: 29.09 kg/m2; Systolic Blood Pressure: 125.0 mmHg; Diastolic Blood Pressure: 88.0 mmHg; Total Cholesterol: 162.0 mg/dL; Triglycerides: 138.0 mg/dL; Low Density Lipoprotein Cholesterol: 69.0 mg/dL; High Density Lipoprotein Cholesterol: 65.0 mg/dL; Body Weight: 98.95 kg; Body Mass Index: 30.18 kg/m2; Systolic Blood Pressure: 119.0 mmHg; Diastolic Blood Pressure: 89.0 mmHg; Body Weight: 106.13 kg; Body Mass Index: 32.37 kg/m2; Systolic Blood Pressure: 133.0 mmHg; Total Cholesterol: 173.0 mg/dL; Triglycerides: 127.0 mg/dL; Low Density Lipoprotein Cholesterol: 75.0 mg/dL; High Density Lipoprotein Cholesterol: 72.0 mg/dL. Immunizations: Influenza seasonal injectable preservative free; Td (adult) preservative free.",0
25a8c8c4-5432-4198-ace1-3803913aad77,"Demographics: born 1973-01-24, gender M, race asian, ethnicity asian_indian. Encounters: Outpatient Encounter. Medications: Penicillin V Potassium 250 MG. Procedures: Documentation of current medications. Observations: Hemoglobin A1c/Hemoglobin.total in Blood: 6.0 %; Body Height: 174.88 cm; Body Weight: 90.81 kg; Body Mass Index: 29.69 kg/m2; Systolic Blood Pressure: 108.0 mmHg; Diastolic Blood Pressure: 87.0 mmHg; Glucose: 70.0 mg/dL; Urea Nitrogen: 17.0 mg/dL; Creatinine: 1.0 mg/dL; Calcium: 9.39 mg/dL; Sodium: 142.0 mmol/L; Potassium: 4.15 mmol/L; Chloride: 108.0 mmol/L; Carbon Dioxide: 28.0 mmol/L; Total Cholesterol: 195.0 mg/dL; Triglycerides: 144.0 mg/dL; Low Density Lipoprotein Cholesterol: 86.0 mg/dL; High Density Lipoprotein Cholesterol: 80.0 mg/dL; Hemoglobin A1c/Hemoglobin.total in Blood: 6.4 %; Body Weight: 94.5 kg; Body Mass Index: 30.9 kg/m2; Systolic Blood Pressure: 134.0 mmHg; Diastolic Blood Pressure: 72.0 mmHg; Glucose: 66.0 mg/dL; Urea Nitrogen: 15.0 mg/dL; Calcium: 8.76 mg/dL; Sodium: 141.0 mmol/L; Potassium: 5.08 mmol/L; Chloride: 104.0 mmol/L; Carbon Dioxide: 21.0 mmol/L. Immunizations: Influenza seasonal injectable preservative free; Td (adult) preservative free.",0
0d767a75-212b-4194-91a1-481708da8bc3,"Demographics: born 1992-10-29, gender F, race hispanic, ethnicity puerto_rican. Encounters: Outpatient Encounter; Encounter for symptom. Medications: Natazia 28 Day Pack; Dextromethorphan Hydrobromide 1 MG/ML. Procedures: Documentation of current medications. Observations: Body Height: 160.97 cm; Body Weight: 55.44 kg; Body Mass Index: 21.39 kg/m2; Systolic Blood Pressure: 119.0 mmHg; Diastolic Blood Pressure: 85.0 mmHg; Body Height: 161.11 cm; Body Weight: 56.32 kg; Body Mass Index: 21.7 kg/m2; Systolic Blood Pressure: 117.0 mmHg; Diastolic Blood Pressure: 75.0 mmHg; Body Height: 161.2 cm; Body Weight: 57.34 kg; Body Mass Index: 22.06 kg/m2; Systolic Blood Pressure: 125.0 mmHg; Diastolic Blood Pressure: 74.0 mmHg; Body Height: 161.25 cm; Body Weight: 59.59 kg; Body Mass Index: 22.92 kg/m2; Systolic Blood Pressure: 103.0 mmHg; Diastolic Blood Pressure: 87.0 mmHg; Body Weight: 63.02 kg; Body Mass Index: 24.24 kg/m2; Systolic Blood Pressure: 139.0 mmHg; Diastolic Blood Pressure: 89.0 mmHg. Immunizations: Influenza seasonal injectable preservative free; Td (adult) preservative free.",0
0cc94360-dd6e-4d54-a39b-f42f2f257d88,"Demographics: born 1998-10-18, gender M, race hispanic, ethnicity puerto_rican. Encounters: Outpatient Encounter; Encounter for symptom. Procedures: Documentation of current medications. Observations: Body Height: 141.04 cm; Body Weight: 44.5 kg; Body Mass Index: 22.37 kg/m2; Systolic Blood Pressure: 101.0 mmHg; Diastolic Blood Pressure: 79.0 mmHg; Body Height: 148.34 cm; Body Weight: 50.52 kg; Body Mass Index: 22.96 kg/m2; Systolic Blood Pressure: 130.0 mmHg; Diastolic Blood Pressure: 72.0 mmHg; Oral temperature: 37.0 Cel; Body Height: 156.04 cm; Body Weight: 56.65 kg; Body Mass Index: 23.27 kg/m2; Diastolic Blood Pressure: 78.0 mmHg; Body Height: 160.33 cm; Body Weight: 60.64 kg; Body Mass Index: 23.59 kg/m2; Systolic Blood Pressure: 109.0 mmHg; Diastolic Blood Pressure: 89.0 mmHg; Body Height: 164.1 cm; Body Weight: 65.27 kg; Body Mass Index: 24.24 kg/m2; Systolic Blood Pressure: 135.0 mmHg; Body Height: 166.11 cm; Body Weight: 68.87 kg; Body Mass Index: 24.96 kg/m2; Systolic Blood Pressure: 123.0 mmHg; Diastolic Blood Pressure: 84.0 mmHg; Body Height: 167.11 cm; Body Weight: 71.45 kg; Body Mass Index: 25.59 kg/m2; Systolic Blood Pressure: 175.0 mmHg; Diastolic Blood Pressure: 102.0 mmHg; Estimated Glomerular Filtration Rate: 60.0 mL/min/{1.73_m2}. Immunizations: Influenza seasonal injectable preservative free; HPV quadrivalent; meningococcal MCV4P.",0
181caad5-8e35-4d0b-aca9-936d8e3c45fa,"Demographics: born 1984-02-23, gender M, race white, ethnicity swedish. Encounters: Outpatient Encounter; Encounter for symptom; Emergency room admission. Medications: Penicillin V Potassium 250 MG; Ibuprofen 200 MG Oral Tablet. Procedures: Documentation of current medications; Suture open wound. Observations: Body Height: 176.82 cm; Body Weight: 117.27 kg; Body Mass Index: 37.51 kg/m2; Systolic Blood Pressure: 134.0 mmHg; Diastolic Blood Pressure: 82.0 mmHg; Body Weight: 120.56 kg; Body Mass Index: 38.56 kg/m2; Systolic Blood Pressure: 117.0 mmHg; Diastolic Blood Pressure: 88.0 mmHg; Total Cholesterol: 180.0 mg/dL; Triglycerides: 119.0 mg/dL; Low Density Lipoprotein Cholesterol: 81.0 mg/dL; High Density Lipoprotein Cholesterol: 75.0 mg/dL. Immunizations: Influenza seasonal injectable preservative free; Td (adult) preservative free.",0
821062f0-c2e7-4c9a-8fb8-92ee3bd3d9f0,"Demographics: born 1964-06-24, gender M, race white, ethnicity english. Encounters: Emergency hospital admission for asthma; Asthma follow-up; Outpatient Encounter; Encounter for symptom; Encounter for 'check-up'; Emergency room admission. Medications: 120 ACTUAT Fluticasone propionate 0.044 MG/ACTUAT Metered Dose Inhaler; 200 ACTUAT Albuterol 0.09 MG/ACTUAT Metered Dose Inhaler; Acetaminophen 160 MG; Penicillin V Potassium 500 MG. Procedures: Plain chest X-ray (procedure); Throat culture (procedure); Colonoscopy; Nasal sinus endoscopy (procedure); Documentation of current medications. Observations: Body Height: 171.43 cm; Body Weight: 107.74 kg; Body Mass Index: 36.66 kg/m2; Systolic Blood Pressure: 113.0 mmHg; Diastolic Blood Pressure: 77.0 mmHg; Oral temperature: 37.51 Cel; Body Weight: 110.18 kg; Body Mass Index: 37.49 kg/m2; Systolic Blood Pressure: 104.0 mmHg; Diastolic Blood Pressure: 71.0 mmHg; Total Cholesterol: 174.0 mg/dL; Triglycerides: 146.0 mg/dL; Low Density Lipoprotein Cholesterol: 75.0 mg/dL; High Density Lipoprotein Cholesterol: 69.0 mg/dL; Body Weight: 111.56 kg; Body Mass Index: 37.96 kg/m2; Systolic Blood Pressure: 112.0 mmHg; Diastolic Blood Pressure: 79.0 mmHg; Systolic Blood Pressure: 134.0 mmHg; Diastolic Blood Pressure: 74.0 mmHg; Total Cholesterol: 189.0 mg/dL; Triglycerides: 150.0 mg/dL; Low Density Lipoprotein Cholesterol: 81.0 mg/dL; High Density Lipoprotein Cholesterol: 78.0 mg/dL; Systolic Blood Pressure: 106.0 mmHg; Diastolic Blood Pressure: 70.0 mmHg. Immunizations: Influenza seasonal injectable preservative free; Td (adult) preservative free.",0
97c46c39-8a12-4c91-9b25-69eb17918fa5,"Demographics: born 2013-05-14, gender M, race white, ethnicity english. Encounters: Outpatient Encounter; Encounter for symptom. Medications: Amoxicillin 200 MG Oral Tablet; Ibuprofen 100 MG Oral Tablet. Procedures: Documentation of current medications. Observations: Body Height: 54.33 cm; Body Weight: 2.8 kg; Systolic Blood Pressure: 103.0 mmHg; Diastolic Blood Pressure: 78.0 mmHg; Body Height: 58.24 cm; Body Weight: 3.61 kg; Systolic Blood Pressure: 105.0 mmHg; Diastolic Blood Pressure: 86.0 mmHg; Body Height: 63.71 cm; Body Weight: 4.99 kg; Diastolic Blood Pressure: 77.0 mmHg; Body Height: 67.81 cm; Body Weight: 6.1 kg; Systolic Blood Pressure: 119.0 mmHg; Diastolic Blood Pressure: 73.0 mmHg; Body Height: 74.15 cm; Body Weight: 7.7 kg; Systolic Blood Pressure: 102.0 mmHg; Diastolic Blood Pressure: 88.0 mmHg; Body Height: 78.02 cm; Body Weight: 8.53 kg; Systolic Blood Pressure: 127.0 mmHg; Diastolic Blood Pressure: 81.0 mmHg; Body Height: 81.42 cm; Body Weight: 9.16 kg; Systolic Blood Pressure: 130.0 mmHg; Body Height: 84.48 cm; Body Weight: 9.66 kg; Systolic Blood Pressure: 126.0 mmHg; Diastolic Blood Pressure: 87.0 mmHg; Body Height: 89.08 cm; Body Weight: 10.44 kg; Body Mass Index: 13.16 kg/m2; Systolic Blood Pressure: 106.0 mmHg; Body Height: 93.0 cm; Body Weight: 11.01 kg; Body Mass Index: 12.74 kg/m2; Systolic Blood Pressure: 110.0 mmHg; Diastolic Blood Pressure: 70.0 mmHg; Body Height: 97.12 cm. Immunizations: Hep B adolescent or pediatric; rotavirus monovalent; DTaP; Hib (PRP-OMP); Pneumococcal conjugate PCV 13; IPV; Influenza seasonal injectable preservative free; MMR; varicella; Hep A ped/adol 2 dose.",0
1e514a1a-9d92-413f-b2bd-fa388f9ea58e,"Demographics: born 1975-09-03, gender F, race white, ethnicity irish. Encounters: Consultation for treatment; Outpatient Encounter. Medications: Camila 28 Day Pack; Jolivette 28 Day Pack. Procedures: Documentation of current medications. Observations: Body Height: 166.33 cm; Body Weight: 71.93 kg; Body Mass Index: 26.0 kg/m2; Systolic Blood Pressure: 117.0 mmHg; Diastolic Blood Pressure: 73.0 mmHg; Total Cholesterol: 171.0 mg/dL; Triglycerides: 123.0 mg/dL; Low Density Lipoprotein Cholesterol: 67.0 mg/dL; High Density Lipoprotein Cholesterol: 79.0 mg/dL; Body Weight: 76.09 kg; Body Mass Index: 27.5 kg/m2; Systolic Blood Pressure: 119.0 mmHg; Diastolic Blood Pressure: 71.0 mmHg; Total Cholesterol: 188.0 mg/dL; Triglycerides: 107.0 mg/dL; Low Density Lipoprotein Cholesterol: 102.0 mg/dL; High Density Lipoprotein Cholesterol: 64.0 mg/dL. Immunizations: Influenza seasonal injectable preservative free.",0
42e778b3-215f-44ec-a259-82911f947b54,"Demographics: born 1957-07-31, gender F, race asian, ethnicity chinese. Encounters: Outpatient Encounter; Encounter for symptom. Medications: Penicillin V Potassium 250 MG; Acetaminophen 160 MG. Procedures: Measurement of respiratory function (procedure); Documentation of current medications. Observations: Hemoglobin A1c/Hemoglobin.total in Blood: 6.3 %; Body Height: 170.04 cm; Body Weight: 89.64 kg; Body Mass Index: 31.0 kg/m2; Systolic Blood Pressure: 140.0 mmHg; Diastolic Blood Pressure: 106.0 mmHg; Glucose: 69.0 mg/dL; Urea Nitrogen: 11.0 mg/dL; Creatinine: 1.0 mg/dL; Calcium: 8.67 mg/dL; Sodium: 141.0 mmol/L; Potassium: 4.5 mmol/L; Chloride: 107.0 mmol/L; Carbon Dioxide: 24.0 mmol/L; Estimated Glomerular Filtration Rate: 60.0 mL/min/{1.73_m2}; Hemoglobin A1c/Hemoglobin.total in Blood: 6.1 %; Systolic Blood Pressure: 177.0 mmHg; Diastolic Blood Pressure: 107.0 mmHg; Glucose: 97.0 mg/dL; Urea Nitrogen: 16.0 mg/dL; Calcium: 9.33 mg/dL; Sodium: 142.0 mmol/L; Potassium: 3.76 mmol/L; Carbon Dioxide: 20.0 mmol/L; Oral temperature: 38.0 Cel; Systolic Blood Pressure: 154.0 mmHg; Diastolic Blood Pressure: 115.0 mmHg; Glucose: 82.0 mg/dL; Urea Nitrogen: 10.0 mg/dL; Calcium: 8.6 mg/dL; Potassium: 3.7 mmol/L; Chloride: 103.0 mmol/L; Carbon Dioxide: 22.0 mmol/L; Systolic Blood Pressure: 148.0 mmHg; Diastolic Blood Pressure: 104.0 mmHg; Glucose: 74.0 mg/dL; Calcium: 9.01 mg/dL; Sodium: 137.0 mmol/L; Potassium: 4.55 mmol/L; Chloride: 110.0 mmol/L. Immunizations: Influenza seasonal injectable preservative free.",0
590f6a5a-7ce0-4fd7-9d1e-8e8a16133b52,"Demographics: born 1947-02-23, gender F, race black, ethnicity african. Encounters: Asthma follow-up; Outpatient Encounter; Emergency hospital admission for asthma; Encounter for 'check-up'. Medications: 120 ACTUAT Fluticasone propionate 0.044 MG/ACTUAT Metered Dose Inhaler; 200 ACTUAT Albuterol 0.09 MG/ACTUAT Metered Dose Inhaler; Penicillin V Potassium 250 MG; 24 HR Metformin hydrochloride 500 MG Extended Release Oral Tablet; 3 ML liraglutide 6 MG/ML Pen Injector; canagliflozin 100 MG Oral Tablet. Procedures: Documentation of current medications; Colonoscopy. Observations: Hemoglobin A1c/Hemoglobin.total in Blood: 9.5 %; Body Height: 159.61 cm; Body Weight: 129.25 kg; Body Mass Index: 50.73 kg/m2; Systolic Blood Pressure: 116.0 mmHg; Diastolic Blood Pressure: 88.0 mmHg; Glucose: 190.0 mg/dL; Urea Nitrogen: 12.0 mg/dL; Creatinine: 1.0 mg/dL; Calcium: 8.52 mg/dL; Sodium: 137.0 mmol/L; Potassium: 4.45 mmol/L; Chloride: 106.0 mmol/L; Carbon Dioxide: 21.0 mmol/L; Total Cholesterol: 286.0 mg/dL; Triglycerides: 563.0 mg/dL; Low Density Lipoprotein Cholesterol: 171.0 mg/dL; High Density Lipoprotein Cholesterol: 2.0 mg/dL; Microalbumin Creatine Ratio: 10.0 mg/g; Estimated Glomerular Filtration Rate: 60.0 mL/min/{1.73_m2}; Hemoglobin A1c/Hemoglobin.total in Blood: 10.0 %; Body Weight: 127.97 kg; Body Mass Index: 50.23 kg/m2; Systolic Blood Pressure: 110.0 mmHg; Diastolic Blood Pressure: 76.0 mmHg; Glucose: 165.0 mg/dL; Urea Nitrogen: 19.0 mg/dL; Calcium: 9.31 mg/dL; Sodium: 141.0 mmol/L; Potassium: 5.12 mmol/L; Carbon Dioxide: 25.0 mmol/L; Total Cholesterol: 275.0 mg/dL; Triglycerides: 550.0 mg/dL; Low Density Lipoprotein Cholesterol: 147.0 mg/dL; High Density Lipoprotein Cholesterol: 18.0 mg/dL; Microalbumin Creatine Ratio: 11.0 mg/g; Body Weight: 126.94 kg; Body Mass Index: 49.83 kg/m2; Systolic Blood Pressure: 108.0 mmHg; Diastolic Blood Pressure: 70.0 mmHg. Immunizations: Influenza seasonal injectable preservative free; Pneumococcal conjugate PCV 13; pneumococcal polysaccharide vaccine 23 valent.",1
65d06518-6cbe-4023-b71b-380c73d5983c,"Demographics: born 1990-05-06, gender M, race white, ethnicity french. Encounters: Outpatient Encounter; Emergency room admission. Medications: Naproxen sodium 220 MG Oral Tablet. Procedures: Documentation of current medications; Suture open wound. Observations: Body Height: 180.97 cm; Body Weight: 92.23 kg; Body Mass Index: 28.16 kg/m2; Systolic Blood Pressure: 127.0 mmHg; Diastolic Blood Pressure: 87.0 mmHg; Body Weight: 96.45 kg; Body Mass Index: 29.45 kg/m2; Systolic Blood Pressure: 116.0 mmHg; Diastolic Blood Pressure: 85.0 mmHg; Body Weight: 99.22 kg; Body Mass Index: 30.3 kg/m2; Systolic Blood Pressure: 124.0 mmHg; Diastolic Blood Pressure: 84.0 mmHg. Immunizations: Influenza seasonal injectable preservative free; Td (adult) preservative free.",0
c20f50ec-447a-4f13-89f6-59019b154f90,"Demographics: born 1969-01-18, gender M, race hispanic, ethnicity puerto_rican. Encounters: Outpatient Encounter; Encounter for symptom. Medications: Penicillin V Potassium 250 MG; 24 HR Metformin hydrochloride 500 MG Extended Release Oral Tablet; 3 ML liraglutide 6 MG/ML Pen Injector. Observations: Hemoglobin A1c/Hemoglobin.total in Blood: 6.2 %; Body Height: 190.18 cm; Body Weight: 135.39 kg; Body Mass Index: 37.43 kg/m2; Systolic Blood Pressure: 139.0 mmHg; Diastolic Blood Pressure: 84.0 mmHg; Glucose: 81.0 mg/dL; Urea Nitrogen: 8.0 mg/dL; Creatinine: 1.0 mg/dL; Calcium: 9.55 mg/dL; Sodium: 142.0 mmol/L; Potassium: 4.28 mmol/L; Chloride: 105.0 mmol/L; Carbon Dioxide: 25.0 mmol/L; Total Cholesterol: 167.0 mg/dL; Triglycerides: 138.0 mg/dL; Low Density Lipoprotein Cholesterol: 71.0 mg/dL; High Density Lipoprotein Cholesterol: 68.0 mg/dL; Hemoglobin A1c/Hemoglobin.total in Blood: 6.0 %; Body Weight: 138.59 kg; Body Mass Index: 38.32 kg/m2; Systolic Blood Pressure: 124.0 mmHg; Diastolic Blood Pressure: 75.0 mmHg; Urea Nitrogen: 9.0 mg/dL; Calcium: 9.58 mg/dL; Sodium: 137.0 mmol/L; Potassium: 4.22 mmol/L; Chloride: 111.0 mmol/L; Carbon Dioxide: 24.0 mmol/L; Hemoglobin A1c/Hemoglobin.total in Blood: 6.4 %; Body Weight: 141.73 kg; Body Mass Index: 39.18 kg/m2; Systolic Blood Pressure: 138.0 mmHg; Diastolic Blood Pressure: 83.0 mmHg; Glucose: 92.0 mg/dL; Urea Nitrogen: 16.0 mg/dL; Calcium: 9.27 mg/dL; Sodium: 138.0 mmol/L; Potassium: 3.75 mmol/L; Carbon Dioxide: 26.0 mmol/L. Immunizations: Influenza seasonal injectable preservative free; Td (adult) preservative free.",1
5d799ee9-b1ef-4a85-9014-30a7ff2556be,"Demographics: born 1926-12-24, gender F, race white, ethnicity french_canadian. Encounters: Outpatient Encounter; Office Visit. Medications: 24 HR Metformin hydrochloride 500 MG Extended Release Oral Tablet; Nitroglycerin 0.4 MG/ACTUAT [Nitrolingual]; Simvastatin 20 MG Oral Tablet; Amlodipine 5 MG Oral Tablet; Clopidogrel 75 MG Oral Tablet; Galantamine 4 MG [Razadyne]; Memantine hydrochloride 2 MG/ML [Namenda]. Procedures: Documentation of current medications. Observations: Hemoglobin A1c/Hemoglobin.total in Blood: 5.1 %; Body Height: 163.57 cm; Body Weight: 69.13 kg; Body Mass Index: 25.84 kg/m2; Systolic Blood Pressure: 180.0 mmHg; Diastolic Blood Pressure: 106.0 mmHg; Glucose: 64.0 mg/dL; Urea Nitrogen: 13.0 mg/dL; Creatinine: 1.0 mg/dL; Calcium: 9.21 mg/dL; Sodium: 143.0 mmol/L; Potassium: 4.92 mmol/L; Chloride: 101.0 mmol/L; Carbon Dioxide: 28.0 mmol/L; Total Cholesterol: 186.0 mg/dL; Triglycerides: 140.0 mg/dL; Low Density Lipoprotein Cholesterol: 91.0 mg/dL; High Density Lipoprotein Cholesterol: 67.0 mg/dL; Microalbumin Creatine Ratio: 9.0 mg/g; Estimated Glomerular Filtration Rate: 60.0 mL/min/{1.73_m2}; Total score [MMSE]: 0.0 (score); Body Weight: 68.06 kg; Body Mass Index: 25.44 kg/m2; Systolic Blood Pressure: 143.0 mmHg; Diastolic Blood Pressure: 104.0 mmHg; Glucose: 98.0 mg/dL; Urea Nitrogen: 15.0 mg/dL; Calcium: 9.55 mg/dL; Sodium: 140.0 mmol/L; Potassium: 4.1 mmol/L; Chloride: 108.0 mmol/L; Carbon Dioxide: 20.0 mmol/L; Total Cholesterol: 161.0 mg/dL; Triglycerides: 136.0 mg/dL; Low Density Lipoprotein Cholesterol: 71.0 mg/dL; High Density Lipoprotein Cholesterol: 62.0 mg/dL; Microalbumin Creatine Ratio: 3.0 mg/g. Allergies: Allergy to wheat. Immunizations: Influenza seasonal injectable preservative free.",1
2bd77ff3-66f6-4801-be99-823785d31562,"Demographics: born 1942-11-08, gender M, race black, ethnicity dominican. Encounters: Outpatient Encounter; Encounter for 'check-up'; Encounter for symptom. Medications: Penicillin V Potassium 250 MG; Clopidogrel 75 MG Oral Tablet; Simvastatin 20 MG Oral Tablet; Amlodipine 5 MG Oral Tablet; Nitroglycerin 0.4 MG/ACTUAT [Nitrolingual]. Procedures: Documentation of current medications; Colonoscopy. Observations: Hemoglobin A1c/Hemoglobin.total in Blood: 6.2 %; Body Height: 183.19 cm; Body Weight: 96.51 kg; Body Mass Index: 28.76 kg/m2; Systolic Blood Pressure: 111.0 mmHg; Diastolic Blood Pressure: 83.0 mmHg; Glucose: 65.0 mg/dL; Urea Nitrogen: 15.0 mg/dL; Creatinine: 1.0 mg/dL; Calcium: 9.02 mg/dL; Sodium: 139.0 mmol/L; Potassium: 3.78 mmol/L; Chloride: 104.0 mmol/L; Carbon Dioxide: 20.0 mmol/L; Body Weight: 95.33 kg; Body Mass Index: 28.41 kg/m2; Systolic Blood Pressure: 106.0 mmHg; Diastolic Blood Pressure: 82.0 mmHg; Glucose: 98.0 mg/dL; Urea Nitrogen: 7.0 mg/dL; Calcium: 9.52 mg/dL; Sodium: 144.0 mmol/L; Potassium: 4.77 mmol/L; Chloride: 101.0 mmol/L; Carbon Dioxide: 27.0 mmol/L; Total Cholesterol: 161.0 mg/dL; Triglycerides: 136.0 mg/dL; Low Density Lipoprotein Cholesterol: 74.0 mg/dL; High Density Lipoprotein Cholesterol: 59.0 mg/dL; Hemoglobin A1c/Hemoglobin.total in Blood: 6.4 %; Body Weight: 92.7 kg; Body Mass Index: 27.62 kg/m2; Systolic Blood Pressure: 132.0 mmHg; Diastolic Blood Pressure: 78.0 mmHg; Glucose: 94.0 mg/dL; Urea Nitrogen: 17.0 mg/dL; Calcium: 8.67 mg/dL; Potassium: 3.93 mmol/L; Chloride: 103.0 mmol/L; Carbon Dioxide: 26.0 mmol/L. Immunizations: Pneumococcal conjugate PCV 13; Influenza seasonal injectable preservative free; Td (adult) preservative free.",0
09bc384f-abd7-46c3-8983-6bb31661679f,"Demographics: born 1963-07-09, gender M, race black, ethnicity dominican. Encounters: Outpatient Encounter; Asthma follow-up; Emergency hospital admission for asthma; Encounter for symptom; Emergency room admission. Medications: Penicillin V Potassium 250 MG; Chlorpheniramine 2 MG Chewable Tablet; 120 ACTUAT Fluticasone propionate 0.044 MG/ACTUAT Metered Dose Inhaler; 200 ACTUAT Albuterol 0.09 MG/ACTUAT Metered Dose Inhaler; 24 HR Metformin hydrochloride 500 MG Extended Release Oral Tablet; Acetaminophen 325 MG Oral Tablet. Procedures: Documentation of current medications; Suture open wound. Observations: Hemoglobin A1c/Hemoglobin.total in Blood: 7.3 %; Body Height: 179.68 cm; Body Weight: 113.81 kg; Body Mass Index: 35.25 kg/m2; Systolic Blood Pressure: 169.0 mmHg; Diastolic Blood Pressure: 100.0 mmHg; Glucose: 101.0 mg/dL; Urea Nitrogen: 18.0 mg/dL; Creatinine: 1.0 mg/dL; Calcium: 8.67 mg/dL; Sodium: 139.0 mmol/L; Potassium: 4.17 mmol/L; Chloride: 108.0 mmol/L; Carbon Dioxide: 28.0 mmol/L; Total Cholesterol: 238.0 mg/dL; Triglycerides: 180.0 mg/dL; Low Density Lipoprotein Cholesterol: 157.0 mg/dL; High Density Lipoprotein Cholesterol: 45.0 mg/dL; Microalbumin Creatine Ratio: 14.0 mg/g; Estimated Glomerular Filtration Rate: 60.0 mL/min/{1.73_m2}; Hemoglobin A1c/Hemoglobin.total in Blood: 7.6 %; Body Weight: 117.03 kg; Body Mass Index: 36.25 kg/m2; Systolic Blood Pressure: 168.0 mmHg; Diastolic Blood Pressure: 97.0 mmHg; Glucose: 121.0 mg/dL; Urea Nitrogen: 20.0 mg/dL; Calcium: 9.98 mg/dL; Sodium: 144.0 mmol/L; Potassium: 4.83 mmol/L; Chloride: 110.0 mmol/L; Carbon Dioxide: 21.0 mmol/L; Total Cholesterol: 225.0 mg/dL; Triglycerides: 183.0 mg/dL; Low Density Lipoprotein Cholesterol: 139.0 mg/dL; High Density Lipoprotein Cholesterol: 49.0 mg/dL; Microalbumin Creatine Ratio: 13.0 mg/g; Systolic Blood Pressure: 153.0 mmHg; Diastolic Blood Pressure: 99.0 mmHg; Glucose: 145.0 mg/dL. Allergies: Allergy to fish; Allergy to dairy product; Dander (animal) allergy. Immunizations: Influenza seasonal injectable preservative free; Td (adult) preservative free.",1
947a9128-0cbd-4f67-9669-c4931faff0e4,"Demographics: born 1935-01-04, gender M, race white, ethnicity german. Encounters: Death Certification. Medications: Nitroglycerin 0.4 MG/ACTUAT [Nitrolingual]; Fluticasone propionate 0.25 MG/ACTUAT / salmeterol 0.05 MG/ACTUAT [Advair]. Observations: Cardiac Arrest.",1
f9d9974f-99d0-4e4f-aa4c-1325c03901f8,"Demographics: born 2009-04-01, gender M, race hispanic, ethnicity mexican. Encounters: Outpatient Encounter; Emergency room admission; Encounter for symptom. Medications: Ibuprofen 100 MG Oral Tablet; Penicillin V Potassium 250 MG. Procedures: Documentation of current medications; Suture open wound. Observations: Body Height: 80.24 cm; Body Weight: 9.68 kg; Systolic Blood Pressure: 126.0 mmHg; Diastolic Blood Pressure: 71.0 mmHg; Body Height: 83.26 cm; Body Weight: 10.2 kg; Systolic Blood Pressure: 101.0 mmHg; Diastolic Blood Pressure: 75.0 mmHg; Body Height: 87.77 cm; Body Weight: 11.02 kg; Body Mass Index: 14.31 kg/m2; Systolic Blood Pressure: 115.0 mmHg; Diastolic Blood Pressure: 79.0 mmHg; Body Height: 93.01 cm; Body Weight: 11.85 kg; Body Mass Index: 13.7 kg/m2; Diastolic Blood Pressure: 84.0 mmHg; Body Height: 96.93 cm; Body Weight: 12.57 kg; Body Mass Index: 13.38 kg/m2; Systolic Blood Pressure: 106.0 mmHg; Body Height: 104.19 cm; Body Weight: 14.15 kg; Body Mass Index: 13.03 kg/m2; Systolic Blood Pressure: 108.0 mmHg; Diastolic Blood Pressure: 76.0 mmHg; Body Height: 112.04 cm; Body Weight: 16.15 kg; Body Mass Index: 12.86 kg/m2; Systolic Blood Pressure: 134.0 mmHg; Body Height: 119.15 cm; Body Weight: 18.1 kg; Body Mass Index: 12.75 kg/m2; Systolic Blood Pressure: 127.0 mmHg; Diastolic Blood Pressure: 78.0 mmHg; Body Height: 125.55 cm; Body Weight: 20.02 kg; Body Mass Index: 12.7 kg/m2; Systolic Blood Pressure: 121.0 mmHg; Diastolic Blood Pressure: 73.0 mmHg. Immunizations: DTaP; Pneumococcal conjugate PCV 13; Influenza seasonal injectable preservative free; Hep A ped/adol 2 dose; IPV; MMR; varicella.",0
c386e02c-e7ec-4359-bd29-c2841c940c15,"Demographics: born 1963-03-11, gender M, race white, ethnicity french_canadian. Encounters: Outpatient Encounter; Encounter for 'check-up'; Encounter for symptom. Medications: 24 HR Metformin hydrochloride 500 MG Extended Release Oral Tablet; Acetaminophen 160 MG. Procedures: Documentation of current medications; Colonoscopy; Sputum examination (procedure). Observations: Hemoglobin A1c/Hemoglobin.total in Blood: 7.8 %; Body Height: 172.14 cm; Body Weight: 110.07 kg; Body Mass Index: 37.15 kg/m2; Systolic Blood Pressure: 187.0 mmHg; Diastolic Blood Pressure: 116.0 mmHg; Glucose: 112.0 mg/dL; Urea Nitrogen: 14.0 mg/dL; Creatinine: 1.0 mg/dL; Calcium: 9.06 mg/dL; Sodium: 142.0 mmol/L; Potassium: 3.97 mmol/L; Chloride: 105.0 mmol/L; Carbon Dioxide: 24.0 mmol/L; Total Cholesterol: 222.0 mg/dL; Triglycerides: 199.0 mg/dL; Low Density Lipoprotein Cholesterol: 125.0 mg/dL; High Density Lipoprotein Cholesterol: 57.0 mg/dL; Microalbumin Creatine Ratio: 15.0 mg/g; Estimated Glomerular Filtration Rate: 60.0 mL/min/{1.73_m2}; Systolic Blood Pressure: 190.0 mmHg; Diastolic Blood Pressure: 114.0 mmHg; Glucose: 137.0 mg/dL; Urea Nitrogen: 10.0 mg/dL; Calcium: 8.87 mg/dL; Sodium: 137.0 mmol/L; Potassium: 4.42 mmol/L; Chloride: 104.0 mmol/L; Carbon Dioxide: 20.0 mmol/L; Total Cholesterol: 239.0 mg/dL; Triglycerides: 470.0 mg/dL; Low Density Lipoprotein Cholesterol: 123.0 mg/dL; High Density Lipoprotein Cholesterol: 22.0 mg/dL; Microalbumin Creatine Ratio: 11.0 mg/g; Hemoglobin A1c/Hemoglobin.total in Blood: 8.0 %; Body Weight: 112.07 kg; Body Mass Index: 37.82 kg/m2; Systolic Blood Pressure: 140.0 mmHg; Glucose: 173.0 mg/dL; Calcium: 8.52 mg/dL. Immunizations: Influenza seasonal injectable preservative free; Td (adult) preservative free.",1
ee939721-efb4-4988-98d6-86d1192a338c,"Demographics: born 1997-06-21, gender M, race hispanic, ethnicity puerto_rican. Encounters: Outpatient Encounter; Domiciliary or rest home patient evaluation and management; Encounter for symptom. Medications: Acetaminophen 160 MG. Procedures: Documentation of current medications; Information gathering (procedure); Sputum examination (procedure). Observations: Body Height: 155.58 cm; Body Weight: 42.29 kg; Body Mass Index: 17.47 kg/m2; Systolic Blood Pressure: 119.0 mmHg; Diastolic Blood Pressure: 85.0 mmHg; Sexual orientation: heterosexual {nominal}; HIV status: not HIV positive {nominal}; Abuse Status [OMAHA]: No signs/symptoms {nominal}; Housing status: Patient is homeless {nominal}; Are you covered by health insurance or some other kind of health care plan [PhenX]: No {nominal}; History of Hospitalizations+​Outpatient visits: 9.0 {count}; Abuse Status [OMAHA]: Severe signs/symptoms {nominal}; History of Hospitalizations+​Outpatient visits: 5.0 {count}; Are you covered by health insurance or some other kind of health care plan [PhenX]: Yes {nominal}; History of Hospitalizations+​Outpatient visits: 8.0 {count}; History of Hospitalizations+​Outpatient visits: 1.0 {count}; History of Hospitalizations+​Outpatient visits: 6.0 {count}; Body Height: 163.95 cm; Body Weight: 47.84 kg; Body Mass Index: 17.8 kg/m2; Systolic Blood Pressure: 113.0 mmHg; Diastolic Blood Pressure: 87.0 mmHg; Body Height: 170.7 cm; Body Weight: 53.73 kg; Body Mass Index: 18.44 kg/m2; Systolic Blood Pressure: 139.0 mmHg; Diastolic Blood Pressure: 84.0 mmHg; Body Height: 173.63 cm; Body Weight: 57.78 kg; Body Mass Index: 19.17 kg/m2; Systolic Blood Pressure: 112.0 mmHg; Diastolic Blood Pressure: 88.0 mmHg; Body Height: 175.36 cm; Body Weight: 61.48 kg; Body Mass Index: 19.99 kg/m2; Systolic Blood Pressure: 102.0 mmHg; Diastolic Blood Pressure: 83.0 mmHg; Body Height: 176.11 cm; Body Weight: 63.87 kg; Body Mass Index: 20.59 kg/m2. Immunizations: Influenza seasonal injectable preservative free; HPV quadrivalent; meningococcal MCV4P.",0
29ea8393-d24b-43d3-8d78-e567371e5382,"Demographics: born 1949-09-02, gender M, race white, ethnicity portuguese. Encounters: Outpatient Encounter; Encounter for 'check-up'; Emergency Encounter. Medications: Clopidogrel 75 MG Oral Tablet; Alteplase 1 MG/ML Injectable Solution. Procedures: Documentation of current medications; Colonoscopy; Percutaneous mechanical thrombectomy of portal vein using fluoroscopic guidance. Observations: Body Height: 176.58 cm; Body Weight: 141.02 kg; Body Mass Index: 45.23 kg/m2; Systolic Blood Pressure: 115.0 mmHg; Diastolic Blood Pressure: 88.0 mmHg; Body Weight: 139.11 kg; Body Mass Index: 44.61 kg/m2; Systolic Blood Pressure: 101.0 mmHg; Diastolic Blood Pressure: 72.0 mmHg; Total Cholesterol: 165.0 mg/dL; Triglycerides: 106.0 mg/dL; Low Density Lipoprotein Cholesterol: 63.0 mg/dL; High Density Lipoprotein Cholesterol: 80.0 mg/dL; Body Weight: 137.27 kg; Body Mass Index: 44.02 kg/m2; Systolic Blood Pressure: 129.0 mmHg; Diastolic Blood Pressure: 81.0 mmHg; Body Weight: 136.01 kg; Body Mass Index: 43.62 kg/m2; Diastolic Blood Pressure: 73.0 mmHg; Body Weight: 134.27 kg; Body Mass Index: 43.06 kg/m2; Systolic Blood Pressure: 128.0 mmHg; Diastolic Blood Pressure: 71.0 mmHg; Body Weight: 132.59 kg; Body Mass Index: 42.52 kg/m2; Systolic Blood Pressure: 137.0 mmHg; Diastolic Blood Pressure: 70.0 mmHg; Total Cholesterol: 171.0 mg/dL; Triglycerides: 113.0 mg/dL; Low Density Lipoprotein Cholesterol: 73.0 mg/dL; High Density Lipoprotein Cholesterol: 75.0 mg/dL; Body Weight: 131.52 kg; Body Mass Index: 42.18 kg/m2; Systolic Blood Pressure: 119.0 mmHg; Diastolic Blood Pressure: 74.0 mmHg; Body Weight: 130.02 kg; Body Mass Index: 41.7 kg/m2; Systolic Blood Pressure: 116.0 mmHg; Diastolic Blood Pressure: 86.0 mmHg. Immunizations: Influenza seasonal injectable preservative free; Td (adult) preservative free; Pneumococcal conjugate PCV 13; pneumococcal polysaccharide vaccine 23 valent.",0
528bbe88-f374-49c0-a84e-c915e54ef16a,"Demographics: born 1960-10-07, gender F, race white, ethnicity english. Encounters: Encounter for symptom; Encounter for 'check-up'; Emergency room admission; Outpatient Encounter; Encounter for problem. Medications: Acetaminophen 160 MG; Acetaminophen 325 MG Oral Tablet; Penicillin V Potassium 500 MG. Procedures: Measurement of respiratory function (procedure); Colonoscopy; Documentation of current medications; Throat culture (procedure). Observations: Body Height: 167.07 cm; Body Weight: 103.34 kg; Body Mass Index: 37.02 kg/m2; Systolic Blood Pressure: 114.0 mmHg; Diastolic Blood Pressure: 75.0 mmHg; Systolic Blood Pressure: 110.0 mmHg; Diastolic Blood Pressure: 73.0 mmHg; Total Cholesterol: 169.0 mg/dL; Triglycerides: 137.0 mg/dL; Low Density Lipoprotein Cholesterol: 72.0 mg/dL; High Density Lipoprotein Cholesterol: 69.0 mg/dL; Systolic Blood Pressure: 119.0 mmHg; Diastolic Blood Pressure: 78.0 mmHg; Diastolic Blood Pressure: 85.0 mmHg; Systolic Blood Pressure: 111.0 mmHg; Diastolic Blood Pressure: 87.0 mmHg; Total Cholesterol: 183.0 mg/dL; Triglycerides: 107.0 mg/dL; Low Density Lipoprotein Cholesterol: 90.0 mg/dL; High Density Lipoprotein Cholesterol: 71.0 mg/dL; Oral temperature: 38.46 Cel; Systolic Blood Pressure: 133.0 mmHg. Allergies: Shellfish allergy. Immunizations: Influenza seasonal injectable preservative free; Td (adult) preservative free.",0
1e9ca60a-d351-4fcb-8f32-f9a0d2edf867,"Demographics: born 1964-05-25, gender M, race white, ethnicity english. Encounters: Outpatient Encounter; Emergency room admission; Encounter for symptom. Medications: Penicillin V Potassium 250 MG; 24 HR Metformin hydrochloride 500 MG Extended Release Oral Tablet; insulin human isophane 70 UNT/ML / Regular Insulin Human 30 UNT/ML Injectable Suspension [Humulin]; Acetaminophen 325 MG Oral Tablet; Amoxicillin 250 MG / Clavulanate 125 MG [Augmentin]. Procedures: Documentation of current medications; Suture open wound; Injection of tetanus antitoxin. Observations: Hemoglobin A1c/Hemoglobin.total in Blood: 7.9 %; Body Height: 178.14 cm; Body Weight: 119.43 kg; Body Mass Index: 37.63 kg/m2; Systolic Blood Pressure: 139.0 mmHg; Diastolic Blood Pressure: 84.0 mmHg; Glucose: 198.0 mg/dL; Urea Nitrogen: 12.0 mg/dL; Creatinine: 1.0 mg/dL; Calcium: 10.12 mg/dL; Sodium: 141.0 mmol/L; Potassium: 4.21 mmol/L; Chloride: 104.0 mmol/L; Carbon Dioxide: 29.0 mmol/L; Total Cholesterol: 244.0 mg/dL; Triglycerides: 308.0 mg/dL; Low Density Lipoprotein Cholesterol: 158.0 mg/dL; High Density Lipoprotein Cholesterol: 24.0 mg/dL; Microalbumin Creatine Ratio: 2.0 mg/g; Estimated Glomerular Filtration Rate: 60.0 mL/min/{1.73_m2}; Hemoglobin A1c/Hemoglobin.total in Blood: 8.2 %; Body Weight: 123.02 kg; Body Mass Index: 38.77 kg/m2; Systolic Blood Pressure: 125.0 mmHg; Diastolic Blood Pressure: 72.0 mmHg; Glucose: 149.0 mg/dL; Urea Nitrogen: 15.0 mg/dL; Calcium: 9.54 mg/dL; Sodium: 136.0 mmol/L; Potassium: 4.93 mmol/L; Chloride: 102.0 mmol/L; Carbon Dioxide: 21.0 mmol/L; Total Cholesterol: 252.0 mg/dL; Triglycerides: 218.0 mg/dL; Low Density Lipoprotein Cholesterol: 173.0 mg/dL; High Density Lipoprotein Cholesterol: 35.0 mg/dL; Microalbumin Creatine Ratio: 27.0 mg/g; Hemoglobin A1c/Hemoglobin.total in Blood: 5.3 %; Body Weight: 124.8 kg; Body Mass Index: 39.33 kg/m2. Immunizations: Influenza seasonal injectable preservative free; Td (adult) preservative free.",1
e8133939-40c0-4ee6-88de-9be6be1bc189,"Demographics: born 1928-07-29, gender F, race black, ethnicity dominican. Encounters: Death Certification. Medications: Penicillin V Potassium 250 MG; 24 HR Metformin hydrochloride 500 MG Extended Release Oral Tablet; Penicillin V Potassium 500 MG. Observations: Stroke.",1
d54187d5-d9d8-4b6d-9881-63726c195618,"Demographics: born 2001-11-07, gender F, race white, ethnicity polish. Encounters: Outpatient Encounter; Emergency room admission; Encounter for 'check-up'; Encounter for symptom; Consultation for treatment. Medications: Naproxen sodium 220 MG Oral Tablet; Acetaminophen 160 MG; Natazia 28 Day Pack; Acetaminophen 325 MG Oral Tablet. Procedures: Documentation of current medications; Bone immobilization; Measurement of respiratory function (procedure); Suture open wound. Observations: Body Height: 134.5 cm; Body Weight: 34.59 kg; Body Mass Index: 19.12 kg/m2; Systolic Blood Pressure: 113.0 mmHg; Diastolic Blood Pressure: 70.0 mmHg; Body Height: 139.69 cm; Body Weight: 39.59 kg; Body Mass Index: 20.29 kg/m2; Systolic Blood Pressure: 114.0 mmHg; Diastolic Blood Pressure: 76.0 mmHg; Body Height: 146.44 cm; Body Weight: 45.45 kg; Body Mass Index: 21.19 kg/m2; Systolic Blood Pressure: 128.0 mmHg; Diastolic Blood Pressure: 83.0 mmHg; Body Height: 154.24 cm; Body Weight: 51.23 kg; Body Mass Index: 21.53 kg/m2; Systolic Blood Pressure: 101.0 mmHg; Diastolic Blood Pressure: 85.0 mmHg; Body Height: 159.2 cm; Body Weight: 55.57 kg; Body Mass Index: 21.93 kg/m2; Diastolic Blood Pressure: 82.0 mmHg; Body Height: 162.08 cm; Body Weight: 59.36 kg; Body Mass Index: 22.59 kg/m2; Diastolic Blood Pressure: 72.0 mmHg; Body Height: 163.53 cm; Body Weight: 62.32 kg; Body Mass Index: 23.3 kg/m2; Systolic Blood Pressure: 117.0 mmHg; Diastolic Blood Pressure: 79.0 mmHg. Immunizations: Influenza seasonal injectable preservative free; meningococcal MCV4P; Tdap; HPV quadrivalent.",0
8f24b008-bd56-442b-8bff-c856e38adb05,"Demographics: born 1946-09-29, gender F, race white, ethnicity portuguese. Encounters: Outpatient Encounter; Encounter for symptom; Encounter for 'check-up'. Medications: Penicillin V Potassium 250 MG; Naproxen sodium 220 MG [Aleve]; 24 HR Metformin hydrochloride 500 MG Extended Release Oral Tablet; insulin human isophane 70 UNT/ML / Regular Insulin Human 30 UNT/ML Injectable Suspension [Humulin]. Procedures: Documentation of current medications; Colonoscopy. Observations: Hemoglobin A1c/Hemoglobin.total in Blood: 4.5 %; Body Height: 168.15 cm; Body Weight: 101.57 kg; Body Mass Index: 35.92 kg/m2; Systolic Blood Pressure: 123.0 mmHg; Diastolic Blood Pressure: 88.0 mmHg; Glucose: 68.0 mg/dL; Urea Nitrogen: 11.0 mg/dL; Creatinine: 1.0 mg/dL; Calcium: 9.22 mg/dL; Sodium: 141.0 mmol/L; Potassium: 4.77 mmol/L; Chloride: 105.0 mmol/L; Carbon Dioxide: 29.0 mmol/L; Total Cholesterol: 185.0 mg/dL; Triglycerides: 104.0 mg/dL; Low Density Lipoprotein Cholesterol: 100.0 mg/dL; High Density Lipoprotein Cholesterol: 64.0 mg/dL; Microalbumin Creatine Ratio: 122.0 mg/g; Estimated Glomerular Filtration Rate: 60.0 mL/min/{1.73_m2}; Hemoglobin A1c/Hemoglobin.total in Blood: 4.3 %; Body Weight: 99.94 kg; Body Mass Index: 35.35 kg/m2; Systolic Blood Pressure: 138.0 mmHg; Diastolic Blood Pressure: 71.0 mmHg; Glucose: 81.0 mg/dL; Urea Nitrogen: 19.0 mg/dL; Calcium: 9.39 mg/dL; Sodium: 137.0 mmol/L; Potassium: 5.01 mmol/L; Chloride: 111.0 mmol/L; Total Cholesterol: 198.0 mg/dL; Triglycerides: 150.0 mg/dL; Low Density Lipoprotein Cholesterol: 107.0 mg/dL; High Density Lipoprotein Cholesterol: 61.0 mg/dL; Microalbumin Creatine Ratio: 150.0 mg/g; Oral temperature: 38.0 Cel; Hemoglobin A1c/Hemoglobin.total in Blood: 4.2 %; Body Weight: 98.48 kg; Body Mass Index: 34.83 kg/m2. Immunizations: Influenza seasonal injectable preservative free; Pneumococcal conjugate PCV 13; pneumococcal polysaccharide vaccine 23 valent.",1
be5e692d-42fe-4857-8aaf-1e7f37e3944c,"Demographics: born 1918-09-07, gender F, race white, ethnicity irish.",0
d4f7ab28-eb95-4158-b5d2-685e7d29cef1,"Demographics: born 1966-06-20, gender F, race white, ethnicity polish. Encounters: Encounter for symptom; Outpatient Encounter; Encounter for 'check-up'. Procedures: Documentation of current medications; Colonoscopy. Observations: Oral temperature: 37.0 Cel; Body Height: 156.23 cm; Body Weight: 94.08 kg; Body Mass Index: 38.55 kg/m2; Systolic Blood Pressure: 197.0 mmHg; Diastolic Blood Pressure: 109.0 mmHg; Total Cholesterol: 184.0 mg/dL; Triglycerides: 100.0 mg/dL; Low Density Lipoprotein Cholesterol: 88.0 mg/dL; High Density Lipoprotein Cholesterol: 76.0 mg/dL; Estimated Glomerular Filtration Rate: 60.0 mL/min/{1.73_m2}; Body Weight: 97.59 kg; Body Mass Index: 39.99 kg/m2; Systolic Blood Pressure: 151.0 mmHg; Diastolic Blood Pressure: 99.0 mmHg; Body Weight: 100.88 kg; Body Mass Index: 41.33 kg/m2; Systolic Blood Pressure: 180.0 mmHg; Diastolic Blood Pressure: 105.0 mmHg; Total Cholesterol: 161.0 mg/dL; Triglycerides: 135.0 mg/dL; Low Density Lipoprotein Cholesterol: 58.0 mg/dL; Body Weight: 102.58 kg; Body Mass Index: 42.03 kg/m2; Systolic Blood Pressure: 143.0 mmHg; Diastolic Blood Pressure: 113.0 mmHg. Immunizations: Influenza seasonal injectable preservative free.",0
51192dad-93be-40ef-a6d3-8b0c00ef332a,"Demographics: born 1935-11-22, gender F, race white, ethnicity italian. Encounters: Outpatient Encounter. Medications: Penicillin V Potassium 250 MG; Penicillin V Potassium 500 MG. Procedures: Documentation of current medications. Observations: Body Height: 158.54 cm; Body Weight: 83.33 kg; Body Mass Index: 33.15 kg/m2; Systolic Blood Pressure: 128.0 mmHg; Diastolic Blood Pressure: 89.0 mmHg; Total Cholesterol: 197.0 mg/dL; Triglycerides: 147.0 mg/dL; Low Density Lipoprotein Cholesterol: 97.0 mg/dL; High Density Lipoprotein Cholesterol: 70.0 mg/dL; Body Weight: 81.38 kg; Body Mass Index: 32.37 kg/m2; Systolic Blood Pressure: 138.0 mmHg; Diastolic Blood Pressure: 72.0 mmHg; Body Weight: 79.62 kg; Body Mass Index: 31.68 kg/m2; Systolic Blood Pressure: 137.0 mmHg; Diastolic Blood Pressure: 86.0 mmHg. Immunizations: Influenza seasonal injectable preservative free.",0
6531273c-ef5c-4624-b844-3d964915ffa4,"Demographics: born 1996-01-08, gender M, race white, ethnicity irish. Encounters: Encounter for symptom; Outpatient Encounter. Medications: Acetaminophen 160 MG. Procedures: Documentation of current medications; Measurement of respiratory function (procedure). Observations: Body Height: 170.39 cm; Body Weight: 64.04 kg; Body Mass Index: 22.06 kg/m2; Systolic Blood Pressure: 125.0 mmHg; Diastolic Blood Pressure: 89.0 mmHg; Body Height: 174.23 cm; Body Weight: 69.58 kg; Body Mass Index: 22.92 kg/m2; Systolic Blood Pressure: 103.0 mmHg; Diastolic Blood Pressure: 79.0 mmHg; Body Height: 175.84 cm; Body Weight: 73.44 kg; Body Mass Index: 23.75 kg/m2; Systolic Blood Pressure: 130.0 mmHg; Diastolic Blood Pressure: 82.0 mmHg; Body Height: 176.59 cm; Body Weight: 76.14 kg; Body Mass Index: 24.41 kg/m2; Systolic Blood Pressure: 108.0 mmHg; Body Height: 176.96 cm; Body Weight: 78.14 kg; Body Mass Index: 24.95 kg/m2; Systolic Blood Pressure: 126.0 mmHg; Diastolic Blood Pressure: 80.0 mmHg; Body Height: 177.07 cm; Body Weight: 80.29 kg; Body Mass Index: 25.61 kg/m2; Systolic Blood Pressure: 112.0 mmHg; Diastolic Blood Pressure: 70.0 mmHg. Immunizations: Influenza seasonal injectable preservative free; meningococcal MCV4P.",0
409afe39-cccd-4361-898f-13f8c6dd92f1,"Demographics: born 2007-10-25, gender M, race white, ethnicity italian. Encounters: Outpatient Encounter; Encounter for symptom. Medications: Loratadine 5 MG Chewable Tablet; 0.3 ML EPINEPHrine 0.5 MG/ML Auto-Injector; Amoxicillin 200 MG Oral Tablet; Ibuprofen 100 MG Oral Tablet; Dextromethorphan Hydrobromide 1 MG/ML; Cefuroxime 250 MG Oral Tablet; Acetaminophen 160 MG Oral Tablet. Procedures: Documentation of current medications. Observations: Body Height: 90.8 cm; Body Weight: 13.02 kg; Body Mass Index: 15.79 kg/m2; Systolic Blood Pressure: 114.0 mmHg; Diastolic Blood Pressure: 80.0 mmHg; Body Height: 95.11 cm; Body Weight: 13.95 kg; Body Mass Index: 15.43 kg/m2; Systolic Blood Pressure: 102.0 mmHg; Diastolic Blood Pressure: 79.0 mmHg; Body Height: 102.32 cm; Body Weight: 15.91 kg; Body Mass Index: 15.19 kg/m2; Systolic Blood Pressure: 107.0 mmHg; Diastolic Blood Pressure: 85.0 mmHg; Body Height: 108.59 cm; Body Weight: 17.87 kg; Body Mass Index: 15.15 kg/m2; Oral temperature: 37.0 Cel; Body Height: 115.3 cm; Body Weight: 20.09 kg; Body Mass Index: 15.11 kg/m2; Systolic Blood Pressure: 101.0 mmHg; Diastolic Blood Pressure: 70.0 mmHg; Body Height: 121.34 cm; Body Weight: 22.26 kg; Body Mass Index: 15.12 kg/m2; Systolic Blood Pressure: 123.0 mmHg; Diastolic Blood Pressure: 75.0 mmHg; Body Height: 126.96 cm; Body Weight: 24.62 kg; Body Mass Index: 15.27 kg/m2; Systolic Blood Pressure: 130.0 mmHg; Diastolic Blood Pressure: 78.0 mmHg. Allergies: Shellfish allergy; Allergy to tree pollen; Allergy to grass pollen; Dander (animal) allergy; House dust mite allergy; Allergy to mould; Latex allergy. Immunizations: Pneumococcal conjugate PCV 13; Influenza seasonal injectable preservative free; DTaP; IPV; MMR; varicella.",0
867544a0-3669-4d9e-8980-62799360b944,"Demographics: born 1956-08-02, gender F, race white, ethnicity english. Encounters: Outpatient Encounter; Emergency Room Admission; Encounter for symptom. Medications: 24 HR Metformin hydrochloride 500 MG Extended Release Oral Tablet; Naproxen sodium 220 MG Oral Tablet; Ibuprofen 200 MG Oral Tablet. Procedures: Documentation of current medications. Observations: Hemoglobin A1c/Hemoglobin.total in Blood: 8.0 %; Body Height: 161.4 cm; Body Weight: 98.94 kg; Body Mass Index: 37.98 kg/m2; Systolic Blood Pressure: 101.0 mmHg; Diastolic Blood Pressure: 78.0 mmHg; Glucose: 161.0 mg/dL; Urea Nitrogen: 7.0 mg/dL; Creatinine: 1.0 mg/dL; Calcium: 10.19 mg/dL; Sodium: 138.0 mmol/L; Potassium: 4.22 mmol/L; Chloride: 107.0 mmol/L; Carbon Dioxide: 25.0 mmol/L; Total Cholesterol: 255.0 mg/dL; Triglycerides: 379.0 mg/dL; Low Density Lipoprotein Cholesterol: 156.0 mg/dL; High Density Lipoprotein Cholesterol: 23.0 mg/dL; Microalbumin Creatine Ratio: 4.0 mg/g; Estimated Glomerular Filtration Rate: 60.0 mL/min/{1.73_m2}; Systolic Blood Pressure: 112.0 mmHg; Diastolic Blood Pressure: 86.0 mmHg; Glucose: 176.0 mg/dL; Urea Nitrogen: 13.0 mg/dL; Calcium: 8.57 mg/dL; Sodium: 139.0 mmol/L; Potassium: 4.33 mmol/L; Chloride: 106.0 mmol/L; Carbon Dioxide: 22.0 mmol/L; Total Cholesterol: 259.0 mg/dL; Triglycerides: 419.0 mg/dL; Low Density Lipoprotein Cholesterol: 155.0 mg/dL; High Density Lipoprotein Cholesterol: 20.0 mg/dL; Microalbumin Creatine Ratio: 2.0 mg/g; Glucose: 135.0 mg/dL; Urea Nitrogen: 10.0 mg/dL; Calcium: 9.12 mg/dL; Potassium: 4.2 mmol/L; Chloride: 110.0 mmol/L; Carbon Dioxide: 26.0 mmol/L. Immunizations: Influenza seasonal injectable preservative free; zoster.",1
bd98708f-eab7-450d-bf08-6ea3d5fa580f,"Demographics: born 1953-12-15, gender F, race black, ethnicity african. Encounters: Outpatient Encounter; Encounter for symptom; Encounter for 'check-up'. Medications: Penicillin V Potassium 500 MG; 24 HR Metformin hydrochloride 500 MG Extended Release Oral Tablet; Acetaminophen 160 MG. Procedures: Documentation of current medications; Measurement of respiratory function (procedure); Colonoscopy. Observations: Hemoglobin A1c/Hemoglobin.total in Blood: 6.4 %; Body Height: 169.25 cm; Body Weight: 90.15 kg; Body Mass Index: 31.47 kg/m2; Systolic Blood Pressure: 196.0 mmHg; Diastolic Blood Pressure: 94.0 mmHg; Glucose: 90.0 mg/dL; Urea Nitrogen: 9.0 mg/dL; Creatinine: 1.0 mg/dL; Calcium: 8.65 mg/dL; Sodium: 138.0 mmol/L; Potassium: 4.92 mmol/L; Chloride: 111.0 mmol/L; Carbon Dioxide: 23.0 mmol/L; Total Cholesterol: 181.0 mg/dL; Triglycerides: 122.0 mg/dL; Low Density Lipoprotein Cholesterol: 85.0 mg/dL; High Density Lipoprotein Cholesterol: 71.0 mg/dL; Microalbumin Creatine Ratio: 0.0 mg/g; Estimated Glomerular Filtration Rate: 60.0 mL/min/{1.73_m2}; Systolic Blood Pressure: 149.0 mmHg; Diastolic Blood Pressure: 112.0 mmHg; Glucose: 80.0 mg/dL; Urea Nitrogen: 12.0 mg/dL; Calcium: 9.96 mg/dL; Sodium: 143.0 mmol/L; Potassium: 3.92 mmol/L; Chloride: 104.0 mmol/L; Carbon Dioxide: 22.0 mmol/L; Total Cholesterol: 184.0 mg/dL; Triglycerides: 144.0 mg/dL; Low Density Lipoprotein Cholesterol: 92.0 mg/dL; High Density Lipoprotein Cholesterol: 63.0 mg/dL; Microalbumin Creatine Ratio: 16.0 mg/g; Systolic Blood Pressure: 183.0 mmHg; Diastolic Blood Pressure: 109.0 mmHg; Urea Nitrogen: 17.0 mg/dL; Calcium: 9.41 mg/dL; Potassium: 4.95 mmol/L; Chloride: 107.0 mmol/L. Immunizations: Influenza seasonal injectable preservative free; zoster; Td (adult) preservative free.",1
62012214-686a-4122-b6cf-57ee0201b884,"Demographics: born 1962-07-18, gender M, race white, ethnicity irish. Encounters: Outpatient Encounter; Encounter for symptom; Encounter for 'check-up'. Medications: Penicillin V Potassium 250 MG; Insulin Lispro 100 UNT/ML Injectable Solution [Humalog]; Acetaminophen 160 MG. Procedures: Measurement of respiratory function (procedure); Colonoscopy; Documentation of current medications. Observations: Hemoglobin A1c/Hemoglobin.total in Blood: 3.2 %; Body Height: 173.41 cm; Body Weight: 110.79 kg; Body Mass Index: 36.84 kg/m2; Systolic Blood Pressure: 108.0 mmHg; Diastolic Blood Pressure: 82.0 mmHg; Glucose: 87.0 mg/dL; Urea Nitrogen: 15.0 mg/dL; Creatinine: 1.0 mg/dL; Calcium: 8.57 mg/dL; Sodium: 137.0 mmol/L; Potassium: 4.33 mmol/L; Chloride: 105.0 mmol/L; Carbon Dioxide: 28.0 mmol/L; Total Cholesterol: 168.0 mg/dL; Triglycerides: 149.0 mg/dL; Low Density Lipoprotein Cholesterol: 61.0 mg/dL; High Density Lipoprotein Cholesterol: 77.0 mg/dL; Microalbumin Creatine Ratio: 78.0 mg/g; Estimated Glomerular Filtration Rate: 60.0 mL/min/{1.73_m2}; Hemoglobin A1c/Hemoglobin.total in Blood: 3.4 %; Body Weight: 112.66 kg; Body Mass Index: 37.46 kg/m2; Systolic Blood Pressure: 120.0 mmHg; Diastolic Blood Pressure: 79.0 mmHg; Glucose: 91.0 mg/dL; Urea Nitrogen: 14.0 mg/dL; Calcium: 8.76 mg/dL; Sodium: 140.0 mmol/L; Potassium: 5.0 mmol/L; Chloride: 111.0 mmol/L; Carbon Dioxide: 23.0 mmol/L; Total Cholesterol: 176.0 mg/dL; Triglycerides: 139.0 mg/dL; Low Density Lipoprotein Cholesterol: 81.0 mg/dL; High Density Lipoprotein Cholesterol: 67.0 mg/dL; Microalbumin Creatine Ratio: 227.0 mg/g; Systolic Blood Pressure: 122.0 mmHg; Diastolic Blood Pressure: 72.0 mmHg; Glucose: 66.0 mg/dL. Immunizations: Influenza seasonal injectable preservative free; Td (adult) preservative free.",1
e1ba4f75-1b93-440e-b50e-774362954c53,"Demographics: born 1975-03-10, gender M, race white, ethnicity english. Encounters: Outpatient Encounter; Encounter for symptom. Medications: Penicillin V Potassium 250 MG. Observations: Hemoglobin A1c/Hemoglobin.total in Blood: 6.9 %; Body Height: 188.83 cm; Body Weight: 98.11 kg; Body Mass Index: 27.52 kg/m2; Systolic Blood Pressure: 150.0 mmHg; Diastolic Blood Pressure: 92.0 mmHg; Glucose: 118.0 mg/dL; Urea Nitrogen: 15.0 mg/dL; Creatinine: 1.0 mg/dL; Calcium: 9.51 mg/dL; Sodium: 142.0 mmol/L; Potassium: 5.12 mmol/L; Chloride: 103.0 mmol/L; Carbon Dioxide: 29.0 mmol/L; Total Cholesterol: 220.0 mg/dL; Triglycerides: 187.0 mg/dL; Low Density Lipoprotein Cholesterol: 141.0 mg/dL; High Density Lipoprotein Cholesterol: 41.0 mg/dL; Microalbumin Creatine Ratio: 13.0 mg/g; Estimated Glomerular Filtration Rate: 60.0 mL/min/{1.73_m2}; Hemoglobin A1c/Hemoglobin.total in Blood: 7.1 %; Body Weight: 100.61 kg; Body Mass Index: 28.22 kg/m2; Systolic Blood Pressure: 185.0 mmHg; Diastolic Blood Pressure: 106.0 mmHg; Glucose: 107.0 mg/dL; Urea Nitrogen: 8.0 mg/dL; Calcium: 10.02 mg/dL; Sodium: 137.0 mmol/L; Potassium: 4.07 mmol/L; Carbon Dioxide: 26.0 mmol/L; Total Cholesterol: 228.0 mg/dL; Triglycerides: 182.0 mg/dL; Low Density Lipoprotein Cholesterol: 140.0 mg/dL; High Density Lipoprotein Cholesterol: 51.0 mg/dL; Microalbumin Creatine Ratio: 0.0 mg/g. Immunizations: Influenza seasonal injectable preservative free.",1
a958e945-cc6f-4d89-a16c-53e9346ccb00,"Demographics: born 2009-05-06, gender F, race white, ethnicity irish. Encounters: Outpatient Encounter; Encounter for symptom; Encounter for problem; Encounter for 'check-up'. Medications: Amoxicillin 250 MG / Clavulanate 125 MG [Augmentin]; Amoxicillin 200 MG Oral Tablet; Acetaminophen 160 MG Oral Tablet. Procedures: Documentation of current medications. Observations: Body Height: 75.73 cm; Body Weight: 10.73 kg; Systolic Blood Pressure: 130.0 mmHg; Diastolic Blood Pressure: 74.0 mmHg; Body Height: 77.82 cm; Body Weight: 11.23 kg; Systolic Blood Pressure: 129.0 mmHg; Diastolic Blood Pressure: 88.0 mmHg; Body Height: 80.73 cm; Body Weight: 11.87 kg; Systolic Blood Pressure: 100.0 mmHg; Diastolic Blood Pressure: 73.0 mmHg; Body Height: 85.19 cm; Body Weight: 12.96 kg; Body Mass Index: 17.86 kg/m2; Systolic Blood Pressure: 138.0 mmHg; Body Height: 89.16 cm; Body Weight: 13.78 kg; Body Mass Index: 17.34 kg/m2; Body Height: 92.42 cm; Body Weight: 14.61 kg; Body Mass Index: 17.11 kg/m2; Systolic Blood Pressure: 114.0 mmHg; Diastolic Blood Pressure: 83.0 mmHg; Body Height: 95.81 cm; Body Weight: 15.66 kg; Body Mass Index: 17.06 kg/m2; Systolic Blood Pressure: 135.0 mmHg; Diastolic Blood Pressure: 78.0 mmHg; Body Height: 101.36 cm; Body Weight: 17.53 kg; Systolic Blood Pressure: 112.0 mmHg; Diastolic Blood Pressure: 72.0 mmHg; Body Height: 108.21 cm; Body Weight: 19.96 kg; Body Mass Index: 17.05 kg/m2; Systolic Blood Pressure: 126.0 mmHg; Diastolic Blood Pressure: 86.0 mmHg; Body Height: 115.68 cm; Body Weight: 22.83 kg. Immunizations: Hib (PRP-OMP); Pneumococcal conjugate PCV 13; MMR; varicella; Hep A ped/adol 2 dose; DTaP; Influenza seasonal injectable preservative free; IPV.",0
bd730e79-b9e8-4bb5-86f9-7386cc65c565,"Demographics: born 1976-10-08, gender M, race white, ethnicity german. Encounters: Emergency room admission; Outpatient Encounter; Encounter for 'check-up'. Medications: Penicillin V Potassium 250 MG; Naproxen sodium 220 MG Oral Tablet; Ibuprofen 200 MG Oral Tablet; 24 HR Metformin hydrochloride 500 MG Extended Release Oral Tablet. Procedures: Bone immobilization. Observations: Body Height: 173.49 cm; Body Weight: 96.81 kg; Body Mass Index: 32.16 kg/m2; Systolic Blood Pressure: 163.0 mmHg; Diastolic Blood Pressure: 117.0 mmHg; Total Cholesterol: 197.0 mg/dL; Triglycerides: 148.0 mg/dL; Low Density Lipoprotein Cholesterol: 108.0 mg/dL; High Density Lipoprotein Cholesterol: 59.0 mg/dL; Estimated Glomerular Filtration Rate: 60.0 mL/min/{1.73_m2}; Hemoglobin A1c/Hemoglobin.total in Blood: 8.5 %; Body Weight: 102.19 kg; Body Mass Index: 33.95 kg/m2; Systolic Blood Pressure: 146.0 mmHg; Diastolic Blood Pressure: 91.0 mmHg; Glucose: 72.0 mg/dL; Urea Nitrogen: 7.0 mg/dL; Creatinine: 1.0 mg/dL; Calcium: 8.66 mg/dL; Sodium: 142.0 mmol/L; Potassium: 4.46 mmol/L; Chloride: 104.0 mmol/L; Carbon Dioxide: 22.0 mmol/L; Total Cholesterol: 161.0 mg/dL; Triglycerides: 134.0 mg/dL; Low Density Lipoprotein Cholesterol: 55.0 mg/dL; High Density Lipoprotein Cholesterol: 79.0 mg/dL; Microalbumin Creatine Ratio: 14.0 mg/g. Immunizations: Influenza seasonal injectable preservative free.",1
b04eea05-85f1-4f21-8c77-da4c877194da,"Demographics: born 1924-05-17, gender F, race hispanic, ethnicity mexican. Encounters: Emergency room admission; Encounter for 'check-up'; Outpatient Encounter; Encounter for symptom. Medications: 24 HR Metformin hydrochloride 500 MG Extended Release Oral Tablet; Penicillin V Potassium 500 MG; Ibuprofen 200 MG Oral Tablet. Procedures: Documentation of current medications. Observations: Hemoglobin A1c/Hemoglobin.total in Blood: 5.1 %; Body Height: 158.03 cm; Body Weight: 61.62 kg; Body Mass Index: 24.67 kg/m2; Systolic Blood Pressure: 105.0 mmHg; Diastolic Blood Pressure: 73.0 mmHg; Glucose: 72.0 mg/dL; Urea Nitrogen: 16.0 mg/dL; Creatinine: 1.0 mg/dL; Calcium: 8.97 mg/dL; Sodium: 136.0 mmol/L; Potassium: 4.44 mmol/L; Chloride: 106.0 mmol/L; Carbon Dioxide: 28.0 mmol/L; Total Cholesterol: 175.0 mg/dL; Triglycerides: 103.0 mg/dL; Low Density Lipoprotein Cholesterol: 78.0 mg/dL; High Density Lipoprotein Cholesterol: 76.0 mg/dL; Microalbumin Creatine Ratio: 6.0 mg/g; Estimated Glomerular Filtration Rate: 60.0 mL/min/{1.73_m2}; Body Weight: 60.13 kg; Body Mass Index: 24.08 kg/m2; Systolic Blood Pressure: 120.0 mmHg; Diastolic Blood Pressure: 80.0 mmHg; Glucose: 85.0 mg/dL; Urea Nitrogen: 8.0 mg/dL; Calcium: 8.82 mg/dL; Sodium: 142.0 mmol/L; Potassium: 4.56 mmol/L; Chloride: 105.0 mmol/L; Carbon Dioxide: 29.0 mmol/L; Total Cholesterol: 196.0 mg/dL; Triglycerides: 120.0 mg/dL; Low Density Lipoprotein Cholesterol: 102.0 mg/dL; High Density Lipoprotein Cholesterol: 70.0 mg/dL; Microalbumin Creatine Ratio: 15.0 mg/g; Body Weight: 58.74 kg; Body Mass Index: 23.52 kg/m2; Systolic Blood Pressure: 101.0 mmHg; Diastolic Blood Pressure: 76.0 mmHg. Immunizations: Influenza seasonal injectable preservative free.",1
78e8786a-5a7b-4546-88cd-3d0e08e38b29,"Demographics: born 1988-07-27, gender F, race white, ethnicity irish. Encounters: Encounter for symptom; Prenatal initial visit; Prenatal visit; Outpatient Encounter; Obstetric emergency hospital admission; Consultation for treatment; Patient-initiated encounter. Medications: Penicillin V Potassium 250 MG; Seasonique 91 Day Pack; Levora 0.15/30 28 Day Pack; Nexplanon 68 MG Drug Implant. Procedures: Standard pregnancy test; Documentation of current medications; Premature birth of newborn; Induced termination of pregnancy; Childbirth; Insertion of subcutaneous contraceptive. Observations: Hemoglobin A1c/Hemoglobin.total in Blood: 6.6 %; Body Height: 164.26 cm; Body Weight: 71.72 kg; Body Mass Index: 26.58 kg/m2; Systolic Blood Pressure: 102.0 mmHg; Diastolic Blood Pressure: 81.0 mmHg; Glucose: 101.0 mg/dL; Urea Nitrogen: 8.0 mg/dL; Creatinine: 1.0 mg/dL; Calcium: 9.27 mg/dL; Sodium: 142.0 mmol/L; Potassium: 5.14 mmol/L; Chloride: 101.0 mmol/L; Carbon Dioxide: 22.0 mmol/L; Total Cholesterol: 211.0 mg/dL; Triglycerides: 179.0 mg/dL; Low Density Lipoprotein Cholesterol: 127.0 mg/dL; High Density Lipoprotein Cholesterol: 48.0 mg/dL; Microalbumin Creatine Ratio: 2.0 mg/g; Estimated Glomerular Filtration Rate: 60.0 mL/min/{1.73_m2}; Oral temperature: 38.0 Cel; Hemoglobin A1c/Hemoglobin.total in Blood: 7.0 %; Body Weight: 75.92 kg; Body Mass Index: 28.14 kg/m2; Diastolic Blood Pressure: 71.0 mmHg; Glucose: 115.0 mg/dL; Urea Nitrogen: 13.0 mg/dL; Calcium: 8.83 mg/dL; Sodium: 140.0 mmol/L; Potassium: 4.62 mmol/L; Chloride: 110.0 mmol/L; Carbon Dioxide: 23.0 mmol/L; Total Cholesterol: 234.0 mg/dL; Triglycerides: 195.0 mg/dL; Low Density Lipoprotein Cholesterol: 136.0 mg/dL; High Density Lipoprotein Cholesterol: 59.0 mg/dL; Microalbumin Creatine Ratio: 7.0 mg/g; Oral temperature: 37.0 Cel. Immunizations: Influenza seasonal injectable preservative free; Td (adult) preservative free.",1
c18f6f19-16c8-457f-9e17-dabf853c5141,"Demographics: born 1949-01-15, gender F, race white, ethnicity italian. Encounters: Outpatient Encounter; Encounter for symptom. Medications: Penicillin V Potassium 250 MG; Penicillin V Potassium 500 MG; 24 HR Metformin hydrochloride 500 MG Extended Release Oral Tablet; Acetaminophen 160 MG. Procedures: Documentation of current medications; Measurement of respiratory function (procedure). Observations: Hemoglobin A1c/Hemoglobin.total in Blood: 7.7 %; Body Height: 154.41 cm; Body Weight: 87.61 kg; Body Mass Index: 36.74 kg/m2; Systolic Blood Pressure: 185.0 mmHg; Diastolic Blood Pressure: 98.0 mmHg; Glucose: 156.0 mg/dL; Urea Nitrogen: 8.0 mg/dL; Creatinine: 1.0 mg/dL; Calcium: 9.72 mg/dL; Sodium: 138.0 mmol/L; Potassium: 4.2 mmol/L; Chloride: 102.0 mmol/L; Carbon Dioxide: 23.0 mmol/L; Total Cholesterol: 250.0 mg/dL; Triglycerides: 368.0 mg/dL; Low Density Lipoprotein Cholesterol: 155.0 mg/dL; High Density Lipoprotein Cholesterol: 21.0 mg/dL; Microalbumin Creatine Ratio: 1.0 mg/g; Estimated Glomerular Filtration Rate: 60.0 mL/min/{1.73_m2}; Hemoglobin A1c/Hemoglobin.total in Blood: 7.6 %; Body Weight: 86.51 kg; Body Mass Index: 36.28 kg/m2; Systolic Blood Pressure: 174.0 mmHg; Diastolic Blood Pressure: 117.0 mmHg; Glucose: 181.0 mg/dL; Urea Nitrogen: 17.0 mg/dL; Calcium: 9.28 mg/dL; Sodium: 139.0 mmol/L; Potassium: 5.16 mmol/L; Chloride: 107.0 mmol/L; Carbon Dioxide: 21.0 mmol/L; Total Cholesterol: 259.0 mg/dL; Triglycerides: 319.0 mg/dL; Low Density Lipoprotein Cholesterol: 172.0 mg/dL; High Density Lipoprotein Cholesterol: 23.0 mg/dL; Microalbumin Creatine Ratio: 9.0 mg/g; Hemoglobin A1c/Hemoglobin.total in Blood: 7.5 %; Body Weight: 85.49 kg; Body Mass Index: 35.86 kg/m2. Immunizations: Influenza seasonal injectable preservative free; Td (adult) preservative free; Pneumococcal conjugate PCV 13; pneumococcal polysaccharide vaccine 23 valent.",1
f0b07a12-c422-4b16-8504-935bd2fd9212,"Demographics: born 1958-01-28, gender M, race hispanic, ethnicity puerto_rican. Encounters: Outpatient Encounter; Emergency room admission. Medications: diphenhydrAMINE Hydrochloride 25 MG Oral Tablet; 24 HR Metformin hydrochloride 500 MG Extended Release Oral Tablet; insulin human isophane 70 UNT/ML / Regular Insulin Human 30 UNT/ML Injectable Suspension [Humulin]; Naproxen sodium 220 MG Oral Tablet. Procedures: Documentation of current medications; Suture open wound; Injection of tetanus antitoxin. Observations: Hemoglobin A1c/Hemoglobin.total in Blood: 3.8 %; Body Height: 182.8 cm; Body Weight: 110.76 kg; Body Mass Index: 33.14 kg/m2; Systolic Blood Pressure: 200.0 mmHg; Diastolic Blood Pressure: 107.0 mmHg; Glucose: 85.0 mg/dL; Urea Nitrogen: 20.0 mg/dL; Creatinine: 1.0 mg/dL; Calcium: 9.25 mg/dL; Sodium: 136.0 mmol/L; Potassium: 4.36 mmol/L; Chloride: 103.0 mmol/L; Carbon Dioxide: 23.0 mmol/L; Total Cholesterol: 173.0 mg/dL; Triglycerides: 121.0 mg/dL; Low Density Lipoprotein Cholesterol: 70.0 mg/dL; High Density Lipoprotein Cholesterol: 78.0 mg/dL; Microalbumin Creatine Ratio: 24.0 mg/g; Estimated Glomerular Filtration Rate: 60.0 mL/min/{1.73_m2}; Systolic Blood Pressure: 190.0 mmHg; Diastolic Blood Pressure: 96.0 mmHg; Glucose: 76.0 mg/dL; Urea Nitrogen: 19.0 mg/dL; Calcium: 9.79 mg/dL; Sodium: 143.0 mmol/L; Potassium: 5.14 mmol/L; Chloride: 107.0 mmol/L; Carbon Dioxide: 29.0 mmol/L; Total Cholesterol: 196.0 mg/dL; Triglycerides: 148.0 mg/dL; Low Density Lipoprotein Cholesterol: 99.0 mg/dL; High Density Lipoprotein Cholesterol: 67.0 mg/dL; Microalbumin Creatine Ratio: 19.0 mg/g; Systolic Blood Pressure: 198.0 mmHg; Diastolic Blood Pressure: 108.0 mmHg; Glucose: 100.0 mg/dL; Urea Nitrogen: 16.0 mg/dL; Calcium: 9.1 mg/dL; Potassium: 4.62 mmol/L. Allergies: Dander (animal) allergy. Immunizations: Influenza seasonal injectable preservative free.",1
573ba12f-f52b-4de6-850e-7fa0a6593f01,"Demographics: born 1998-04-16, gender M, race white, ethnicity irish. Encounters: Outpatient Encounter; Encounter for symptom. Medications: Acetaminophen 160 MG. Procedures: Documentation of current medications; Measurement of respiratory function (procedure). Observations: Body Height: 155.34 cm; Body Weight: 48.76 kg; Body Mass Index: 20.21 kg/m2; Systolic Blood Pressure: 118.0 mmHg; Diastolic Blood Pressure: 80.0 mmHg; Body Height: 163.15 cm; Body Weight: 54.52 kg; Body Mass Index: 20.48 kg/m2; Systolic Blood Pressure: 100.0 mmHg; Diastolic Blood Pressure: 89.0 mmHg; Body Height: 170.17 cm; Body Weight: 60.57 kg; Body Mass Index: 20.92 kg/m2; Systolic Blood Pressure: 117.0 mmHg; Diastolic Blood Pressure: 84.0 mmHg; Body Height: 173.76 cm; Body Weight: 65.09 kg; Body Mass Index: 21.56 kg/m2; Systolic Blood Pressure: 132.0 mmHg; Diastolic Blood Pressure: 81.0 mmHg; Body Height: 176.02 cm; Body Weight: 69.64 kg; Body Mass Index: 22.47 kg/m2; Systolic Blood Pressure: 131.0 mmHg; Body Height: 176.8 cm; Body Weight: 72.0 kg; Body Mass Index: 23.03 kg/m2; Systolic Blood Pressure: 133.0 mmHg; Diastolic Blood Pressure: 75.0 mmHg; Body Height: 177.3 cm; Body Weight: 74.12 kg; Body Mass Index: 23.58 kg/m2; Systolic Blood Pressure: 106.0 mmHg; Diastolic Blood Pressure: 73.0 mmHg. Immunizations: Influenza seasonal injectable preservative free; HPV quadrivalent; meningococcal MCV4P.",0
78de08e5-0929-414a-a134-1b6993468b3b,"Demographics: born 2000-02-17, gender M, race white, ethnicity swedish. Encounters: Outpatient Encounter; Encounter for problem; Encounter for symptom; Allergic disorder initial assessment; Outpatient procedure; Allergic disorder follow-up assessment. Medications: Fexofenadine hydrochloride 30 MG Oral Tablet; 0.3 ML EPINEPHrine 0.5 MG/ML Auto-Injector. Procedures: Documentation of current medications; Allergy screening test; Subcutaneous immunotherapy. Observations: Body Height: 138.16 cm; Body Weight: 39.13 kg; Body Mass Index: 20.5 kg/m2; Systolic Blood Pressure: 138.0 mmHg; Diastolic Blood Pressure: 87.0 mmHg; Body Height: 142.6 cm; Body Weight: 43.89 kg; Body Mass Index: 21.58 kg/m2; Systolic Blood Pressure: 117.0 mmHg; Diastolic Blood Pressure: 72.0 mmHg; Body Height: 147.83 cm; Body Weight: 49.11 kg; Body Mass Index: 22.47 kg/m2; Systolic Blood Pressure: 118.0 mmHg; Diastolic Blood Pressure: 79.0 mmHg; Oral temperature: 37.0 Cel; Peanut IgE Ab in Serum: 0.31 kU/L; Walnut IgE Ab in Serum: 0.04 kU/L; Codfish IgE Ab in Serum: 0.15 kU/L; Shrimp IgE Ab in Serum: 0.09 kU/L; Wheat IgE Ab in Serum: 0.3 kU/L; Egg white IgE Ab in Serum: 0.13 kU/L; Soybean IgE Ab in Serum: 17.88 kU/L; Cow milk IgE Ab in Serum: 0.25 kU/L; White oak IgE Ab in Serum: 0.23 kU/L; Common Ragweed IgE Ab in Serum: 0.11 kU/L; Cat dander IgE Ab in Serum: 0.08 kU/L; American house dust mite IgE Ab in Serum: 0.27 kU/L; Cladosporium herbarum IgE Ab in Serum: 0.1 kU/L; Honey bee IgE Ab in Serum: 0.15 kU/L; Latex IgE Ab in Serum: 0.23 kU/L; Body Height: 154.38 cm; Body Weight: 54.61 kg; Body Mass Index: 22.91 kg/m2; Systolic Blood Pressure: 133.0 mmHg; Diastolic Blood Pressure: 88.0 mmHg; Body Height: 161.39 cm; Body Weight: 60.13 kg; Body Mass Index: 23.09 kg/m2; Systolic Blood Pressure: 139.0 mmHg. Allergies: Allergy to soya. Immunizations: Influenza seasonal injectable preservative free; meningococcal MCV4P; Tdap; HPV quadrivalent.",0
1ffd4442-3f92-438e-a321-377161aa8201,"Demographics: born 1947-12-23, gender F, race white, ethnicity irish. Encounters: Outpatient Encounter; Encounter for symptom. Medications: 24 HR Metformin hydrochloride 500 MG Extended Release Oral Tablet; Acetaminophen 160 MG. Procedures: Documentation of current medications; Measurement of respiratory function (procedure). Observations: Hemoglobin A1c/Hemoglobin.total in Blood: 7.6 %; Body Height: 164.1 cm; Body Weight: 98.31 kg; Body Mass Index: 36.51 kg/m2; Systolic Blood Pressure: 151.0 mmHg; Diastolic Blood Pressure: 118.0 mmHg; Glucose: 156.0 mg/dL; Urea Nitrogen: 18.0 mg/dL; Creatinine: 1.0 mg/dL; Calcium: 9.65 mg/dL; Sodium: 144.0 mmol/L; Potassium: 4.34 mmol/L; Chloride: 103.0 mmol/L; Carbon Dioxide: 29.0 mmol/L; Total Cholesterol: 253.0 mg/dL; Triglycerides: 319.0 mg/dL; Low Density Lipoprotein Cholesterol: 157.0 mg/dL; High Density Lipoprotein Cholesterol: 32.0 mg/dL; Microalbumin Creatine Ratio: 17.0 mg/g; Estimated Glomerular Filtration Rate: 60.0 mL/min/{1.73_m2}; Hemoglobin A1c/Hemoglobin.total in Blood: 7.4 %; Body Weight: 96.32 kg; Body Mass Index: 35.77 kg/m2; Systolic Blood Pressure: 148.0 mmHg; Diastolic Blood Pressure: 105.0 mmHg; Glucose: 143.0 mg/dL; Urea Nitrogen: 12.0 mg/dL; Calcium: 8.7 mg/dL; Sodium: 137.0 mmol/L; Potassium: 4.82 mmol/L; Chloride: 106.0 mmol/L; Total Cholesterol: 251.0 mg/dL; Triglycerides: 211.0 mg/dL; Low Density Lipoprotein Cholesterol: 183.0 mg/dL; High Density Lipoprotein Cholesterol: 25.0 mg/dL; Microalbumin Creatine Ratio: 9.0 mg/g; Hemoglobin A1c/Hemoglobin.total in Blood: 7.3 %; Body Weight: 94.39 kg; Body Mass Index: 35.05 kg/m2; Systolic Blood Pressure: 177.0 mmHg. Immunizations: Influenza seasonal injectable preservative free.",1
a93310e1-3c04-42fe-801c-320835625109,"Demographics: born 1959-03-22, gender F, race white, ethnicity italian. Encounters: Death Certification. Medications: 24 HR Metformin hydrochloride 500 MG Extended Release Oral Tablet; Penicillin V Potassium 500 MG. Observations: Stroke.",1
d7040378-d6e3-4cab-b3a0-5729f7330fd7,"Demographics: born 1959-01-05, gender M, race white, ethnicity french. Encounters: Outpatient Encounter; Encounter for symptom. Medications: 24 HR Metformin hydrochloride 500 MG Extended Release Oral Tablet; insulin human isophane 70 UNT/ML / Regular Insulin Human 30 UNT/ML Injectable Suspension [Humulin]. Procedures: Documentation of current medications. Observations: Hemoglobin A1c/Hemoglobin.total in Blood: 8.5 %; Body Height: 169.87 cm; Body Weight: 115.11 kg; Body Mass Index: 39.89 kg/m2; Systolic Blood Pressure: 121.0 mmHg; Diastolic Blood Pressure: 82.0 mmHg; Glucose: 193.0 mg/dL; Urea Nitrogen: 19.0 mg/dL; Creatinine: 1.0 mg/dL; Calcium: 9.25 mg/dL; Sodium: 139.0 mmol/L; Potassium: 5.17 mmol/L; Chloride: 105.0 mmol/L; Carbon Dioxide: 22.0 mmol/L; Total Cholesterol: 258.0 mg/dL; Triglycerides: 452.0 mg/dL; Low Density Lipoprotein Cholesterol: 135.0 mg/dL; High Density Lipoprotein Cholesterol: 32.0 mg/dL; Microalbumin Creatine Ratio: 14.0 mg/g; Estimated Glomerular Filtration Rate: 60.0 mL/min/{1.73_m2}; Systolic Blood Pressure: 131.0 mmHg; Diastolic Blood Pressure: 88.0 mmHg; Glucose: 161.0 mg/dL; Urea Nitrogen: 18.0 mg/dL; Calcium: 9.38 mg/dL; Sodium: 143.0 mmol/L; Potassium: 4.95 mmol/L; Chloride: 104.0 mmol/L; Carbon Dioxide: 29.0 mmol/L; Total Cholesterol: 255.0 mg/dL; Triglycerides: 337.0 mg/dL; Low Density Lipoprotein Cholesterol: 151.0 mg/dL; High Density Lipoprotein Cholesterol: 36.0 mg/dL; Microalbumin Creatine Ratio: 2.0 mg/g; Systolic Blood Pressure: 113.0 mmHg; Diastolic Blood Pressure: 85.0 mmHg; Glucose: 127.0 mg/dL; Urea Nitrogen: 12.0 mg/dL; Calcium: 10.14 mg/dL; Potassium: 4.75 mmol/L. Immunizations: Influenza seasonal injectable preservative free; Td (adult) preservative free.",1
1d76c281-1c60-44cf-997e-8cb352a8e204,"Demographics: born 1970-02-26, gender M, race hispanic, ethnicity puerto_rican.",0
8cb245ae-ac82-4a07-bf92-66219d5b01d0,"Demographics: born 1947-10-22, gender F, race white, ethnicity irish. Encounters: Outpatient Encounter; Encounter for 'check-up'. Medications: Penicillin V Potassium 250 MG; 24 HR Metformin hydrochloride 500 MG Extended Release Oral Tablet. Procedures: Colonoscopy; Documentation of current medications. Observations: Hemoglobin A1c/Hemoglobin.total in Blood: 6.5 %; Body Height: 162.07 cm; Body Weight: 84.22 kg; Body Mass Index: 32.06 kg/m2; Systolic Blood Pressure: 194.0 mmHg; Diastolic Blood Pressure: 102.0 mmHg; Glucose: 125.0 mg/dL; Urea Nitrogen: 17.0 mg/dL; Creatinine: 1.0 mg/dL; Calcium: 9.79 mg/dL; Sodium: 141.0 mmol/L; Potassium: 4.44 mmol/L; Chloride: 105.0 mmol/L; Carbon Dioxide: 28.0 mmol/L; Total Cholesterol: 239.0 mg/dL; Triglycerides: 180.0 mg/dL; Low Density Lipoprotein Cholesterol: 157.0 mg/dL; High Density Lipoprotein Cholesterol: 46.0 mg/dL; Microalbumin Creatine Ratio: 10.0 mg/g; Estimated Glomerular Filtration Rate: 60.0 mL/min/{1.73_m2}; Hemoglobin A1c/Hemoglobin.total in Blood: 6.4 %; Body Weight: 83.02 kg; Body Mass Index: 31.61 kg/m2; Systolic Blood Pressure: 176.0 mmHg; Diastolic Blood Pressure: 99.0 mmHg; Glucose: 96.0 mg/dL; Urea Nitrogen: 11.0 mg/dL; Calcium: 9.55 mg/dL; Sodium: 143.0 mmol/L; Potassium: 4.71 mmol/L; Carbon Dioxide: 20.0 mmol/L; Total Cholesterol: 175.0 mg/dL; Triglycerides: 138.0 mg/dL; Low Density Lipoprotein Cholesterol: 86.0 mg/dL; High Density Lipoprotein Cholesterol: 61.0 mg/dL; Microalbumin Creatine Ratio: 1.0 mg/g; Hemoglobin A1c/Hemoglobin.total in Blood: 6.3 %; Body Weight: 81.95 kg; Body Mass Index: 31.2 kg/m2; Systolic Blood Pressure: 189.0 mmHg. Immunizations: Influenza seasonal injectable preservative free; Pneumococcal conjugate PCV 13; pneumococcal polysaccharide vaccine 23 valent.",1
f31cdc63-d6f8-465f-a43d-172b14ba39e7,"Demographics: born 1988-01-29, gender M, race black, ethnicity dominican. Encounters: Outpatient Encounter; Encounter for symptom. Medications: Penicillin V Potassium 250 MG; Penicillin V Potassium 500 MG. Procedures: Throat culture (procedure); Documentation of current medications. Observations: Body Height: 173.63 cm; Body Weight: 62.01 kg; Body Mass Index: 20.57 kg/m2; Systolic Blood Pressure: 119.0 mmHg; Diastolic Blood Pressure: 71.0 mmHg; Oral temperature: 38.9 Cel; Hemoglobin A1c/Hemoglobin.total in Blood: 6.6 %; Body Weight: 66.51 kg; Body Mass Index: 22.06 kg/m2; Systolic Blood Pressure: 117.0 mmHg; Diastolic Blood Pressure: 89.0 mmHg; Glucose: 84.0 mg/dL; Urea Nitrogen: 18.0 mg/dL; Creatinine: 1.0 mg/dL; Calcium: 9.3 mg/dL; Sodium: 142.0 mmol/L; Potassium: 4.44 mmol/L; Chloride: 103.0 mmol/L; Carbon Dioxide: 27.0 mmol/L; Total Cholesterol: 188.0 mg/dL; Triglycerides: 111.0 mg/dL; Low Density Lipoprotein Cholesterol: 104.0 mg/dL; High Density Lipoprotein Cholesterol: 61.0 mg/dL; Microalbumin Creatine Ratio: 11.0 mg/g; Estimated Glomerular Filtration Rate: 60.0 mL/min/{1.73_m2}. Immunizations: Influenza seasonal injectable preservative free; Td (adult) preservative free.",1
d853a565-35ac-44d8-b644-a0fe1774ff9c,"Demographics: born 1968-07-27, gender F, race white, ethnicity french_canadian. Encounters: Encounter for symptom; Outpatient Encounter; Prenatal initial visit; Prenatal visit; Obstetric emergency hospital admission; Consultation for treatment; Admission to surgical department. Medications: Chlorpheniramine 2 MG Chewable Tablet; 24 HR Metformin hydrochloride 500 MG Extended Release Oral Tablet; Camila 28 Day Pack; insulin human isophane 70 UNT/ML / Regular Insulin Human 30 UNT/ML Injectable Suspension [Humulin]; Insulin Lispro 100 UNT/ML Injectable Solution [Humalog]. Procedures: Documentation of current medications; Standard pregnancy test; Augmentation of labor; Premature birth of newborn; Bilateral tubal ligation. Observations: Oral temperature: 37.0 Cel; Hemoglobin A1c/Hemoglobin.total in Blood: 6.0 %; Body Height: 164.57 cm; Body Weight: 113.35 kg; Body Mass Index: 41.85 kg/m2; Systolic Blood Pressure: 168.0 mmHg; Diastolic Blood Pressure: 99.0 mmHg; Glucose: 168.0 mg/dL; Urea Nitrogen: 8.0 mg/dL; Creatinine: 1.0 mg/dL; Calcium: 9.11 mg/dL; Sodium: 137.0 mmol/L; Potassium: 4.44 mmol/L; Chloride: 109.0 mmol/L; Carbon Dioxide: 24.0 mmol/L; Total Cholesterol: 258.0 mg/dL; Triglycerides: 383.0 mg/dL; Low Density Lipoprotein Cholesterol: 154.0 mg/dL; High Density Lipoprotein Cholesterol: 27.0 mg/dL; Microalbumin Creatine Ratio: 16.0 mg/g; Estimated Glomerular Filtration Rate: 60.0 mL/min/{1.73_m2}; Hemoglobin A1c/Hemoglobin.total in Blood: 3.2 %; Body Weight: 115.93 kg; Body Mass Index: 42.8 kg/m2; Systolic Blood Pressure: 174.0 mmHg; Diastolic Blood Pressure: 111.0 mmHg; Glucose: 92.0 mg/dL; Urea Nitrogen: 14.0 mg/dL; Calcium: 9.69 mg/dL; Sodium: 138.0 mmol/L; Potassium: 4.56 mmol/L; Chloride: 110.0 mmol/L; Carbon Dioxide: 27.0 mmol/L; Total Cholesterol: 169.0 mg/dL; Triglycerides: 106.0 mg/dL; Low Density Lipoprotein Cholesterol: 81.0 mg/dL; High Density Lipoprotein Cholesterol: 66.0 mg/dL; Microalbumin Creatine Ratio: 96.0 mg/g; Systolic Blood Pressure: 185.0 mmHg; Diastolic Blood Pressure: 117.0 mmHg. Allergies: Allergy to peanuts; Allergy to nut; Allergy to tree pollen; Allergy to bee venom. Immunizations: Influenza seasonal injectable preservative free.",1
ebebb855-e5db-494f-a0a7-0b097fb961c6,"Demographics: born 1981-01-25, gender F, race white, ethnicity irish. Encounters: Patient encounter procedure; Outpatient Encounter; Encounter for symptom; Consultation for treatment; Admission to surgical department. Medications: Astemizole 10 MG Oral Tablet; 0.65 ML depo-subQ provera 160 MG/ML Prefilled Syringe; Dextromethorphan Hydrobromide 1 MG/ML. Procedures: Intramuscular injection; Measurement of respiratory function (procedure); Bilateral tubal ligation. Observations: Body Height: 162.5 cm; Body Weight: 66.07 kg; Body Mass Index: 25.02 kg/m2; Systolic Blood Pressure: 151.0 mmHg; Diastolic Blood Pressure: 97.0 mmHg; Total Cholesterol: 178.0 mg/dL; Triglycerides: 102.0 mg/dL; Low Density Lipoprotein Cholesterol: 98.0 mg/dL; High Density Lipoprotein Cholesterol: 59.0 mg/dL; Estimated Glomerular Filtration Rate: 60.0 mL/min/{1.73_m2}; Body Weight: 70.37 kg; Body Mass Index: 26.65 kg/m2; Systolic Blood Pressure: 146.0 mmHg; Diastolic Blood Pressure: 110.0 mmHg; Total Cholesterol: 162.0 mg/dL; Low Density Lipoprotein Cholesterol: 72.0 mg/dL; High Density Lipoprotein Cholesterol: 69.0 mg/dL. Allergies: Allergy to dairy product; Allergy to grass pollen; Dander (animal) allergy; Allergy to mould; Allergy to bee venom. Immunizations: Influenza seasonal injectable preservative free; Td (adult) preservative free.",0
ead6f840-32a7-4f93-8db9-9c5e7d986c44,"Demographics: born 2009-09-04, gender F, race white, ethnicity italian. Encounters: Outpatient Encounter; Emergency room admission; Encounter for 'check-up'; Encounter for symptom. Medications: Ibuprofen 100 MG Oral Tablet; Cefuroxime 250 MG Oral Tablet; Acetaminophen 160 MG Oral Tablet. Procedures: Bone immobilization; Documentation of current medications; Suture open wound. Observations: Body Height: 76.69 cm; Body Weight: 10.34 kg; Systolic Blood Pressure: 129.0 mmHg; Diastolic Blood Pressure: 80.0 mmHg; Body Height: 80.38 cm; Body Weight: 11.26 kg; Systolic Blood Pressure: 127.0 mmHg; Diastolic Blood Pressure: 88.0 mmHg; Body Height: 83.71 cm; Body Weight: 12.01 kg; Systolic Blood Pressure: 125.0 mmHg; Diastolic Blood Pressure: 82.0 mmHg; Body Height: 89.69 cm; Body Weight: 13.44 kg; Body Mass Index: 16.71 kg/m2; Systolic Blood Pressure: 120.0 mmHg; Body Height: 95.77 cm; Body Weight: 14.72 kg; Body Mass Index: 16.05 kg/m2; Systolic Blood Pressure: 111.0 mmHg; Diastolic Blood Pressure: 71.0 mmHg; Body Height: 99.78 cm; Body Weight: 15.85 kg; Body Mass Index: 15.92 kg/m2; Diastolic Blood Pressure: 74.0 mmHg; Oral temperature: 38.0 Cel; Body Height: 107.77 cm; Body Weight: 18.52 kg; Body Mass Index: 15.94 kg/m2; Diastolic Blood Pressure: 75.0 mmHg; Body Height: 117.19 cm; Body Weight: 21.94 kg; Body Mass Index: 15.97 kg/m2; Systolic Blood Pressure: 107.0 mmHg; Diastolic Blood Pressure: 84.0 mmHg; Body Height: 125.89 cm; Body Weight: 25.48 kg; Body Mass Index: 16.08 kg/m2; Systolic Blood Pressure: 124.0 mmHg. Immunizations: Pneumococcal conjugate PCV 13; Hib (PRP-OMP); MMR; varicella; Hep A ped/adol 2 dose; DTaP; Influenza seasonal injectable preservative free; IPV.",0
afeefdef-1a04-4a99-8177-83876cfca653,"Demographics: born 1954-08-31, gender M, race white, ethnicity polish. Encounters: Outpatient Encounter; Encounter for symptom; Emergency room admission; Encounter for 'check-up'. Medications: Penicillin V Potassium 500 MG; Naproxen sodium 220 MG Oral Tablet. Procedures: Documentation of current medications; Colonoscopy; Fecal occult blood test; Rectal polypectomy; Spirometry (procedure). Observations: Hemoglobin A1c/Hemoglobin.total in Blood: 7.5 %; Body Height: 190.18 cm; Body Weight: 108.05 kg; Body Mass Index: 29.87 kg/m2; Systolic Blood Pressure: 134.0 mmHg; Diastolic Blood Pressure: 80.0 mmHg; Glucose: 124.0 mg/dL; Urea Nitrogen: 19.0 mg/dL; Creatinine: 1.0 mg/dL; Calcium: 9.18 mg/dL; Sodium: 139.0 mmol/L; Potassium: 4.24 mmol/L; Chloride: 103.0 mmol/L; Carbon Dioxide: 21.0 mmol/L; Total Cholesterol: 230.0 mg/dL; Triglycerides: 186.0 mg/dL; Low Density Lipoprotein Cholesterol: 140.0 mg/dL; High Density Lipoprotein Cholesterol: 52.0 mg/dL; Microalbumin Creatine Ratio: 3.0 mg/g; Estimated Glomerular Filtration Rate: 60.0 mL/min/{1.73_m2}; Oral temperature: 38.0 Cel; Systolic Blood Pressure: 131.0 mmHg; Diastolic Blood Pressure: 86.0 mmHg; Glucose: 108.0 mg/dL; Urea Nitrogen: 13.0 mg/dL; Calcium: 9.83 mg/dL; Potassium: 4.42 mmol/L; Chloride: 110.0 mmol/L; Carbon Dioxide: 20.0 mmol/L; Total Cholesterol: 229.0 mg/dL; Triglycerides: 167.0 mg/dL; Low Density Lipoprotein Cholesterol: 137.0 mg/dL; High Density Lipoprotein Cholesterol: 58.0 mg/dL; Microalbumin Creatine Ratio: 8.0 mg/g; Systolic Blood Pressure: 119.0 mmHg; Diastolic Blood Pressure: 73.0 mmHg; Glucose: 116.0 mg/dL; Urea Nitrogen: 8.0 mg/dL; Calcium: 9.88 mg/dL; Sodium: 143.0 mmol/L. Immunizations: Influenza seasonal injectable preservative free; zoster; Td (adult) preservative free.",1
31c6f32e-9471-49a4-aecb-166e48cba430,"Demographics: born 1962-06-16, gender F, race white, ethnicity irish. Encounters: Death Certification. Medications: Penicillin V Potassium 250 MG; Nitroglycerin 0.4 MG/ACTUAT [Nitrolingual]; Simvastatin 20 MG Oral Tablet. Observations: Myocardial Infarction.",0
ce0917ac-a46e-4644-9f23-08851d7764b6,"Demographics: born 1980-07-14, gender F, race white, ethnicity american. Encounters: Outpatient Encounter; Patient encounter procedure; Encounter for symptom; Consultation for treatment; Admission to surgical department; Encounter for problem; Encounter for 'check-up'. Medications: Implanon 68 MG Drug Implant. Procedures: Replacement of subcutaneous contraceptive; Bilateral tubal ligation. Observations: Body Height: 163.44 cm; Body Weight: 76.65 kg; Body Mass Index: 28.69 kg/m2; Systolic Blood Pressure: 190.0 mmHg; Diastolic Blood Pressure: 102.0 mmHg; Total Cholesterol: 162.0 mg/dL; Triglycerides: 105.0 mg/dL; Low Density Lipoprotein Cholesterol: 72.0 mg/dL; High Density Lipoprotein Cholesterol: 69.0 mg/dL; Estimated Glomerular Filtration Rate: 60.0 mL/min/{1.73_m2}; Body Weight: 81.46 kg; Body Mass Index: 30.49 kg/m2; Systolic Blood Pressure: 148.0 mmHg; Diastolic Blood Pressure: 109.0 mmHg; Total Cholesterol: 191.0 mg/dL; Triglycerides: 116.0 mg/dL; Low Density Lipoprotein Cholesterol: 92.0 mg/dL; High Density Lipoprotein Cholesterol: 75.0 mg/dL; Body Weight: 85.86 kg; Body Mass Index: 32.14 kg/m2; Systolic Blood Pressure: 167.0 mmHg; Diastolic Blood Pressure: 111.0 mmHg; Total Cholesterol: 169.0 mg/dL; Triglycerides: 126.0 mg/dL; Low Density Lipoprotein Cholesterol: 81.0 mg/dL; High Density Lipoprotein Cholesterol: 62.0 mg/dL. Immunizations: Influenza seasonal injectable preservative free; Td (adult) preservative free.",0
4311006f-7b4e-45fd-8623-863416844f66,"Demographics: born 1974-04-28, gender F, race white, ethnicity irish. Encounters: Prenatal initial visit; Prenatal visit; Obstetric emergency hospital admission; Consultation for treatment; Outpatient Encounter; Encounter for symptom. Medications: Xulane 150/35 MCG/Day Weekly Transdermal System; Penicillin V Potassium 500 MG. Procedures: Standard pregnancy test; Childbirth; Throat culture (procedure). Observations: Body Height: 161.5 cm; Body Weight: 77.95 kg; Body Mass Index: 29.89 kg/m2; Systolic Blood Pressure: 101.0 mmHg; Diastolic Blood Pressure: 82.0 mmHg; Total Cholesterol: 191.0 mg/dL; Triglycerides: 108.0 mg/dL; Low Density Lipoprotein Cholesterol: 110.0 mg/dL; High Density Lipoprotein Cholesterol: 59.0 mg/dL; Body Weight: 82.15 kg; Body Mass Index: 31.5 kg/m2; Systolic Blood Pressure: 121.0 mmHg; Diastolic Blood Pressure: 75.0 mmHg; Total Cholesterol: 182.0 mg/dL; Triglycerides: 136.0 mg/dL; Low Density Lipoprotein Cholesterol: 87.0 mg/dL; High Density Lipoprotein Cholesterol: 67.0 mg/dL; Oral temperature: 39.13 Cel. Immunizations: Influenza seasonal injectable preservative free; Td (adult) preservative free.",0
73dab6c5-ffae-49b1-a69f-05bcc927f753,"Demographics: born 1961-07-27, gender F, race black, ethnicity dominican. Encounters: Outpatient Encounter; Encounter for 'check-up'. Medications: Penicillin V Potassium 250 MG; 24 HR Metformin hydrochloride 500 MG Extended Release Oral Tablet. Procedures: Documentation of current medications; Colonoscopy. Observations: Hemoglobin A1c/Hemoglobin.total in Blood: 7.6 %; Body Height: 166.74 cm; Body Weight: 101.59 kg; Body Mass Index: 36.54 kg/m2; Systolic Blood Pressure: 172.0 mmHg; Diastolic Blood Pressure: 117.0 mmHg; Glucose: 120.0 mg/dL; Urea Nitrogen: 16.0 mg/dL; Creatinine: 1.0 mg/dL; Calcium: 9.65 mg/dL; Sodium: 143.0 mmol/L; Potassium: 3.76 mmol/L; Chloride: 104.0 mmol/L; Carbon Dioxide: 23.0 mmol/L; Total Cholesterol: 219.0 mg/dL; Triglycerides: 158.0 mg/dL; Low Density Lipoprotein Cholesterol: 141.0 mg/dL; High Density Lipoprotein Cholesterol: 46.0 mg/dL; Microalbumin Creatine Ratio: 10.0 mg/g; Estimated Glomerular Filtration Rate: 60.0 mL/min/{1.73_m2}; Systolic Blood Pressure: 157.0 mmHg; Diastolic Blood Pressure: 107.0 mmHg; Glucose: 177.0 mg/dL; Urea Nitrogen: 17.0 mg/dL; Calcium: 9.21 mg/dL; Sodium: 141.0 mmol/L; Potassium: 4.21 mmol/L; Chloride: 111.0 mmol/L; Total Cholesterol: 249.0 mg/dL; Triglycerides: 268.0 mg/dL; Low Density Lipoprotein Cholesterol: 173.0 mg/dL; High Density Lipoprotein Cholesterol: 22.0 mg/dL; Microalbumin Creatine Ratio: 15.0 mg/g; Systolic Blood Pressure: 141.0 mmHg; Glucose: 146.0 mg/dL; Urea Nitrogen: 15.0 mg/dL; Calcium: 9.09 mg/dL; Potassium: 4.87 mmol/L; Chloride: 106.0 mmol/L; Triglycerides: 472.0 mg/dL. Immunizations: Influenza seasonal injectable preservative free; Td (adult) preservative free.",1
70ff3b47-e2b1-4339-b960-e0376f5c29e1,"Demographics: born 1966-12-22, gender M, race white, ethnicity english. Encounters: Asthma follow-up; Emergency hospital admission for asthma; Outpatient Encounter; Encounter for symptom. Medications: Penicillin V Potassium 250 MG; 120 ACTUAT Fluticasone propionate 0.044 MG/ACTUAT Metered Dose Inhaler; 200 ACTUAT Albuterol 0.09 MG/ACTUAT Metered Dose Inhaler; diphenhydrAMINE Hydrochloride 25 MG Oral Tablet. Procedures: Documentation of current medications. Observations: Body Height: 179.24 cm; Body Weight: 103.92 kg; Body Mass Index: 32.35 kg/m2; Systolic Blood Pressure: 139.0 mmHg; Diastolic Blood Pressure: 87.0 mmHg; Oral temperature: 37.0 Cel; Body Weight: 107.6 kg; Body Mass Index: 33.49 kg/m2; Diastolic Blood Pressure: 77.0 mmHg; Total Cholesterol: 194.0 mg/dL; Triglycerides: 148.0 mg/dL; Low Density Lipoprotein Cholesterol: 98.0 mg/dL; High Density Lipoprotein Cholesterol: 66.0 mg/dL; Body Weight: 110.61 kg; Body Mass Index: 34.43 kg/m2; Systolic Blood Pressure: 101.0 mmHg; Diastolic Blood Pressure: 72.0 mmHg. Allergies: Allergy to peanuts; Allergy to nut; Allergy to wheat; Dander (animal) allergy; Allergy to mould. Immunizations: Influenza seasonal injectable preservative free.",0
c3516c02-968e-4e07-a54b-202f3e8b470c,"Demographics: born 1979-01-17, gender M, race white, ethnicity irish. Encounters: Asthma follow-up; Outpatient Encounter; Encounter for symptom; Emergency hospital admission for asthma. Medications: 120 ACTUAT Fluticasone propionate 0.044 MG/ACTUAT Metered Dose Inhaler; 200 ACTUAT Albuterol 0.09 MG/ACTUAT Metered Dose Inhaler; 24 HR Metformin hydrochloride 500 MG Extended Release Oral Tablet. Procedures: Documentation of current medications. Observations: Hemoglobin A1c/Hemoglobin.total in Blood: 6.3 %; Body Height: 176.65 cm; Body Weight: 99.2 kg; Body Mass Index: 31.79 kg/m2; Systolic Blood Pressure: 109.0 mmHg; Diastolic Blood Pressure: 81.0 mmHg; Glucose: 79.0 mg/dL; Urea Nitrogen: 9.0 mg/dL; Creatinine: 1.0 mg/dL; Calcium: 8.89 mg/dL; Sodium: 137.0 mmol/L; Potassium: 3.93 mmol/L; Chloride: 101.0 mmol/L; Carbon Dioxide: 21.0 mmol/L; Total Cholesterol: 182.0 mg/dL; Triglycerides: 124.0 mg/dL; Low Density Lipoprotein Cholesterol: 93.0 mg/dL; High Density Lipoprotein Cholesterol: 64.0 mg/dL; Hemoglobin A1c/Hemoglobin.total in Blood: 6.0 %; Body Weight: 102.8 kg; Body Mass Index: 32.94 kg/m2; Systolic Blood Pressure: 102.0 mmHg; Diastolic Blood Pressure: 76.0 mmHg; Glucose: 75.0 mg/dL; Calcium: 9.89 mg/dL; Sodium: 141.0 mmol/L; Potassium: 4.96 mmol/L; Chloride: 102.0 mmol/L; Carbon Dioxide: 27.0 mmol/L; Hemoglobin A1c/Hemoglobin.total in Blood: 8.4 %; Body Weight: 105.07 kg; Body Mass Index: 33.67 kg/m2; Systolic Blood Pressure: 154.0 mmHg; Diastolic Blood Pressure: 102.0 mmHg; Glucose: 97.0 mg/dL; Urea Nitrogen: 17.0 mg/dL; Calcium: 9.92 mg/dL; Sodium: 138.0 mmol/L; Potassium: 4.37 mmol/L; Chloride: 106.0 mmol/L. Immunizations: Influenza seasonal injectable preservative free; Td (adult) preservative free.",1
0f78e4ab-cd68-4314-8014-48048f7eba7d,"Demographics: born 2008-07-16, gender M, race asian, ethnicity chinese. Encounters: Outpatient Encounter; Encounter for symptom; Emergency room admission; Encounter for problem. Medications: Fexofenadine hydrochloride 30 MG Oral Tablet; 0.3 ML EPINEPHrine 0.5 MG/ML Auto-Injector; Acetaminophen 160 MG; Amoxicillin 200 MG Oral Tablet; Acetaminophen 160 MG Oral Tablet; Ibuprofen 100 MG Oral Tablet; predniSONE 5 MG Oral Tablet. Procedures: Documentation of current medications; Injection of adrenaline. Observations: Body Height: 89.7 cm; Body Weight: 13.93 kg; Body Mass Index: 17.32 kg/m2; Systolic Blood Pressure: 136.0 mmHg; Diastolic Blood Pressure: 80.0 mmHg; Body Height: 94.04 cm; Body Weight: 14.83 kg; Body Mass Index: 16.77 kg/m2; Systolic Blood Pressure: 117.0 mmHg; Diastolic Blood Pressure: 73.0 mmHg; Body Height: 97.94 cm; Body Weight: 15.8 kg; Body Mass Index: 16.47 kg/m2; Systolic Blood Pressure: 112.0 mmHg; Diastolic Blood Pressure: 71.0 mmHg; Body Height: 105.74 cm; Body Weight: 18.22 kg; Body Mass Index: 16.3 kg/m2; Systolic Blood Pressure: 124.0 mmHg; Diastolic Blood Pressure: 78.0 mmHg; Body Height: 113.59 cm; Body Weight: 21.2 kg; Body Mass Index: 16.43 kg/m2; Systolic Blood Pressure: 105.0 mmHg; Diastolic Blood Pressure: 89.0 mmHg; Body Height: 121.26 cm; Body Weight: 24.35 kg; Body Mass Index: 16.56 kg/m2; Systolic Blood Pressure: 137.0 mmHg; Diastolic Blood Pressure: 72.0 mmHg; Body Height: 128.14 cm; Body Weight: 27.52 kg; Body Mass Index: 16.76 kg/m2; Systolic Blood Pressure: 106.0 mmHg; Diastolic Blood Pressure: 75.0 mmHg; Body Height: 134.54 cm; Body Weight: 31.14 kg; Body Mass Index: 17.2 kg/m2; Diastolic Blood Pressure: 82.0 mmHg. Allergies: Allergy to peanuts. Immunizations: Pneumococcal conjugate PCV 13; Hep A ped/adol 2 dose; Influenza seasonal injectable preservative free; DTaP; IPV; MMR; varicella.",0
0ba3d438-2074-44c9-886f-9c8576cccd1b,"Demographics: born 1986-02-24, gender M, race white, ethnicity polish. Encounters: Outpatient Encounter; Encounter for symptom. Medications: Penicillin V Potassium 250 MG; Acetaminophen 160 MG. Procedures: Plain chest X-ray (procedure); Documentation of current medications. Observations: Body Height: 190.18 cm; Body Weight: 84.11 kg; Body Mass Index: 23.25 kg/m2; Systolic Blood Pressure: 165.0 mmHg; Diastolic Blood Pressure: 108.0 mmHg; Estimated Glomerular Filtration Rate: 60.0 mL/min/{1.73_m2}; Body Weight: 88.12 kg; Body Mass Index: 24.36 kg/m2; Systolic Blood Pressure: 168.0 mmHg; Diastolic Blood Pressure: 95.0 mmHg. Immunizations: Influenza seasonal injectable preservative free.",0
1102837a-2acb-4b1e-8414-c9bfe97fabaf,"Demographics: born 1990-09-06, gender M, race hispanic, ethnicity central_american. Encounters: Encounter for symptom; Outpatient Encounter. Medications: Amoxicillin 250 MG / Clavulanate 125 MG [Augmentin]; Penicillin V Potassium 500 MG. Procedures: Throat culture (procedure); Documentation of current medications. Observations: Body Height: 173.93 cm; Body Weight: 72.55 kg; Body Mass Index: 23.98 kg/m2; Systolic Blood Pressure: 106.0 mmHg; Diastolic Blood Pressure: 88.0 mmHg; Oral temperature: 37.89 Cel; Body Weight: 75.61 kg; Body Mass Index: 24.99 kg/m2; Systolic Blood Pressure: 101.0 mmHg; Diastolic Blood Pressure: 82.0 mmHg; Body Weight: 79.76 kg; Body Mass Index: 26.36 kg/m2; Systolic Blood Pressure: 136.0 mmHg. Immunizations: Influenza seasonal injectable preservative free; Td (adult) preservative free.",0
acea77a1-6811-49b5-b78d-f0101eb43de7,"Demographics: born 1952-04-19, gender F, race white, ethnicity french. Encounters: Outpatient Encounter; Encounter for symptom. Medications: Penicillin V Potassium 500 MG; 24 HR Metformin hydrochloride 500 MG Extended Release Oral Tablet; Acetaminophen 160 MG. Procedures: Documentation of current medications. Observations: Hemoglobin A1c/Hemoglobin.total in Blood: 9.0 %; Body Height: 156.32 cm; Body Weight: 102.85 kg; Body Mass Index: 42.09 kg/m2; Systolic Blood Pressure: 199.0 mmHg; Diastolic Blood Pressure: 115.0 mmHg; Glucose: 144.0 mg/dL; Urea Nitrogen: 10.0 mg/dL; Creatinine: 1.0 mg/dL; Calcium: 9.42 mg/dL; Sodium: 136.0 mmol/L; Potassium: 4.03 mmol/L; Chloride: 104.0 mmol/L; Carbon Dioxide: 20.0 mmol/L; Total Cholesterol: 244.0 mg/dL; Triglycerides: 216.0 mg/dL; Low Density Lipoprotein Cholesterol: 163.0 mg/dL; High Density Lipoprotein Cholesterol: 37.0 mg/dL; Microalbumin Creatine Ratio: 9.0 mg/g; Estimated Glomerular Filtration Rate: 60.0 mL/min/{1.73_m2}; Hemoglobin A1c/Hemoglobin.total in Blood: 8.9 %; Body Weight: 101.55 kg; Body Mass Index: 41.56 kg/m2; Systolic Blood Pressure: 177.0 mmHg; Diastolic Blood Pressure: 101.0 mmHg; Glucose: 166.0 mg/dL; Urea Nitrogen: 18.0 mg/dL; Calcium: 9.87 mg/dL; Sodium: 142.0 mmol/L; Potassium: 4.24 mmol/L; Chloride: 105.0 mmol/L; Carbon Dioxide: 23.0 mmol/L; Total Cholesterol: 257.0 mg/dL; Triglycerides: 281.0 mg/dL; Low Density Lipoprotein Cholesterol: 174.0 mg/dL; High Density Lipoprotein Cholesterol: 26.0 mg/dL; Microalbumin Creatine Ratio: 14.0 mg/g; Systolic Blood Pressure: 172.0 mmHg; Diastolic Blood Pressure: 110.0 mmHg; Glucose: 150.0 mg/dL. Immunizations: Influenza seasonal injectable preservative free; zoster; Td (adult) preservative free.",1
9b1a58ad-488c-42c3-8672-c2bc6d6ccd43,"Demographics: born 1995-04-08, gender M, race asian, ethnicity asian_indian. Encounters: Outpatient Encounter; Encounter for symptom. Medications: Penicillin V Potassium 250 MG; Penicillin V Potassium 500 MG. Procedures: Documentation of current medications; Throat culture (procedure). Observations: Body Height: 184.76 cm; Body Weight: 68.36 kg; Body Mass Index: 20.02 kg/m2; Systolic Blood Pressure: 108.0 mmHg; Diastolic Blood Pressure: 83.0 mmHg; Body Height: 187.58 cm; Body Weight: 73.5 kg; Body Mass Index: 20.89 kg/m2; Systolic Blood Pressure: 102.0 mmHg; Body Height: 188.81 cm; Body Weight: 76.88 kg; Body Mass Index: 21.56 kg/m2; Systolic Blood Pressure: 119.0 mmHg; Diastolic Blood Pressure: 89.0 mmHg; Body Height: 189.55 cm; Body Weight: 79.55 kg; Body Mass Index: 22.14 kg/m2; Systolic Blood Pressure: 113.0 mmHg; Diastolic Blood Pressure: 88.0 mmHg; Body Height: 190.01 cm; Body Weight: 81.64 kg; Body Mass Index: 22.61 kg/m2; Systolic Blood Pressure: 123.0 mmHg; Diastolic Blood Pressure: 87.0 mmHg; Oral temperature: 37.0 Cel; Body Height: 190.18 cm; Body Weight: 83.9 kg; Body Mass Index: 23.2 kg/m2; Systolic Blood Pressure: 133.0 mmHg; Diastolic Blood Pressure: 71.0 mmHg; Oral temperature: 38.66 Cel. Immunizations: Influenza seasonal injectable preservative free; meningococcal MCV4P.",0
1c804187-c11e-48a6-af39-185b536c4304,"Demographics: born 1953-04-26, gender M, race hispanic, ethnicity puerto_rican. Encounters: Emergency Encounter; Outpatient Encounter; Encounter for symptom; Encounter for 'check-up'; Domiciliary or rest home patient evaluation and management. Medications: Hydrocortisone 10 MG/ML Topical Cream; diphenhydrAMINE Hydrochloride 25 MG Oral Tablet; 24 HR Metformin hydrochloride 500 MG Extended Release Oral Tablet; 3 ML liraglutide 6 MG/ML Pen Injector; Clopidogrel 75 MG Oral Tablet; Simvastatin 20 MG Oral Tablet; Amlodipine 5 MG Oral Tablet; Nitroglycerin 0.4 MG/ACTUAT [Nitrolingual]; canagliflozin 100 MG Oral Tablet; Alteplase 1 MG/ML Injectable Solution. Procedures: Percutaneous mechanical thrombectomy of portal vein using fluoroscopic guidance; Documentation of current medications; Colonoscopy; Information gathering (procedure). Observations: Hemoglobin A1c/Hemoglobin.total in Blood: 9.3 %; Body Height: 175.59 cm; Body Weight: 145.03 kg; Body Mass Index: 47.04 kg/m2; Systolic Blood Pressure: 139.0 mmHg; Diastolic Blood Pressure: 73.0 mmHg; Glucose: 148.0 mg/dL; Urea Nitrogen: 19.0 mg/dL; Creatinine: 1.0 mg/dL; Calcium: 9.83 mg/dL; Sodium: 140.0 mmol/L; Potassium: 4.91 mmol/L; Chloride: 108.0 mmol/L; Carbon Dioxide: 26.0 mmol/L; Total Cholesterol: 298.0 mg/dL; Triglycerides: 574.0 mg/dL; Low Density Lipoprotein Cholesterol: 177.0 mg/dL; High Density Lipoprotein Cholesterol: 6.0 mg/dL; Microalbumin Creatine Ratio: 11.0 mg/g; Estimated Glomerular Filtration Rate: 60.0 mL/min/{1.73_m2}; Hemoglobin A1c/Hemoglobin.total in Blood: 9.8 %; Systolic Blood Pressure: 137.0 mmHg; Diastolic Blood Pressure: 83.0 mmHg; Urea Nitrogen: 10.0 mg/dL; Calcium: 8.92 mg/dL; Sodium: 144.0 mmol/L; Potassium: 4.46 mmol/L; Chloride: 102.0 mmol/L; Carbon Dioxide: 28.0 mmol/L; Total Cholesterol: 276.0 mg/dL; Triglycerides: 514.0 mg/dL; Low Density Lipoprotein Cholesterol: 161.0 mg/dL; High Density Lipoprotein Cholesterol: 12.0 mg/dL; Microalbumin Creatine Ratio: 16.0 mg/g; Hemoglobin A1c/Hemoglobin.total in Blood: 9.6 %; Body Weight: 143.51 kg; Body Mass Index: 46.55 kg/m2; Systolic Blood Pressure: 103.0 mmHg; Diastolic Blood Pressure: 87.0 mmHg; Glucose: 150.0 mg/dL. Allergies: Latex allergy. Immunizations: Influenza seasonal injectable preservative free; zoster; Td (adult) preservative free.",1
aa387a2a-25f9-4c86-a7eb-666f490b2659,"Demographics: born 1912-06-02, gender M, race white, ethnicity french.",0
429983fc-3c8e-4943-b402-d190c11461b8,"Demographics: born 1954-03-21, gender M, race white, ethnicity irish. Encounters: Outpatient Encounter; Emergency room admission; Encounter for symptom. Medications: Naproxen sodium 220 MG [Aleve]; Naproxen sodium 220 MG Oral Tablet. Procedures: Documentation of current medications. Observations: Body Height: 179.73 cm; Body Weight: 109.55 kg; Body Mass Index: 33.91 kg/m2; Systolic Blood Pressure: 198.0 mmHg; Diastolic Blood Pressure: 101.0 mmHg; Total Cholesterol: 184.0 mg/dL; Triglycerides: 146.0 mg/dL; Low Density Lipoprotein Cholesterol: 83.0 mg/dL; High Density Lipoprotein Cholesterol: 71.0 mg/dL; Estimated Glomerular Filtration Rate: 60.0 mL/min/{1.73_m2}; Systolic Blood Pressure: 192.0 mmHg; Diastolic Blood Pressure: 100.0 mmHg; Systolic Blood Pressure: 141.0 mmHg; Diastolic Blood Pressure: 95.0 mmHg; Systolic Blood Pressure: 183.0 mmHg; Diastolic Blood Pressure: 108.0 mmHg; Body Weight: 107.99 kg; Body Mass Index: 33.43 kg/m2; Systolic Blood Pressure: 171.0 mmHg; Diastolic Blood Pressure: 97.0 mmHg; Total Cholesterol: 200.0 mg/dL; Triglycerides: 112.0 mg/dL; Low Density Lipoprotein Cholesterol: 118.0 mg/dL; High Density Lipoprotein Cholesterol: 59.0 mg/dL; Body Weight: 106.71 kg; Body Mass Index: 33.04 kg/m2; Systolic Blood Pressure: 144.0 mmHg; Diastolic Blood Pressure: 117.0 mmHg; Body Weight: 105.54 kg; Body Mass Index: 32.67 kg/m2; Systolic Blood Pressure: 161.0 mmHg; Diastolic Blood Pressure: 102.0 mmHg. Immunizations: Influenza seasonal injectable preservative free; zoster; Td (adult) preservative free.",0
d6bff2c4-95c1-4c22-8e35-784d84e18209,"Demographics: born 2010-07-06, gender F, race white, ethnicity french. Encounters: Outpatient Encounter; Encounter for symptom. Medications: Amoxicillin 200 MG Oral Tablet; Acetaminophen 160 MG Oral Tablet. Procedures: Documentation of current medications. Observations: Body Height: 53.57 cm; Body Weight: 4.41 kg; Systolic Blood Pressure: 116.0 mmHg; Diastolic Blood Pressure: 81.0 mmHg; Body Height: 56.35 cm; Body Weight: 5.08 kg; Systolic Blood Pressure: 109.0 mmHg; Diastolic Blood Pressure: 74.0 mmHg; Body Height: 60.71 cm; Body Weight: 6.26 kg; Systolic Blood Pressure: 101.0 mmHg; Diastolic Blood Pressure: 73.0 mmHg; Body Height: 64.21 cm; Body Weight: 7.26 kg; Systolic Blood Pressure: 138.0 mmHg; Diastolic Blood Pressure: 88.0 mmHg; Body Height: 68.56 cm; Body Weight: 8.48 kg; Systolic Blood Pressure: 100.0 mmHg; Diastolic Blood Pressure: 87.0 mmHg; Body Height: 72.25 cm; Body Weight: 9.44 kg; Systolic Blood Pressure: 129.0 mmHg; Body Height: 74.46 cm; Body Weight: 9.96 kg; Systolic Blood Pressure: 139.0 mmHg; Diastolic Blood Pressure: 84.0 mmHg; Body Height: 77.49 cm; Body Weight: 10.63 kg; Systolic Blood Pressure: 122.0 mmHg; Diastolic Blood Pressure: 80.0 mmHg; Body Height: 82.82 cm; Body Weight: 11.69 kg; Systolic Blood Pressure: 137.0 mmHg; Body Height: 87.6 cm; Body Weight: 12.72 kg; Body Mass Index: 16.57 kg/m2; Systolic Blood Pressure: 110.0 mmHg; Body Height: 91.36 cm; Body Weight: 13.57 kg. Immunizations: Hep B adolescent or pediatric; rotavirus monovalent; DTaP; Hib (PRP-OMP); Pneumococcal conjugate PCV 13; IPV; Influenza seasonal injectable preservative free; MMR; varicella; Hep A ped/adol 2 dose.",0
9141322a-267c-4fb2-95a5-4a6eeefab440,"Demographics: born 1968-11-22, gender F, race white, ethnicity polish. Encounters: Outpatient Encounter; Prenatal initial visit; Prenatal visit; Consultation for treatment; Encounter for symptom. Medications: Penicillin V Potassium 250 MG; Errin 28 Day Pack; Amoxicillin 250 MG / Clavulanate 125 MG [Augmentin]. Procedures: Standard pregnancy test. Observations: Body Height: 161.32 cm; Body Weight: 100.49 kg; Body Mass Index: 38.61 kg/m2; Systolic Blood Pressure: 145.0 mmHg; Diastolic Blood Pressure: 119.0 mmHg; Total Cholesterol: 180.0 mg/dL; Triglycerides: 129.0 mg/dL; Low Density Lipoprotein Cholesterol: 93.0 mg/dL; High Density Lipoprotein Cholesterol: 61.0 mg/dL; Estimated Glomerular Filtration Rate: 60.0 mL/min/{1.73_m2}; Body Weight: 103.51 kg; Body Mass Index: 39.77 kg/m2; Systolic Blood Pressure: 154.0 mmHg; Diastolic Blood Pressure: 96.0 mmHg; Body Weight: 106.59 kg; Body Mass Index: 40.96 kg/m2; Systolic Blood Pressure: 176.0 mmHg; Diastolic Blood Pressure: 99.0 mmHg; Total Cholesterol: 182.0 mg/dL; Triglycerides: 148.0 mg/dL; Low Density Lipoprotein Cholesterol: 87.0 mg/dL; High Density Lipoprotein Cholesterol: 65.0 mg/dL. Immunizations: Influenza seasonal injectable preservative free; Td (adult) preservative free.",0
ca1a0fca-9930-4aff-84b2-c0663fcb4d20,"Demographics: born 1970-04-16, gender M, race white, ethnicity english. Encounters: Outpatient Encounter; Encounter for symptom. Medications: Acetaminophen 160 MG. Procedures: Documentation of current medications; Measurement of respiratory function (procedure). Observations: Body Height: 176.93 cm; Body Weight: 110.83 kg; Body Mass Index: 35.4 kg/m2; Systolic Blood Pressure: 105.0 mmHg; Diastolic Blood Pressure: 71.0 mmHg; Total Cholesterol: 160.0 mg/dL; Triglycerides: 134.0 mg/dL; Low Density Lipoprotein Cholesterol: 61.0 mg/dL; High Density Lipoprotein Cholesterol: 72.0 mg/dL; Body Weight: 116.16 kg; Body Mass Index: 37.11 kg/m2; Systolic Blood Pressure: 107.0 mmHg; Diastolic Blood Pressure: 72.0 mmHg; Oral temperature: 38.0 Cel; Body Weight: 118.88 kg; Body Mass Index: 37.98 kg/m2; Systolic Blood Pressure: 133.0 mmHg; Diastolic Blood Pressure: 78.0 mmHg; Total Cholesterol: 195.0 mg/dL; Triglycerides: 150.0 mg/dL; Low Density Lipoprotein Cholesterol: 94.0 mg/dL; High Density Lipoprotein Cholesterol: 71.0 mg/dL. Immunizations: Influenza seasonal injectable preservative free; Td (adult) preservative free.",0
0477abf4-9fad-4bbf-9d51-f4576e73bb64,"Demographics: born 1983-04-14, gender M, race hispanic, ethnicity mexican. Encounters: Encounter for symptom; Outpatient Encounter. Medications: 24 HR Metformin hydrochloride 500 MG Extended Release Oral Tablet; 3 ML liraglutide 6 MG/ML Pen Injector; Ibuprofen 200 MG Oral Tablet; Acetaminophen 160 MG. Procedures: Documentation of current medications. Observations: Oral temperature: 37.0 Cel; Hemoglobin A1c/Hemoglobin.total in Blood: 9.3 %; Body Height: 163.33 cm; Body Weight: 115.04 kg; Body Mass Index: 43.13 kg/m2; Systolic Blood Pressure: 195.0 mmHg; Diastolic Blood Pressure: 96.0 mmHg; Glucose: 179.0 mg/dL; Urea Nitrogen: 16.0 mg/dL; Creatinine: 1.0 mg/dL; Calcium: 8.51 mg/dL; Sodium: 143.0 mmol/L; Potassium: 4.12 mmol/L; Chloride: 103.0 mmol/L; Carbon Dioxide: 26.0 mmol/L; Total Cholesterol: 247.0 mg/dL; Triglycerides: 307.0 mg/dL; Low Density Lipoprotein Cholesterol: 152.0 mg/dL; High Density Lipoprotein Cholesterol: 33.0 mg/dL; Microalbumin Creatine Ratio: 15.0 mg/g; Estimated Glomerular Filtration Rate: 60.0 mL/min/{1.73_m2}; Body Weight: 120.11 kg; Body Mass Index: 45.03 kg/m2; Systolic Blood Pressure: 184.0 mmHg; Diastolic Blood Pressure: 120.0 mmHg; Glucose: 199.0 mg/dL; Urea Nitrogen: 19.0 mg/dL; Calcium: 9.75 mg/dL; Sodium: 141.0 mmol/L; Potassium: 4.17 mmol/L; Chloride: 107.0 mmol/L; Carbon Dioxide: 22.0 mmol/L; Total Cholesterol: 263.0 mg/dL; Triglycerides: 518.0 mg/dL; Low Density Lipoprotein Cholesterol: 149.0 mg/dL; High Density Lipoprotein Cholesterol: 10.0 mg/dL; Microalbumin Creatine Ratio: 7.0 mg/g. Immunizations: Influenza seasonal injectable preservative free; Td (adult) preservative free.",1
c05a6889-3c2a-4294-9386-6dca23aa3bac,"Demographics: born 1959-01-25, gender M, race white, ethnicity italian. Encounters: Outpatient Encounter; Encounter for 'check-up'. Medications: Penicillin V Potassium 250 MG. Procedures: Documentation of current medications; Colonoscopy. Observations: Hemoglobin A1c/Hemoglobin.total in Blood: 6.1 %; Body Height: 179.12 cm; Body Weight: 104.49 kg; Body Mass Index: 32.57 kg/m2; Systolic Blood Pressure: 114.0 mmHg; Diastolic Blood Pressure: 80.0 mmHg; Glucose: 83.0 mg/dL; Urea Nitrogen: 11.0 mg/dL; Creatinine: 1.0 mg/dL; Calcium: 9.53 mg/dL; Sodium: 140.0 mmol/L; Potassium: 4.88 mmol/L; Chloride: 104.0 mmol/L; Carbon Dioxide: 23.0 mmol/L; Total Cholesterol: 198.0 mg/dL; Triglycerides: 102.0 mg/dL; Low Density Lipoprotein Cholesterol: 107.0 mg/dL; High Density Lipoprotein Cholesterol: 70.0 mg/dL; Hemoglobin A1c/Hemoglobin.total in Blood: 5.8 %; Systolic Blood Pressure: 118.0 mmHg; Diastolic Blood Pressure: 89.0 mmHg; Glucose: 65.0 mg/dL; Urea Nitrogen: 7.0 mg/dL; Calcium: 9.37 mg/dL; Sodium: 137.0 mmol/L; Potassium: 4.5 mmol/L; Chloride: 105.0 mmol/L; Carbon Dioxide: 28.0 mmol/L; Hemoglobin A1c/Hemoglobin.total in Blood: 6.3 %; Systolic Blood Pressure: 116.0 mmHg; Diastolic Blood Pressure: 77.0 mmHg; Glucose: 95.0 mg/dL; Urea Nitrogen: 18.0 mg/dL; Calcium: 9.24 mg/dL; Sodium: 136.0 mmol/L; Potassium: 4.23 mmol/L; Chloride: 107.0 mmol/L; Hemoglobin A1c/Hemoglobin.total in Blood: 6.0 %; Systolic Blood Pressure: 119.0 mmHg; Diastolic Blood Pressure: 74.0 mmHg. Immunizations: Influenza seasonal injectable preservative free; Td (adult) preservative free.",0
4a50cc6c-6fc4-4ad2-ae20-fed978f6ebb1,"Demographics: born 1952-11-20, gender F, race asian, ethnicity chinese. Encounters: Outpatient Encounter; Encounter for 'check-up'; Encounter for symptom. Medications: 24 HR Metformin hydrochloride 500 MG Extended Release Oral Tablet; Penicillin V Potassium 500 MG; Insulin Lispro 100 UNT/ML Injectable Solution [Humalog]. Procedures: Colonoscopy; Documentation of current medications. Observations: Hemoglobin A1c/Hemoglobin.total in Blood: 3.1 %; Body Height: 166.82 cm; Body Weight: 118.54 kg; Body Mass Index: 42.6 kg/m2; Systolic Blood Pressure: 182.0 mmHg; Diastolic Blood Pressure: 114.0 mmHg; Glucose: 88.0 mg/dL; Urea Nitrogen: 15.0 mg/dL; Creatinine: 1.0 mg/dL; Calcium: 8.91 mg/dL; Sodium: 139.0 mmol/L; Potassium: 3.77 mmol/L; Chloride: 102.0 mmol/L; Carbon Dioxide: 25.0 mmol/L; Total Cholesterol: 178.0 mg/dL; Triglycerides: 129.0 mg/dL; Low Density Lipoprotein Cholesterol: 72.0 mg/dL; High Density Lipoprotein Cholesterol: 80.0 mg/dL; Microalbumin Creatine Ratio: 0.0 mg/g; Estimated Glomerular Filtration Rate: 60.0 mL/min/{1.73_m2}; Systolic Blood Pressure: 189.0 mmHg; Diastolic Blood Pressure: 104.0 mmHg; Glucose: 71.0 mg/dL; Urea Nitrogen: 18.0 mg/dL; Calcium: 9.07 mg/dL; Sodium: 143.0 mmol/L; Potassium: 4.11 mmol/L; Chloride: 105.0 mmol/L; Carbon Dioxide: 28.0 mmol/L; Total Cholesterol: 185.0 mg/dL; Triglycerides: 135.0 mg/dL; Low Density Lipoprotein Cholesterol: 79.0 mg/dL; High Density Lipoprotein Cholesterol: 79.0 mg/dL; Microalbumin Creatine Ratio: 3.0 mg/g; Systolic Blood Pressure: 170.0 mmHg; Diastolic Blood Pressure: 111.0 mmHg; Glucose: 70.0 mg/dL; Urea Nitrogen: 16.0 mg/dL; Calcium: 8.66 mg/dL; Sodium: 136.0 mmol/L. Immunizations: Influenza seasonal injectable preservative free; zoster; Td (adult) preservative free.",1
98f6b1d2-6dca-4117-a662-e140ef73a1da,"Demographics: born 1985-09-19, gender F, race hispanic, ethnicity puerto_rican. Encounters: Prenatal visit; Obstetric emergency hospital admission; Consultation for treatment; Admission to surgical department; Encounter for symptom; Outpatient Encounter. Medications: Penicillin V Potassium 250 MG; Penicillin V Potassium 500 MG; 24 HR Metformin hydrochloride 500 MG Extended Release Oral Tablet. Procedures: Childbirth; Bilateral tubal ligation; Documentation of current medications. Observations: Oral temperature: 37.0 Cel; Hemoglobin A1c/Hemoglobin.total in Blood: 7.4 %; Body Height: 165.56 cm; Body Weight: 81.21 kg; Body Mass Index: 29.63 kg/m2; Systolic Blood Pressure: 117.0 mmHg; Diastolic Blood Pressure: 74.0 mmHg; Glucose: 101.0 mg/dL; Urea Nitrogen: 18.0 mg/dL; Creatinine: 1.0 mg/dL; Calcium: 9.83 mg/dL; Sodium: 137.0 mmol/L; Potassium: 4.33 mmol/L; Chloride: 108.0 mmol/L; Carbon Dioxide: 20.0 mmol/L; Total Cholesterol: 230.0 mg/dL; Triglycerides: 160.0 mg/dL; Low Density Lipoprotein Cholesterol: 139.0 mg/dL; High Density Lipoprotein Cholesterol: 59.0 mg/dL; Microalbumin Creatine Ratio: 6.0 mg/g; Estimated Glomerular Filtration Rate: 60.0 mL/min/{1.73_m2}; Hemoglobin A1c/Hemoglobin.total in Blood: 7.8 %; Body Weight: 85.71 kg; Body Mass Index: 31.27 kg/m2; Systolic Blood Pressure: 107.0 mmHg; Diastolic Blood Pressure: 82.0 mmHg; Glucose: 120.0 mg/dL; Urea Nitrogen: 17.0 mg/dL; Calcium: 9.31 mg/dL; Sodium: 139.0 mmol/L; Potassium: 5.18 mmol/L; Carbon Dioxide: 26.0 mmol/L; Total Cholesterol: 234.0 mg/dL; Triglycerides: 179.0 mg/dL; Low Density Lipoprotein Cholesterol: 153.0 mg/dL; High Density Lipoprotein Cholesterol: 45.0 mg/dL; Microalbumin Creatine Ratio: 7.0 mg/g. Immunizations: Influenza seasonal injectable preservative free.",1
797eb592-0a27-446f-bc38-3c87afacf81e,"Demographics: born 1951-07-09, gender M, race white, ethnicity portuguese. Encounters: Outpatient Encounter; Encounter for 'check-up'. Medications: Penicillin V Potassium 500 MG; 24 HR Metformin hydrochloride 500 MG Extended Release Oral Tablet. Procedures: Documentation of current medications; Colonoscopy. Observations: Hemoglobin A1c/Hemoglobin.total in Blood: 7.7 %; Body Height: 173.33 cm; Body Weight: 110.39 kg; Body Mass Index: 36.74 kg/m2; Systolic Blood Pressure: 187.0 mmHg; Diastolic Blood Pressure: 106.0 mmHg; Glucose: 160.0 mg/dL; Urea Nitrogen: 14.0 mg/dL; Creatinine: 1.0 mg/dL; Calcium: 10.14 mg/dL; Sodium: 144.0 mmol/L; Potassium: 3.99 mmol/L; Chloride: 109.0 mmol/L; Carbon Dioxide: 20.0 mmol/L; Total Cholesterol: 239.0 mg/dL; Triglycerides: 424.0 mg/dL; Low Density Lipoprotein Cholesterol: 134.0 mg/dL; High Density Lipoprotein Cholesterol: 20.0 mg/dL; Microalbumin Creatine Ratio: 10.0 mg/g; Estimated Glomerular Filtration Rate: 60.0 mL/min/{1.73_m2}; Hemoglobin A1c/Hemoglobin.total in Blood: 7.5 %; Body Weight: 108.52 kg; Body Mass Index: 36.12 kg/m2; Systolic Blood Pressure: 177.0 mmHg; Diastolic Blood Pressure: 115.0 mmHg; Glucose: 162.0 mg/dL; Urea Nitrogen: 10.0 mg/dL; Calcium: 9.72 mg/dL; Sodium: 142.0 mmol/L; Potassium: 4.89 mmol/L; Carbon Dioxide: 26.0 mmol/L; Total Cholesterol: 254.0 mg/dL; Triglycerides: 352.0 mg/dL; Low Density Lipoprotein Cholesterol: 144.0 mg/dL; High Density Lipoprotein Cholesterol: 39.0 mg/dL; Microalbumin Creatine Ratio: 16.0 mg/g; Hemoglobin A1c/Hemoglobin.total in Blood: 7.4 %; Body Weight: 106.52 kg; Body Mass Index: 35.46 kg/m2; Systolic Blood Pressure: 167.0 mmHg. Allergies: Shellfish allergy. Immunizations: Influenza seasonal injectable preservative free; zoster; Td (adult) preservative free; Pneumococcal conjugate PCV 13.",1
b08966bd-a8ee-4742-a382-3ad35209c765,"Demographics: born 1947-02-25, gender F, race white, ethnicity portuguese. Encounters: Death Certification. Medications: Fluticasone propionate 0.25 MG/ACTUAT / salmeterol 0.05 MG/ACTUAT [Advair]; Penicillin V Potassium 500 MG; 24 HR Metformin hydrochloride 500 MG Extended Release Oral Tablet. Observations: Chronic obstructive bronchitis (disorder).",1
1cf03e47-cdea-47b3-9fc2-264fa0dc05f1,"Demographics: born 1909-05-15, gender F, race white, ethnicity irish. Encounters: Death Certification. Medications: 24 HR Metformin hydrochloride 500 MG Extended Release Oral Tablet; Nitroglycerin 0.4 MG/ACTUAT [Nitrolingual]; Simvastatin 20 MG Oral Tablet; Amlodipine 5 MG Oral Tablet; Clopidogrel 75 MG Oral Tablet. Observations: Pneumonia.",1
6c265101-10dc-4c36-9162-a2adcc31ed49,"Demographics: born 1967-08-21, gender M, race white, ethnicity italian. Encounters: Outpatient Encounter; Death Certification. Medications: Fluticasone propionate 0.25 MG/ACTUAT / salmeterol 0.05 MG/ACTUAT [Advair]. Procedures: Spirometry (procedure). Observations: FEV1/​FVC: 45.0 %; Pulmonary emphysema (disorder); Hemoglobin A1c/Hemoglobin.total in Blood: 6.0 %; Body Height: 176.61 cm; Body Weight: 103.14 kg; Body Mass Index: 33.07 kg/m2; Systolic Blood Pressure: 184.0 mmHg; Diastolic Blood Pressure: 98.0 mmHg; Glucose: 76.0 mg/dL; Urea Nitrogen: 13.0 mg/dL; Creatinine: 1.0 mg/dL; Calcium: 9.75 mg/dL; Sodium: 142.0 mmol/L; Potassium: 4.42 mmol/L; Chloride: 111.0 mmol/L; Carbon Dioxide: 22.0 mmol/L; Total Cholesterol: 189.0 mg/dL; Triglycerides: 150.0 mg/dL; Low Density Lipoprotein Cholesterol: 92.0 mg/dL; High Density Lipoprotein Cholesterol: 67.0 mg/dL; Estimated Glomerular Filtration Rate: 60.0 mL/min/{1.73_m2}. Immunizations: Influenza seasonal injectable preservative free.",0
2cd65966-08b1-4ee0-a37c-ffc9a5226f49,"Demographics: born 1911-03-12, gender M, race white, ethnicity portuguese. Encounters: Death Certification. Medications: Acetaminophen 325 MG / oxyCODONE Hydrochloride 5 MG Oral Tablet; Nitroglycerin 0.4 MG/ACTUAT [Nitrolingual]. Observations: Pneumonia.",0
ce2f71e2-5913-4b43-b840-58844e5b1642,"Demographics: born 2010-11-14, gender F, race white, ethnicity polish. Encounters: Outpatient Encounter; Emergency room admission; Encounter for 'check-up'; Encounter for symptom. Procedures: Documentation of current medications. Observations: Body Height: 49.78 cm; Body Weight: 4.26 kg; Systolic Blood Pressure: 127.0 mmHg; Diastolic Blood Pressure: 71.0 mmHg; Body Height: 53.37 cm; Body Weight: 5.08 kg; Systolic Blood Pressure: 103.0 mmHg; Diastolic Blood Pressure: 85.0 mmHg; Body Height: 58.47 cm; Body Weight: 6.52 kg; Diastolic Blood Pressure: 86.0 mmHg; Body Height: 62.32 cm; Body Weight: 7.72 kg; Systolic Blood Pressure: 139.0 mmHg; Diastolic Blood Pressure: 82.0 mmHg; Body Height: 65.53 cm; Body Weight: 8.73 kg; Body Height: 69.61 cm; Body Weight: 9.97 kg; Systolic Blood Pressure: 107.0 mmHg; Diastolic Blood Pressure: 76.0 mmHg; Body Height: 72.0 cm; Body Weight: 10.65 kg; Systolic Blood Pressure: 123.0 mmHg; Diastolic Blood Pressure: 73.0 mmHg; Body Height: 75.24 cm; Body Weight: 11.5 kg; Systolic Blood Pressure: 137.0 mmHg; Diastolic Blood Pressure: 72.0 mmHg; Body Height: 78.16 cm; Body Weight: 12.21 kg; Diastolic Blood Pressure: 70.0 mmHg; Body Height: 82.52 cm; Body Weight: 13.23 kg; Body Height: 86.56 cm; Body Weight: 14.33 kg; Body Mass Index: 19.12 kg/m2; Systolic Blood Pressure: 109.0 mmHg; Diastolic Blood Pressure: 87.0 mmHg; Body Height: 89.88 cm. Immunizations: Hep B adolescent or pediatric; rotavirus monovalent; DTaP; Hib (PRP-OMP); Pneumococcal conjugate PCV 13; IPV; Influenza seasonal injectable preservative free; MMR; varicella; Hep A ped/adol 2 dose.",0
8c7d00c5-29c9-476d-adb6-c39363a88ad1,"Demographics: born 1992-06-21, gender M, race white, ethnicity italian. Encounters: Outpatient Encounter; Encounter for symptom. Medications: Penicillin V Potassium 250 MG. Observations: Body Height: 171.71 cm; Body Weight: 52.92 kg; Body Mass Index: 17.95 kg/m2; Systolic Blood Pressure: 200.0 mmHg; Diastolic Blood Pressure: 112.0 mmHg; Estimated Glomerular Filtration Rate: 60.0 mL/min/{1.73_m2}; Oral temperature: 38.0 Cel; Body Height: 172.06 cm; Body Weight: 54.2 kg; Body Mass Index: 18.31 kg/m2; Systolic Blood Pressure: 142.0 mmHg; Diastolic Blood Pressure: 108.0 mmHg; Body Height: 172.17 cm; Body Weight: 55.8 kg; Body Mass Index: 18.82 kg/m2; Systolic Blood Pressure: 173.0 mmHg; Diastolic Blood Pressure: 109.0 mmHg; Body Weight: 59.85 kg; Body Mass Index: 20.19 kg/m2; Systolic Blood Pressure: 193.0 mmHg; Diastolic Blood Pressure: 91.0 mmHg. Immunizations: Influenza seasonal injectable preservative free; Td (adult) preservative free.",0
ab894b62-ca8b-40d1-8619-f7cfb40fda06,"Demographics: born 1949-04-02, gender M, race hispanic, ethnicity mexican. Encounters: Outpatient Encounter; Death Certification. Medications: Penicillin V Potassium 500 MG; 24 HR Metformin hydrochloride 500 MG Extended Release Oral Tablet; Fluticasone propionate 0.25 MG/ACTUAT / salmeterol 0.05 MG/ACTUAT [Advair]. Procedures: Spirometry (procedure); Pulmonary rehabilitation (regime/therapy); Documentation of current medications. Observations: FEV1/​FVC: 15.0 %; Hemoglobin A1c/Hemoglobin.total in Blood: 7.2 %; Body Height: 171.8 cm; Body Weight: 103.24 kg; Body Mass Index: 34.98 kg/m2; Systolic Blood Pressure: 146.0 mmHg; Diastolic Blood Pressure: 101.0 mmHg; Glucose: 123.0 mg/dL; Urea Nitrogen: 17.0 mg/dL; Creatinine: 1.0 mg/dL; Calcium: 9.25 mg/dL; Sodium: 142.0 mmol/L; Potassium: 5.14 mmol/L; Chloride: 104.0 mmol/L; Carbon Dioxide: 26.0 mmol/L; Total Cholesterol: 233.0 mg/dL; Triglycerides: 193.0 mg/dL; Low Density Lipoprotein Cholesterol: 149.0 mg/dL; High Density Lipoprotein Cholesterol: 45.0 mg/dL; Microalbumin Creatine Ratio: 17.0 mg/g; Estimated Glomerular Filtration Rate: 60.0 mL/min/{1.73_m2}; FEV1/​FVC: 25.0 %; Hemoglobin A1c/Hemoglobin.total in Blood: 7.1 %; Body Weight: 101.79 kg; Body Mass Index: 34.49 kg/m2; Systolic Blood Pressure: 188.0 mmHg; Diastolic Blood Pressure: 108.0 mmHg; Glucose: 107.0 mg/dL; Urea Nitrogen: 13.0 mg/dL; Calcium: 9.74 mg/dL; Sodium: 144.0 mmol/L; Potassium: 4.03 mmol/L; Chloride: 101.0 mmol/L; Carbon Dioxide: 24.0 mmol/L; Total Cholesterol: 209.0 mg/dL; Triglycerides: 196.0 mg/dL; Low Density Lipoprotein Cholesterol: 126.0 mg/dL; High Density Lipoprotein Cholesterol: 43.0 mg/dL; Microalbumin Creatine Ratio: 10.0 mg/g; FEV1/​FVC: 20.0 %. Allergies: Dander (animal) allergy; House dust mite allergy; Allergy to mould. Immunizations: Influenza seasonal injectable preservative free; Td (adult) preservative free; Pneumococcal conjugate PCV 13.",1
05c875c0-d78a-4369-b86e-8b283d596eae,"Demographics: born 1947-02-24, gender F, race white, ethnicity irish. Encounters: Outpatient Encounter; Emergency room admission; Encounter for 'check-up'; Encounter for symptom. Medications: Penicillin V Potassium 250 MG; Meperidine Hydrochloride 50 MG Oral Tablet; Acetaminophen 325 MG Oral Tablet; Naproxen sodium 220 MG Oral Tablet; Cefuroxime 250 MG Oral Tablet. Procedures: Documentation of current medications; Admission to orthopedic department; Bone density scan (procedure). Observations: Hemoglobin A1c/Hemoglobin.total in Blood: 6.1 %; Body Height: 169.25 cm; Body Weight: 105.76 kg; Body Mass Index: 36.92 kg/m2; Systolic Blood Pressure: 191.0 mmHg; Diastolic Blood Pressure: 95.0 mmHg; Glucose: 75.0 mg/dL; Urea Nitrogen: 7.0 mg/dL; Creatinine: 1.0 mg/dL; Calcium: 8.97 mg/dL; Sodium: 144.0 mmol/L; Potassium: 4.41 mmol/L; Chloride: 109.0 mmol/L; Carbon Dioxide: 20.0 mmol/L; Total Cholesterol: 182.0 mg/dL; Triglycerides: 114.0 mg/dL; Low Density Lipoprotein Cholesterol: 96.0 mg/dL; High Density Lipoprotein Cholesterol: 63.0 mg/dL; Estimated Glomerular Filtration Rate: 60.0 mL/min/{1.73_m2}; Body Weight: 104.26 kg; Body Mass Index: 36.39 kg/m2; Systolic Blood Pressure: 140.0 mmHg; Diastolic Blood Pressure: 93.0 mmHg; Glucose: 87.0 mg/dL; Urea Nitrogen: 20.0 mg/dL; Calcium: 8.86 mg/dL; Sodium: 143.0 mmol/L; Potassium: 4.44 mmol/L; Chloride: 102.0 mmol/L; Carbon Dioxide: 26.0 mmol/L; DXA [T-score] Bone density: 0.1 {T-score}; Hemoglobin A1c/Hemoglobin.total in Blood: 6.0 %; Body Weight: 102.46 kg; Body Mass Index: 35.77 kg/m2; Systolic Blood Pressure: 146.0 mmHg; Diastolic Blood Pressure: 103.0 mmHg; Glucose: 68.0 mg/dL; Urea Nitrogen: 10.0 mg/dL; Calcium: 8.88 mg/dL; Sodium: 141.0 mmol/L. Immunizations: Influenza seasonal injectable preservative free; Pneumococcal conjugate PCV 13; pneumococcal polysaccharide vaccine 23 valent.",0
f7adbe16-b86f-492e-a4db-e4eea6c9f831,"Demographics: born 1952-01-20, gender M, race black, ethnicity african. Encounters: Outpatient Encounter; Encounter for 'check-up'; Encounter for symptom. Medications: Penicillin V Potassium 250 MG; 24 HR Metformin hydrochloride 500 MG Extended Release Oral Tablet; Penicillin V Potassium 500 MG. Procedures: Documentation of current medications; Colonoscopy; Throat culture (procedure). Observations: Hemoglobin A1c/Hemoglobin.total in Blood: 6.3 %; Body Height: 179.67 cm; Body Weight: 100.39 kg; Body Mass Index: 31.1 kg/m2; Systolic Blood Pressure: 160.0 mmHg; Diastolic Blood Pressure: 111.0 mmHg; Glucose: 96.0 mg/dL; Urea Nitrogen: 13.0 mg/dL; Creatinine: 1.0 mg/dL; Calcium: 8.52 mg/dL; Sodium: 139.0 mmol/L; Potassium: 4.0 mmol/L; Chloride: 108.0 mmol/L; Carbon Dioxide: 22.0 mmol/L; Total Cholesterol: 199.0 mg/dL; Triglycerides: 128.0 mg/dL; Low Density Lipoprotein Cholesterol: 106.0 mg/dL; High Density Lipoprotein Cholesterol: 67.0 mg/dL; Microalbumin Creatine Ratio: 4.0 mg/g; Estimated Glomerular Filtration Rate: 60.0 mL/min/{1.73_m2}; Systolic Blood Pressure: 169.0 mmHg; Diastolic Blood Pressure: 106.0 mmHg; Urea Nitrogen: 12.0 mg/dL; Calcium: 8.64 mg/dL; Sodium: 144.0 mmol/L; Chloride: 106.0 mmol/L; Total Cholesterol: 168.0 mg/dL; Triglycerides: 129.0 mg/dL; Low Density Lipoprotein Cholesterol: 67.0 mg/dL; High Density Lipoprotein Cholesterol: 75.0 mg/dL; Microalbumin Creatine Ratio: 6.0 mg/g; Hemoglobin A1c/Hemoglobin.total in Blood: 6.2 %; Body Weight: 98.87 kg; Body Mass Index: 30.63 kg/m2; Systolic Blood Pressure: 186.0 mmHg; Diastolic Blood Pressure: 110.0 mmHg; Glucose: 77.0 mg/dL; Urea Nitrogen: 9.0 mg/dL; Calcium: 9.24 mg/dL; Sodium: 138.0 mmol/L. Immunizations: Influenza seasonal injectable preservative free; zoster; Td (adult) preservative free.",1
0660d21f-9e07-44bb-8618-b86dbcb55565,"Demographics: born 1964-10-11, gender M, race asian, ethnicity chinese. Encounters: Outpatient Encounter; Emergency room admission; Non-urgent orthopedic admission; Encounter for 'check-up'; Encounter for symptom. Medications: Penicillin V Potassium 500 MG; 24 HR Metformin hydrochloride 500 MG Extended Release Oral Tablet; Meperidine Hydrochloride 50 MG Oral Tablet; Naproxen sodium 220 MG Oral Tablet; Acetaminophen 160 MG. Procedures: Documentation of current medications; Surgical manipulation of joint of knee; Colonoscopy; Sputum examination (procedure). Observations: Body Height: 175.71 cm; Body Weight: 105.12 kg; Body Mass Index: 34.05 kg/m2; Systolic Blood Pressure: 114.0 mmHg; Diastolic Blood Pressure: 76.0 mmHg; Hemoglobin A1c/Hemoglobin.total in Blood: 8.7 %; Body Weight: 107.79 kg; Body Mass Index: 34.91 kg/m2; Systolic Blood Pressure: 134.0 mmHg; Diastolic Blood Pressure: 83.0 mmHg; Glucose: 76.0 mg/dL; Urea Nitrogen: 12.0 mg/dL; Creatinine: 1.0 mg/dL; Calcium: 9.63 mg/dL; Sodium: 142.0 mmol/L; Potassium: 4.03 mmol/L; Chloride: 108.0 mmol/L; Carbon Dioxide: 22.0 mmol/L; Total Cholesterol: 200.0 mg/dL; Triglycerides: 136.0 mg/dL; Low Density Lipoprotein Cholesterol: 108.0 mg/dL; High Density Lipoprotein Cholesterol: 64.0 mg/dL; Microalbumin Creatine Ratio: 17.0 mg/g; Estimated Glomerular Filtration Rate: 60.0 mL/min/{1.73_m2}; Hemoglobin A1c/Hemoglobin.total in Blood: 7.4 %; Body Weight: 109.79 kg; Body Mass Index: 35.56 kg/m2; Systolic Blood Pressure: 123.0 mmHg; Glucose: 181.0 mg/dL; Urea Nitrogen: 20.0 mg/dL; Calcium: 9.37 mg/dL; Sodium: 141.0 mmol/L; Potassium: 4.71 mmol/L; Chloride: 104.0 mmol/L; Carbon Dioxide: 21.0 mmol/L; Total Cholesterol: 246.0 mg/dL; Triglycerides: 361.0 mg/dL; Low Density Lipoprotein Cholesterol: 139.0 mg/dL; High Density Lipoprotein Cholesterol: 34.0 mg/dL; Microalbumin Creatine Ratio: 3.0 mg/g. Immunizations: Influenza seasonal injectable preservative free; Td (adult) preservative free.",1
c7e73f9f-b837-4add-9736-1b3b8d46ce6d,"Demographics: born 1986-11-04, gender F, race white, ethnicity portuguese. Encounters: Outpatient Encounter; Consultation for treatment; Patient encounter procedure; Encounter for symptom. Medications: Penicillin V Potassium 250 MG; 1 ML Depo-Provera 150 MG/ML Injection; Nitrofurantoin 5 MG/ML [Furadantin]; Phenazopyridine hydrochloride 100 MG [Pyridium]; Dextromethorphan Hydrobromide 1 MG/ML. Procedures: Documentation of current medications; Intramuscular injection; Sputum examination (procedure). Observations: Body Height: 175.46 cm; Body Weight: 63.6 kg; Body Mass Index: 20.66 kg/m2; Systolic Blood Pressure: 185.0 mmHg; Diastolic Blood Pressure: 102.0 mmHg; Estimated Glomerular Filtration Rate: 60.0 mL/min/{1.73_m2}; Hemoglobin A1c/Hemoglobin.total in Blood: 6.6 %; Body Weight: 69.94 kg; Body Mass Index: 22.72 kg/m2; Systolic Blood Pressure: 154.0 mmHg; Diastolic Blood Pressure: 98.0 mmHg; Glucose: 82.0 mg/dL; Urea Nitrogen: 19.0 mg/dL; Creatinine: 1.0 mg/dL; Calcium: 9.29 mg/dL; Sodium: 138.0 mmol/L; Potassium: 4.59 mmol/L; Chloride: 105.0 mmol/L; Carbon Dioxide: 23.0 mmol/L; Total Cholesterol: 181.0 mg/dL; Triglycerides: 108.0 mg/dL; Low Density Lipoprotein Cholesterol: 99.0 mg/dL; High Density Lipoprotein Cholesterol: 60.0 mg/dL; Microalbumin Creatine Ratio: 0.0 mg/g. Immunizations: Influenza seasonal injectable preservative free; Td (adult) preservative free.",1
0739facf-852c-4e49-9bc6-1a77b91b8692,"Demographics: born 1945-01-09, gender F, race white, ethnicity french. Encounters: Outpatient Encounter; Encounter for symptom; Encounter for 'check-up'; Emergency room admission. Medications: Penicillin V Potassium 250 MG; 24 HR Metformin hydrochloride 500 MG Extended Release Oral Tablet; Acetaminophen 160 MG; Naproxen sodium 220 MG Oral Tablet. Procedures: Measurement of respiratory function (procedure); Documentation of current medications; Colonoscopy; Bone immobilization; Bone density scan (procedure). Observations: Hemoglobin A1c/Hemoglobin.total in Blood: 7.5 %; Body Height: 170.3 cm; Body Weight: 104.2 kg; Body Mass Index: 35.93 kg/m2; Systolic Blood Pressure: 141.0 mmHg; Diastolic Blood Pressure: 97.0 mmHg; Glucose: 142.0 mg/dL; Urea Nitrogen: 11.0 mg/dL; Creatinine: 1.0 mg/dL; Calcium: 8.94 mg/dL; Sodium: 136.0 mmol/L; Potassium: 4.37 mmol/L; Chloride: 101.0 mmol/L; Carbon Dioxide: 20.0 mmol/L; Total Cholesterol: 250.0 mg/dL; Triglycerides: 374.0 mg/dL; Low Density Lipoprotein Cholesterol: 136.0 mg/dL; High Density Lipoprotein Cholesterol: 39.0 mg/dL; Microalbumin Creatine Ratio: 15.0 mg/g; Estimated Glomerular Filtration Rate: 60.0 mL/min/{1.73_m2}; Oral temperature: 38.0 Cel; Hemoglobin A1c/Hemoglobin.total in Blood: 7.3 %; Body Weight: 102.22 kg; Body Mass Index: 35.25 kg/m2; Systolic Blood Pressure: 178.0 mmHg; Diastolic Blood Pressure: 98.0 mmHg; Glucose: 106.0 mg/dL; Urea Nitrogen: 13.0 mg/dL; Calcium: 10.19 mg/dL; Sodium: 139.0 mmol/L; Potassium: 3.71 mmol/L; Chloride: 106.0 mmol/L; Carbon Dioxide: 28.0 mmol/L; Total Cholesterol: 234.0 mg/dL; Triglycerides: 157.0 mg/dL; Low Density Lipoprotein Cholesterol: 161.0 mg/dL; High Density Lipoprotein Cholesterol: 41.0 mg/dL; Microalbumin Creatine Ratio: 2.0 mg/g; Hemoglobin A1c/Hemoglobin.total in Blood: 7.2 %; Body Weight: 100.88 kg. Immunizations: Pneumococcal conjugate PCV 13; Influenza seasonal injectable preservative free; pneumococcal polysaccharide vaccine 23 valent; Td (adult) preservative free.",1
4408d3fa-fe28-42bf-9147-4418804684d7,"Demographics: born 1915-09-20, gender F, race white, ethnicity irish.",0
96d00302-27ba-47b6-a672-a38a233fd9ac,"Demographics: born 1965-09-10, gender F, race white, ethnicity irish. Encounters: Outpatient Encounter; Encounter for 'check-up'. Medications: 24 HR Metformin hydrochloride 500 MG Extended Release Oral Tablet. Procedures: Documentation of current medications; Colonoscopy. Observations: Hemoglobin A1c/Hemoglobin.total in Blood: 7.4 %; Body Height: 175.46 cm; Body Weight: 90.85 kg; Body Mass Index: 29.51 kg/m2; Systolic Blood Pressure: 194.0 mmHg; Diastolic Blood Pressure: 92.0 mmHg; Glucose: 110.0 mg/dL; Urea Nitrogen: 13.0 mg/dL; Creatinine: 1.0 mg/dL; Calcium: 8.51 mg/dL; Sodium: 139.0 mmol/L; Potassium: 5.03 mmol/L; Chloride: 103.0 mmol/L; Carbon Dioxide: 21.0 mmol/L; Total Cholesterol: 207.0 mg/dL; Triglycerides: 187.0 mg/dL; Low Density Lipoprotein Cholesterol: 121.0 mg/dL; High Density Lipoprotein Cholesterol: 48.0 mg/dL; Microalbumin Creatine Ratio: 17.0 mg/g; Estimated Glomerular Filtration Rate: 60.0 mL/min/{1.73_m2}; Hemoglobin A1c/Hemoglobin.total in Blood: 7.6 %; Body Weight: 93.61 kg; Body Mass Index: 30.41 kg/m2; Systolic Blood Pressure: 144.0 mmHg; Diastolic Blood Pressure: 104.0 mmHg; Glucose: 107.0 mg/dL; Urea Nitrogen: 18.0 mg/dL; Calcium: 9.36 mg/dL; Sodium: 143.0 mmol/L; Potassium: 4.89 mmol/L; Carbon Dioxide: 23.0 mmol/L; Total Cholesterol: 206.0 mg/dL; Triglycerides: 181.0 mg/dL; Low Density Lipoprotein Cholesterol: 117.0 mg/dL; High Density Lipoprotein Cholesterol: 52.0 mg/dL; Microalbumin Creatine Ratio: 16.0 mg/g; Estimated Glomerular Filtration Rate: 58.0 mL/min/{1.73_m2}; Hemoglobin A1c/Hemoglobin.total in Blood: 6.4 %; Body Weight: 97.45 kg; Body Mass Index: 31.65 kg/m2. Immunizations: Influenza seasonal injectable preservative free.",1
300aab96-4aca-4715-9198-b3087abc64fd,"Demographics: born 1968-08-18, gender M, race white, ethnicity italian. Encounters: Outpatient Encounter; Encounter for symptom; Emergency hospital admission for asthma; Asthma follow-up; Emergency room admission. Medications: 120 ACTUAT Fluticasone propionate 0.044 MG/ACTUAT Metered Dose Inhaler; 200 ACTUAT Albuterol 0.09 MG/ACTUAT Metered Dose Inhaler; Penicillin V Potassium 250 MG; Acetaminophen 160 MG; Naproxen sodium 220 MG Oral Tablet. Procedures: Sputum examination (procedure); Documentation of current medications. Observations: Hemoglobin A1c/Hemoglobin.total in Blood: 6.3 %; Body Height: 176.33 cm; Body Weight: 102.43 kg; Body Mass Index: 32.94 kg/m2; Systolic Blood Pressure: 116.0 mmHg; Diastolic Blood Pressure: 74.0 mmHg; Glucose: 64.0 mg/dL; Urea Nitrogen: 8.0 mg/dL; Creatinine: 1.0 mg/dL; Calcium: 9.71 mg/dL; Sodium: 144.0 mmol/L; Potassium: 4.24 mmol/L; Chloride: 102.0 mmol/L; Carbon Dioxide: 25.0 mmol/L; Hemoglobin A1c/Hemoglobin.total in Blood: 6.2 %; Body Weight: 105.5 kg; Body Mass Index: 33.93 kg/m2; Systolic Blood Pressure: 120.0 mmHg; Diastolic Blood Pressure: 75.0 mmHg; Glucose: 93.0 mg/dL; Urea Nitrogen: 17.0 mg/dL; Calcium: 8.61 mg/dL; Sodium: 136.0 mmol/L; Potassium: 3.8 mmol/L; Chloride: 110.0 mmol/L; Carbon Dioxide: 24.0 mmol/L; Total Cholesterol: 174.0 mg/dL; Triglycerides: 111.0 mg/dL; Low Density Lipoprotein Cholesterol: 76.0 mg/dL; High Density Lipoprotein Cholesterol: 75.0 mg/dL; Hemoglobin A1c/Hemoglobin.total in Blood: 6.0 %; Body Weight: 107.91 kg; Body Mass Index: 34.7 kg/m2; Systolic Blood Pressure: 132.0 mmHg; Diastolic Blood Pressure: 89.0 mmHg; Glucose: 95.0 mg/dL; Calcium: 9.79 mg/dL; Sodium: 139.0 mmol/L; Potassium: 4.42 mmol/L; Chloride: 105.0 mmol/L. Allergies: Shellfish allergy; Dander (animal) allergy. Immunizations: Influenza seasonal injectable preservative free; Td (adult) preservative free.",0
7589cd1a-9746-45e3-990c-3b6d73f914e0,"Demographics: born 1954-10-05, gender F, race white, ethnicity italian. Encounters: Outpatient Encounter; Encounter for symptom; Encounter for 'check-up'. Medications: Penicillin V Potassium 250 MG; 24 HR Metformin hydrochloride 500 MG Extended Release Oral Tablet. Procedures: Documentation of current medications; Colonoscopy. Observations: Hemoglobin A1c/Hemoglobin.total in Blood: 7.7 %; Body Height: 162.22 cm; Body Weight: 96.94 kg; Body Mass Index: 36.84 kg/m2; Systolic Blood Pressure: 129.0 mmHg; Diastolic Blood Pressure: 77.0 mmHg; Glucose: 142.0 mg/dL; Urea Nitrogen: 13.0 mg/dL; Creatinine: 1.0 mg/dL; Calcium: 9.74 mg/dL; Sodium: 139.0 mmol/L; Potassium: 4.05 mmol/L; Chloride: 102.0 mmol/L; Carbon Dioxide: 20.0 mmol/L; Total Cholesterol: 245.0 mg/dL; Triglycerides: 420.0 mg/dL; Low Density Lipoprotein Cholesterol: 121.0 mg/dL; High Density Lipoprotein Cholesterol: 40.0 mg/dL; Microalbumin Creatine Ratio: 11.0 mg/g; Estimated Glomerular Filtration Rate: 60.0 mL/min/{1.73_m2}; Systolic Blood Pressure: 108.0 mmHg; Diastolic Blood Pressure: 70.0 mmHg; Glucose: 178.0 mg/dL; Urea Nitrogen: 19.0 mg/dL; Calcium: 9.34 mg/dL; Sodium: 141.0 mmol/L; Potassium: 4.56 mmol/L; Chloride: 101.0 mmol/L; Carbon Dioxide: 23.0 mmol/L; Total Cholesterol: 256.0 mg/dL; Triglycerides: 265.0 mg/dL; Low Density Lipoprotein Cholesterol: 169.0 mg/dL; High Density Lipoprotein Cholesterol: 34.0 mg/dL; Microalbumin Creatine Ratio: 1.0 mg/g; Systolic Blood Pressure: 118.0 mmHg; Diastolic Blood Pressure: 85.0 mmHg; Glucose: 186.0 mg/dL; Urea Nitrogen: 17.0 mg/dL; Calcium: 10.1 mg/dL; Sodium: 138.0 mmol/L. Immunizations: Influenza seasonal injectable preservative free; zoster; Td (adult) preservative free.",1
e3fe8250-928b-4b15-aa72-3abb88eeaf72,"Demographics: born 1952-07-17, gender F, race white, ethnicity american. Encounters: Death Certification. Medications: Penicillin V Potassium 250 MG; 24 HR Metformin hydrochloride 500 MG Extended Release Oral Tablet; Fluticasone propionate 0.25 MG/ACTUAT / salmeterol 0.05 MG/ACTUAT [Advair]; insulin human isophane 70 UNT/ML / Regular Insulin Human 30 UNT/ML Injectable Suspension [Humulin]. Observations: Pulmonary emphysema (disorder).",1
b4fe5a1d-8c6d-451c-9958-3c926067f467,"Demographics: born 1983-08-22, gender M, race white, ethnicity irish. Encounters: Encounter for symptom; Outpatient Encounter. Medications: Penicillin V Potassium 250 MG; Dextromethorphan Hydrobromide 1 MG/ML. Procedures: Measurement of respiratory function (procedure); Documentation of current medications. Observations: Hemoglobin A1c/Hemoglobin.total in Blood: 6.6 %; Body Height: 173.92 cm; Body Weight: 80.51 kg; Body Mass Index: 26.62 kg/m2; Systolic Blood Pressure: 130.0 mmHg; Diastolic Blood Pressure: 84.0 mmHg; Glucose: 120.0 mg/dL; Urea Nitrogen: 14.0 mg/dL; Creatinine: 1.0 mg/dL; Calcium: 8.5 mg/dL; Sodium: 136.0 mmol/L; Potassium: 4.15 mmol/L; Chloride: 103.0 mmol/L; Carbon Dioxide: 28.0 mmol/L; Total Cholesterol: 208.0 mg/dL; Triglycerides: 191.0 mg/dL; Low Density Lipoprotein Cholesterol: 120.0 mg/dL; High Density Lipoprotein Cholesterol: 49.0 mg/dL; Microalbumin Creatine Ratio: 15.0 mg/g; Estimated Glomerular Filtration Rate: 60.0 mL/min/{1.73_m2}; Hemoglobin A1c/Hemoglobin.total in Blood: 7.0 %; Body Weight: 84.17 kg; Body Mass Index: 27.83 kg/m2; Systolic Blood Pressure: 123.0 mmHg; Diastolic Blood Pressure: 88.0 mmHg; Glucose: 123.0 mg/dL; Urea Nitrogen: 18.0 mg/dL; Calcium: 9.24 mg/dL; Sodium: 142.0 mmol/L; Potassium: 4.57 mmol/L; Carbon Dioxide: 21.0 mmol/L; Total Cholesterol: 209.0 mg/dL; Triglycerides: 165.0 mg/dL; Low Density Lipoprotein Cholesterol: 118.0 mg/dL; High Density Lipoprotein Cholesterol: 58.0 mg/dL; Microalbumin Creatine Ratio: 12.0 mg/g; Hemoglobin A1c/Hemoglobin.total in Blood: 7.3 %; Body Weight: 88.38 kg; Body Mass Index: 29.22 kg/m2; Systolic Blood Pressure: 105.0 mmHg. Immunizations: Influenza seasonal injectable preservative free; Td (adult) preservative free.",1
a4688c95-2637-40a6-b7db-68cb3306f86c,"Demographics: born 1916-08-10, gender M, race white, ethnicity irish. Encounters: Death Certification. Medications: Meperidine Hydrochloride 50 MG Oral Tablet; insulin human isophane 70 UNT/ML / Regular Insulin Human 30 UNT/ML Injectable Suspension [Humulin]. Observations: Non-small cell lung cancer (disorder).",1
331af428-dd95-4b5e-a3ca-ad07b536ca72,"Demographics: born 1964-12-13, gender M, race white, ethnicity french. Encounters: Encounter for symptom; Outpatient Encounter; Emergency room admission; Encounter for 'check-up'. Medications: Penicillin V Potassium 250 MG; diphenhydrAMINE Hydrochloride 25 MG Oral Tablet; Acetaminophen 325 MG Oral Tablet; 24 HR Metformin hydrochloride 500 MG Extended Release Oral Tablet. Procedures: Colonoscopy; Documentation of current medications. Observations: Body Height: 190.18 cm; Body Weight: 118.06 kg; Body Mass Index: 32.64 kg/m2; Systolic Blood Pressure: 127.0 mmHg; Diastolic Blood Pressure: 87.0 mmHg; Body Weight: 120.78 kg; Body Mass Index: 33.39 kg/m2; Systolic Blood Pressure: 114.0 mmHg; Diastolic Blood Pressure: 76.0 mmHg; Total Cholesterol: 186.0 mg/dL; Triglycerides: 129.0 mg/dL; Low Density Lipoprotein Cholesterol: 84.0 mg/dL; High Density Lipoprotein Cholesterol: 76.0 mg/dL; Hemoglobin A1c/Hemoglobin.total in Blood: 8.3 %; Systolic Blood Pressure: 167.0 mmHg; Diastolic Blood Pressure: 93.0 mmHg; Glucose: 80.0 mg/dL; Urea Nitrogen: 14.0 mg/dL; Creatinine: 1.0 mg/dL; Calcium: 9.8 mg/dL; Sodium: 138.0 mmol/L; Potassium: 4.26 mmol/L; Chloride: 105.0 mmol/L; Carbon Dioxide: 24.0 mmol/L; Total Cholesterol: 199.0 mg/dL; Triglycerides: 149.0 mg/dL; Low Density Lipoprotein Cholesterol: 98.0 mg/dL; High Density Lipoprotein Cholesterol: 71.0 mg/dL; Microalbumin Creatine Ratio: 3.0 mg/g; Estimated Glomerular Filtration Rate: 60.0 mL/min/{1.73_m2}; Hemoglobin A1c/Hemoglobin.total in Blood: 6.8 %; Systolic Blood Pressure: 153.0 mmHg; Diastolic Blood Pressure: 103.0 mmHg; Glucose: 130.0 mg/dL; Urea Nitrogen: 19.0 mg/dL; Calcium: 9.35 mg/dL; Sodium: 140.0 mmol/L; Potassium: 4.1 mmol/L; Chloride: 110.0 mmol/L; Total Cholesterol: 246.0 mg/dL. Allergies: Allergy to mould. Immunizations: Influenza seasonal injectable preservative free; Td (adult) preservative free.",1
d4f373d5-6fe7-496b-ae0e-0795a9171c38,"Demographics: born 1958-09-17, gender M, race white, ethnicity english. Encounters: Outpatient Encounter; Encounter for 'check-up'. Medications: Penicillin V Potassium 250 MG; 24 HR Metformin hydrochloride 500 MG Extended Release Oral Tablet; Penicillin V Potassium 500 MG. Procedures: Documentation of current medications; Colonoscopy. Observations: Hemoglobin A1c/Hemoglobin.total in Blood: 7.6 %; Body Height: 184.54 cm; Body Weight: 124.36 kg; Body Mass Index: 36.52 kg/m2; Systolic Blood Pressure: 110.0 mmHg; Diastolic Blood Pressure: 87.0 mmHg; Glucose: 184.0 mg/dL; Urea Nitrogen: 9.0 mg/dL; Creatinine: 1.0 mg/dL; Calcium: 9.23 mg/dL; Sodium: 137.0 mmol/L; Potassium: 3.96 mmol/L; Chloride: 102.0 mmol/L; Carbon Dioxide: 26.0 mmol/L; Total Cholesterol: 243.0 mg/dL; Triglycerides: 394.0 mg/dL; Low Density Lipoprotein Cholesterol: 127.0 mg/dL; High Density Lipoprotein Cholesterol: 37.0 mg/dL; Microalbumin Creatine Ratio: 2.0 mg/g; Estimated Glomerular Filtration Rate: 60.0 mL/min/{1.73_m2}; Systolic Blood Pressure: 117.0 mmHg; Diastolic Blood Pressure: 77.0 mmHg; Glucose: 178.0 mg/dL; Urea Nitrogen: 12.0 mg/dL; Calcium: 9.59 mg/dL; Sodium: 136.0 mmol/L; Potassium: 4.89 mmol/L; Chloride: 101.0 mmol/L; Carbon Dioxide: 24.0 mmol/L; Total Cholesterol: 257.0 mg/dL; Triglycerides: 435.0 mg/dL; Low Density Lipoprotein Cholesterol: 133.0 mg/dL; Microalbumin Creatine Ratio: 4.0 mg/g; Systolic Blood Pressure: 118.0 mmHg; Diastolic Blood Pressure: 86.0 mmHg; Glucose: 125.0 mg/dL; Urea Nitrogen: 20.0 mg/dL; Calcium: 9.48 mg/dL; Potassium: 5.04 mmol/L; Chloride: 104.0 mmol/L. Immunizations: Influenza seasonal injectable preservative free.",1
9fd40c13-1c61-464a-8fcf-614b80231260,"Demographics: born 1957-12-13, gender F, race white, ethnicity irish. Encounters: Outpatient Encounter; Encounter for symptom; Encounter for 'check-up'; Emergency room admission. Medications: Penicillin V Potassium 250 MG; 24 HR Metformin hydrochloride 500 MG Extended Release Oral Tablet; Acetaminophen 160 MG; Acetaminophen 325 MG Oral Tablet. Procedures: Documentation of current medications; Sputum examination (procedure); Colonoscopy. Observations: Hemoglobin A1c/Hemoglobin.total in Blood: 7.9 %; Body Height: 160.84 cm; Body Weight: 97.46 kg; Body Mass Index: 37.67 kg/m2; Systolic Blood Pressure: 115.0 mmHg; Diastolic Blood Pressure: 85.0 mmHg; Glucose: 185.0 mg/dL; Urea Nitrogen: 20.0 mg/dL; Creatinine: 1.0 mg/dL; Calcium: 9.88 mg/dL; Sodium: 140.0 mmol/L; Potassium: 5.06 mmol/L; Chloride: 111.0 mmol/L; Carbon Dioxide: 25.0 mmol/L; Total Cholesterol: 244.0 mg/dL; Triglycerides: 436.0 mg/dL; Low Density Lipoprotein Cholesterol: 129.0 mg/dL; High Density Lipoprotein Cholesterol: 27.0 mg/dL; Microalbumin Creatine Ratio: 13.0 mg/g; Estimated Glomerular Filtration Rate: 60.0 mL/min/{1.73_m2}; Systolic Blood Pressure: 134.0 mmHg; Diastolic Blood Pressure: 83.0 mmHg; Glucose: 196.0 mg/dL; Urea Nitrogen: 14.0 mg/dL; Calcium: 9.21 mg/dL; Sodium: 143.0 mmol/L; Potassium: 4.53 mmol/L; Chloride: 108.0 mmol/L; Total Cholesterol: 242.0 mg/dL; Triglycerides: 418.0 mg/dL; Low Density Lipoprotein Cholesterol: 132.0 mg/dL; High Density Lipoprotein Cholesterol: 26.0 mg/dL; Microalbumin Creatine Ratio: 16.0 mg/g; Systolic Blood Pressure: 125.0 mmHg; Diastolic Blood Pressure: 74.0 mmHg; Glucose: 195.0 mg/dL; Urea Nitrogen: 8.0 mg/dL; Calcium: 10.07 mg/dL; Sodium: 144.0 mmol/L; Potassium: 4.36 mmol/L. Immunizations: Influenza seasonal injectable preservative free.",1
7b2003cb-8775-4d1a-aa97-15531ca7cfdc,"Demographics: born 1984-07-25, gender F, race white, ethnicity portuguese. Encounters: Outpatient Encounter; Encounter for symptom; Emergency room admission. Medications: Chlorpheniramine 2 MG Chewable Tablet; 0.3 ML EPINEPHrine 0.5 MG/ML Auto-Injector; Camila 28 Day Pack. Procedures: Documentation of current medications. Observations: Body Height: 163.3 cm; Body Weight: 68.59 kg; Body Mass Index: 25.72 kg/m2; Systolic Blood Pressure: 132.0 mmHg; Diastolic Blood Pressure: 89.0 mmHg; Oral temperature: 37.0 Cel; Body Weight: 73.75 kg; Body Mass Index: 27.66 kg/m2; Systolic Blood Pressure: 100.0 mmHg; Diastolic Blood Pressure: 71.0 mmHg. Immunizations: Influenza seasonal injectable preservative free.",0
9d04fb55-2565-44fb-9ce5-26a5650eb558,"Demographics: born 1954-12-26, gender F, race black, ethnicity african. Encounters: Outpatient Encounter; Encounter for symptom; Encounter for 'check-up'. Medications: Penicillin V Potassium 500 MG; Naproxen sodium 220 MG [Aleve]; Acetaminophen 160 MG. Procedures: Documentation of current medications; Measurement of respiratory function (procedure); Colonoscopy. Observations: Hemoglobin A1c/Hemoglobin.total in Blood: 6.4 %; Body Height: 163.39 cm; Body Weight: 118.56 kg; Body Mass Index: 44.41 kg/m2; Systolic Blood Pressure: 194.0 mmHg; Diastolic Blood Pressure: 111.0 mmHg; Glucose: 79.0 mg/dL; Urea Nitrogen: 19.0 mg/dL; Creatinine: 1.0 mg/dL; Calcium: 9.39 mg/dL; Sodium: 144.0 mmol/L; Potassium: 4.02 mmol/L; Chloride: 108.0 mmol/L; Carbon Dioxide: 27.0 mmol/L; Total Cholesterol: 190.0 mg/dL; Triglycerides: 128.0 mg/dL; Low Density Lipoprotein Cholesterol: 100.0 mg/dL; High Density Lipoprotein Cholesterol: 64.0 mg/dL; Estimated Glomerular Filtration Rate: 60.0 mL/min/{1.73_m2}; Hemoglobin A1c/Hemoglobin.total in Blood: 5.9 %; Systolic Blood Pressure: 167.0 mmHg; Diastolic Blood Pressure: 93.0 mmHg; Glucose: 84.0 mg/dL; Urea Nitrogen: 16.0 mg/dL; Calcium: 9.52 mg/dL; Sodium: 137.0 mmol/L; Potassium: 4.14 mmol/L; Chloride: 106.0 mmol/L; Carbon Dioxide: 24.0 mmol/L; Hemoglobin A1c/Hemoglobin.total in Blood: 6.1 %; Systolic Blood Pressure: 172.0 mmHg; Diastolic Blood Pressure: 120.0 mmHg; Glucose: 86.0 mg/dL; Urea Nitrogen: 8.0 mg/dL; Calcium: 8.7 mg/dL; Sodium: 141.0 mmol/L; Potassium: 4.61 mmol/L; Chloride: 110.0 mmol/L; Carbon Dioxide: 28.0 mmol/L; Systolic Blood Pressure: 166.0 mmHg. Immunizations: Influenza seasonal injectable preservative free; zoster; Td (adult) preservative free.",0
f4058754-deff-44ca-ad40-64d6aeb03829,"Demographics: born 1991-06-25, gender M, race white, ethnicity german. Encounters: Outpatient Encounter. Medications: Penicillin V Potassium 250 MG. Procedures: Documentation of current medications. Observations: Body Height: 175.17 cm; Body Weight: 53.41 kg; Body Mass Index: 17.41 kg/m2; Systolic Blood Pressure: 112.0 mmHg; Diastolic Blood Pressure: 76.0 mmHg; Body Height: 175.34 cm; Body Weight: 55.5 kg; Body Mass Index: 18.05 kg/m2; Systolic Blood Pressure: 116.0 mmHg; Diastolic Blood Pressure: 87.0 mmHg; Body Weight: 58.57 kg; Body Mass Index: 19.05 kg/m2; Systolic Blood Pressure: 119.0 mmHg; Diastolic Blood Pressure: 85.0 mmHg; Body Weight: 63.08 kg; Body Mass Index: 20.52 kg/m2; Systolic Blood Pressure: 125.0 mmHg. Immunizations: Influenza seasonal injectable preservative free; Td (adult) preservative free.",0
7d80205c-5fac-4732-87d9-b1f2bb4b6126,"Demographics: born 1954-12-23, gender F, race white, ethnicity polish. Encounters: Outpatient Encounter; Encounter for symptom; Encounter for 'check-up'; Emergency room admission. Medications: Acetaminophen 160 MG; Ibuprofen 200 MG Oral Tablet. Procedures: Documentation of current medications; Measurement of respiratory function (procedure); Colonoscopy. Observations: Body Height: 165.14 cm; Body Weight: 134.18 kg; Body Mass Index: 49.2 kg/m2; Systolic Blood Pressure: 122.0 mmHg; Diastolic Blood Pressure: 88.0 mmHg; Systolic Blood Pressure: 113.0 mmHg; Diastolic Blood Pressure: 89.0 mmHg; Total Cholesterol: 175.0 mg/dL; Triglycerides: 122.0 mg/dL; Low Density Lipoprotein Cholesterol: 89.0 mg/dL; High Density Lipoprotein Cholesterol: 61.0 mg/dL; Systolic Blood Pressure: 126.0 mmHg; Systolic Blood Pressure: 105.0 mmHg; Diastolic Blood Pressure: 83.0 mmHg; Systolic Blood Pressure: 108.0 mmHg; Diastolic Blood Pressure: 86.0 mmHg; Oral temperature: 38.0 Cel; Body Weight: 132.42 kg; Body Mass Index: 48.56 kg/m2; Systolic Blood Pressure: 109.0 mmHg; Diastolic Blood Pressure: 79.0 mmHg; Total Cholesterol: 166.0 mg/dL; Triglycerides: 105.0 mg/dL; Low Density Lipoprotein Cholesterol: 67.0 mg/dL; High Density Lipoprotein Cholesterol: 78.0 mg/dL; Diastolic Blood Pressure: 82.0 mmHg; Body Weight: 130.51 kg; Body Mass Index: 47.85 kg/m2; Systolic Blood Pressure: 107.0 mmHg; Diastolic Blood Pressure: 71.0 mmHg. Immunizations: Influenza seasonal injectable preservative free; zoster; Td (adult) preservative free.",0
9abd1fdc-973c-4570-84a1-6a92881de2a7,"Demographics: born 1967-09-08, gender M, race hispanic, ethnicity mexican. Encounters: Encounter for symptom; Outpatient Encounter. Medications: Penicillin V Potassium 250 MG; Leucovorin 100 MG Injection; oxaliplatin 5 MG/ML [Eloxatin]. Observations: Hemoglobin A1c/Hemoglobin.total in Blood: 5.8 %; Body Height: 184.55 cm; Body Weight: 112.47 kg; Body Mass Index: 33.02 kg/m2; Systolic Blood Pressure: 112.0 mmHg; Diastolic Blood Pressure: 76.0 mmHg; Glucose: 65.0 mg/dL; Urea Nitrogen: 16.0 mg/dL; Creatinine: 1.0 mg/dL; Calcium: 9.33 mg/dL; Sodium: 141.0 mmol/L; Potassium: 4.79 mmol/L; Chloride: 102.0 mmol/L; Carbon Dioxide: 29.0 mmol/L; Total Cholesterol: 186.0 mg/dL; Triglycerides: 141.0 mg/dL; Low Density Lipoprotein Cholesterol: 77.0 mg/dL; High Density Lipoprotein Cholesterol: 80.0 mg/dL. Immunizations: Influenza seasonal injectable preservative free.",0
704937a5-6e7b-4830-a796-ba372cb715a5,"Demographics: born 1959-03-23, gender F, race white, ethnicity italian. Encounters: Outpatient Encounter; Encounter for 'check-up'; Encounter for symptom. Medications: 24 HR Metformin hydrochloride 500 MG Extended Release Oral Tablet; Penicillin V Potassium 500 MG. Procedures: Colonoscopy; Throat culture (procedure); Documentation of current medications; Fecal occult blood test; Rectal polypectomy. Observations: Hemoglobin A1c/Hemoglobin.total in Blood: 7.8 %; Body Height: 160.9 cm; Body Weight: 96.0 kg; Body Mass Index: 37.08 kg/m2; Systolic Blood Pressure: 140.0 mmHg; Diastolic Blood Pressure: 95.0 mmHg; Glucose: 160.0 mg/dL; Urea Nitrogen: 10.0 mg/dL; Creatinine: 1.0 mg/dL; Calcium: 8.66 mg/dL; Sodium: 144.0 mmol/L; Potassium: 3.82 mmol/L; Chloride: 101.0 mmol/L; Carbon Dioxide: 28.0 mmol/L; Total Cholesterol: 243.0 mg/dL; Triglycerides: 268.0 mg/dL; Low Density Lipoprotein Cholesterol: 152.0 mg/dL; High Density Lipoprotein Cholesterol: 37.0 mg/dL; Microalbumin Creatine Ratio: 6.0 mg/g; Estimated Glomerular Filtration Rate: 60.0 mL/min/{1.73_m2}; Systolic Blood Pressure: 186.0 mmHg; Diastolic Blood Pressure: 120.0 mmHg; Glucose: 180.0 mg/dL; Calcium: 9.19 mg/dL; Sodium: 138.0 mmol/L; Potassium: 4.83 mmol/L; Chloride: 104.0 mmol/L; Carbon Dioxide: 29.0 mmol/L; Total Cholesterol: 250.0 mg/dL; Triglycerides: 286.0 mg/dL; Low Density Lipoprotein Cholesterol: 171.0 mg/dL; High Density Lipoprotein Cholesterol: 21.0 mg/dL; Microalbumin Creatine Ratio: 9.0 mg/g; Oral temperature: 38.56 Cel; Systolic Blood Pressure: 189.0 mmHg; Diastolic Blood Pressure: 100.0 mmHg; Glucose: 156.0 mg/dL; Urea Nitrogen: 8.0 mg/dL; Calcium: 10.06 mg/dL; Sodium: 143.0 mmol/L. Immunizations: Influenza seasonal injectable preservative free; Td (adult) preservative free.",1
b4b7d0e5-6e04-4c03-9c5e-81d16d84de3f,"Demographics: born 1984-11-16, gender M, race white, ethnicity italian. Encounters: Outpatient Encounter; Encounter for symptom. Medications: Acetaminophen 160 MG. Procedures: Measurement of respiratory function (procedure); Documentation of current medications. Observations: Body Height: 175.08 cm; Body Weight: 88.5 kg; Body Mass Index: 28.87 kg/m2; Systolic Blood Pressure: 137.0 mmHg; Diastolic Blood Pressure: 71.0 mmHg; Body Weight: 93.19 kg; Body Mass Index: 30.4 kg/m2; Diastolic Blood Pressure: 73.0 mmHg; Body Weight: 96.58 kg; Body Mass Index: 31.51 kg/m2; Systolic Blood Pressure: 116.0 mmHg; Diastolic Blood Pressure: 82.0 mmHg; Total Cholesterol: 161.0 mg/dL; Triglycerides: 109.0 mg/dL; Low Density Lipoprotein Cholesterol: 78.0 mg/dL; High Density Lipoprotein Cholesterol: 61.0 mg/dL. Immunizations: Influenza seasonal injectable preservative free; Td (adult) preservative free.",0
9c591f72-d7df-44f7-a901-d4f1a0e60051,"Demographics: born 1977-05-23, gender F, race white, ethnicity swedish. Encounters: Outpatient Encounter; Encounter for symptom; Consultation for treatment; Admission to surgical department. Medications: insulin human isophane 70 UNT/ML / Regular Insulin Human 30 UNT/ML Injectable Suspension [Humulin]; Xulane 150/35 MCG/Day Weekly Transdermal System; Amoxicillin 250 MG / Clavulanate 125 MG [Augmentin]. Procedures: Bilateral tubal ligation. Observations: Hemoglobin A1c/Hemoglobin.total in Blood: 4.0 %; Body Height: 161.4 cm; Body Weight: 72.96 kg; Body Mass Index: 28.01 kg/m2; Systolic Blood Pressure: 192.0 mmHg; Diastolic Blood Pressure: 116.0 mmHg; Glucose: 101.0 mg/dL; Urea Nitrogen: 8.0 mg/dL; Creatinine: 1.0 mg/dL; Calcium: 9.08 mg/dL; Sodium: 142.0 mmol/L; Potassium: 4.62 mmol/L; Chloride: 111.0 mmol/L; Carbon Dioxide: 21.0 mmol/L; Total Cholesterol: 225.0 mg/dL; Triglycerides: 188.0 mg/dL; Low Density Lipoprotein Cholesterol: 141.0 mg/dL; High Density Lipoprotein Cholesterol: 46.0 mg/dL; Microalbumin Creatine Ratio: 17.0 mg/g; Estimated Glomerular Filtration Rate: 60.0 mL/min/{1.73_m2}; Oral temperature: 37.0 Cel; Hemoglobin A1c/Hemoglobin.total in Blood: 4.5 %; Body Weight: 78.6 kg; Body Mass Index: 30.17 kg/m2; Systolic Blood Pressure: 141.0 mmHg; Diastolic Blood Pressure: 117.0 mmHg; Glucose: 117.0 mg/dL; Urea Nitrogen: 14.0 mg/dL; Calcium: 10.13 mg/dL; Sodium: 140.0 mmol/L; Potassium: 4.4 mmol/L; Chloride: 103.0 mmol/L; Carbon Dioxide: 20.0 mmol/L; Total Cholesterol: 237.0 mg/dL; Triglycerides: 157.0 mg/dL; Low Density Lipoprotein Cholesterol: 148.0 mg/dL; High Density Lipoprotein Cholesterol: 57.0 mg/dL; Microalbumin Creatine Ratio: 299.0 mg/g. Immunizations: Influenza seasonal injectable preservative free; Td (adult) preservative free.",1
381b03a9-11de-41c0-b8bf-bc31ec081751,"Demographics: born 1944-10-12, gender M, race white, ethnicity english. Encounters: Outpatient Encounter. Medications: Naproxen sodium 220 MG [Aleve]. Procedures: Documentation of current medications. Observations: Hemoglobin A1c/Hemoglobin.total in Blood: 5.9 %; Body Height: 179.53 cm; Body Weight: 95.93 kg; Body Mass Index: 29.76 kg/m2; Systolic Blood Pressure: 132.0 mmHg; Diastolic Blood Pressure: 75.0 mmHg; Glucose: 70.0 mg/dL; Urea Nitrogen: 11.0 mg/dL; Creatinine: 1.0 mg/dL; Calcium: 10.05 mg/dL; Sodium: 140.0 mmol/L; Potassium: 4.99 mmol/L; Chloride: 111.0 mmol/L; Carbon Dioxide: 27.0 mmol/L; Total Cholesterol: 175.0 mg/dL; Triglycerides: 140.0 mg/dL; Low Density Lipoprotein Cholesterol: 73.0 mg/dL; High Density Lipoprotein Cholesterol: 74.0 mg/dL; Hemoglobin A1c/Hemoglobin.total in Blood: 6.2 %; Body Weight: 94.58 kg; Body Mass Index: 29.34 kg/m2; Systolic Blood Pressure: 139.0 mmHg; Diastolic Blood Pressure: 79.0 mmHg; Glucose: 89.0 mg/dL; Urea Nitrogen: 20.0 mg/dL; Calcium: 9.44 mg/dL; Sodium: 139.0 mmol/L; Potassium: 4.52 mmol/L; Chloride: 102.0 mmol/L; Hemoglobin A1c/Hemoglobin.total in Blood: 6.0 %; Body Weight: 92.98 kg; Body Mass Index: 28.85 kg/m2; Systolic Blood Pressure: 113.0 mmHg; Diastolic Blood Pressure: 70.0 mmHg; Urea Nitrogen: 14.0 mg/dL; Calcium: 9.51 mg/dL; Sodium: 142.0 mmol/L; Potassium: 5.06 mmol/L; Chloride: 110.0 mmol/L; Carbon Dioxide: 21.0 mmol/L. Immunizations: Influenza seasonal injectable preservative free; pneumococcal polysaccharide vaccine 23 valent; Td (adult) preservative free.",0
8ee65709-5270-4d08-8acc-57b849954dc7,"Demographics: born 1951-10-17, gender M, race white, ethnicity irish. Encounters: Death Certification. Medications: 24 HR Metformin hydrochloride 500 MG Extended Release Oral Tablet. Observations: Stroke.",1
68be20ca-7237-49a2-892c-1312712dbc90,"Demographics: born 1963-04-21, gender F, race white, ethnicity italian. Encounters: Patient encounter procedure; Outpatient Encounter; Encounter for symptom; Encounter for 'check-up'; Emergency room admission; Encounter for problem. Medications: 24 HR Metformin hydrochloride 500 MG Extended Release Oral Tablet; Acetaminophen 160 MG; Dextromethorphan Hydrobromide 1 MG/ML; Cisplatin 50 MG Injection; PACLitaxel 100 MG Injection. Procedures: Replacement of contraceptive intrauterine device; Measurement of respiratory function (procedure); Colonoscopy; Fecal occult blood test; Rectal polypectomy; Removal of intrauterine device; Documentation of current medications; Plain chest X-ray (procedure); Computed tomography of chest and abdomen; Sputum microscopy (procedure); Magnetic resonance imaging for measurement of brain volume (procedure); Combined chemotherapy and radiation therapy (procedure). Observations: Hemoglobin A1c/Hemoglobin.total in Blood: 7.6 %; Body Height: 164.98 cm; Body Weight: 99.19 kg; Body Mass Index: 36.44 kg/m2; Systolic Blood Pressure: 196.0 mmHg; Diastolic Blood Pressure: 104.0 mmHg; Glucose: 102.0 mg/dL; Urea Nitrogen: 16.0 mg/dL; Creatinine: 1.0 mg/dL; Calcium: 8.57 mg/dL; Sodium: 143.0 mmol/L; Potassium: 5.03 mmol/L; Chloride: 103.0 mmol/L; Carbon Dioxide: 20.0 mmol/L; Total Cholesterol: 228.0 mg/dL; Triglycerides: 166.0 mg/dL; Low Density Lipoprotein Cholesterol: 138.0 mg/dL; High Density Lipoprotein Cholesterol: 56.0 mg/dL; Microalbumin Creatine Ratio: 15.0 mg/g; Estimated Glomerular Filtration Rate: 60.0 mL/min/{1.73_m2}; Polyp size greatest dimension by CAP cancer protocols: 4.0 mm; Hemoglobin.gastrointestinal [Presence] in Stool by Immunologic method: 21.0 ng/mL; Hemoglobin A1c/Hemoglobin.total in Blood: 7.7 %; Body Weight: 100.56 kg; Body Mass Index: 36.95 kg/m2; Systolic Blood Pressure: 167.0 mmHg; Diastolic Blood Pressure: 101.0 mmHg; Glucose: 145.0 mg/dL; Urea Nitrogen: 7.0 mg/dL; Calcium: 9.46 mg/dL; Sodium: 139.0 mmol/L; Potassium: 4.1 mmol/L; Carbon Dioxide: 25.0 mmol/L; Total Cholesterol: 248.0 mg/dL; Triglycerides: 199.0 mg/dL; Low Density Lipoprotein Cholesterol: 177.0 mg/dL; High Density Lipoprotein Cholesterol: 31.0 mg/dL; Microalbumin Creatine Ratio: 16.0 mg/g; Systolic Blood Pressure: 179.0 mmHg; Diastolic Blood Pressure: 115.0 mmHg. Immunizations: Influenza seasonal injectable preservative free; Td (adult) preservative free.",1
5e1e5bae-b7e5-4742-a530-da3ea67d81b8,"Demographics: born 1952-06-27, gender F, race black, ethnicity dominican. Encounters: Death Certification. Medications: Fluticasone propionate 0.25 MG/ACTUAT / salmeterol 0.05 MG/ACTUAT [Advair]; 24 HR Metformin hydrochloride 500 MG Extended Release Oral Tablet; Simvastatin 20 MG Oral Tablet; Nitroglycerin 0.4 MG/ACTUAT [Nitrolingual]; Amlodipine 5 MG Oral Tablet; Clopidogrel 75 MG Oral Tablet. Observations: Non-small cell lung cancer (disorder).",1
e8a0607f-a43a-4848-b7ce-8ec59147650f,"Demographics: born 1945-07-14, gender F, race white, ethnicity portuguese. Encounters: Encounter for 'check-up'; Outpatient Encounter; Encounter for symptom. Medications: Penicillin V Potassium 250 MG; Penicillin V Potassium 500 MG; Amoxicillin 250 MG / Clavulanate 125 MG [Augmentin]. Procedures: Colonoscopy; Documentation of current medications; Fecal occult blood test; Rectal polypectomy. Observations: Body Height: 163.32 cm; Body Weight: 79.84 kg; Body Mass Index: 29.93 kg/m2; Systolic Blood Pressure: 122.0 mmHg; Diastolic Blood Pressure: 80.0 mmHg; Total Cholesterol: 197.0 mg/dL; Triglycerides: 127.0 mg/dL; Low Density Lipoprotein Cholesterol: 98.0 mg/dL; High Density Lipoprotein Cholesterol: 73.0 mg/dL; Body Weight: 78.36 kg; Body Mass Index: 29.38 kg/m2; Systolic Blood Pressure: 124.0 mmHg; Diastolic Blood Pressure: 79.0 mmHg; Body Weight: 77.23 kg; Body Mass Index: 28.95 kg/m2; Systolic Blood Pressure: 111.0 mmHg; Diastolic Blood Pressure: 84.0 mmHg; Body Weight: 75.68 kg; Body Mass Index: 28.37 kg/m2; Systolic Blood Pressure: 136.0 mmHg; Diastolic Blood Pressure: 86.0 mmHg; Total Cholesterol: 180.0 mg/dL; Low Density Lipoprotein Cholesterol: 74.0 mg/dL; High Density Lipoprotein Cholesterol: 80.0 mg/dL; Oral temperature: 38.0 Cel; Body Weight: 73.8 kg; Body Mass Index: 27.67 kg/m2; Systolic Blood Pressure: 139.0 mmHg; Diastolic Blood Pressure: 88.0 mmHg; Oral temperature: 37.0 Cel; Polyp size greatest dimension by CAP cancer protocols: 5.0 mm; Hemoglobin.gastrointestinal [Presence] in Stool by Immunologic method: 19.0 ng/mL; Body Weight: 71.87 kg; Body Mass Index: 26.95 kg/m2; Systolic Blood Pressure: 134.0 mmHg; Diastolic Blood Pressure: 83.0 mmHg; Body Weight: 70.4 kg; Body Mass Index: 26.4 kg/m2; Diastolic Blood Pressure: 82.0 mmHg; Total Cholesterol: 161.0 mg/dL. Immunizations: Pneumococcal conjugate PCV 13; Influenza seasonal injectable preservative free; pneumococcal polysaccharide vaccine 23 valent; Td (adult) preservative free.",0
86e7519c-33f5-4730-adc5-513fecd23fa1,"Demographics: born 1977-06-21, gender F, race white, ethnicity irish. Encounters: Consultation for treatment; Admission to surgical department; Outpatient Encounter; Patient encounter procedure; Encounter for symptom. Medications: Penicillin V Potassium 250 MG; Penicillin V Potassium 500 MG; Mirena 52 MG Intrauterine System; 24 HR Metformin hydrochloride 500 MG Extended Release Oral Tablet. Procedures: Bilateral tubal ligation; Replacement of contraceptive intrauterine device; Documentation of current medications. Observations: Hemoglobin A1c/Hemoglobin.total in Blood: 7.9 %; Body Height: 156.09 cm; Body Weight: 76.61 kg; Body Mass Index: 31.45 kg/m2; Systolic Blood Pressure: 120.0 mmHg; Diastolic Blood Pressure: 80.0 mmHg; Glucose: 117.0 mg/dL; Urea Nitrogen: 18.0 mg/dL; Creatinine: 1.0 mg/dL; Calcium: 9.77 mg/dL; Sodium: 141.0 mmol/L; Potassium: 5.04 mmol/L; Chloride: 107.0 mmol/L; Carbon Dioxide: 26.0 mmol/L; Total Cholesterol: 208.0 mg/dL; Triglycerides: 158.0 mg/dL; Low Density Lipoprotein Cholesterol: 124.0 mg/dL; High Density Lipoprotein Cholesterol: 52.0 mg/dL; Microalbumin Creatine Ratio: 7.0 mg/g; Estimated Glomerular Filtration Rate: 60.0 mL/min/{1.73_m2}; Oral temperature: 37.0 Cel; Hemoglobin A1c/Hemoglobin.total in Blood: 6.8 %; Body Weight: 81.15 kg; Body Mass Index: 33.31 kg/m2; Systolic Blood Pressure: 101.0 mmHg; Diastolic Blood Pressure: 87.0 mmHg; Glucose: 174.0 mg/dL; Urea Nitrogen: 19.0 mg/dL; Calcium: 10.04 mg/dL; Sodium: 144.0 mmol/L; Potassium: 3.84 mmol/L; Chloride: 106.0 mmol/L; Carbon Dioxide: 22.0 mmol/L; Total Cholesterol: 250.0 mg/dL; Triglycerides: 227.0 mg/dL; Low Density Lipoprotein Cholesterol: 173.0 mg/dL; High Density Lipoprotein Cholesterol: 31.0 mg/dL; Microalbumin Creatine Ratio: 13.0 mg/g; Estimated Glomerular Filtration Rate: 58.0 mL/min/{1.73_m2}. Immunizations: Influenza seasonal injectable preservative free.",1
2216f638-24cf-42e4-b812-bdee684c671e,"Demographics: born 1982-01-05, gender F, race hispanic, ethnicity puerto_rican. Encounters: Encounter for symptom; Outpatient Encounter; Consultation for treatment; Admission to surgical department; Emergency room admission. Medications: Penicillin V Potassium 250 MG; Penicillin V Potassium 500 MG; Naproxen sodium 220 MG Oral Tablet. Procedures: Documentation of current medications; Bilateral tubal ligation; Suture open wound; Injection of tetanus antitoxin. Observations: Oral temperature: 38.0 Cel; Hemoglobin A1c/Hemoglobin.total in Blood: 6.6 %; Body Height: 159.9 cm; Body Weight: 63.14 kg; Body Mass Index: 24.7 kg/m2; Systolic Blood Pressure: 196.0 mmHg; Diastolic Blood Pressure: 112.0 mmHg; Glucose: 111.0 mg/dL; Urea Nitrogen: 8.0 mg/dL; Creatinine: 1.0 mg/dL; Calcium: 9.42 mg/dL; Sodium: 144.0 mmol/L; Potassium: 4.56 mmol/L; Chloride: 102.0 mmol/L; Carbon Dioxide: 28.0 mmol/L; Total Cholesterol: 235.0 mg/dL; Triglycerides: 159.0 mg/dL; Low Density Lipoprotein Cholesterol: 150.0 mg/dL; High Density Lipoprotein Cholesterol: 53.0 mg/dL; Microalbumin Creatine Ratio: 3.0 mg/g; Estimated Glomerular Filtration Rate: 60.0 mL/min/{1.73_m2}; Body Weight: 66.86 kg; Body Mass Index: 26.15 kg/m2; Systolic Blood Pressure: 157.0 mmHg; Diastolic Blood Pressure: 99.0 mmHg; Glucose: 123.0 mg/dL; Urea Nitrogen: 19.0 mg/dL; Calcium: 8.92 mg/dL; Sodium: 139.0 mmol/L; Potassium: 3.74 mmol/L; Chloride: 103.0 mmol/L; Carbon Dioxide: 23.0 mmol/L; Total Cholesterol: 201.0 mg/dL; Triglycerides: 163.0 mg/dL; Low Density Lipoprotein Cholesterol: 111.0 mg/dL; High Density Lipoprotein Cholesterol: 57.0 mg/dL. Immunizations: Influenza seasonal injectable preservative free; Td (adult) preservative free.",1
4512992f-219d-40e7-8c42-d0baba265714,"Demographics: born 1998-09-10, gender M, race white, ethnicity american. Encounters: Outpatient Encounter; Encounter for symptom. Medications: Penicillin V Potassium 500 MG. Procedures: Documentation of current medications. Observations: Body Height: 142.6 cm; Body Weight: 34.95 kg; Body Mass Index: 17.18 kg/m2; Systolic Blood Pressure: 116.0 mmHg; Diastolic Blood Pressure: 77.0 mmHg; Body Height: 151.66 cm; Body Weight: 40.87 kg; Body Mass Index: 17.77 kg/m2; Systolic Blood Pressure: 108.0 mmHg; Diastolic Blood Pressure: 86.0 mmHg; Body Height: 159.55 cm; Body Weight: 46.19 kg; Body Mass Index: 18.14 kg/m2; Systolic Blood Pressure: 125.0 mmHg; Diastolic Blood Pressure: 79.0 mmHg; Body Height: 165.86 cm; Body Weight: 52.12 kg; Body Mass Index: 18.94 kg/m2; Systolic Blood Pressure: 111.0 mmHg; Diastolic Blood Pressure: 87.0 mmHg; Body Height: 168.48 cm; Body Weight: 56.05 kg; Body Mass Index: 19.75 kg/m2; Systolic Blood Pressure: 114.0 mmHg; Diastolic Blood Pressure: 84.0 mmHg; Body Height: 169.78 cm; Body Weight: 58.95 kg; Body Mass Index: 20.45 kg/m2; Systolic Blood Pressure: 102.0 mmHg; Diastolic Blood Pressure: 82.0 mmHg; Oral temperature: 38.22 Cel; Body Height: 170.41 cm; Body Weight: 60.96 kg; Body Mass Index: 20.99 kg/m2; Systolic Blood Pressure: 165.0 mmHg; Diastolic Blood Pressure: 117.0 mmHg; Estimated Glomerular Filtration Rate: 60.0 mL/min/{1.73_m2}. Immunizations: Influenza seasonal injectable preservative free; meningococcal MCV4P; Tdap; HPV quadrivalent.",0
5ae9be67-8080-4e54-9213-a9430a360dc7,"Demographics: born 1995-12-06, gender M, race white, ethnicity polish. Encounters: Outpatient procedure; Outpatient Encounter; Emergency room admission; Encounter for 'check-up'; Allergic disorder follow-up assessment. Medications: Loratadine 5 MG Chewable Tablet; 0.3 ML EPINEPHrine 0.5 MG/ML Auto-Injector; Penicillin V Potassium 250 MG. Procedures: Subcutaneous immunotherapy; Allergy screening test; Documentation of current medications. Observations: Body Height: 172.64 cm; Body Weight: 49.79 kg; Body Mass Index: 16.71 kg/m2; Systolic Blood Pressure: 137.0 mmHg; Diastolic Blood Pressure: 77.0 mmHg; Body Height: 177.31 cm; Body Weight: 54.69 kg; Body Mass Index: 17.4 kg/m2; Systolic Blood Pressure: 124.0 mmHg; Diastolic Blood Pressure: 74.0 mmHg; Body Height: 179.89 cm; Body Weight: 59.13 kg; Body Mass Index: 18.27 kg/m2; Systolic Blood Pressure: 106.0 mmHg; Diastolic Blood Pressure: 81.0 mmHg; Peanut IgE Ab in Serum: 0.3 kU/L; Walnut IgE Ab in Serum: 0.33 kU/L; Codfish IgE Ab in Serum: 0.31 kU/L; Shrimp IgE Ab in Serum: 0.21 kU/L; Wheat IgE Ab in Serum: 0.07 kU/L; Egg white IgE Ab in Serum: 0.23 kU/L; Soybean IgE Ab in Serum: 0.19 kU/L; Cow milk IgE Ab in Serum: 0.34 kU/L; White oak IgE Ab in Serum: 0.26 kU/L; Common Ragweed IgE Ab in Serum: 0.25 kU/L; Cat dander IgE Ab in Serum: 0.32 kU/L; American house dust mite IgE Ab in Serum: 0.28 kU/L; Cladosporium herbarum IgE Ab in Serum: 0.04 kU/L; Honey bee IgE Ab in Serum: 0.04 kU/L; Latex IgE Ab in Serum: 0.08 kU/L; Body Height: 180.94 cm; Body Weight: 61.94 kg; Body Mass Index: 18.92 kg/m2; Systolic Blood Pressure: 112.0 mmHg; Diastolic Blood Pressure: 76.0 mmHg; Body Height: 181.59 cm; Body Weight: 64.28 kg; Body Mass Index: 19.49 kg/m2; Systolic Blood Pressure: 138.0 mmHg; Diastolic Blood Pressure: 85.0 mmHg. Immunizations: Influenza seasonal injectable preservative free; meningococcal MCV4P.",0
93cbe169-4f87-4677-b5a8-d6f27c67b567,"Demographics: born 1978-06-08, gender M, race white, ethnicity irish. Encounters: Outpatient Encounter; Emergency room admission; Encounter for 'check-up'. Medications: Acetaminophen 325 MG Oral Tablet. Procedures: Documentation of current medications; Bone immobilization. Observations: Body Height: 180.09 cm; Body Weight: 99.24 kg; Body Mass Index: 30.6 kg/m2; Systolic Blood Pressure: 173.0 mmHg; Diastolic Blood Pressure: 98.0 mmHg; Total Cholesterol: 180.0 mg/dL; Triglycerides: 107.0 mg/dL; Low Density Lipoprotein Cholesterol: 85.0 mg/dL; High Density Lipoprotein Cholesterol: 73.0 mg/dL; Estimated Glomerular Filtration Rate: 60.0 mL/min/{1.73_m2}; Body Weight: 103.91 kg; Body Mass Index: 32.04 kg/m2; Systolic Blood Pressure: 144.0 mmHg; Total Cholesterol: 189.0 mg/dL; Triglycerides: 110.0 mg/dL; Low Density Lipoprotein Cholesterol: 103.0 mg/dL; High Density Lipoprotein Cholesterol: 64.0 mg/dL. Immunizations: Influenza seasonal injectable preservative free; Td (adult) preservative free.",0
2b0ed531-6318-4094-a15c-6585f718f44d,"Demographics: born 1965-07-16, gender F, race white, ethnicity irish. Encounters: Outpatient Encounter; Domiciliary or rest home patient evaluation and management; Emergency room admission; Encounter for 'check-up'. Medications: Naproxen sodium 220 MG [Aleve]; 24 HR Metformin hydrochloride 500 MG Extended Release Oral Tablet; Ibuprofen 200 MG Oral Tablet. Procedures: Information gathering (procedure); Documentation of current medications; Colonoscopy. Observations: Hemoglobin A1c/Hemoglobin.total in Blood: 8.0 %; Body Height: 162.97 cm; Body Weight: 100.97 kg; Body Mass Index: 38.02 kg/m2; Systolic Blood Pressure: 137.0 mmHg; Diastolic Blood Pressure: 71.0 mmHg; Glucose: 142.0 mg/dL; Urea Nitrogen: 11.0 mg/dL; Creatinine: 1.0 mg/dL; Calcium: 8.9 mg/dL; Sodium: 138.0 mmol/L; Potassium: 3.74 mmol/L; Chloride: 107.0 mmol/L; Carbon Dioxide: 20.0 mmol/L; Total Cholesterol: 254.0 mg/dL; Triglycerides: 496.0 mg/dL; Low Density Lipoprotein Cholesterol: 120.0 mg/dL; High Density Lipoprotein Cholesterol: 34.0 mg/dL; Microalbumin Creatine Ratio: 4.0 mg/g; Estimated Glomerular Filtration Rate: 60.0 mL/min/{1.73_m2}; Sexual orientation: heterosexual {nominal}; HIV status: not HIV positive {nominal}; Abuse Status [OMAHA]: No signs/symptoms {nominal}; Housing status: Patient is homeless {nominal}; Are you covered by health insurance or some other kind of health care plan [PhenX]: No {nominal}; History of Hospitalizations+​Outpatient visits: 5.0 {count}; History of Hospitalizations+​Outpatient visits: 8.0 {count}; Are you covered by health insurance or some other kind of health care plan [PhenX]: Yes {nominal}; History of Hospitalizations+​Outpatient visits: 1.0 {count}; Hemoglobin A1c/Hemoglobin.total in Blood: 8.3 %; Body Weight: 104.05 kg; Body Mass Index: 39.18 kg/m2; Systolic Blood Pressure: 129.0 mmHg; Diastolic Blood Pressure: 78.0 mmHg; Glucose: 137.0 mg/dL; Urea Nitrogen: 19.0 mg/dL; Calcium: 9.51 mg/dL; Sodium: 137.0 mmol/L; Potassium: 4.17 mmol/L; Chloride: 109.0 mmol/L. Immunizations: Influenza seasonal injectable preservative free; Td (adult) preservative free.",1
b6546ff0-83ed-421b-b567-0dfe7cda647f,"Demographics: born 1963-08-14, gender M, race white, ethnicity italian. Encounters: Outpatient Encounter; Emergency room admission; Encounter for 'check-up'; Encounter for symptom. Medications: Acetaminophen 325 MG Oral Tablet; Ibuprofen 200 MG Oral Tablet; Clopidogrel 75 MG Oral Tablet; Simvastatin 20 MG Oral Tablet; Amlodipine 5 MG Oral Tablet; Nitroglycerin 0.4 MG/ACTUAT [Nitrolingual]; Fluticasone propionate 0.25 MG/ACTUAT / salmeterol 0.05 MG/ACTUAT [Advair]; Amoxicillin 250 MG / Clavulanate 125 MG [Augmentin]. Procedures: Spirometry (procedure); Bone immobilization; Colonoscopy; Suture open wound; Documentation of current medications. Observations: FEV1/​FVC: 82.0 %; Body Height: 169.11 cm; Body Weight: 110.16 kg; Body Mass Index: 38.52 kg/m2; Systolic Blood Pressure: 117.0 mmHg; Diastolic Blood Pressure: 78.0 mmHg; Total Cholesterol: 192.0 mg/dL; Triglycerides: 106.0 mg/dL; Low Density Lipoprotein Cholesterol: 96.0 mg/dL; High Density Lipoprotein Cholesterol: 74.0 mg/dL; FEV1/​FVC: 87.0 %; Body Weight: 113.28 kg; Body Mass Index: 39.61 kg/m2; Systolic Blood Pressure: 106.0 mmHg; Diastolic Blood Pressure: 87.0 mmHg; FEV1/​FVC: 78.0 %; Systolic Blood Pressure: 102.0 mmHg; Diastolic Blood Pressure: 82.0 mmHg; Total Cholesterol: 193.0 mg/dL; Triglycerides: 100.0 mg/dL; Low Density Lipoprotein Cholesterol: 111.0 mg/dL; High Density Lipoprotein Cholesterol: 62.0 mg/dL; FEV1/​FVC: 72.0 %; Systolic Blood Pressure: 135.0 mmHg; Diastolic Blood Pressure: 77.0 mmHg. Immunizations: Influenza seasonal injectable preservative free; Td (adult) preservative free.",0
f87d2d2a-b95e-4b71-92af-6a7a1c760bca,"Demographics: born 2016-10-23, gender M, race white, ethnicity english. Encounters: Outpatient Encounter. Procedures: Documentation of current medications. Observations: Body Height: 50.65 cm; Body Weight: 4.32 kg; Systolic Blood Pressure: 105.0 mmHg; Diastolic Blood Pressure: 89.0 mmHg; Body Height: 57.67 cm; Body Weight: 6.08 kg; Systolic Blood Pressure: 124.0 mmHg; Diastolic Blood Pressure: 84.0 mmHg; Body Height: 62.25 cm; Body Weight: 7.53 kg; Systolic Blood Pressure: 127.0 mmHg; Diastolic Blood Pressure: 78.0 mmHg; Body Height: 64.13 cm; Body Weight: 8.14 kg; Systolic Blood Pressure: 116.0 mmHg; Diastolic Blood Pressure: 70.0 mmHg. Immunizations: Hep B adolescent or pediatric; rotavirus monovalent; DTaP; Hib (PRP-OMP); Pneumococcal conjugate PCV 13; IPV; Influenza seasonal injectable preservative free.",0
8d2fbc2d-0560-4a80-a271-8e31cc51ddf6,"Demographics: born 1939-09-18, gender F, race hispanic, ethnicity puerto_rican. Encounters: Outpatient Encounter; Emergency room admission; Encounter for 'check-up'. Medications: Alendronic acid 10 MG [Fosamax]; Acetaminophen 325 MG Oral Tablet; Ibuprofen 200 MG Oral Tablet. Procedures: Bone immobilization; Documentation of current medications. Observations: Body Height: 175.46 cm; Body Weight: 87.04 kg; Body Mass Index: 28.27 kg/m2; Systolic Blood Pressure: 131.0 mmHg; Diastolic Blood Pressure: 83.0 mmHg; Body Weight: 85.48 kg; Body Mass Index: 27.76 kg/m2; Systolic Blood Pressure: 134.0 mmHg; Body Weight: 83.86 kg; Body Mass Index: 27.24 kg/m2; Systolic Blood Pressure: 124.0 mmHg; Diastolic Blood Pressure: 79.0 mmHg; Total Cholesterol: 179.0 mg/dL; Triglycerides: 129.0 mg/dL; Low Density Lipoprotein Cholesterol: 89.0 mg/dL; High Density Lipoprotein Cholesterol: 64.0 mg/dL; Body Weight: 82.04 kg; Body Mass Index: 26.65 kg/m2; Systolic Blood Pressure: 110.0 mmHg; Body Weight: 80.73 kg; Body Mass Index: 26.22 kg/m2; Systolic Blood Pressure: 136.0 mmHg; Diastolic Blood Pressure: 86.0 mmHg; Body Weight: 77.71 kg; Body Mass Index: 25.24 kg/m2; Systolic Blood Pressure: 112.0 mmHg; Diastolic Blood Pressure: 76.0 mmHg; Total Cholesterol: 199.0 mg/dL; Triglycerides: 127.0 mg/dL; Low Density Lipoprotein Cholesterol: 106.0 mg/dL; High Density Lipoprotein Cholesterol: 67.0 mg/dL. Immunizations: Influenza seasonal injectable preservative free; Td (adult) preservative free.",0
463b6b5b-47d7-4554-99d1-a6838e61458f,"Demographics: born 1929-03-21, gender F, race white, ethnicity italian. Encounters: Death Certification. Medications: Penicillin V Potassium 250 MG; 120 ACTUAT Fluticasone propionate 0.044 MG/ACTUAT Metered Dose Inhaler; 200 ACTUAT Albuterol 0.09 MG/ACTUAT Metered Dose Inhaler; Penicillin V Potassium 500 MG. Observations: Small cell carcinoma of lung (disorder).",0
8685eb23-5406-4c4a-ad59-bbbca0b41c0f,"Demographics: born 1969-02-07, gender M, race white, ethnicity italian. Encounters: Outpatient Encounter; Encounter for symptom. Medications: Penicillin V Potassium 250 MG; 24 HR Metformin hydrochloride 500 MG Extended Release Oral Tablet; Amoxicillin 250 MG / Clavulanate 125 MG [Augmentin]. Procedures: Documentation of current medications. Observations: Hemoglobin A1c/Hemoglobin.total in Blood: 7.5 %; Body Height: 181.23 cm; Body Weight: 98.95 kg; Body Mass Index: 30.13 kg/m2; Systolic Blood Pressure: 180.0 mmHg; Diastolic Blood Pressure: 111.0 mmHg; Glucose: 116.0 mg/dL; Urea Nitrogen: 20.0 mg/dL; Creatinine: 1.0 mg/dL; Calcium: 8.92 mg/dL; Sodium: 143.0 mmol/L; Potassium: 4.01 mmol/L; Chloride: 111.0 mmol/L; Carbon Dioxide: 20.0 mmol/L; Total Cholesterol: 211.0 mg/dL; Triglycerides: 159.0 mg/dL; Low Density Lipoprotein Cholesterol: 133.0 mg/dL; High Density Lipoprotein Cholesterol: 46.0 mg/dL; Microalbumin Creatine Ratio: 11.0 mg/g; Estimated Glomerular Filtration Rate: 60.0 mL/min/{1.73_m2}; Hemoglobin A1c/Hemoglobin.total in Blood: 7.7 %; Body Weight: 101.39 kg; Body Mass Index: 30.87 kg/m2; Systolic Blood Pressure: 149.0 mmHg; Glucose: 102.0 mg/dL; Urea Nitrogen: 10.0 mg/dL; Sodium: 144.0 mmol/L; Potassium: 4.17 mmol/L; Chloride: 106.0 mmol/L; Total Cholesterol: 217.0 mg/dL; Triglycerides: 183.0 mg/dL; Low Density Lipoprotein Cholesterol: 126.0 mg/dL; High Density Lipoprotein Cholesterol: 54.0 mg/dL; Microalbumin Creatine Ratio: 10.0 mg/g; Hemoglobin A1c/Hemoglobin.total in Blood: 6.4 %; Body Weight: 104.38 kg; Body Mass Index: 31.78 kg/m2; Systolic Blood Pressure: 148.0 mmHg; Diastolic Blood Pressure: 104.0 mmHg; Glucose: 160.0 mg/dL. Allergies: Dander (animal) allergy. Immunizations: Influenza seasonal injectable preservative free; Td (adult) preservative free.",1
06bb7f03-0c33-4599-aa13-76f8d8ed2a4c,"Demographics: born 1946-06-05, gender M, race black, ethnicity african. Encounters: Death Certification. Medications: Penicillin V Potassium 250 MG; 24 HR Metformin hydrochloride 500 MG Extended Release Oral Tablet. Observations: Small cell carcinoma of lung (disorder).",1
ae9e24d3-76f8-4814-a757-4d308b30960c,"Demographics: born 1942-11-02, gender F, race white, ethnicity italian. Encounters: Outpatient Encounter; Encounter for symptom; Emergency room admission. Medications: Alendronic acid 10 MG [Fosamax]; Acetaminophen 160 MG; Naproxen sodium 220 MG Oral Tablet. Procedures: Documentation of current medications; Bone density scan (procedure); Measurement of respiratory function (procedure). Observations: Body Height: 172.69 cm; Body Weight: 94.17 kg; Body Mass Index: 31.58 kg/m2; Systolic Blood Pressure: 119.0 mmHg; Diastolic Blood Pressure: 73.0 mmHg; Total Cholesterol: 183.0 mg/dL; Triglycerides: 107.0 mg/dL; Low Density Lipoprotein Cholesterol: 102.0 mg/dL; High Density Lipoprotein Cholesterol: 59.0 mg/dL; Body Weight: 92.23 kg; Body Mass Index: 30.93 kg/m2; Systolic Blood Pressure: 130.0 mmHg; Diastolic Blood Pressure: 80.0 mmHg; Body Weight: 91.09 kg; Body Mass Index: 30.54 kg/m2; Systolic Blood Pressure: 108.0 mmHg; Diastolic Blood Pressure: 81.0 mmHg; DXA [T-score] Bone density: -3.69 {T-score}; Body Weight: 89.67 kg; Body Mass Index: 30.07 kg/m2; Systolic Blood Pressure: 138.0 mmHg; Diastolic Blood Pressure: 76.0 mmHg; Total Cholesterol: 189.0 mg/dL; Triglycerides: 109.0 mg/dL; Low Density Lipoprotein Cholesterol: 92.0 mg/dL; High Density Lipoprotein Cholesterol: 75.0 mg/dL; Body Weight: 86.32 kg; Body Mass Index: 28.94 kg/m2; Systolic Blood Pressure: 124.0 mmHg; Diastolic Blood Pressure: 77.0 mmHg; Oral temperature: 38.0 Cel; Body Weight: 84.96 kg; Body Mass Index: 28.49 kg/m2; Systolic Blood Pressure: 123.0 mmHg; Diastolic Blood Pressure: 71.0 mmHg; Body Weight: 83.17 kg; Body Mass Index: 27.89 kg/m2; Systolic Blood Pressure: 113.0 mmHg; Diastolic Blood Pressure: 75.0 mmHg; Total Cholesterol: 169.0 mg/dL. Immunizations: Pneumococcal conjugate PCV 13; Influenza seasonal injectable preservative free; Td (adult) preservative free.",0
12e9ea47-e325-4aa2-b459-34582fb2a382,"Demographics: born 1965-04-16, gender F, race black, ethnicity dominican. Encounters: Outpatient Encounter; Encounter for symptom; Encounter for 'check-up'; Emergency room admission. Medications: Estrostep Fe 28 Day Pack; 24 HR Metformin hydrochloride 500 MG Extended Release Oral Tablet; Amoxicillin 250 MG / Clavulanate 125 MG [Augmentin]; Ibuprofen 200 MG Oral Tablet. Procedures: Colonoscopy. Observations: Hemoglobin A1c/Hemoglobin.total in Blood: 6.7 %; Body Height: 175.46 cm; Body Weight: 100.79 kg; Body Mass Index: 32.74 kg/m2; Systolic Blood Pressure: 141.0 mmHg; Diastolic Blood Pressure: 117.0 mmHg; Glucose: 91.0 mg/dL; Urea Nitrogen: 11.0 mg/dL; Creatinine: 1.0 mg/dL; Calcium: 10.13 mg/dL; Sodium: 142.0 mmol/L; Potassium: 4.72 mmol/L; Chloride: 105.0 mmol/L; Carbon Dioxide: 24.0 mmol/L; Total Cholesterol: 162.0 mg/dL; Triglycerides: 112.0 mg/dL; Low Density Lipoprotein Cholesterol: 77.0 mg/dL; High Density Lipoprotein Cholesterol: 62.0 mg/dL; Microalbumin Creatine Ratio: 4.0 mg/g; Estimated Glomerular Filtration Rate: 60.0 mL/min/{1.73_m2}; Hemoglobin A1c/Hemoglobin.total in Blood: 6.9 %; Body Weight: 103.31 kg; Body Mass Index: 33.55 kg/m2; Systolic Blood Pressure: 191.0 mmHg; Diastolic Blood Pressure: 120.0 mmHg; Glucose: 123.0 mg/dL; Urea Nitrogen: 18.0 mg/dL; Calcium: 9.46 mg/dL; Sodium: 140.0 mmol/L; Potassium: 3.93 mmol/L; Chloride: 109.0 mmol/L; Carbon Dioxide: 25.0 mmol/L; Total Cholesterol: 205.0 mg/dL; Triglycerides: 194.0 mg/dL; Low Density Lipoprotein Cholesterol: 116.0 mg/dL; High Density Lipoprotein Cholesterol: 50.0 mg/dL; Microalbumin Creatine Ratio: 14.0 mg/g; Hemoglobin A1c/Hemoglobin.total in Blood: 7.0 %; Body Weight: 105.2 kg; Body Mass Index: 34.17 kg/m2. Immunizations: Influenza seasonal injectable preservative free; Td (adult) preservative free.",1
e43c2957-cfed-48b0-8f2d-c9b4436ca1e2,"Demographics: born 1957-04-01, gender M, race white, ethnicity irish. Encounters: Outpatient Encounter; Encounter for symptom; Encounter for 'check-up'. Procedures: Documentation of current medications; Colonoscopy. Observations: Hemoglobin A1c/Hemoglobin.total in Blood: 5.8 %; Body Height: 184.78 cm; Body Weight: 119.57 kg; Body Mass Index: 35.02 kg/m2; Systolic Blood Pressure: 135.0 mmHg; Diastolic Blood Pressure: 73.0 mmHg; Glucose: 80.0 mg/dL; Urea Nitrogen: 14.0 mg/dL; Creatinine: 1.0 mg/dL; Calcium: 9.4 mg/dL; Sodium: 144.0 mmol/L; Potassium: 4.25 mmol/L; Chloride: 111.0 mmol/L; Carbon Dioxide: 28.0 mmol/L; Total Cholesterol: 175.0 mg/dL; Triglycerides: 145.0 mg/dL; Low Density Lipoprotein Cholesterol: 72.0 mg/dL; High Density Lipoprotein Cholesterol: 74.0 mg/dL; Oral temperature: 38.0 Cel; Hemoglobin A1c/Hemoglobin.total in Blood: 5.9 %; Systolic Blood Pressure: 107.0 mmHg; Diastolic Blood Pressure: 83.0 mmHg; Glucose: 100.0 mg/dL; Urea Nitrogen: 10.0 mg/dL; Calcium: 9.23 mg/dL; Sodium: 136.0 mmol/L; Potassium: 5.05 mmol/L; Chloride: 102.0 mmol/L; Carbon Dioxide: 27.0 mmol/L; Systolic Blood Pressure: 111.0 mmHg; Diastolic Blood Pressure: 81.0 mmHg; Glucose: 94.0 mg/dL; Calcium: 9.34 mg/dL; Sodium: 140.0 mmol/L; Potassium: 4.34 mmol/L; Chloride: 104.0 mmol/L; Carbon Dioxide: 25.0 mmol/L; Systolic Blood Pressure: 106.0 mmHg; Diastolic Blood Pressure: 88.0 mmHg; Glucose: 96.0 mg/dL. Immunizations: Influenza seasonal injectable preservative free.",0
39013d41-f6d4-4c09-81a4-913bc2cfd016,"Demographics: born 2001-05-05, gender F, race white, ethnicity italian. Encounters: Outpatient Encounter; Emergency room admission; Encounter for symptom. Medications: Acetaminophen 160 MG Oral Tablet; Amoxicillin 250 MG / Clavulanate 125 MG [Augmentin]. Procedures: Documentation of current medications. Observations: Body Height: 129.0 cm; Body Weight: 28.7 kg; Body Mass Index: 17.25 kg/m2; Systolic Blood Pressure: 125.0 mmHg; Diastolic Blood Pressure: 78.0 mmHg; Body Height: 133.32 cm; Body Weight: 32.18 kg; Body Mass Index: 18.1 kg/m2; Systolic Blood Pressure: 126.0 mmHg; Diastolic Blood Pressure: 81.0 mmHg; Oral temperature: 38.0 Cel; Body Height: 139.47 cm; Body Weight: 36.72 kg; Body Mass Index: 18.88 kg/m2; Systolic Blood Pressure: 101.0 mmHg; Diastolic Blood Pressure: 76.0 mmHg; Body Height: 146.04 cm; Body Weight: 40.67 kg; Body Mass Index: 19.07 kg/m2; Systolic Blood Pressure: 133.0 mmHg; Body Height: 152.63 cm; Body Weight: 45.06 kg; Body Mass Index: 19.34 kg/m2; Systolic Blood Pressure: 115.0 mmHg; Diastolic Blood Pressure: 88.0 mmHg; Body Height: 155.81 cm; Body Weight: 48.47 kg; Body Mass Index: 19.97 kg/m2; Systolic Blood Pressure: 134.0 mmHg; Diastolic Blood Pressure: 83.0 mmHg; Body Height: 157.13 cm; Body Weight: 50.87 kg; Body Mass Index: 20.6 kg/m2; Systolic Blood Pressure: 114.0 mmHg; Diastolic Blood Pressure: 72.0 mmHg; Body Height: 157.81 cm; Body Weight: 52.71 kg; Body Mass Index: 21.17 kg/m2; Systolic Blood Pressure: 106.0 mmHg; Diastolic Blood Pressure: 79.0 mmHg. Immunizations: Influenza seasonal injectable preservative free; meningococcal MCV4P; Tdap; HPV quadrivalent.",0
b423812b-de88-4290-9017-38ad51073728,"Demographics: born 1970-03-08, gender M, race white, ethnicity polish. Encounters: Outpatient Encounter. Medications: Penicillin V Potassium 250 MG; Penicillin V Potassium 500 MG; 24 HR Metformin hydrochloride 500 MG Extended Release Oral Tablet. Procedures: Documentation of current medications. Observations: Hemoglobin A1c/Hemoglobin.total in Blood: 6.4 %; Body Height: 180.68 cm; Body Weight: 103.0 kg; Body Mass Index: 31.55 kg/m2; Systolic Blood Pressure: 144.0 mmHg; Diastolic Blood Pressure: 107.0 mmHg; Glucose: 145.0 mg/dL; Urea Nitrogen: 18.0 mg/dL; Creatinine: 1.0 mg/dL; Calcium: 10.11 mg/dL; Sodium: 136.0 mmol/L; Potassium: 4.48 mmol/L; Chloride: 103.0 mmol/L; Carbon Dioxide: 22.0 mmol/L; Total Cholesterol: 245.0 mg/dL; Triglycerides: 497.0 mg/dL; Low Density Lipoprotein Cholesterol: 124.0 mg/dL; High Density Lipoprotein Cholesterol: 21.0 mg/dL; Microalbumin Creatine Ratio: 17.0 mg/g; Estimated Glomerular Filtration Rate: 60.0 mL/min/{1.73_m2}; Hemoglobin A1c/Hemoglobin.total in Blood: 6.6 %; Body Weight: 105.99 kg; Body Mass Index: 32.47 kg/m2; Systolic Blood Pressure: 172.0 mmHg; Diastolic Blood Pressure: 92.0 mmHg; Glucose: 70.0 mg/dL; Urea Nitrogen: 15.0 mg/dL; Calcium: 9.73 mg/dL; Sodium: 137.0 mmol/L; Potassium: 4.6 mmol/L; Chloride: 109.0 mmol/L; Total Cholesterol: 178.0 mg/dL; Triglycerides: 142.0 mg/dL; Low Density Lipoprotein Cholesterol: 78.0 mg/dL; High Density Lipoprotein Cholesterol: 71.0 mg/dL; Microalbumin Creatine Ratio: 10.0 mg/g; Hemoglobin A1c/Hemoglobin.total in Blood: 6.8 %; Body Weight: 108.99 kg; Body Mass Index: 33.39 kg/m2; Systolic Blood Pressure: 195.0 mmHg. Immunizations: Influenza seasonal injectable preservative free; Td (adult) preservative free.",1
c0b2dd51-ab70-4cfc-ac2c-9da14444521c,"Demographics: born 1987-10-18, gender F, race hispanic, ethnicity puerto_rican. Encounters: Prenatal visit; Obstetric emergency hospital admission; Prenatal initial visit; Emergency room admission; Outpatient Encounter; Encounter for symptom; Consultation for treatment. Medications: Penicillin V Potassium 250 MG; Acetaminophen 325 MG Oral Tablet; Yaz 28 Day Pack. Procedures: Epidural anesthesia; Childbirth; Standard pregnancy test; Suture open wound; Injection of tetanus antitoxin; Medical induction of labor; Episiotomy; Premature birth of newborn. Observations: Body Height: 161.89 cm; Body Weight: 64.51 kg; Body Mass Index: 24.61 kg/m2; Systolic Blood Pressure: 136.0 mmHg; Diastolic Blood Pressure: 76.0 mmHg; Oral temperature: 37.0 Cel; Body Weight: 68.9 kg; Body Mass Index: 26.29 kg/m2; Systolic Blood Pressure: 137.0 mmHg; Diastolic Blood Pressure: 83.0 mmHg. Immunizations: Influenza seasonal injectable preservative free; Td (adult) preservative free.",0
7a36677b-c9cf-437b-8d2b-3422904d691b,"Demographics: born 1974-01-08, gender M, race white, ethnicity irish. Encounters: Outpatient Encounter; Encounter for symptom. Medications: Penicillin V Potassium 250 MG; Dextromethorphan Hydrobromide 1 MG/ML; Penicillin V Potassium 500 MG. Procedures: Documentation of current medications; Sputum examination (procedure). Observations: Hemoglobin A1c/Hemoglobin.total in Blood: 5.9 %; Body Height: 169.14 cm; Body Weight: 85.26 kg; Body Mass Index: 29.8 kg/m2; Systolic Blood Pressure: 132.0 mmHg; Diastolic Blood Pressure: 79.0 mmHg; Glucose: 73.0 mg/dL; Urea Nitrogen: 11.0 mg/dL; Creatinine: 1.0 mg/dL; Calcium: 8.7 mg/dL; Sodium: 144.0 mmol/L; Potassium: 4.95 mmol/L; Chloride: 109.0 mmol/L; Carbon Dioxide: 23.0 mmol/L; Total Cholesterol: 190.0 mg/dL; Triglycerides: 105.0 mg/dL; Low Density Lipoprotein Cholesterol: 103.0 mg/dL; High Density Lipoprotein Cholesterol: 66.0 mg/dL; Oral temperature: 37.0 Cel; Hemoglobin A1c/Hemoglobin.total in Blood: 6.3 %; Body Weight: 90.28 kg; Body Mass Index: 31.56 kg/m2; Systolic Blood Pressure: 122.0 mmHg; Diastolic Blood Pressure: 75.0 mmHg; Glucose: 72.0 mg/dL; Urea Nitrogen: 16.0 mg/dL; Calcium: 8.85 mg/dL; Sodium: 137.0 mmol/L; Potassium: 4.78 mmol/L; Chloride: 101.0 mmol/L; Carbon Dioxide: 21.0 mmol/L; Hemoglobin A1c/Hemoglobin.total in Blood: 6.1 %; Body Weight: 94.14 kg; Body Mass Index: 32.91 kg/m2; Systolic Blood Pressure: 138.0 mmHg; Diastolic Blood Pressure: 72.0 mmHg; Glucose: 71.0 mg/dL; Urea Nitrogen: 18.0 mg/dL; Calcium: 10.12 mg/dL; Sodium: 140.0 mmol/L. Immunizations: Influenza seasonal injectable preservative free; Td (adult) preservative free.",0
64a4e90c-eb74-4b4e-b046-47913992833f,"Demographics: born 2017-01-19, gender M, race white, ethnicity irish. Encounters: Outpatient Encounter. Procedures: Documentation of current medications. Observations: Body Height: 52.2 cm; Body Weight: 5.15 kg; Systolic Blood Pressure: 110.0 mmHg; Diastolic Blood Pressure: 72.0 mmHg; Body Height: 55.26 cm; Body Weight: 5.97 kg; Systolic Blood Pressure: 127.0 mmHg; Diastolic Blood Pressure: 80.0 mmHg. Immunizations: Hep B adolescent or pediatric; rotavirus monovalent; DTaP; Hib (PRP-OMP); Pneumococcal conjugate PCV 13; IPV.",0
19b50781-7685-40a8-9a9c-56cbb9dd703d,"Demographics: born 1938-12-18, gender F, race white, ethnicity irish. Encounters: Outpatient Encounter; Emergency room admission; Encounter for 'check-up'. Medications: Penicillin V Potassium 250 MG; Alendronic acid 10 MG [Fosamax]; Acetaminophen 325 MG / HYDROcodone Bitartrate 7.5 MG Oral Tablet; Naproxen sodium 220 MG Oral Tablet; Acetaminophen 325 MG / oxyCODONE Hydrochloride 5 MG Oral Tablet. Procedures: Bone immobilization; Colonoscopy; Documentation of current medications. Observations: Hemoglobin A1c/Hemoglobin.total in Blood: 6.0 %; Body Height: 166.51 cm; Body Weight: 89.19 kg; Body Mass Index: 32.17 kg/m2; Systolic Blood Pressure: 123.0 mmHg; Diastolic Blood Pressure: 84.0 mmHg; Glucose: 100.0 mg/dL; Urea Nitrogen: 9.0 mg/dL; Creatinine: 1.0 mg/dL; Calcium: 8.79 mg/dL; Sodium: 142.0 mmol/L; Potassium: 3.94 mmol/L; Chloride: 106.0 mmol/L; Carbon Dioxide: 21.0 mmol/L; Hemoglobin A1c/Hemoglobin.total in Blood: 6.1 %; Body Weight: 87.88 kg; Body Mass Index: 31.7 kg/m2; Systolic Blood Pressure: 133.0 mmHg; Diastolic Blood Pressure: 86.0 mmHg; Glucose: 80.0 mg/dL; Calcium: 10.12 mg/dL; Potassium: 4.17 mmol/L; Carbon Dioxide: 23.0 mmol/L; Hemoglobin A1c/Hemoglobin.total in Blood: 6.3 %; Body Weight: 86.4 kg; Body Mass Index: 31.16 kg/m2; Systolic Blood Pressure: 119.0 mmHg; Diastolic Blood Pressure: 83.0 mmHg; Glucose: 78.0 mg/dL; Urea Nitrogen: 17.0 mg/dL; Calcium: 9.99 mg/dL; Potassium: 3.8 mmol/L; Chloride: 103.0 mmol/L; Carbon Dioxide: 28.0 mmol/L; Total Cholesterol: 165.0 mg/dL; Triglycerides: 104.0 mg/dL; Low Density Lipoprotein Cholesterol: 73.0 mg/dL; High Density Lipoprotein Cholesterol: 71.0 mg/dL; Body Weight: 85.3 kg; Body Mass Index: 30.77 kg/m2. Immunizations: Influenza seasonal injectable preservative free; Td (adult) preservative free.",0
ebad6eff-f417-495b-bd67-88a345527dc7,"Demographics: born 1936-11-29, gender M, race white, ethnicity italian. Encounters: Outpatient Encounter. Medications: Penicillin V Potassium 500 MG. Procedures: Documentation of current medications. Observations: Body Height: 190.18 cm; Body Weight: 83.36 kg; Body Mass Index: 23.05 kg/m2; Systolic Blood Pressure: 127.0 mmHg; Diastolic Blood Pressure: 74.0 mmHg; Total Cholesterol: 172.0 mg/dL; Triglycerides: 108.0 mg/dL; Low Density Lipoprotein Cholesterol: 73.0 mg/dL; High Density Lipoprotein Cholesterol: 77.0 mg/dL; Body Weight: 81.67 kg; Body Mass Index: 22.58 kg/m2; Systolic Blood Pressure: 116.0 mmHg; Diastolic Blood Pressure: 71.0 mmHg; Body Weight: 80.39 kg; Body Mass Index: 22.23 kg/m2; Systolic Blood Pressure: 103.0 mmHg; Diastolic Blood Pressure: 75.0 mmHg; Body Weight: 78.44 kg; Body Mass Index: 21.69 kg/m2; Systolic Blood Pressure: 128.0 mmHg; Diastolic Blood Pressure: 80.0 mmHg; Body Weight: 77.27 kg; Body Mass Index: 21.36 kg/m2; Systolic Blood Pressure: 120.0 mmHg; Diastolic Blood Pressure: 70.0 mmHg; Total Cholesterol: 179.0 mg/dL; Triglycerides: 145.0 mg/dL; Low Density Lipoprotein Cholesterol: 82.0 mg/dL; High Density Lipoprotein Cholesterol: 68.0 mg/dL; Body Weight: 75.77 kg; Body Mass Index: 20.95 kg/m2; Systolic Blood Pressure: 135.0 mmHg; Body Weight: 73.88 kg; Body Mass Index: 20.43 kg/m2; Systolic Blood Pressure: 102.0 mmHg; Diastolic Blood Pressure: 72.0 mmHg. Immunizations: Influenza seasonal injectable preservative free.",0
27f57ae2-1404-4211-ab1e-c0128e838fc1,"Demographics: born 1968-08-26, gender M, race white, ethnicity irish. Encounters: Outpatient Encounter; Encounter for symptom. Procedures: Documentation of current medications. Observations: Hemoglobin A1c/Hemoglobin.total in Blood: 6.1 %; Body Height: 176.73 cm; Body Weight: 100.95 kg; Body Mass Index: 32.32 kg/m2; Systolic Blood Pressure: 117.0 mmHg; Diastolic Blood Pressure: 80.0 mmHg; Glucose: 87.0 mg/dL; Urea Nitrogen: 13.0 mg/dL; Creatinine: 1.0 mg/dL; Calcium: 8.62 mg/dL; Sodium: 136.0 mmol/L; Potassium: 5.02 mmol/L; Chloride: 108.0 mmol/L; Carbon Dioxide: 25.0 mmol/L; Total Cholesterol: 178.0 mg/dL; Triglycerides: 135.0 mg/dL; Low Density Lipoprotein Cholesterol: 80.0 mg/dL; High Density Lipoprotein Cholesterol: 71.0 mg/dL; Hemoglobin A1c/Hemoglobin.total in Blood: 6.2 %; Body Weight: 104.37 kg; Body Mass Index: 33.41 kg/m2; Systolic Blood Pressure: 114.0 mmHg; Diastolic Blood Pressure: 75.0 mmHg; Glucose: 64.0 mg/dL; Urea Nitrogen: 15.0 mg/dL; Calcium: 8.86 mg/dL; Sodium: 143.0 mmol/L; Potassium: 4.62 mmol/L; Chloride: 105.0 mmol/L; Carbon Dioxide: 28.0 mmol/L; Body Weight: 107.77 kg; Body Mass Index: 34.5 kg/m2; Systolic Blood Pressure: 115.0 mmHg; Diastolic Blood Pressure: 81.0 mmHg; Glucose: 81.0 mg/dL; Urea Nitrogen: 7.0 mg/dL; Calcium: 8.72 mg/dL; Potassium: 4.6 mmol/L; Chloride: 106.0 mmol/L; Carbon Dioxide: 27.0 mmol/L. Immunizations: Influenza seasonal injectable preservative free; Td (adult) preservative free.",0
ee1d988a-c483-4a55-b45f-f9d11c7ee2a8,"Demographics: born 1963-09-23, gender F, race white, ethnicity italian. Encounters: Death Certification. Medications: Penicillin V Potassium 250 MG; Fluticasone propionate 0.25 MG/ACTUAT / salmeterol 0.05 MG/ACTUAT [Advair]. Observations: Chronic obstructive bronchitis (disorder).",0
b8e2ff9e-da79-41fd-b052-59735d5ba981,"Demographics: born 1942-09-17, gender M, race white, ethnicity italian.",0
7f270100-ad2e-4bef-9bcb-28e72e63dc10,"Demographics: born 1966-01-30, gender F, race white, ethnicity irish. Encounters: Death Certification. Medications: Naproxen sodium 220 MG [Aleve]. Observations: Stroke.",0
28b1a7f6-6378-4934-b926-747dd4c71fd0,"Demographics: born 1980-04-11, gender M, race white, ethnicity polish. Encounters: Domiciliary or rest home patient evaluation and management; Outpatient Encounter; Encounter for symptom. Medications: Dextromethorphan Hydrobromide 1 MG/ML. Procedures: Information gathering (procedure); Documentation of current medications; Measurement of respiratory function (procedure). Observations: Sexual orientation: heterosexual {nominal}; HIV status: not HIV positive {nominal}; Abuse Status [OMAHA]: No signs/symptoms {nominal}; Housing status: Patient is homeless {nominal}; Are you covered by health insurance or some other kind of health care plan [PhenX]: No {nominal}; History of Hospitalizations+​Outpatient visits: 9.0 {count}; History of Hospitalizations+​Outpatient visits: 0.0 {count}; Are you covered by health insurance or some other kind of health care plan [PhenX]: Yes {nominal}; History of Hospitalizations+​Outpatient visits: 10.0 {count}; History of Hospitalizations+​Outpatient visits: 6.0 {count}; History of Hospitalizations+​Outpatient visits: 2.0 {count}; Body Height: 175.05 cm; Body Weight: 83.37 kg; Body Mass Index: 27.21 kg/m2; Systolic Blood Pressure: 122.0 mmHg; Diastolic Blood Pressure: 84.0 mmHg; Total Cholesterol: 173.0 mg/dL; Triglycerides: 124.0 mg/dL; Low Density Lipoprotein Cholesterol: 79.0 mg/dL; High Density Lipoprotein Cholesterol: 69.0 mg/dL; Body Weight: 86.89 kg; Body Mass Index: 28.36 kg/m2; Systolic Blood Pressure: 104.0 mmHg; Diastolic Blood Pressure: 70.0 mmHg; Oral temperature: 38.0 Cel. Immunizations: Influenza seasonal injectable preservative free; Td (adult) preservative free.",0
75132f52-041d-4ea4-abe1-252f7be754f9,"Demographics: born 1953-01-31, gender M, race white, ethnicity irish. Encounters: Outpatient Encounter; Encounter Inpatient; Encounter for 'check-up'; Emergency Encounter. Medications: Penicillin V Potassium 500 MG; oxyCODONE Hydrochloride 15 MG [OxyCONTIN]; Clopidogrel 75 MG Oral Tablet; Alteplase 1 MG/ML Injectable Solution. Procedures: Documentation of current medications; Colonoscopy; Fecal occult blood test; Rectal polypectomy; Percutaneous mechanical thrombectomy of portal vein using fluoroscopic guidance. Observations: Hemoglobin A1c/Hemoglobin.total in Blood: 7.2 %; Body Height: 183.48 cm; Body Weight: 97.44 kg; Body Mass Index: 28.94 kg/m2; Systolic Blood Pressure: 181.0 mmHg; Diastolic Blood Pressure: 96.0 mmHg; Glucose: 108.0 mg/dL; Urea Nitrogen: 13.0 mg/dL; Creatinine: 1.0 mg/dL; Calcium: 8.71 mg/dL; Sodium: 141.0 mmol/L; Potassium: 4.19 mmol/L; Chloride: 104.0 mmol/L; Carbon Dioxide: 21.0 mmol/L; Total Cholesterol: 237.0 mg/dL; Triglycerides: 170.0 mg/dL; Low Density Lipoprotein Cholesterol: 146.0 mg/dL; High Density Lipoprotein Cholesterol: 57.0 mg/dL; Microalbumin Creatine Ratio: 17.0 mg/g; Estimated Glomerular Filtration Rate: 60.0 mL/min/{1.73_m2}; Systolic Blood Pressure: 199.0 mmHg; Diastolic Blood Pressure: 115.0 mmHg; Glucose: 124.0 mg/dL; Urea Nitrogen: 11.0 mg/dL; Calcium: 9.66 mg/dL; Sodium: 139.0 mmol/L; Potassium: 3.77 mmol/L; Total Cholesterol: 215.0 mg/dL; Triglycerides: 195.0 mg/dL; Low Density Lipoprotein Cholesterol: 130.0 mg/dL; High Density Lipoprotein Cholesterol: 46.0 mg/dL; Microalbumin Creatine Ratio: 11.0 mg/g; Systolic Blood Pressure: 147.0 mmHg; Diastolic Blood Pressure: 90.0 mmHg; Glucose: 101.0 mg/dL; Urea Nitrogen: 14.0 mg/dL; Calcium: 9.49 mg/dL; Sodium: 144.0 mmol/L; Potassium: 4.45 mmol/L; Chloride: 108.0 mmol/L. Immunizations: Influenza seasonal injectable preservative free; zoster; Td (adult) preservative free.",1
fe092f58-9fbb-43fa-b909-50c670df2504,"Demographics: born 1956-01-31, gender F, race white, ethnicity italian. Encounters: Outpatient Encounter; Encounter for symptom; Emergency room admission; Encounter for problem; Death Certification; Emergency Encounter. Medications: Penicillin V Potassium 250 MG; 24 HR Metformin hydrochloride 500 MG Extended Release Oral Tablet; 3 ML liraglutide 6 MG/ML Pen Injector; Clopidogrel 75 MG Oral Tablet; Simvastatin 20 MG Oral Tablet; Amlodipine 5 MG Oral Tablet; Nitroglycerin 0.4 MG/ACTUAT [Nitrolingual]; Cisplatin 50 MG Injection; PACLitaxel 100 MG Injection; Alteplase 1 MG/ML Injectable Solution. Procedures: Documentation of current medications; Plain chest X-ray (procedure); Computed tomography of chest and abdomen; Fine needle aspiration biopsy of lung (procedure); Magnetic resonance imaging for measurement of brain volume (procedure); Combined chemotherapy and radiation therapy (procedure); Percutaneous mechanical thrombectomy of portal vein using fluoroscopic guidance. Observations: Hemoglobin A1c/Hemoglobin.total in Blood: 9.3 %; Body Height: 156.95 cm; Body Weight: 106.14 kg; Body Mass Index: 43.09 kg/m2; Systolic Blood Pressure: 157.0 mmHg; Diastolic Blood Pressure: 111.0 mmHg; Glucose: 146.0 mg/dL; Urea Nitrogen: 12.0 mg/dL; Creatinine: 1.0 mg/dL; Calcium: 9.57 mg/dL; Sodium: 142.0 mmol/L; Potassium: 4.06 mmol/L; Chloride: 110.0 mmol/L; Carbon Dioxide: 27.0 mmol/L; Total Cholesterol: 255.0 mg/dL; Triglycerides: 254.0 mg/dL; Low Density Lipoprotein Cholesterol: 169.0 mg/dL; High Density Lipoprotein Cholesterol: 35.0 mg/dL; Microalbumin Creatine Ratio: 15.0 mg/g; Estimated Glomerular Filtration Rate: 60.0 mL/min/{1.73_m2}; Hemoglobin A1c/Hemoglobin.total in Blood: 8.8 %; Systolic Blood Pressure: 160.0 mmHg; Diastolic Blood Pressure: 103.0 mmHg; Glucose: 181.0 mg/dL; Urea Nitrogen: 10.0 mg/dL; Calcium: 9.84 mg/dL; Sodium: 139.0 mmol/L; Potassium: 4.8 mmol/L; Chloride: 105.0 mmol/L; Carbon Dioxide: 21.0 mmol/L; Total Cholesterol: 259.0 mg/dL; Triglycerides: 514.0 mg/dL; Low Density Lipoprotein Cholesterol: 138.0 mg/dL; High Density Lipoprotein Cholesterol: 18.0 mg/dL; Microalbumin Creatine Ratio: 5.0 mg/g; Systolic Blood Pressure: 162.0 mmHg; Diastolic Blood Pressure: 110.0 mmHg; Glucose: 151.0 mg/dL; Urea Nitrogen: 18.0 mg/dL; Calcium: 8.99 mg/dL. Immunizations: Influenza seasonal injectable preservative free.",1
5d9ce43b-b83a-4ed2-bf83-256bc4ab9740,"Demographics: born 1965-09-06, gender M, race asian, ethnicity chinese. Encounters: Outpatient Encounter; Consultation for treatment; Patient encounter procedure. Medications: Penicillin V Potassium 500 MG; 24 HR Metformin hydrochloride 500 MG Extended Release Oral Tablet; 3 ML liraglutide 6 MG/ML Pen Injector. Procedures: Vasectomy; Documentation of current medications. Observations: Hemoglobin A1c/Hemoglobin.total in Blood: 9.9 %; Body Height: 169.03 cm; Body Weight: 113.23 kg; Body Mass Index: 39.63 kg/m2; Systolic Blood Pressure: 141.0 mmHg; Diastolic Blood Pressure: 112.0 mmHg; Glucose: 67.0 mg/dL; Urea Nitrogen: 7.0 mg/dL; Creatinine: 1.0 mg/dL; Calcium: 9.75 mg/dL; Sodium: 136.0 mmol/L; Potassium: 4.39 mmol/L; Chloride: 107.0 mmol/L; Carbon Dioxide: 27.0 mmol/L; Total Cholesterol: 167.0 mg/dL; Triglycerides: 129.0 mg/dL; Low Density Lipoprotein Cholesterol: 70.0 mg/dL; High Density Lipoprotein Cholesterol: 71.0 mg/dL; Microalbumin Creatine Ratio: 14.0 mg/g; Estimated Glomerular Filtration Rate: 60.0 mL/min/{1.73_m2}; Hemoglobin A1c/Hemoglobin.total in Blood: 8.2 %; Body Weight: 116.41 kg; Body Mass Index: 40.74 kg/m2; Systolic Blood Pressure: 168.0 mmHg; Diastolic Blood Pressure: 99.0 mmHg; Glucose: 156.0 mg/dL; Urea Nitrogen: 10.0 mg/dL; Calcium: 9.37 mg/dL; Sodium: 137.0 mmol/L; Potassium: 4.09 mmol/L; Chloride: 105.0 mmol/L; Total Cholesterol: 266.0 mg/dL; Triglycerides: 547.0 mg/dL; Low Density Lipoprotein Cholesterol: 145.0 mg/dL; High Density Lipoprotein Cholesterol: 11.0 mg/dL; Microalbumin Creatine Ratio: 6.0 mg/g; Hemoglobin A1c/Hemoglobin.total in Blood: 9.0 %; Body Weight: 119.84 kg; Body Mass Index: 41.94 kg/m2; Systolic Blood Pressure: 197.0 mmHg. Immunizations: Influenza seasonal injectable preservative free.",1
b01f3b20-2f6d-4878-8d12-1daf22b6e886,"Demographics: born 1987-02-01, gender M, race asian, ethnicity chinese. Encounters: Encounter for symptom; Outpatient Encounter. Medications: Penicillin V Potassium 250 MG; Clopidogrel 75 MG Oral Tablet; Simvastatin 20 MG Oral Tablet; Amlodipine 5 MG Oral Tablet; Nitroglycerin 0.4 MG/ACTUAT [Nitrolingual]; Dextromethorphan Hydrobromide 1 MG/ML. Procedures: Plain chest X-ray (procedure). Observations: Oral temperature: 38.0 Cel; Oral temperature: 37.0 Cel; Body Height: 165.55 cm; Body Weight: 76.76 kg; Body Mass Index: 28.01 kg/m2; Systolic Blood Pressure: 130.0 mmHg; Diastolic Blood Pressure: 72.0 mmHg; Body Weight: 81.04 kg; Body Mass Index: 29.57 kg/m2; Systolic Blood Pressure: 125.0 mmHg; Diastolic Blood Pressure: 70.0 mmHg. Immunizations: Influenza seasonal injectable preservative free.",0
74c93125-babf-4779-b54b-7838fdd81319,"Demographics: born 1927-02-22, gender M, race white, ethnicity american.",0
7c7dd82f-8f54-408d-98ef-24d2db08cd5f,"Demographics: born 1952-08-12, gender F, race white, ethnicity italian.",0
cba50251-bf7b-49e0-9bcc-37fa8c32803c,"Demographics: born 1980-10-06, gender M, race white, ethnicity irish. Encounters: Encounter for symptom; Outpatient Encounter. Medications: Amoxicillin 250 MG / Clavulanate 125 MG [Augmentin]; 24 HR Metformin hydrochloride 500 MG Extended Release Oral Tablet. Procedures: Documentation of current medications. Observations: Body Height: 175.84 cm; Body Weight: 90.95 kg; Body Mass Index: 29.41 kg/m2; Systolic Blood Pressure: 116.0 mmHg; Diastolic Blood Pressure: 89.0 mmHg; Total Cholesterol: 171.0 mg/dL; Triglycerides: 148.0 mg/dL; Low Density Lipoprotein Cholesterol: 68.0 mg/dL; High Density Lipoprotein Cholesterol: 73.0 mg/dL; Hemoglobin A1c/Hemoglobin.total in Blood: 7.7 %; Body Weight: 94.93 kg; Body Mass Index: 30.7 kg/m2; Systolic Blood Pressure: 125.0 mmHg; Diastolic Blood Pressure: 70.0 mmHg; Glucose: 72.0 mg/dL; Urea Nitrogen: 15.0 mg/dL; Creatinine: 1.0 mg/dL; Calcium: 9.97 mg/dL; Sodium: 144.0 mmol/L; Potassium: 4.95 mmol/L; Chloride: 111.0 mmol/L; Carbon Dioxide: 20.0 mmol/L; Total Cholesterol: 170.0 mg/dL; Triglycerides: 130.0 mg/dL; Low Density Lipoprotein Cholesterol: 78.0 mg/dL; High Density Lipoprotein Cholesterol: 66.0 mg/dL; Microalbumin Creatine Ratio: 8.0 mg/g; Estimated Glomerular Filtration Rate: 60.0 mL/min/{1.73_m2}. Immunizations: Influenza seasonal injectable preservative free; Td (adult) preservative free.",1
e6578890-8f03-43b6-b116-00beb041a555,"Demographics: born 1965-08-15, gender F, race white, ethnicity polish. Encounters: Emergency room admission; Encounter for 'check-up'; Patient encounter procedure; Outpatient Encounter. Medications: 24 HR Metformin hydrochloride 500 MG Extended Release Oral Tablet; Acetaminophen 325 MG / oxyCODONE Hydrochloride 5 MG Oral Tablet; Naproxen sodium 220 MG Oral Tablet; Acetaminophen 325 MG Oral Tablet. Procedures: Admission to orthopedic department; Replacement of contraceptive intrauterine device; Suture open wound; Colonoscopy; Removal of intrauterine device. Observations: Hemoglobin A1c/Hemoglobin.total in Blood: 7.9 %; Body Height: 167.46 cm; Body Weight: 105.69 kg; Body Mass Index: 37.69 kg/m2; Systolic Blood Pressure: 109.0 mmHg; Diastolic Blood Pressure: 89.0 mmHg; Glucose: 104.0 mg/dL; Urea Nitrogen: 10.0 mg/dL; Creatinine: 1.0 mg/dL; Calcium: 9.75 mg/dL; Sodium: 138.0 mmol/L; Potassium: 3.72 mmol/L; Chloride: 107.0 mmol/L; Carbon Dioxide: 26.0 mmol/L; Total Cholesterol: 211.0 mg/dL; Triglycerides: 184.0 mg/dL; Low Density Lipoprotein Cholesterol: 128.0 mg/dL; High Density Lipoprotein Cholesterol: 46.0 mg/dL; Microalbumin Creatine Ratio: 6.0 mg/g; Estimated Glomerular Filtration Rate: 60.0 mL/min/{1.73_m2}; Hemoglobin A1c/Hemoglobin.total in Blood: 8.1 %; Body Weight: 108.13 kg; Body Mass Index: 38.56 kg/m2; Systolic Blood Pressure: 105.0 mmHg; Diastolic Blood Pressure: 88.0 mmHg; Glucose: 176.0 mg/dL; Urea Nitrogen: 12.0 mg/dL; Calcium: 9.06 mg/dL; Sodium: 137.0 mmol/L; Potassium: 4.73 mmol/L; Chloride: 109.0 mmol/L; Carbon Dioxide: 20.0 mmol/L; Total Cholesterol: 250.0 mg/dL; Triglycerides: 401.0 mg/dL; Low Density Lipoprotein Cholesterol: 141.0 mg/dL; High Density Lipoprotein Cholesterol: 28.0 mg/dL; Microalbumin Creatine Ratio: 16.0 mg/g; Hemoglobin A1c/Hemoglobin.total in Blood: 8.3 %; Body Weight: 110.1 kg; Body Mass Index: 39.26 kg/m2. Immunizations: Influenza seasonal injectable preservative free.",1
14750900-862c-49a3-9577-cdc6811690c1,"Demographics: born 1960-06-04, gender F, race white, ethnicity american. Encounters: Encounter for 'check-up'; Encounter for symptom; Outpatient Encounter. Medications: Penicillin V Potassium 250 MG; Penicillin V Potassium 500 MG; Fluticasone propionate 0.25 MG/ACTUAT / salmeterol 0.05 MG/ACTUAT [Advair]. Procedures: Colonoscopy; Spirometry (procedure); Documentation of current medications. Observations: FEV1/​FVC: 45.0 %; Body Height: 165.03 cm; Body Weight: 107.96 kg; Body Mass Index: 39.64 kg/m2; Systolic Blood Pressure: 120.0 mmHg; Diastolic Blood Pressure: 75.0 mmHg; FEV1/​FVC: 46.0 %; Systolic Blood Pressure: 121.0 mmHg; Diastolic Blood Pressure: 85.0 mmHg; Total Cholesterol: 165.0 mg/dL; Triglycerides: 140.0 mg/dL; Low Density Lipoprotein Cholesterol: 78.0 mg/dL; High Density Lipoprotein Cholesterol: 59.0 mg/dL; FEV1/​FVC: 47.0 %; Systolic Blood Pressure: 115.0 mmHg; Diastolic Blood Pressure: 70.0 mmHg; FEV1/​FVC: 33.0 %; Systolic Blood Pressure: 139.0 mmHg; Diastolic Blood Pressure: 87.0 mmHg; FEV1/​FVC: 35.0 %; Systolic Blood Pressure: 104.0 mmHg; Diastolic Blood Pressure: 79.0 mmHg; Total Cholesterol: 185.0 mg/dL; Triglycerides: 146.0 mg/dL; Low Density Lipoprotein Cholesterol: 75.0 mg/dL; High Density Lipoprotein Cholesterol: 80.0 mg/dL; Oral temperature: 37.0 Cel. Immunizations: Influenza seasonal injectable preservative free; Td (adult) preservative free.",0
11ef8810-15d6-4a94-8e2a-f12fde5b3110,"Demographics: born 1947-10-16, gender M, race hispanic, ethnicity puerto_rican. Encounters: Outpatient Encounter; Emergency room admission; Encounter for 'check-up'; Encounter for symptom. Medications: 24 HR Metformin hydrochloride 500 MG Extended Release Oral Tablet; insulin human isophane 70 UNT/ML / Regular Insulin Human 30 UNT/ML Injectable Suspension [Humulin]; Acetaminophen 325 MG / oxyCODONE Hydrochloride 5 MG Oral Tablet; Ibuprofen 200 MG Oral Tablet; Naproxen sodium 220 MG Oral Tablet; Acetaminophen 160 MG. Procedures: Documentation of current medications; Admission to orthopedic department; Bone density scan (procedure); Bone immobilization; Sputum examination (procedure). Observations: Hemoglobin A1c/Hemoglobin.total in Blood: 8.4 %; Body Height: 172.32 cm; Body Weight: 117.53 kg; Body Mass Index: 39.58 kg/m2; Systolic Blood Pressure: 162.0 mmHg; Diastolic Blood Pressure: 118.0 mmHg; Glucose: 139.0 mg/dL; Urea Nitrogen: 15.0 mg/dL; Creatinine: 1.0 mg/dL; Calcium: 9.22 mg/dL; Sodium: 144.0 mmol/L; Potassium: 4.85 mmol/L; Chloride: 107.0 mmol/L; Carbon Dioxide: 24.0 mmol/L; Total Cholesterol: 240.0 mg/dL; Triglycerides: 202.0 mg/dL; Low Density Lipoprotein Cholesterol: 172.0 mg/dL; High Density Lipoprotein Cholesterol: 27.0 mg/dL; Microalbumin Creatine Ratio: 5.0 mg/g; Estimated Glomerular Filtration Rate: 60.0 mL/min/{1.73_m2}; Hemoglobin A1c/Hemoglobin.total in Blood: 5.3 %; Body Weight: 115.96 kg; Body Mass Index: 39.05 kg/m2; Systolic Blood Pressure: 182.0 mmHg; Diastolic Blood Pressure: 108.0 mmHg; Glucose: 171.0 mg/dL; Urea Nitrogen: 20.0 mg/dL; Calcium: 9.05 mg/dL; Sodium: 141.0 mmol/L; Potassium: 4.46 mmol/L; Carbon Dioxide: 28.0 mmol/L; Total Cholesterol: 256.0 mg/dL; Triglycerides: 249.0 mg/dL; Low Density Lipoprotein Cholesterol: 175.0 mg/dL; High Density Lipoprotein Cholesterol: 31.0 mg/dL; Microalbumin Creatine Ratio: 4.0 mg/g; Systolic Blood Pressure: 154.0 mmHg; Diastolic Blood Pressure: 93.0 mmHg; Glucose: 156.0 mg/dL; Urea Nitrogen: 11.0 mg/dL. Immunizations: Influenza seasonal injectable preservative free; Pneumococcal conjugate PCV 13; pneumococcal polysaccharide vaccine 23 valent.",1
17f344b3-a8de-4258-a3fd-53fa1caa9caf,"Demographics: born 1970-06-12, gender M, race asian, ethnicity chinese. Encounters: Outpatient Encounter; Encounter for symptom. Medications: Fluticasone propionate 0.25 MG/ACTUAT / salmeterol 0.05 MG/ACTUAT [Advair]; 24 HR Metformin hydrochloride 500 MG Extended Release Oral Tablet. Procedures: Spirometry (procedure); Documentation of current medications. Observations: FEV1/​FVC: 63.0 %; Body Height: 169.67 cm; Body Weight: 94.18 kg; Body Mass Index: 32.72 kg/m2; Systolic Blood Pressure: 158.0 mmHg; Diastolic Blood Pressure: 105.0 mmHg; Estimated Glomerular Filtration Rate: 60.0 mL/min/{1.73_m2}; FEV1/​FVC: 78.0 %; Body Weight: 97.3 kg; Body Mass Index: 33.8 kg/m2; Systolic Blood Pressure: 141.0 mmHg; Diastolic Blood Pressure: 90.0 mmHg; Total Cholesterol: 165.0 mg/dL; Triglycerides: 117.0 mg/dL; Low Density Lipoprotein Cholesterol: 74.0 mg/dL; High Density Lipoprotein Cholesterol: 67.0 mg/dL; FEV1/​FVC: 48.0 %; Body Weight: 99.86 kg; Body Mass Index: 34.69 kg/m2; Systolic Blood Pressure: 167.0 mmHg; Diastolic Blood Pressure: 119.0 mmHg; FEV1/​FVC: 27.0 %; Hemoglobin A1c/Hemoglobin.total in Blood: 8.8 %; Body Weight: 101.26 kg; Body Mass Index: 35.18 kg/m2; Systolic Blood Pressure: 159.0 mmHg; Diastolic Blood Pressure: 118.0 mmHg; Glucose: 90.0 mg/dL; Urea Nitrogen: 16.0 mg/dL; Creatinine: 1.0 mg/dL; Calcium: 9.2 mg/dL; Sodium: 137.0 mmol/L; Potassium: 4.37 mmol/L; Chloride: 102.0 mmol/L; Carbon Dioxide: 25.0 mmol/L; Total Cholesterol: 160.0 mg/dL; Triglycerides: 105.0 mg/dL; Low Density Lipoprotein Cholesterol: 76.0 mg/dL; High Density Lipoprotein Cholesterol: 63.0 mg/dL; Microalbumin Creatine Ratio: 2.0 mg/g. Immunizations: Influenza seasonal injectable preservative free; Td (adult) preservative free.",1
5755b59f-14da-417d-942b-daf47e19ffa6,"Demographics: born 1990-06-24, gender M, race white, ethnicity italian. Encounters: Outpatient Encounter. Procedures: Documentation of current medications. Observations: Body Height: 184.47 cm; Body Weight: 66.04 kg; Body Mass Index: 19.41 kg/m2; Systolic Blood Pressure: 161.0 mmHg; Diastolic Blood Pressure: 109.0 mmHg; Estimated Glomerular Filtration Rate: 60.0 mL/min/{1.73_m2}; Body Weight: 71.29 kg; Body Mass Index: 20.95 kg/m2; Systolic Blood Pressure: 194.0 mmHg; Diastolic Blood Pressure: 108.0 mmHg; Body Weight: 75.66 kg; Body Mass Index: 22.23 kg/m2; Systolic Blood Pressure: 160.0 mmHg; Diastolic Blood Pressure: 113.0 mmHg. Immunizations: Influenza seasonal injectable preservative free; Td (adult) preservative free.",0
fd52f326-fa95-4e15-b468-2d38be5cd91b,"Demographics: born 1967-09-30, gender M, race white, ethnicity irish. Encounters: Outpatient Encounter; Encounter for symptom. Medications: 24 HR Metformin hydrochloride 500 MG Extended Release Oral Tablet; insulin human isophane 70 UNT/ML / Regular Insulin Human 30 UNT/ML Injectable Suspension [Humulin]; Penicillin V Potassium 500 MG; Dextromethorphan Hydrobromide 1 MG/ML. Procedures: Throat culture (procedure); Measurement of respiratory function (procedure); Documentation of current medications. Observations: Hemoglobin A1c/Hemoglobin.total in Blood: 3.4 %; Body Height: 171.17 cm; Body Weight: 92.25 kg; Body Mass Index: 31.48 kg/m2; Systolic Blood Pressure: 155.0 mmHg; Diastolic Blood Pressure: 93.0 mmHg; Glucose: 80.0 mg/dL; Urea Nitrogen: 13.0 mg/dL; Creatinine: 1.0 mg/dL; Calcium: 9.77 mg/dL; Sodium: 137.0 mmol/L; Potassium: 4.52 mmol/L; Chloride: 102.0 mmol/L; Carbon Dioxide: 25.0 mmol/L; Total Cholesterol: 198.0 mg/dL; Triglycerides: 127.0 mg/dL; Low Density Lipoprotein Cholesterol: 109.0 mg/dL; High Density Lipoprotein Cholesterol: 63.0 mg/dL; Microalbumin Creatine Ratio: 29.0 mg/g; Estimated Glomerular Filtration Rate: 60.0 mL/min/{1.73_m2}; Systolic Blood Pressure: 181.0 mmHg; Diastolic Blood Pressure: 105.0 mmHg; Glucose: 99.0 mg/dL; Urea Nitrogen: 9.0 mg/dL; Calcium: 9.98 mg/dL; Potassium: 3.83 mmol/L; Chloride: 107.0 mmol/L; Carbon Dioxide: 23.0 mmol/L; Total Cholesterol: 193.0 mg/dL; Triglycerides: 140.0 mg/dL; Low Density Lipoprotein Cholesterol: 90.0 mg/dL; High Density Lipoprotein Cholesterol: 75.0 mg/dL; Microalbumin Creatine Ratio: 20.0 mg/g; Hemoglobin A1c/Hemoglobin.total in Blood: 3.5 %; Body Weight: 93.81 kg; Body Mass Index: 32.02 kg/m2; Systolic Blood Pressure: 200.0 mmHg; Diastolic Blood Pressure: 92.0 mmHg; Glucose: 77.0 mg/dL; Urea Nitrogen: 14.0 mg/dL. Immunizations: Influenza seasonal injectable preservative free.",1
d292cb26-a90c-4d47-98fa-09059a4dd2af,"Demographics: born 1964-01-08, gender F, race white, ethnicity irish. Encounters: Outpatient Encounter. Medications: Penicillin V Potassium 250 MG; 24 HR Metformin hydrochloride 500 MG Extended Release Oral Tablet; insulin human isophane 70 UNT/ML / Regular Insulin Human 30 UNT/ML Injectable Suspension [Humulin]. Procedures: Documentation of current medications. Observations: Hemoglobin A1c/Hemoglobin.total in Blood: 4.0 %; Body Height: 164.18 cm; Body Weight: 91.73 kg; Body Mass Index: 34.03 kg/m2; Systolic Blood Pressure: 147.0 mmHg; Diastolic Blood Pressure: 119.0 mmHg; Glucose: 114.0 mg/dL; Urea Nitrogen: 15.0 mg/dL; Creatinine: 1.0 mg/dL; Calcium: 8.53 mg/dL; Sodium: 137.0 mmol/L; Potassium: 3.77 mmol/L; Chloride: 105.0 mmol/L; Carbon Dioxide: 29.0 mmol/L; Total Cholesterol: 225.0 mg/dL; Triglycerides: 175.0 mg/dL; Low Density Lipoprotein Cholesterol: 141.0 mg/dL; High Density Lipoprotein Cholesterol: 49.0 mg/dL; Microalbumin Creatine Ratio: 26.0 mg/g; Estimated Glomerular Filtration Rate: 60.0 mL/min/{1.73_m2}; Hemoglobin A1c/Hemoglobin.total in Blood: 4.3 %; Body Weight: 95.21 kg; Body Mass Index: 35.32 kg/m2; Systolic Blood Pressure: 190.0 mmHg; Diastolic Blood Pressure: 105.0 mmHg; Glucose: 112.0 mg/dL; Urea Nitrogen: 20.0 mg/dL; Calcium: 9.26 mg/dL; Sodium: 142.0 mmol/L; Potassium: 4.28 mmol/L; Chloride: 107.0 mmol/L; Carbon Dioxide: 22.0 mmol/L; Total Cholesterol: 206.0 mg/dL; Triglycerides: 176.0 mg/dL; Low Density Lipoprotein Cholesterol: 117.0 mg/dL; High Density Lipoprotein Cholesterol: 53.0 mg/dL; Microalbumin Creatine Ratio: 25.0 mg/g; Hemoglobin A1c/Hemoglobin.total in Blood: 4.5 %; Body Weight: 97.14 kg; Body Mass Index: 36.04 kg/m2. Immunizations: Influenza seasonal injectable preservative free; Td (adult) preservative free.",1
b1288d71-b65f-4a47-bcbe-d8fd72fa57c9,"Demographics: born 2004-03-08, gender M, race black, ethnicity african. Encounters: Encounter for symptom; Outpatient Encounter; Emergency room admission; Encounter for 'check-up'. Medications: Acetaminophen 160 MG; Acetaminophen 160 MG Oral Tablet. Procedures: Documentation of current medications; Bone immobilization; Sputum examination (procedure). Observations: Body Height: 122.39 cm; Body Weight: 20.68 kg; Body Mass Index: 13.8 kg/m2; Systolic Blood Pressure: 129.0 mmHg; Diastolic Blood Pressure: 71.0 mmHg; Body Height: 128.78 cm; Body Weight: 22.91 kg; Body Mass Index: 13.81 kg/m2; Systolic Blood Pressure: 139.0 mmHg; Diastolic Blood Pressure: 78.0 mmHg; Body Height: 134.75 cm; Body Weight: 25.36 kg; Body Mass Index: 13.97 kg/m2; Systolic Blood Pressure: 102.0 mmHg; Diastolic Blood Pressure: 85.0 mmHg; Body Height: 139.76 cm; Body Weight: 27.9 kg; Body Mass Index: 14.28 kg/m2; Systolic Blood Pressure: 128.0 mmHg; Diastolic Blood Pressure: 72.0 mmHg; Body Height: 144.87 cm; Body Weight: 31.09 kg; Body Mass Index: 14.81 kg/m2; Systolic Blood Pressure: 114.0 mmHg; Body Height: 149.28 cm; Body Weight: 34.17 kg; Body Mass Index: 15.33 kg/m2; Systolic Blood Pressure: 135.0 mmHg; Diastolic Blood Pressure: 84.0 mmHg; Body Height: 156.25 cm; Body Weight: 38.8 kg; Body Mass Index: 15.89 kg/m2; Systolic Blood Pressure: 131.0 mmHg; Diastolic Blood Pressure: 89.0 mmHg. Immunizations: Influenza seasonal injectable preservative free; meningococcal MCV4P; Tdap; HPV quadrivalent.",0
390888f0-ec58-468d-8879-25cb92e5b12f,"Demographics: born 1995-03-14, gender M, race white, ethnicity irish. Encounters: Outpatient Encounter; Emergency room admission; Encounter for 'check-up'; Encounter for symptom. Medications: Penicillin V Potassium 250 MG; Naproxen sodium 220 MG Oral Tablet. Procedures: Documentation of current medications. Observations: Body Height: 174.56 cm; Body Weight: 84.73 kg; Body Mass Index: 27.81 kg/m2; Systolic Blood Pressure: 117.0 mmHg; Diastolic Blood Pressure: 77.0 mmHg; Body Height: 177.54 cm; Body Weight: 90.68 kg; Body Mass Index: 28.77 kg/m2; Systolic Blood Pressure: 132.0 mmHg; Diastolic Blood Pressure: 80.0 mmHg; Body Height: 178.83 cm; Body Weight: 95.11 kg; Body Mass Index: 29.74 kg/m2; Systolic Blood Pressure: 133.0 mmHg; Diastolic Blood Pressure: 82.0 mmHg; Body Height: 179.48 cm; Body Weight: 98.04 kg; Body Mass Index: 30.44 kg/m2; Systolic Blood Pressure: 108.0 mmHg; Diastolic Blood Pressure: 81.0 mmHg; Body Height: 179.83 cm; Body Weight: 99.64 kg; Body Mass Index: 30.81 kg/m2; Systolic Blood Pressure: 135.0 mmHg; Diastolic Blood Pressure: 87.0 mmHg; Body Height: 179.96 cm; Body Weight: 101.69 kg; Body Mass Index: 31.4 kg/m2; Systolic Blood Pressure: 123.0 mmHg; Diastolic Blood Pressure: 85.0 mmHg. Immunizations: Influenza seasonal injectable preservative free; meningococcal MCV4P.",0
3e8f83c5-c366-4e01-be29-ed4b6f8d333d,"Demographics: born 1957-01-02, gender F, race hispanic, ethnicity puerto_rican. Encounters: Outpatient Encounter; Encounter for 'check-up'; Encounter for symptom; Death Certification. Medications: Fluticasone propionate 0.25 MG/ACTUAT / salmeterol 0.05 MG/ACTUAT [Advair]; 24 HR Metformin hydrochloride 500 MG Extended Release Oral Tablet; Acetaminophen 160 MG; Clopidogrel 75 MG Oral Tablet; Simvastatin 20 MG Oral Tablet; Amlodipine 5 MG Oral Tablet; Nitroglycerin 0.4 MG/ACTUAT [Nitrolingual]. Procedures: Spirometry (procedure); Pulmonary rehabilitation (regime/therapy); Colonoscopy; Measurement of respiratory function (procedure). Observations: FEV1/​FVC: 13.0 %; Hemoglobin A1c/Hemoglobin.total in Blood: 7.3 %; Body Height: 163.86 cm; Body Weight: 94.63 kg; Body Mass Index: 35.25 kg/m2; Systolic Blood Pressure: 180.0 mmHg; Diastolic Blood Pressure: 106.0 mmHg; Glucose: 106.0 mg/dL; Urea Nitrogen: 19.0 mg/dL; Creatinine: 1.0 mg/dL; Calcium: 8.57 mg/dL; Sodium: 138.0 mmol/L; Potassium: 4.81 mmol/L; Chloride: 104.0 mmol/L; Carbon Dioxide: 27.0 mmol/L; Total Cholesterol: 212.0 mg/dL; Triglycerides: 196.0 mg/dL; Low Density Lipoprotein Cholesterol: 113.0 mg/dL; High Density Lipoprotein Cholesterol: 59.0 mg/dL; Microalbumin Creatine Ratio: 13.0 mg/g; Estimated Glomerular Filtration Rate: 60.0 mL/min/{1.73_m2}; FEV1/​FVC: 16.0 %; Systolic Blood Pressure: 197.0 mmHg; Diastolic Blood Pressure: 115.0 mmHg; Glucose: 119.0 mg/dL; Urea Nitrogen: 18.0 mg/dL; Calcium: 10.17 mg/dL; Sodium: 136.0 mmol/L; Potassium: 4.11 mmol/L; Chloride: 103.0 mmol/L; Carbon Dioxide: 21.0 mmol/L; Total Cholesterol: 203.0 mg/dL; Triglycerides: 160.0 mg/dL; Low Density Lipoprotein Cholesterol: 127.0 mg/dL; High Density Lipoprotein Cholesterol: 44.0 mg/dL; Microalbumin Creatine Ratio: 10.0 mg/g; FEV1/​FVC: 26.0 %; Systolic Blood Pressure: 145.0 mmHg; Diastolic Blood Pressure: 104.0 mmHg; Glucose: 125.0 mg/dL. Immunizations: Influenza seasonal injectable preservative free.",1
1fda791c-7cbd-4669-ba11-2ae5e1dc5d6e,"Demographics: born 1961-07-01, gender M, race hispanic, ethnicity central_american. Encounters: Outpatient Encounter; Encounter for symptom; Encounter for 'check-up'; Emergency room admission. Medications: Penicillin V Potassium 250 MG; 24 HR Metformin hydrochloride 500 MG Extended Release Oral Tablet; Acetaminophen 160 MG; Acetaminophen 325 MG Oral Tablet. Procedures: Documentation of current medications; Plain chest X-ray (procedure); Colonoscopy; Suture open wound. Observations: Hemoglobin A1c/Hemoglobin.total in Blood: 7.4 %; Body Height: 176.52 cm; Body Weight: 110.95 kg; Body Mass Index: 35.61 kg/m2; Systolic Blood Pressure: 185.0 mmHg; Diastolic Blood Pressure: 91.0 mmHg; Glucose: 105.0 mg/dL; Urea Nitrogen: 9.0 mg/dL; Creatinine: 1.0 mg/dL; Calcium: 9.4 mg/dL; Sodium: 141.0 mmol/L; Potassium: 4.1 mmol/L; Chloride: 105.0 mmol/L; Carbon Dioxide: 20.0 mmol/L; Total Cholesterol: 224.0 mg/dL; Triglycerides: 189.0 mg/dL; Low Density Lipoprotein Cholesterol: 137.0 mg/dL; High Density Lipoprotein Cholesterol: 49.0 mg/dL; Microalbumin Creatine Ratio: 1.0 mg/g; Estimated Glomerular Filtration Rate: 60.0 mL/min/{1.73_m2}; Systolic Blood Pressure: 149.0 mmHg; Diastolic Blood Pressure: 118.0 mmHg; Glucose: 116.0 mg/dL; Urea Nitrogen: 10.0 mg/dL; Calcium: 8.53 mg/dL; Sodium: 143.0 mmol/L; Potassium: 4.88 mmol/L; Chloride: 109.0 mmol/L; Carbon Dioxide: 28.0 mmol/L; Total Cholesterol: 215.0 mg/dL; Triglycerides: 176.0 mg/dL; High Density Lipoprotein Cholesterol: 42.0 mg/dL; Microalbumin Creatine Ratio: 3.0 mg/g; Systolic Blood Pressure: 200.0 mmHg; Diastolic Blood Pressure: 98.0 mmHg; Glucose: 124.0 mg/dL; Urea Nitrogen: 20.0 mg/dL; Calcium: 9.32 mg/dL; Potassium: 4.04 mmol/L; Carbon Dioxide: 27.0 mmol/L. Immunizations: Influenza seasonal injectable preservative free; Td (adult) preservative free.",1
7e28d26f-8fde-41d9-8ab2-ab53d860fb4d,"Demographics: born 1961-07-28, gender F, race white, ethnicity irish. Encounters: Outpatient Encounter; Encounter for 'check-up'. Medications: Penicillin V Potassium 250 MG; 24 HR Metformin hydrochloride 500 MG Extended Release Oral Tablet; insulin human isophane 70 UNT/ML / Regular Insulin Human 30 UNT/ML Injectable Suspension [Humulin]. Procedures: Documentation of current medications; Colonoscopy. Observations: Hemoglobin A1c/Hemoglobin.total in Blood: 5.0 %; Body Height: 160.89 cm; Body Weight: 98.06 kg; Body Mass Index: 37.88 kg/m2; Systolic Blood Pressure: 173.0 mmHg; Diastolic Blood Pressure: 110.0 mmHg; Glucose: 180.0 mg/dL; Urea Nitrogen: 12.0 mg/dL; Creatinine: 1.0 mg/dL; Calcium: 9.37 mg/dL; Sodium: 144.0 mmol/L; Potassium: 5.06 mmol/L; Chloride: 110.0 mmol/L; Carbon Dioxide: 25.0 mmol/L; Total Cholesterol: 253.0 mg/dL; Triglycerides: 346.0 mg/dL; Low Density Lipoprotein Cholesterol: 156.0 mg/dL; High Density Lipoprotein Cholesterol: 27.0 mg/dL; Microalbumin Creatine Ratio: 23.0 mg/g; Estimated Glomerular Filtration Rate: 60.0 mL/min/{1.73_m2}; Hemoglobin A1c/Hemoglobin.total in Blood: 5.1 %; Body Weight: 99.38 kg; Body Mass Index: 38.39 kg/m2; Systolic Blood Pressure: 174.0 mmHg; Diastolic Blood Pressure: 119.0 mmHg; Glucose: 163.0 mg/dL; Urea Nitrogen: 8.0 mg/dL; Calcium: 9.17 mg/dL; Sodium: 137.0 mmol/L; Potassium: 4.95 mmol/L; Chloride: 102.0 mmol/L; Carbon Dioxide: 22.0 mmol/L; Total Cholesterol: 246.0 mg/dL; Triglycerides: 381.0 mg/dL; Low Density Lipoprotein Cholesterol: 145.0 mg/dL; High Density Lipoprotein Cholesterol: 24.0 mg/dL; Microalbumin Creatine Ratio: 27.0 mg/g; Systolic Blood Pressure: 180.0 mmHg; Diastolic Blood Pressure: 111.0 mmHg; Glucose: 152.0 mg/dL. Immunizations: Influenza seasonal injectable preservative free; Td (adult) preservative free.",1
286fb11a-b854-45de-8487-c1e04b9b416c,"Demographics: born 2000-05-26, gender F, race white, ethnicity german. Encounters: Outpatient Encounter; Emergency hospital admission for asthma; Asthma follow-up; Encounter for symptom; Encounter for problem; Non-urgent orthopedic admission; Encounter for 'check-up'. Medications: 120 ACTUAT Fluticasone propionate 0.044 MG/ACTUAT Metered Dose Inhaler; 200 ACTUAT Albuterol 0.09 MG/ACTUAT Metered Dose Inhaler; Acetaminophen 160 MG; Meperidine Hydrochloride 50 MG Oral Tablet; Ibuprofen 200 MG Oral Tablet; Dextromethorphan Hydrobromide 1 MG/ML. Procedures: Documentation of current medications; Measurement of respiratory function (procedure); Surgical manipulation of shoulder joint; Throat culture (procedure). Observations: Body Height: 137.16 cm; Body Weight: 42.72 kg; Body Mass Index: 22.71 kg/m2; Systolic Blood Pressure: 118.0 mmHg; Diastolic Blood Pressure: 85.0 mmHg; Body Height: 143.12 cm; Body Weight: 48.63 kg; Body Mass Index: 23.74 kg/m2; Systolic Blood Pressure: 102.0 mmHg; Diastolic Blood Pressure: 75.0 mmHg; Body Height: 150.92 cm; Body Weight: 54.93 kg; Body Mass Index: 24.12 kg/m2; Systolic Blood Pressure: 136.0 mmHg; Diastolic Blood Pressure: 79.0 mmHg; Body Height: 156.63 cm; Body Weight: 60.07 kg; Body Mass Index: 24.49 kg/m2; Systolic Blood Pressure: 115.0 mmHg; Diastolic Blood Pressure: 80.0 mmHg; Oral temperature: 38.0 Cel; Body Height: 160.06 cm; Body Weight: 64.93 kg; Body Mass Index: 25.34 kg/m2; Systolic Blood Pressure: 124.0 mmHg; Diastolic Blood Pressure: 71.0 mmHg; Oral temperature: 37.0 Cel; Body Height: 161.28 cm; Body Weight: 67.73 kg; Body Mass Index: 26.04 kg/m2; Systolic Blood Pressure: 105.0 mmHg; Body Height: 161.76 cm; Body Weight: 69.16 kg; Body Mass Index: 26.43 kg/m2; Diastolic Blood Pressure: 82.0 mmHg. Immunizations: Influenza seasonal injectable preservative free; meningococcal MCV4P; Tdap; HPV quadrivalent.",0
337801fb-111c-48ee-81b7-41dedd40cea1,"Demographics: born 1935-11-14, gender F, race white, ethnicity english. Encounters: Outpatient Encounter; Hospital admission; Emergency Encounter; Encounter for symptom; Death Certification. Medications: Naproxen sodium 550 MG [Anaprox]; Naproxen sodium 220 MG [Aleve]; Alendronic acid 10 MG [Fosamax]; Fluticasone propionate 0.25 MG/ACTUAT / salmeterol 0.05 MG/ACTUAT [Advair]; Penicillin V Potassium 500 MG; Milnacipran hydrochloride 100 MG [Savella]; 1 ML Epinephrine 1 MG/ML Prefilled Syringe; 3 ML Amiodarone hydrocholoride 50 MG/ML Prefilled Syringe; Atropine Sulfate 1 MG/ML Injectable Solution; Amoxicillin 250 MG / Clavulanate 125 MG [Augmentin]. Procedures: Spirometry (procedure); Insertion of biventricular implantable cardioverter defibrillator; Catheter ablation of tissue of heart; Documentation of current medications. Observations: FEV1/​FVC: 52.0 %; Hemoglobin A1c/Hemoglobin.total in Blood: 6.3 %; Body Height: 171.01 cm; Body Weight: 75.6 kg; Body Mass Index: 25.85 kg/m2; Systolic Blood Pressure: 134.0 mmHg; Diastolic Blood Pressure: 75.0 mmHg; Glucose: 98.0 mg/dL; Urea Nitrogen: 7.0 mg/dL; Creatinine: 1.0 mg/dL; Calcium: 9.61 mg/dL; Sodium: 138.0 mmol/L; Potassium: 4.43 mmol/L; Chloride: 102.0 mmol/L; Carbon Dioxide: 29.0 mmol/L; FEV1/​FVC: 67.0 %; Hemoglobin A1c/Hemoglobin.total in Blood: 6.1 %; Body Weight: 73.61 kg; Body Mass Index: 25.17 kg/m2; Systolic Blood Pressure: 117.0 mmHg; Diastolic Blood Pressure: 74.0 mmHg; Glucose: 70.0 mg/dL; Urea Nitrogen: 19.0 mg/dL; Calcium: 8.59 mg/dL; Sodium: 136.0 mmol/L; Potassium: 3.96 mmol/L; Chloride: 108.0 mmol/L; FEV1/​FVC: 60.0 %; Hemoglobin A1c/Hemoglobin.total in Blood: 6.2 %; Body Weight: 72.07 kg; Body Mass Index: 24.64 kg/m2; Systolic Blood Pressure: 116.0 mmHg; Diastolic Blood Pressure: 80.0 mmHg; Glucose: 95.0 mg/dL; Urea Nitrogen: 8.0 mg/dL; Calcium: 9.87 mg/dL; Potassium: 3.82 mmol/L; Chloride: 111.0 mmol/L; Carbon Dioxide: 24.0 mmol/L; Total Cholesterol: 181.0 mg/dL. Immunizations: Influenza seasonal injectable preservative free.",0
959c1a2b-0229-46b8-81c3-74d356e01bd5,"Demographics: born 1963-04-17, gender M, race white, ethnicity irish. Encounters: Encounter for symptom; Outpatient Encounter; Encounter for 'check-up'. Medications: Penicillin V Potassium 250 MG; Penicillin V Potassium 500 MG; 24 HR Metformin hydrochloride 500 MG Extended Release Oral Tablet; insulin human isophane 70 UNT/ML / Regular Insulin Human 30 UNT/ML Injectable Suspension [Humulin]. Procedures: Documentation of current medications; Colonoscopy. Observations: Oral temperature: 37.0 Cel; Hemoglobin A1c/Hemoglobin.total in Blood: 4.8 %; Body Height: 177.37 cm; Body Weight: 117.11 kg; Body Mass Index: 37.22 kg/m2; Systolic Blood Pressure: 145.0 mmHg; Diastolic Blood Pressure: 103.0 mmHg; Glucose: 113.0 mg/dL; Urea Nitrogen: 12.0 mg/dL; Creatinine: 1.0 mg/dL; Calcium: 9.1 mg/dL; Sodium: 141.0 mmol/L; Potassium: 4.15 mmol/L; Chloride: 110.0 mmol/L; Carbon Dioxide: 25.0 mmol/L; Total Cholesterol: 204.0 mg/dL; Triglycerides: 151.0 mg/dL; Low Density Lipoprotein Cholesterol: 115.0 mg/dL; High Density Lipoprotein Cholesterol: 58.0 mg/dL; Microalbumin Creatine Ratio: 279.0 mg/g; Estimated Glomerular Filtration Rate: 60.0 mL/min/{1.73_m2}; Hemoglobin A1c/Hemoglobin.total in Blood: 4.9 %; Body Weight: 118.29 kg; Body Mass Index: 37.6 kg/m2; Systolic Blood Pressure: 189.0 mmHg; Diastolic Blood Pressure: 98.0 mmHg; Glucose: 111.0 mg/dL; Urea Nitrogen: 16.0 mg/dL; Calcium: 8.84 mg/dL; Sodium: 142.0 mmol/L; Potassium: 4.58 mmol/L; Chloride: 107.0 mmol/L; Carbon Dioxide: 23.0 mmol/L; Total Cholesterol: 201.0 mg/dL; Triglycerides: 188.0 mg/dL; Low Density Lipoprotein Cholesterol: 113.0 mg/dL; High Density Lipoprotein Cholesterol: 50.0 mg/dL; Microalbumin Creatine Ratio: 293.0 mg/g; Systolic Blood Pressure: 149.0 mmHg; Diastolic Blood Pressure: 109.0 mmHg. Immunizations: Influenza seasonal injectable preservative free; Td (adult) preservative free.",1
ed457533-e01f-42e5-972a-03515ef181f1,"Demographics: born 1917-01-01, gender F, race white, ethnicity english. Encounters: Death Certification. Medications: Penicillin V Potassium 250 MG; 24 HR Metformin hydrochloride 500 MG Extended Release Oral Tablet; insulin human isophane 70 UNT/ML / Regular Insulin Human 30 UNT/ML Injectable Suspension [Humulin]; Simvastatin 20 MG Oral Tablet; Nitroglycerin 0.4 MG/ACTUAT [Nitrolingual]; Amlodipine 5 MG Oral Tablet; Tacrine 10 MG Oral Capsule; Donepezil hydrochloride 23 MG [Aricept]; Clopidogrel 75 MG Oral Tablet. Observations: Pneumonia.",1
326a0dcd-29d4-4de1-be48-5b96835578a0,"Demographics: born 1976-09-01, gender F, race white, ethnicity french. Encounters: Outpatient Encounter; Encounter for symptom; Emergency room admission; Encounter for 'check-up'. Medications: Penicillin V Potassium 250 MG; Naproxen sodium 220 MG [Aleve]; Penicillin V Potassium 500 MG; Ibuprofen 200 MG Oral Tablet; Amoxicillin 500 MG Oral Tablet; Acetaminophen 325 MG Oral Tablet. Procedures: Throat culture (procedure); Documentation of current medications. Observations: Body Height: 164.13 cm; Body Weight: 68.2 kg; Body Mass Index: 25.32 kg/m2; Systolic Blood Pressure: 139.0 mmHg; Diastolic Blood Pressure: 82.0 mmHg; Oral temperature: 37.53 Cel; Oral temperature: 39.3 Cel; Body Weight: 72.62 kg; Body Mass Index: 26.96 kg/m2; Systolic Blood Pressure: 134.0 mmHg; Diastolic Blood Pressure: 86.0 mmHg; Total Cholesterol: 195.0 mg/dL; Triglycerides: 100.0 mg/dL; Low Density Lipoprotein Cholesterol: 103.0 mg/dL; High Density Lipoprotein Cholesterol: 72.0 mg/dL; Body Weight: 77.66 kg; Body Mass Index: 28.83 kg/m2; Systolic Blood Pressure: 124.0 mmHg; Diastolic Blood Pressure: 79.0 mmHg. Immunizations: Influenza seasonal injectable preservative free; Td (adult) preservative free.",0
e02af2b0-f3ab-4cea-af0a-302106deb820,"Demographics: born 1966-06-07, gender F, race white, ethnicity french. Encounters: Outpatient Encounter; Encounter for symptom; Emergency room admission; Encounter for 'check-up'. Medications: 24 HR Metformin hydrochloride 500 MG Extended Release Oral Tablet; Amoxicillin 250 MG / Clavulanate 125 MG [Augmentin]; Naproxen sodium 220 MG Oral Tablet; Dextromethorphan Hydrobromide 1 MG/ML. Procedures: Documentation of current medications; Suture open wound; Measurement of respiratory function (procedure); Colonoscopy. Observations: Hemoglobin A1c/Hemoglobin.total in Blood: 7.2 %; Body Height: 161.47 cm; Body Weight: 91.13 kg; Body Mass Index: 34.95 kg/m2; Systolic Blood Pressure: 116.0 mmHg; Diastolic Blood Pressure: 75.0 mmHg; Glucose: 107.0 mg/dL; Urea Nitrogen: 14.0 mg/dL; Creatinine: 1.0 mg/dL; Calcium: 10.12 mg/dL; Sodium: 140.0 mmol/L; Potassium: 3.76 mmol/L; Chloride: 102.0 mmol/L; Carbon Dioxide: 26.0 mmol/L; Total Cholesterol: 234.0 mg/dL; Triglycerides: 185.0 mg/dL; Low Density Lipoprotein Cholesterol: 142.0 mg/dL; High Density Lipoprotein Cholesterol: 55.0 mg/dL; Microalbumin Creatine Ratio: 2.0 mg/g; Estimated Glomerular Filtration Rate: 60.0 mL/min/{1.73_m2}; Hemoglobin A1c/Hemoglobin.total in Blood: 7.5 %; Body Weight: 93.97 kg; Body Mass Index: 36.05 kg/m2; Systolic Blood Pressure: 107.0 mmHg; Diastolic Blood Pressure: 87.0 mmHg; Glucose: 122.0 mg/dL; Urea Nitrogen: 17.0 mg/dL; Calcium: 9.57 mg/dL; Sodium: 139.0 mmol/L; Potassium: 4.12 mmol/L; Chloride: 111.0 mmol/L; Carbon Dioxide: 24.0 mmol/L; Total Cholesterol: 202.0 mg/dL; Triglycerides: 173.0 mg/dL; Low Density Lipoprotein Cholesterol: 127.0 mg/dL; High Density Lipoprotein Cholesterol: 40.0 mg/dL; Microalbumin Creatine Ratio: 15.0 mg/g; Oral temperature: 37.0 Cel; Hemoglobin A1c/Hemoglobin.total in Blood: 7.8 %; Body Weight: 97.15 kg. Immunizations: Influenza seasonal injectable preservative free.",1
b9f1fe3a-0645-4f3f-8b73-80ab93260166,"Demographics: born 1936-01-02, gender F, race white, ethnicity italian. Encounters: Encounter for 'check-up'; Outpatient Encounter; Encounter for symptom. Medications: Penicillin V Potassium 250 MG; Alendronic acid 10 MG [Fosamax]. Procedures: Colonoscopy; Documentation of current medications. Observations: Hemoglobin A1c/Hemoglobin.total in Blood: 5.9 %; Body Height: 173.74 cm; Body Weight: 67.49 kg; Body Mass Index: 22.36 kg/m2; Systolic Blood Pressure: 127.0 mmHg; Diastolic Blood Pressure: 77.0 mmHg; Glucose: 83.0 mg/dL; Urea Nitrogen: 15.0 mg/dL; Creatinine: 1.0 mg/dL; Calcium: 9.85 mg/dL; Sodium: 141.0 mmol/L; Potassium: 4.04 mmol/L; Chloride: 107.0 mmol/L; Carbon Dioxide: 21.0 mmol/L; Oral temperature: 38.0 Cel; Hemoglobin A1c/Hemoglobin.total in Blood: 6.4 %; Body Weight: 66.02 kg; Body Mass Index: 21.87 kg/m2; Systolic Blood Pressure: 106.0 mmHg; Glucose: 94.0 mg/dL; Urea Nitrogen: 8.0 mg/dL; Calcium: 8.55 mg/dL; Sodium: 137.0 mmol/L; Potassium: 5.09 mmol/L; Chloride: 101.0 mmol/L; Carbon Dioxide: 28.0 mmol/L; Hemoglobin A1c/Hemoglobin.total in Blood: 6.0 %; Body Weight: 64.57 kg; Body Mass Index: 21.39 kg/m2; Systolic Blood Pressure: 119.0 mmHg; Diastolic Blood Pressure: 89.0 mmHg; Glucose: 69.0 mg/dL; Urea Nitrogen: 17.0 mg/dL; Calcium: 9.63 mg/dL; Sodium: 136.0 mmol/L; Potassium: 3.88 mmol/L; Chloride: 104.0 mmol/L; Carbon Dioxide: 20.0 mmol/L; Total Cholesterol: 176.0 mg/dL; Triglycerides: 140.0 mg/dL. Immunizations: Influenza seasonal injectable preservative free; Td (adult) preservative free.",0
be7b4a29-8d71-4a6b-98ae-407d5f1c35be,"Demographics: born 1965-01-18, gender M, race white, ethnicity english. Encounters: Outpatient Encounter; Encounter for symptom; Encounter for 'check-up'. Medications: Fluticasone propionate 0.25 MG/ACTUAT / salmeterol 0.05 MG/ACTUAT [Advair]; 24 HR Metformin hydrochloride 500 MG Extended Release Oral Tablet; Clopidogrel 75 MG Oral Tablet; Simvastatin 20 MG Oral Tablet; Amlodipine 5 MG Oral Tablet; Nitroglycerin 0.4 MG/ACTUAT [Nitrolingual]. Procedures: Spirometry (procedure); Documentation of current medications; Colonoscopy. Observations: FEV1/​FVC: 67.0 %; Hemoglobin A1c/Hemoglobin.total in Blood: 7.7 %; Body Height: 177.09 cm; Body Weight: 96.5 kg; Body Mass Index: 30.77 kg/m2; Systolic Blood Pressure: 171.0 mmHg; Diastolic Blood Pressure: 106.0 mmHg; Glucose: 104.0 mg/dL; Urea Nitrogen: 8.0 mg/dL; Creatinine: 1.0 mg/dL; Calcium: 9.85 mg/dL; Sodium: 140.0 mmol/L; Potassium: 5.1 mmol/L; Chloride: 110.0 mmol/L; Carbon Dioxide: 27.0 mmol/L; Total Cholesterol: 239.0 mg/dL; Triglycerides: 193.0 mg/dL; Low Density Lipoprotein Cholesterol: 146.0 mg/dL; High Density Lipoprotein Cholesterol: 54.0 mg/dL; Microalbumin Creatine Ratio: 6.0 mg/g; Estimated Glomerular Filtration Rate: 60.0 mL/min/{1.73_m2}; Oral temperature: 37.0 Cel; FEV1/​FVC: 60.0 %; Hemoglobin A1c/Hemoglobin.total in Blood: 6.4 %; Body Weight: 99.63 kg; Body Mass Index: 31.77 kg/m2; Systolic Blood Pressure: 145.0 mmHg; Diastolic Blood Pressure: 118.0 mmHg; Glucose: 164.0 mg/dL; Urea Nitrogen: 20.0 mg/dL; Calcium: 8.63 mg/dL; Sodium: 142.0 mmol/L; Potassium: 4.76 mmol/L; Chloride: 109.0 mmol/L; Total Cholesterol: 248.0 mg/dL; Triglycerides: 474.0 mg/dL; Low Density Lipoprotein Cholesterol: 129.0 mg/dL; High Density Lipoprotein Cholesterol: 24.0 mg/dL; Microalbumin Creatine Ratio: 10.0 mg/g; FEV1/​FVC: 76.0 %. Immunizations: Influenza seasonal injectable preservative free; Td (adult) preservative free.",1
33b41f69-d6e1-434e-9a6c-2ca351b3a587,"Demographics: born 1959-08-22, gender M, race white, ethnicity english. Encounters: Outpatient Encounter; Encounter for symptom; Emergency room admission; Encounter for 'check-up'. Medications: Penicillin V Potassium 250 MG; Penicillin V Potassium 500 MG; Acetaminophen 160 MG; Naproxen sodium 220 MG Oral Tablet. Procedures: Measurement of respiratory function (procedure); Suture open wound; Colonoscopy; Documentation of current medications. Observations: Body Height: 174.65 cm; Body Weight: 110.68 kg; Body Mass Index: 36.28 kg/m2; Systolic Blood Pressure: 177.0 mmHg; Diastolic Blood Pressure: 105.0 mmHg; Estimated Glomerular Filtration Rate: 60.0 mL/min/{1.73_m2}; Systolic Blood Pressure: 159.0 mmHg; Diastolic Blood Pressure: 99.0 mmHg; Total Cholesterol: 185.0 mg/dL; Triglycerides: 104.0 mg/dL; Low Density Lipoprotein Cholesterol: 99.0 mg/dL; High Density Lipoprotein Cholesterol: 65.0 mg/dL; Oral temperature: 38.0 Cel; Systolic Blood Pressure: 161.0 mmHg; Diastolic Blood Pressure: 109.0 mmHg; Hemoglobin A1c/Hemoglobin.total in Blood: 6.0 %; Systolic Blood Pressure: 185.0 mmHg; Diastolic Blood Pressure: 101.0 mmHg; Glucose: 65.0 mg/dL; Urea Nitrogen: 10.0 mg/dL; Creatinine: 1.0 mg/dL; Calcium: 8.54 mg/dL; Sodium: 141.0 mmol/L; Potassium: 5.0 mmol/L; Chloride: 104.0 mmol/L; Carbon Dioxide: 22.0 mmol/L; Hemoglobin A1c/Hemoglobin.total in Blood: 6.1 %; Systolic Blood Pressure: 193.0 mmHg; Diastolic Blood Pressure: 103.0 mmHg; Glucose: 88.0 mg/dL; Urea Nitrogen: 9.0 mg/dL; Calcium: 9.0 mg/dL; Sodium: 142.0 mmol/L; Potassium: 5.1 mmol/L; Chloride: 107.0 mmol/L; Carbon Dioxide: 21.0 mmol/L; Total Cholesterol: 161.0 mg/dL; Triglycerides: 139.0 mg/dL; Low Density Lipoprotein Cholesterol: 68.0 mg/dL; Hemoglobin A1c/Hemoglobin.total in Blood: 6.2 %. Immunizations: Influenza seasonal injectable preservative free; Td (adult) preservative free.",0
b0d3a483-8a81-4f96-8717-22c48f8e32d4,"Demographics: born 1971-12-13, gender M, race hispanic, ethnicity puerto_rican. Encounters: Outpatient Encounter; Encounter for symptom. Medications: Chlorpheniramine 2 MG Chewable Tablet; Penicillin V Potassium 250 MG; Acetaminophen 160 MG; 24 HR Metformin hydrochloride 500 MG Extended Release Oral Tablet. Procedures: Documentation of current medications; Sputum examination (procedure). Observations: Body Height: 166.07 cm; Body Weight: 87.61 kg; Body Mass Index: 31.77 kg/m2; Systolic Blood Pressure: 146.0 mmHg; Diastolic Blood Pressure: 98.0 mmHg; Total Cholesterol: 170.0 mg/dL; Triglycerides: 122.0 mg/dL; Low Density Lipoprotein Cholesterol: 72.0 mg/dL; High Density Lipoprotein Cholesterol: 73.0 mg/dL; Estimated Glomerular Filtration Rate: 60.0 mL/min/{1.73_m2}; Hemoglobin A1c/Hemoglobin.total in Blood: 8.0 %; Body Weight: 88.64 kg; Body Mass Index: 32.14 kg/m2; Systolic Blood Pressure: 149.0 mmHg; Diastolic Blood Pressure: 94.0 mmHg; Glucose: 93.0 mg/dL; Urea Nitrogen: 12.0 mg/dL; Creatinine: 1.0 mg/dL; Calcium: 9.41 mg/dL; Sodium: 140.0 mmol/L; Potassium: 5.17 mmol/L; Chloride: 101.0 mmol/L; Carbon Dioxide: 28.0 mmol/L; Total Cholesterol: 176.0 mg/dL; Triglycerides: 100.0 mg/dL; Low Density Lipoprotein Cholesterol: 91.0 mg/dL; High Density Lipoprotein Cholesterol: 65.0 mg/dL; Microalbumin Creatine Ratio: 8.0 mg/g; Hemoglobin A1c/Hemoglobin.total in Blood: 6.8 %; Body Weight: 92.07 kg; Body Mass Index: 33.38 kg/m2; Systolic Blood Pressure: 175.0 mmHg; Diastolic Blood Pressure: 111.0 mmHg; Glucose: 175.0 mg/dL; Urea Nitrogen: 18.0 mg/dL; Calcium: 9.2 mg/dL; Sodium: 142.0 mmol/L; Potassium: 3.9 mmol/L; Chloride: 105.0 mmol/L; Carbon Dioxide: 22.0 mmol/L. Allergies: Allergy to nut; Allergy to tree pollen; Allergy to grass pollen; Dander (animal) allergy; House dust mite allergy; Allergy to mould; Allergy to bee venom. Immunizations: Influenza seasonal injectable preservative free; Td (adult) preservative free.",1
368a1608-ca64-4070-bacc-81bd8de0680a,"Demographics: born 1985-12-06, gender F, race white, ethnicity american. Encounters: Consultation for treatment; Admission to surgical department; Encounter for symptom; Outpatient Encounter. Medications: Penicillin V Potassium 250 MG; Estrostep Fe 28 Day Pack; Amoxicillin 250 MG / Clavulanate 125 MG [Augmentin]; Acetaminophen 160 MG; Penicillin V Potassium 500 MG. Procedures: Bilateral tubal ligation; Sputum examination (procedure); Throat culture (procedure). Observations: Hemoglobin A1c/Hemoglobin.total in Blood: 5.9 %; Body Height: 162.74 cm; Body Weight: 69.99 kg; Body Mass Index: 26.43 kg/m2; Systolic Blood Pressure: 100.0 mmHg; Diastolic Blood Pressure: 88.0 mmHg; Glucose: 79.0 mg/dL; Urea Nitrogen: 9.0 mg/dL; Creatinine: 1.0 mg/dL; Calcium: 10.19 mg/dL; Sodium: 139.0 mmol/L; Potassium: 3.87 mmol/L; Chloride: 109.0 mmol/L; Carbon Dioxide: 27.0 mmol/L; Oral temperature: 37.83 Cel; Hemoglobin A1c/Hemoglobin.total in Blood: 6.0 %; Body Weight: 73.95 kg; Body Mass Index: 27.92 kg/m2; Systolic Blood Pressure: 127.0 mmHg; Diastolic Blood Pressure: 89.0 mmHg; Glucose: 82.0 mg/dL; Urea Nitrogen: 8.0 mg/dL; Calcium: 9.07 mg/dL; Sodium: 136.0 mmol/L; Potassium: 4.52 mmol/L; Chloride: 111.0 mmol/L; Carbon Dioxide: 21.0 mmol/L; Oral temperature: 38.0 Cel. Immunizations: Influenza seasonal injectable preservative free.",0
4addff73-57af-45b0-b5e2-b82ea607814b,"Demographics: born 1952-07-30, gender F, race white, ethnicity german. Encounters: Outpatient Encounter. Medications: 24 HR Metformin hydrochloride 500 MG Extended Release Oral Tablet; insulin human isophane 70 UNT/ML / Regular Insulin Human 30 UNT/ML Injectable Suspension [Humulin]. Procedures: Documentation of current medications. Observations: Hemoglobin A1c/Hemoglobin.total in Blood: 7.6 %; Body Height: 166.09 cm; Body Weight: 100.54 kg; Body Mass Index: 36.45 kg/m2; Systolic Blood Pressure: 109.0 mmHg; Diastolic Blood Pressure: 89.0 mmHg; Glucose: 151.0 mg/dL; Urea Nitrogen: 17.0 mg/dL; Creatinine: 1.0 mg/dL; Calcium: 9.62 mg/dL; Sodium: 143.0 mmol/L; Potassium: 3.72 mmol/L; Chloride: 110.0 mmol/L; Carbon Dioxide: 22.0 mmol/L; Total Cholesterol: 251.0 mg/dL; Triglycerides: 357.0 mg/dL; Low Density Lipoprotein Cholesterol: 159.0 mg/dL; High Density Lipoprotein Cholesterol: 20.0 mg/dL; Microalbumin Creatine Ratio: 2.0 mg/g; Estimated Glomerular Filtration Rate: 60.0 mL/min/{1.73_m2}; Systolic Blood Pressure: 111.0 mmHg; Diastolic Blood Pressure: 88.0 mmHg; Glucose: 127.0 mg/dL; Urea Nitrogen: 10.0 mg/dL; Calcium: 9.69 mg/dL; Sodium: 140.0 mmol/L; Potassium: 4.1 mmol/L; Chloride: 103.0 mmol/L; Carbon Dioxide: 25.0 mmol/L; Total Cholesterol: 244.0 mg/dL; Triglycerides: 494.0 mg/dL; Low Density Lipoprotein Cholesterol: 122.0 mg/dL; High Density Lipoprotein Cholesterol: 23.0 mg/dL; Microalbumin Creatine Ratio: 6.0 mg/g; Hemoglobin A1c/Hemoglobin.total in Blood: 7.5 %; Body Weight: 99.28 kg; Body Mass Index: 35.99 kg/m2; Systolic Blood Pressure: 125.0 mmHg; Diastolic Blood Pressure: 74.0 mmHg; Glucose: 155.0 mg/dL. Immunizations: Influenza seasonal injectable preservative free; zoster; Td (adult) preservative free.",1
7b4911fe-b6b4-4f30-9294-5df072d10ada,"Demographics: born 1948-07-27, gender M, race hispanic, ethnicity central_american. Encounters: Outpatient Encounter; Emergency room admission; Encounter for 'check-up'; Encounter for symptom; Death Certification. Medications: Penicillin V Potassium 250 MG; Fluticasone propionate 0.25 MG/ACTUAT / salmeterol 0.05 MG/ACTUAT [Advair]; 24 HR Metformin hydrochloride 500 MG Extended Release Oral Tablet; Acetaminophen 325 MG Oral Tablet; Clopidogrel 75 MG Oral Tablet; Simvastatin 20 MG Oral Tablet; Amlodipine 5 MG Oral Tablet; Nitroglycerin 0.4 MG/ACTUAT [Nitrolingual]. Procedures: Spirometry (procedure); Pulmonary rehabilitation (regime/therapy); Documentation of current medications; Suture open wound; Colonoscopy. Observations: FEV1/​FVC: 27.0 %; Hemoglobin A1c/Hemoglobin.total in Blood: 8.5 %; Body Height: 174.5 cm; Body Weight: 121.83 kg; Body Mass Index: 40.01 kg/m2; Systolic Blood Pressure: 142.0 mmHg; Diastolic Blood Pressure: 99.0 mmHg; Glucose: 145.0 mg/dL; Urea Nitrogen: 13.0 mg/dL; Creatinine: 1.0 mg/dL; Calcium: 9.27 mg/dL; Sodium: 139.0 mmol/L; Potassium: 4.82 mmol/L; Chloride: 109.0 mmol/L; Carbon Dioxide: 22.0 mmol/L; Total Cholesterol: 244.0 mg/dL; Triglycerides: 247.0 mg/dL; Low Density Lipoprotein Cholesterol: 170.0 mg/dL; High Density Lipoprotein Cholesterol: 24.0 mg/dL; Microalbumin Creatine Ratio: 8.0 mg/g; Estimated Glomerular Filtration Rate: 60.0 mL/min/{1.73_m2}; FEV1/​FVC: 24.0 %; Hemoglobin A1c/Hemoglobin.total in Blood: 8.4 %; Body Weight: 120.67 kg; Body Mass Index: 39.63 kg/m2; Systolic Blood Pressure: 186.0 mmHg; Diastolic Blood Pressure: 114.0 mmHg; Glucose: 136.0 mg/dL; Urea Nitrogen: 20.0 mg/dL; Calcium: 9.15 mg/dL; Sodium: 143.0 mmol/L; Potassium: 5.19 mmol/L; Chloride: 108.0 mmol/L; Carbon Dioxide: 26.0 mmol/L; Total Cholesterol: 241.0 mg/dL; Triglycerides: 306.0 mg/dL; Low Density Lipoprotein Cholesterol: 157.0 mg/dL; High Density Lipoprotein Cholesterol: 22.0 mg/dL; Microalbumin Creatine Ratio: 14.0 mg/g; FEV1/​FVC: 16.0 %. Immunizations: Influenza seasonal injectable preservative free; Pneumococcal conjugate PCV 13; pneumococcal polysaccharide vaccine 23 valent.",1
668dabe0-5acf-4468-8a92-34b7e4bb5b0a,"Demographics: born 1973-11-15, gender F, race white, ethnicity russian. Encounters: Outpatient Encounter; Encounter for symptom. Medications: Hydrocortisone 10 MG/ML Topical Cream; diphenhydrAMINE Hydrochloride 25 MG Oral Tablet; 0.3 ML EPINEPHrine 0.5 MG/ML Auto-Injector; Naproxen sodium 220 MG [Aleve]. Procedures: Documentation of current medications. Observations: Body Height: 160.7 cm; Body Weight: 86.44 kg; Body Mass Index: 33.47 kg/m2; Systolic Blood Pressure: 136.0 mmHg; Diastolic Blood Pressure: 87.0 mmHg; Total Cholesterol: 192.0 mg/dL; Triglycerides: 105.0 mg/dL; Low Density Lipoprotein Cholesterol: 98.0 mg/dL; High Density Lipoprotein Cholesterol: 73.0 mg/dL; Body Weight: 90.96 kg; Body Mass Index: 35.22 kg/m2; Systolic Blood Pressure: 113.0 mmHg; Diastolic Blood Pressure: 76.0 mmHg; Total Cholesterol: 180.0 mg/dL; Triglycerides: 103.0 mg/dL; Low Density Lipoprotein Cholesterol: 93.0 mg/dL; High Density Lipoprotein Cholesterol: 66.0 mg/dL. Immunizations: Influenza seasonal injectable preservative free; Td (adult) preservative free.",0
02bb77b9-b8ed-4a87-a140-ce8475b81058,"Demographics: born 1968-11-10, gender F, race white, ethnicity polish. Encounters: Encounter for symptom; Outpatient Encounter; Emergency room admission. Medications: Penicillin V Potassium 250 MG; Dextromethorphan Hydrobromide 1 MG/ML; Acetaminophen 325 MG Oral Tablet. Procedures: Measurement of respiratory function (procedure); Documentation of current medications; Suture open wound. Observations: Hemoglobin A1c/Hemoglobin.total in Blood: 5.9 %; Body Height: 157.11 cm; Body Weight: 125.96 kg; Body Mass Index: 51.03 kg/m2; Systolic Blood Pressure: 122.0 mmHg; Diastolic Blood Pressure: 70.0 mmHg; Glucose: 83.0 mg/dL; Urea Nitrogen: 18.0 mg/dL; Creatinine: 1.0 mg/dL; Calcium: 10.13 mg/dL; Sodium: 136.0 mmol/L; Potassium: 5.15 mmol/L; Chloride: 110.0 mmol/L; Carbon Dioxide: 23.0 mmol/L; Total Cholesterol: 199.0 mg/dL; Triglycerides: 126.0 mg/dL; Low Density Lipoprotein Cholesterol: 107.0 mg/dL; High Density Lipoprotein Cholesterol: 66.0 mg/dL; Hemoglobin A1c/Hemoglobin.total in Blood: 6.4 %; Body Weight: 128.44 kg; Body Mass Index: 52.04 kg/m2; Systolic Blood Pressure: 108.0 mmHg; Diastolic Blood Pressure: 79.0 mmHg; Glucose: 81.0 mg/dL; Urea Nitrogen: 8.0 mg/dL; Calcium: 8.7 mg/dL; Sodium: 141.0 mmol/L; Potassium: 4.76 mmol/L; Chloride: 101.0 mmol/L; Carbon Dioxide: 26.0 mmol/L; Hemoglobin A1c/Hemoglobin.total in Blood: 6.1 %; Body Weight: 131.26 kg; Body Mass Index: 53.18 kg/m2; Systolic Blood Pressure: 102.0 mmHg; Diastolic Blood Pressure: 74.0 mmHg; Glucose: 85.0 mg/dL; Urea Nitrogen: 7.0 mg/dL; Calcium: 8.57 mg/dL; Potassium: 4.21 mmol/L; Chloride: 105.0 mmol/L. Immunizations: Influenza seasonal injectable preservative free.",0
6fc8ed42-7bcc-4ca4-8339-d47e909bf524,"Demographics: born 2013-09-08, gender M, race white, ethnicity english. Encounters: Outpatient Encounter; Encounter for symptom. Medications: Acetaminophen 160 MG; 120 ACTUAT Fluticasone propionate 0.044 MG/ACTUAT Metered Dose Inhaler; 200 ACTUAT Albuterol 0.09 MG/ACTUAT Metered Dose Inhaler; Amoxicillin 200 MG Oral Tablet; Ibuprofen 100 MG Oral Tablet. Procedures: Documentation of current medications; Asthma screening. Observations: Body Height: 52.16 cm; Body Weight: 4.06 kg; Systolic Blood Pressure: 128.0 mmHg; Diastolic Blood Pressure: 85.0 mmHg; Body Height: 59.1 cm; Body Weight: 5.74 kg; Systolic Blood Pressure: 115.0 mmHg; Diastolic Blood Pressure: 73.0 mmHg; Body Height: 63.69 cm; Body Weight: 7.12 kg; Systolic Blood Pressure: 107.0 mmHg; Diastolic Blood Pressure: 71.0 mmHg; Body Height: 67.32 cm; Body Weight: 8.25 kg; Systolic Blood Pressure: 130.0 mmHg; Diastolic Blood Pressure: 86.0 mmHg; Body Height: 73.08 cm; Body Weight: 9.94 kg; Systolic Blood Pressure: 105.0 mmHg; Diastolic Blood Pressure: 84.0 mmHg; Body Height: 76.65 cm; Body Weight: 10.84 kg; Systolic Blood Pressure: 101.0 mmHg; Diastolic Blood Pressure: 70.0 mmHg; Body Height: 79.8 cm; Body Weight: 11.54 kg; Systolic Blood Pressure: 135.0 mmHg; Body Height: 82.66 cm; Body Weight: 12.1 kg; Systolic Blood Pressure: 120.0 mmHg; Diastolic Blood Pressure: 72.0 mmHg; Body Height: 86.91 cm; Body Weight: 13.01 kg; Body Mass Index: 17.22 kg/m2; Systolic Blood Pressure: 112.0 mmHg; Body Height: 91.24 cm; Body Weight: 13.84 kg; Body Mass Index: 16.62 kg/m2; Systolic Blood Pressure: 122.0 mmHg; Diastolic Blood Pressure: 89.0 mmHg. Immunizations: Hep B adolescent or pediatric; rotavirus monovalent; DTaP; Hib (PRP-OMP); Pneumococcal conjugate PCV 13; IPV; Influenza seasonal injectable preservative free; MMR; varicella; Hep A ped/adol 2 dose.",0
3c77da68-2f92-4642-8c88-a92175b0e374,"Demographics: born 1946-04-24, gender M, race white, ethnicity italian. Encounters: Encounter for symptom; Outpatient Encounter. Medications: diphenhydrAMINE Hydrochloride 25 MG Oral Tablet; 24 HR Metformin hydrochloride 500 MG Extended Release Oral Tablet; insulin human isophane 70 UNT/ML / Regular Insulin Human 30 UNT/ML Injectable Suspension [Humulin]; Penicillin V Potassium 500 MG; Nitrofurantoin 5 MG/ML [Furadantin]; Phenazopyridine hydrochloride 100 MG [Pyridium]; Alendronic acid 10 MG [Fosamax]. Procedures: Throat culture (procedure); Documentation of current medications; Bone density scan (procedure). Observations: Oral temperature: 39.17 Cel; Hemoglobin A1c/Hemoglobin.total in Blood: 3.6 %; Body Height: 174.56 cm; Body Weight: 98.88 kg; Body Mass Index: 32.45 kg/m2; Systolic Blood Pressure: 110.0 mmHg; Diastolic Blood Pressure: 81.0 mmHg; Glucose: 66.0 mg/dL; Urea Nitrogen: 13.0 mg/dL; Creatinine: 1.0 mg/dL; Calcium: 8.85 mg/dL; Sodium: 143.0 mmol/L; Potassium: 4.22 mmol/L; Chloride: 108.0 mmol/L; Carbon Dioxide: 25.0 mmol/L; Total Cholesterol: 169.0 mg/dL; Triglycerides: 114.0 mg/dL; Low Density Lipoprotein Cholesterol: 87.0 mg/dL; High Density Lipoprotein Cholesterol: 59.0 mg/dL; Microalbumin Creatine Ratio: 23.0 mg/g; Estimated Glomerular Filtration Rate: 60.0 mL/min/{1.73_m2}; Hemoglobin A1c/Hemoglobin.total in Blood: 3.5 %; Body Weight: 97.43 kg; Body Mass Index: 31.97 kg/m2; Diastolic Blood Pressure: 74.0 mmHg; Glucose: 95.0 mg/dL; Urea Nitrogen: 16.0 mg/dL; Calcium: 9.85 mg/dL; Sodium: 141.0 mmol/L; Chloride: 111.0 mmol/L; Carbon Dioxide: 27.0 mmol/L; Total Cholesterol: 178.0 mg/dL; Triglycerides: 141.0 mg/dL; Low Density Lipoprotein Cholesterol: 71.0 mg/dL; High Density Lipoprotein Cholesterol: 78.0 mg/dL; Microalbumin Creatine Ratio: 28.0 mg/g; Systolic Blood Pressure: 132.0 mmHg; Diastolic Blood Pressure: 82.0 mmHg; Glucose: 90.0 mg/dL; Urea Nitrogen: 19.0 mg/dL. Immunizations: Influenza seasonal injectable preservative free; Pneumococcal conjugate PCV 13; pneumococcal polysaccharide vaccine 23 valent.",1
b0fe748d-aab4-4f0b-9bad-28b687592d8b,"Demographics: born 1954-01-28, gender F, race white, ethnicity italian. Encounters: Hospital admission; Outpatient Encounter; Encounter for symptom; Encounter for 'check-up'. Medications: Penicillin V Potassium 250 MG; Naproxen sodium 220 MG [Aleve]; 24 HR Metformin hydrochloride 500 MG Extended Release Oral Tablet; Naproxen sodium 550 MG [Anaprox]; insulin human isophane 70 UNT/ML / Regular Insulin Human 30 UNT/ML Injectable Suspension [Humulin]; pregabalin 100 MG [Lyrica]; Acetaminophen 160 MG; Alendronic acid 10 MG [Fosamax]; Milnacipran hydrochloride 100 MG [Savella]. Procedures: Documentation of current medications; Sputum examination (procedure); Colonoscopy; Bone density scan (procedure). Observations: Hemoglobin A1c/Hemoglobin.total in Blood: 4.3 %; Body Height: 161.79 cm; Body Weight: 91.66 kg; Body Mass Index: 35.02 kg/m2; Systolic Blood Pressure: 195.0 mmHg; Diastolic Blood Pressure: 109.0 mmHg; Glucose: 124.0 mg/dL; Urea Nitrogen: 13.0 mg/dL; Creatinine: 1.0 mg/dL; Calcium: 8.82 mg/dL; Sodium: 136.0 mmol/L; Potassium: 4.26 mmol/L; Chloride: 104.0 mmol/L; Carbon Dioxide: 26.0 mmol/L; Total Cholesterol: 215.0 mg/dL; Triglycerides: 155.0 mg/dL; Low Density Lipoprotein Cholesterol: 125.0 mg/dL; High Density Lipoprotein Cholesterol: 59.0 mg/dL; Microalbumin Creatine Ratio: 17.0 mg/g; Estimated Glomerular Filtration Rate: 60.0 mL/min/{1.73_m2}; Systolic Blood Pressure: 168.0 mmHg; Diastolic Blood Pressure: 119.0 mmHg; Glucose: 106.0 mg/dL; Urea Nitrogen: 19.0 mg/dL; Calcium: 8.94 mg/dL; Sodium: 141.0 mmol/L; Potassium: 3.8 mmol/L; Chloride: 109.0 mmol/L; Carbon Dioxide: 20.0 mmol/L; Total Cholesterol: 225.0 mg/dL; Triglycerides: 186.0 mg/dL; Low Density Lipoprotein Cholesterol: 128.0 mg/dL; Microalbumin Creatine Ratio: 6.0 mg/g; Systolic Blood Pressure: 144.0 mmHg; Diastolic Blood Pressure: 117.0 mmHg; Glucose: 125.0 mg/dL; Urea Nitrogen: 12.0 mg/dL; Calcium: 9.6 mg/dL; Sodium: 139.0 mmol/L; Potassium: 4.84 mmol/L. Immunizations: Influenza seasonal injectable preservative free; zoster; Td (adult) preservative free.",1
d32a69c8-5340-40c6-b9da-d5ac66e78125,"Demographics: born 1925-02-26, gender M, race white, ethnicity american. Encounters: Outpatient Encounter; Encounter for symptom. Medications: Dextromethorphan Hydrobromide 1 MG/ML. Procedures: Documentation of current medications; Sputum examination (procedure). Observations: Body Height: 173.98 cm; Body Weight: 86.78 kg; Body Mass Index: 28.67 kg/m2; Systolic Blood Pressure: 193.0 mmHg; Diastolic Blood Pressure: 97.0 mmHg; Estimated Glomerular Filtration Rate: 60.0 mL/min/{1.73_m2}; Body Weight: 85.6 kg; Body Mass Index: 28.28 kg/m2; Systolic Blood Pressure: 170.0 mmHg; Diastolic Blood Pressure: 106.0 mmHg; Total Cholesterol: 186.0 mg/dL; Triglycerides: 118.0 mg/dL; Low Density Lipoprotein Cholesterol: 90.0 mg/dL; High Density Lipoprotein Cholesterol: 72.0 mg/dL; Oral temperature: 37.0 Cel; Body Weight: 84.17 kg; Body Mass Index: 27.81 kg/m2; Systolic Blood Pressure: 190.0 mmHg; Diastolic Blood Pressure: 107.0 mmHg; Body Weight: 83.06 kg; Body Mass Index: 27.44 kg/m2; Systolic Blood Pressure: 192.0 mmHg; Body Weight: 81.97 kg; Body Mass Index: 27.08 kg/m2; Systolic Blood Pressure: 161.0 mmHg; Diastolic Blood Pressure: 119.0 mmHg; Systolic Blood Pressure: 195.0 mmHg; Diastolic Blood Pressure: 113.0 mmHg; Total Cholesterol: 192.0 mg/dL; Triglycerides: 111.0 mg/dL; Low Density Lipoprotein Cholesterol: 96.0 mg/dL; High Density Lipoprotein Cholesterol: 73.0 mg/dL; Body Weight: 80.82 kg; Body Mass Index: 26.7 kg/m2; Systolic Blood Pressure: 188.0 mmHg; Diastolic Blood Pressure: 90.0 mmHg; Body Weight: 79.52 kg; Body Mass Index: 26.27 kg/m2; Systolic Blood Pressure: 179.0 mmHg; Diastolic Blood Pressure: 99.0 mmHg. Immunizations: Influenza seasonal injectable preservative free; Td (adult) preservative free.",0
50a993a3-986a-4517-a9c9-5f20564dd904,"Demographics: born 1984-05-16, gender F, race white, ethnicity english. Encounters: Outpatient Encounter; Patient encounter procedure; Encounter for symptom. Medications: Penicillin V Potassium 250 MG; Mirena 52 MG Intrauterine System; Amoxicillin 500 MG Oral Tablet; Acetaminophen 325 MG Oral Tablet. Procedures: Replacement of contraceptive intrauterine device; Documentation of current medications. Observations: Body Height: 160.1 cm; Body Weight: 68.0 kg; Body Mass Index: 26.53 kg/m2; Systolic Blood Pressure: 111.0 mmHg; Diastolic Blood Pressure: 86.0 mmHg; Body Weight: 72.94 kg; Body Mass Index: 28.46 kg/m2; Systolic Blood Pressure: 132.0 mmHg; Diastolic Blood Pressure: 88.0 mmHg; Total Cholesterol: 186.0 mg/dL; Triglycerides: 130.0 mg/dL; Low Density Lipoprotein Cholesterol: 86.0 mg/dL; High Density Lipoprotein Cholesterol: 74.0 mg/dL. Immunizations: Influenza seasonal injectable preservative free.",0
2680cac7-f5eb-4cbc-adf7-b45ddf7aa9f6,"Demographics: born 1966-09-13, gender M, race white, ethnicity french. Encounters: Encounter for symptom; Outpatient Encounter; Encounter for 'check-up'. Medications: 24 HR Metformin hydrochloride 500 MG Extended Release Oral Tablet; Dextromethorphan Hydrobromide 1 MG/ML. Procedures: Measurement of respiratory function (procedure); Documentation of current medications; Colonoscopy. Observations: Hemoglobin A1c/Hemoglobin.total in Blood: 6.6 %; Body Height: 175.77 cm; Body Weight: 100.12 kg; Body Mass Index: 32.41 kg/m2; Systolic Blood Pressure: 156.0 mmHg; Diastolic Blood Pressure: 113.0 mmHg; Glucose: 79.0 mg/dL; Urea Nitrogen: 18.0 mg/dL; Creatinine: 1.0 mg/dL; Calcium: 9.47 mg/dL; Sodium: 141.0 mmol/L; Potassium: 4.8 mmol/L; Chloride: 101.0 mmol/L; Carbon Dioxide: 29.0 mmol/L; Total Cholesterol: 185.0 mg/dL; Triglycerides: 107.0 mg/dL; Low Density Lipoprotein Cholesterol: 97.0 mg/dL; High Density Lipoprotein Cholesterol: 66.0 mg/dL; Microalbumin Creatine Ratio: 2.0 mg/g; Estimated Glomerular Filtration Rate: 60.0 mL/min/{1.73_m2}; Hemoglobin A1c/Hemoglobin.total in Blood: 6.9 %; Body Weight: 104.31 kg; Body Mass Index: 33.76 kg/m2; Systolic Blood Pressure: 177.0 mmHg; Diastolic Blood Pressure: 114.0 mmHg; Glucose: 124.0 mg/dL; Urea Nitrogen: 17.0 mg/dL; Calcium: 8.62 mg/dL; Sodium: 139.0 mmol/L; Potassium: 4.22 mmol/L; Chloride: 110.0 mmol/L; Carbon Dioxide: 26.0 mmol/L; Total Cholesterol: 236.0 mg/dL; Triglycerides: 157.0 mg/dL; Low Density Lipoprotein Cholesterol: 150.0 mg/dL; High Density Lipoprotein Cholesterol: 54.0 mg/dL; Microalbumin Creatine Ratio: 0.0 mg/g; Hemoglobin A1c/Hemoglobin.total in Blood: 7.0 %; Body Weight: 105.48 kg; Body Mass Index: 34.14 kg/m2. Immunizations: Influenza seasonal injectable preservative free.",1
ba5d1eeb-ea72-445f-ae7c-87aa9e57d477,"Demographics: born 1995-11-11, gender M, race white, ethnicity irish. Encounters: Outpatient Encounter; Encounter for symptom. Medications: Penicillin V Potassium 250 MG. Procedures: Documentation of current medications. Observations: Body Height: 171.46 cm; Body Weight: 84.06 kg; Body Mass Index: 28.59 kg/m2; Systolic Blood Pressure: 131.0 mmHg; Diastolic Blood Pressure: 78.0 mmHg; Body Height: 173.95 cm; Body Weight: 88.93 kg; Body Mass Index: 29.39 kg/m2; Systolic Blood Pressure: 107.0 mmHg; Diastolic Blood Pressure: 70.0 mmHg; Body Height: 175.24 cm; Body Weight: 92.93 kg; Body Mass Index: 30.26 kg/m2; Systolic Blood Pressure: 132.0 mmHg; Diastolic Blood Pressure: 75.0 mmHg; Body Height: 175.86 cm; Body Weight: 95.54 kg; Body Mass Index: 30.89 kg/m2; Diastolic Blood Pressure: 85.0 mmHg; Body Height: 176.19 cm; Body Weight: 97.05 kg; Body Mass Index: 31.26 kg/m2; Systolic Blood Pressure: 116.0 mmHg; Diastolic Blood Pressure: 72.0 mmHg; Body Height: 176.44 cm; Body Weight: 98.46 kg; Body Mass Index: 31.63 kg/m2; Diastolic Blood Pressure: 71.0 mmHg; Body Height: 176.47 cm; Body Weight: 100.24 kg; Body Mass Index: 32.19 kg/m2; Systolic Blood Pressure: 136.0 mmHg; Diastolic Blood Pressure: 84.0 mmHg. Immunizations: Influenza seasonal injectable preservative free; meningococcal MCV4P.",0
65cbb1fc-947d-4fb4-9dc5-d4b99d8cfc03,"Demographics: born 1944-03-21, gender M, race white, ethnicity irish. Encounters: Outpatient Encounter; Encounter for symptom; Encounter for 'check-up'; Encounter for problem. Medications: Penicillin V Potassium 250 MG; Naproxen sodium 220 MG [Aleve]; 24 HR Metformin hydrochloride 500 MG Extended Release Oral Tablet; insulin human isophane 70 UNT/ML / Regular Insulin Human 30 UNT/ML Injectable Suspension [Humulin]; Amoxicillin 250 MG / Clavulanate 125 MG [Augmentin]. Procedures: Documentation of current medications; Colonoscopy; Fecal occult blood test; Rectal polypectomy. Observations: Hemoglobin A1c/Hemoglobin.total in Blood: 2.8 %; Body Height: 183.5 cm; Body Weight: 98.82 kg; Body Mass Index: 29.35 kg/m2; Systolic Blood Pressure: 184.0 mmHg; Diastolic Blood Pressure: 105.0 mmHg; Glucose: 122.0 mg/dL; Urea Nitrogen: 18.0 mg/dL; Creatinine: 1.0 mg/dL; Calcium: 10.18 mg/dL; Sodium: 136.0 mmol/L; Potassium: 4.91 mmol/L; Chloride: 102.0 mmol/L; Carbon Dioxide: 27.0 mmol/L; Total Cholesterol: 226.0 mg/dL; Triglycerides: 198.0 mg/dL; Low Density Lipoprotein Cholesterol: 139.0 mg/dL; High Density Lipoprotein Cholesterol: 47.0 mg/dL; Microalbumin Creatine Ratio: 60.0 mg/g; Estimated Glomerular Filtration Rate: 60.0 mL/min/{1.73_m2}; Systolic Blood Pressure: 194.0 mmHg; Diastolic Blood Pressure: 111.0 mmHg; Glucose: 108.0 mg/dL; Urea Nitrogen: 9.0 mg/dL; Calcium: 9.08 mg/dL; Sodium: 137.0 mmol/L; Potassium: 4.57 mmol/L; Chloride: 111.0 mmol/L; Carbon Dioxide: 26.0 mmol/L; Total Cholesterol: 223.0 mg/dL; Triglycerides: 196.0 mg/dL; Low Density Lipoprotein Cholesterol: 132.0 mg/dL; High Density Lipoprotein Cholesterol: 51.0 mg/dL; Microalbumin Creatine Ratio: 100.0 mg/g; Body Weight: 97.79 kg; Body Mass Index: 29.04 kg/m2; Systolic Blood Pressure: 173.0 mmHg; Diastolic Blood Pressure: 112.0 mmHg; Glucose: 124.0 mg/dL; Urea Nitrogen: 14.0 mg/dL. Immunizations: Pneumococcal conjugate PCV 13; Influenza seasonal injectable preservative free; pneumococcal polysaccharide vaccine 23 valent; Td (adult) preservative free.",1
51a8af7d-2742-4e56-996d-c1e481b578c2,"Demographics: born 1956-08-11, gender F, race white, ethnicity italian. Encounters: Outpatient Encounter; Encounter for symptom; Encounter for 'check-up'. Medications: 24 HR Metformin hydrochloride 500 MG Extended Release Oral Tablet; 3 ML liraglutide 6 MG/ML Pen Injector; canagliflozin 100 MG Oral Tablet. Procedures: Documentation of current medications; Colonoscopy. Observations: Hemoglobin A1c/Hemoglobin.total in Blood: 10.0 %; Body Height: 164.18 cm; Body Weight: 132.15 kg; Body Mass Index: 49.03 kg/m2; Systolic Blood Pressure: 100.0 mmHg; Diastolic Blood Pressure: 83.0 mmHg; Glucose: 142.0 mg/dL; Urea Nitrogen: 15.0 mg/dL; Creatinine: 1.0 mg/dL; Calcium: 9.84 mg/dL; Sodium: 141.0 mmol/L; Potassium: 4.64 mmol/L; Chloride: 109.0 mmol/L; Carbon Dioxide: 21.0 mmol/L; Total Cholesterol: 271.0 mg/dL; Triglycerides: 541.0 mg/dL; Low Density Lipoprotein Cholesterol: 150.0 mg/dL; High Density Lipoprotein Cholesterol: 12.0 mg/dL; Microalbumin Creatine Ratio: 7.0 mg/g; Estimated Glomerular Filtration Rate: 60.0 mL/min/{1.73_m2}; Systolic Blood Pressure: 119.0 mmHg; Diastolic Blood Pressure: 78.0 mmHg; Glucose: 187.0 mg/dL; Urea Nitrogen: 17.0 mg/dL; Calcium: 8.67 mg/dL; Sodium: 136.0 mmol/L; Potassium: 4.43 mmol/L; Chloride: 101.0 mmol/L; Carbon Dioxide: 23.0 mmol/L; Total Cholesterol: 265.0 mg/dL; Triglycerides: 544.0 mg/dL; Low Density Lipoprotein Cholesterol: 138.0 mg/dL; High Density Lipoprotein Cholesterol: 18.0 mg/dL; Microalbumin Creatine Ratio: 13.0 mg/g; Systolic Blood Pressure: 102.0 mmHg; Diastolic Blood Pressure: 82.0 mmHg; Glucose: 138.0 mg/dL; Urea Nitrogen: 18.0 mg/dL; Calcium: 8.8 mg/dL; Sodium: 137.0 mmol/L. Immunizations: Influenza seasonal injectable preservative free; zoster.",1
c28ea4ac-42f5-4ff3-82b7-8a7939901298,"Demographics: born 1986-07-20, gender F, race white, ethnicity german. Encounters: Patient encounter procedure; Encounter for symptom; Outpatient Encounter; Prenatal initial visit; Asthma follow-up; Prenatal visit; Obstetric emergency hospital admission. Medications: Terfenadine 60 MG Oral Tablet; 0.3 ML EPINEPHrine 0.5 MG/ML Auto-Injector; 120 ACTUAT Fluticasone propionate 0.044 MG/ACTUAT Metered Dose Inhaler; 200 ACTUAT Albuterol 0.09 MG/ACTUAT Metered Dose Inhaler. Procedures: Replacement of contraceptive intrauterine device; Removal of intrauterine device; Standard pregnancy test; Episiotomy; Childbirth; Documentation of current medications. Observations: Hemoglobin A1c/Hemoglobin.total in Blood: 5.9 %; Body Height: 152.84 cm; Body Weight: 64.3 kg; Body Mass Index: 27.53 kg/m2; Systolic Blood Pressure: 129.0 mmHg; Diastolic Blood Pressure: 76.0 mmHg; Glucose: 73.0 mg/dL; Urea Nitrogen: 13.0 mg/dL; Creatinine: 1.0 mg/dL; Calcium: 9.11 mg/dL; Sodium: 139.0 mmol/L; Potassium: 4.26 mmol/L; Chloride: 105.0 mmol/L; Carbon Dioxide: 27.0 mmol/L; Hemoglobin A1c/Hemoglobin.total in Blood: 7.3 %; Body Weight: 68.39 kg; Body Mass Index: 29.28 kg/m2; Systolic Blood Pressure: 126.0 mmHg; Diastolic Blood Pressure: 86.0 mmHg; Glucose: 69.0 mg/dL; Urea Nitrogen: 14.0 mg/dL; Calcium: 8.58 mg/dL; Potassium: 4.87 mmol/L; Chloride: 103.0 mmol/L; Carbon Dioxide: 28.0 mmol/L; Total Cholesterol: 164.0 mg/dL; Triglycerides: 123.0 mg/dL; Low Density Lipoprotein Cholesterol: 73.0 mg/dL; High Density Lipoprotein Cholesterol: 66.0 mg/dL; Microalbumin Creatine Ratio: 2.0 mg/g; Estimated Glomerular Filtration Rate: 60.0 mL/min/{1.73_m2}. Allergies: Allergy to tree pollen; Allergy to grass pollen; Dander (animal) allergy; House dust mite allergy; Allergy to mould. Immunizations: Influenza seasonal injectable preservative free.",1
0bee60ee-a103-43a3-ac22-0855e5bade4b,"Demographics: born 1978-07-15, gender M, race white, ethnicity english. Encounters: Outpatient Encounter; Encounter for symptom; Emergency room admission; Encounter for 'check-up'. Medications: 24 HR Metformin hydrochloride 500 MG Extended Release Oral Tablet; 3 ML liraglutide 6 MG/ML Pen Injector; insulin human isophane 70 UNT/ML / Regular Insulin Human 30 UNT/ML Injectable Suspension [Humulin]. Procedures: Documentation of current medications. Observations: Hemoglobin A1c/Hemoglobin.total in Blood: 7.9 %; Body Height: 176.74 cm; Body Weight: 123.53 kg; Body Mass Index: 39.54 kg/m2; Systolic Blood Pressure: 106.0 mmHg; Diastolic Blood Pressure: 76.0 mmHg; Glucose: 161.0 mg/dL; Urea Nitrogen: 9.0 mg/dL; Creatinine: 1.0 mg/dL; Calcium: 10.14 mg/dL; Sodium: 144.0 mmol/L; Potassium: 4.64 mmol/L; Chloride: 105.0 mmol/L; Carbon Dioxide: 25.0 mmol/L; Total Cholesterol: 269.0 mg/dL; Triglycerides: 540.0 mg/dL; Low Density Lipoprotein Cholesterol: 151.0 mg/dL; High Density Lipoprotein Cholesterol: 10.0 mg/dL; Microalbumin Creatine Ratio: 12.0 mg/g; Estimated Glomerular Filtration Rate: 60.0 mL/min/{1.73_m2}; Oral temperature: 37.0 Cel; Hemoglobin A1c/Hemoglobin.total in Blood: 8.8 %; Body Weight: 128.71 kg; Body Mass Index: 41.2 kg/m2; Systolic Blood Pressure: 102.0 mmHg; Diastolic Blood Pressure: 89.0 mmHg; Glucose: 142.0 mg/dL; Urea Nitrogen: 18.0 mg/dL; Calcium: 9.82 mg/dL; Sodium: 138.0 mmol/L; Potassium: 4.3 mmol/L; Chloride: 103.0 mmol/L; Carbon Dioxide: 20.0 mmol/L; Total Cholesterol: 249.0 mg/dL; Triglycerides: 352.0 mg/dL; Low Density Lipoprotein Cholesterol: 146.0 mg/dL; High Density Lipoprotein Cholesterol: 32.0 mg/dL; Microalbumin Creatine Ratio: 5.0 mg/g; Hemoglobin A1c/Hemoglobin.total in Blood: 8.9 %; Body Weight: 129.82 kg. Immunizations: Influenza seasonal injectable preservative free; Td (adult) preservative free.",1
3953d8eb-7214-4b09-b31f-8d532e2204e7,"Demographics: born 1981-11-13, gender M, race asian, ethnicity asian_indian. Encounters: Encounter for symptom; Outpatient Encounter. Medications: Penicillin V Potassium 500 MG; Amoxicillin 250 MG / Clavulanate 125 MG [Augmentin]; 24 HR Metformin hydrochloride 500 MG Extended Release Oral Tablet. Procedures: Documentation of current medications. Observations: Body Height: 170.95 cm; Body Weight: 85.48 kg; Body Mass Index: 29.25 kg/m2; Systolic Blood Pressure: 178.0 mmHg; Diastolic Blood Pressure: 92.0 mmHg; Estimated Glomerular Filtration Rate: 60.0 mL/min/{1.73_m2}; Hemoglobin A1c/Hemoglobin.total in Blood: 7.7 %; Body Weight: 89.52 kg; Body Mass Index: 30.63 kg/m2; Systolic Blood Pressure: 167.0 mmHg; Diastolic Blood Pressure: 107.0 mmHg; Glucose: 77.0 mg/dL; Urea Nitrogen: 19.0 mg/dL; Creatinine: 1.0 mg/dL; Calcium: 9.08 mg/dL; Sodium: 141.0 mmol/L; Potassium: 5.13 mmol/L; Chloride: 103.0 mmol/L; Carbon Dioxide: 25.0 mmol/L; Total Cholesterol: 176.0 mg/dL; Triglycerides: 129.0 mg/dL; Low Density Lipoprotein Cholesterol: 83.0 mg/dL; High Density Lipoprotein Cholesterol: 67.0 mg/dL; Microalbumin Creatine Ratio: 0.0 mg/g; Hemoglobin A1c/Hemoglobin.total in Blood: 6.4 %; Body Weight: 92.05 kg; Body Mass Index: 31.5 kg/m2; Systolic Blood Pressure: 181.0 mmHg; Diastolic Blood Pressure: 115.0 mmHg; Glucose: 191.0 mg/dL; Calcium: 9.9 mg/dL; Sodium: 140.0 mmol/L; Potassium: 4.19 mmol/L; Chloride: 107.0 mmol/L; Carbon Dioxide: 24.0 mmol/L; Total Cholesterol: 251.0 mg/dL; Triglycerides: 218.0 mg/dL; Low Density Lipoprotein Cholesterol: 169.0 mg/dL; High Density Lipoprotein Cholesterol: 38.0 mg/dL; Microalbumin Creatine Ratio: 1.0 mg/g. Immunizations: Influenza seasonal injectable preservative free; Td (adult) preservative free.",1
378a44d1-1a87-4944-adc0-8ec81f092244,"Demographics: born 1968-03-21, gender M, race hispanic, ethnicity puerto_rican. Encounters: Outpatient Encounter. Medications: Penicillin V Potassium 250 MG; Naproxen sodium 220 MG [Aleve]; insulin human isophane 70 UNT/ML / Regular Insulin Human 30 UNT/ML Injectable Suspension [Humulin]. Procedures: Documentation of current medications. Observations: Hemoglobin A1c/Hemoglobin.total in Blood: 4.9 %; Body Height: 185.69 cm; Body Weight: 108.38 kg; Body Mass Index: 31.43 kg/m2; Systolic Blood Pressure: 163.0 mmHg; Diastolic Blood Pressure: 97.0 mmHg; Glucose: 109.0 mg/dL; Urea Nitrogen: 12.0 mg/dL; Creatinine: 1.0 mg/dL; Calcium: 9.79 mg/dL; Sodium: 139.0 mmol/L; Potassium: 4.32 mmol/L; Chloride: 108.0 mmol/L; Carbon Dioxide: 22.0 mmol/L; Total Cholesterol: 222.0 mg/dL; Triglycerides: 183.0 mg/dL; Low Density Lipoprotein Cholesterol: 139.0 mg/dL; High Density Lipoprotein Cholesterol: 46.0 mg/dL; Microalbumin Creatine Ratio: 19.0 mg/g; Estimated Glomerular Filtration Rate: 60.0 mL/min/{1.73_m2}; Hemoglobin A1c/Hemoglobin.total in Blood: 5.0 %; Body Weight: 110.27 kg; Body Mass Index: 31.98 kg/m2; Systolic Blood Pressure: 158.0 mmHg; Diastolic Blood Pressure: 117.0 mmHg; Glucose: 118.0 mg/dL; Urea Nitrogen: 14.0 mg/dL; Calcium: 9.42 mg/dL; Sodium: 136.0 mmol/L; Potassium: 5.11 mmol/L; Chloride: 107.0 mmol/L; Total Cholesterol: 231.0 mg/dL; Triglycerides: 160.0 mg/dL; Low Density Lipoprotein Cholesterol: 154.0 mg/dL; High Density Lipoprotein Cholesterol: 45.0 mg/dL; Microalbumin Creatine Ratio: 30.0 mg/g; Hemoglobin A1c/Hemoglobin.total in Blood: 5.2 %; Body Weight: 113.34 kg; Body Mass Index: 32.87 kg/m2; Systolic Blood Pressure: 152.0 mmHg. Immunizations: Influenza seasonal injectable preservative free.",1
c387a7b0-c517-4d61-a15f-d967b16ddbb5,"Demographics: born 1971-11-19, gender F, race white, ethnicity irish. Encounters: Encounter for symptom; Outpatient Encounter. Medications: Penicillin V Potassium 250 MG; Acetaminophen 160 MG. Procedures: Sputum examination (procedure). Observations: Hemoglobin A1c/Hemoglobin.total in Blood: 7.1 %; Body Height: 175.46 cm; Body Weight: 87.11 kg; Body Mass Index: 28.29 kg/m2; Systolic Blood Pressure: 150.0 mmHg; Diastolic Blood Pressure: 113.0 mmHg; Glucose: 122.0 mg/dL; Urea Nitrogen: 15.0 mg/dL; Creatinine: 1.0 mg/dL; Calcium: 8.59 mg/dL; Sodium: 137.0 mmol/L; Potassium: 4.26 mmol/L; Chloride: 102.0 mmol/L; Carbon Dioxide: 22.0 mmol/L; Total Cholesterol: 225.0 mg/dL; Triglycerides: 199.0 mg/dL; Low Density Lipoprotein Cholesterol: 134.0 mg/dL; High Density Lipoprotein Cholesterol: 51.0 mg/dL; Microalbumin Creatine Ratio: 1.0 mg/g; Estimated Glomerular Filtration Rate: 60.0 mL/min/{1.73_m2}; Hemoglobin A1c/Hemoglobin.total in Blood: 7.4 %; Body Weight: 91.49 kg; Body Mass Index: 29.72 kg/m2; Systolic Blood Pressure: 168.0 mmHg; Diastolic Blood Pressure: 97.0 mmHg; Glucose: 108.0 mg/dL; Urea Nitrogen: 9.0 mg/dL; Calcium: 9.87 mg/dL; Sodium: 138.0 mmol/L; Potassium: 4.31 mmol/L; Carbon Dioxide: 21.0 mmol/L; Total Cholesterol: 208.0 mg/dL; Triglycerides: 176.0 mg/dL; Low Density Lipoprotein Cholesterol: 115.0 mg/dL; High Density Lipoprotein Cholesterol: 57.0 mg/dL; Microalbumin Creatine Ratio: 11.0 mg/g. Immunizations: Influenza seasonal injectable preservative free; Td (adult) preservative free.",1
1b88ddaa-3db7-4285-bcd3-d174bafeef46,"Demographics: born 1998-01-16, gender F, race white, ethnicity french. Encounters: Outpatient Encounter; Encounter for symptom; Consultation for treatment. Medications: Penicillin V Potassium 250 MG; Acetaminophen 160 MG; Levora 0.15/30 28 Day Pack. Procedures: Documentation of current medications; Throat culture (procedure); Sputum examination (procedure). Observations: Body Height: 167.12 cm; Body Weight: 68.16 kg; Body Mass Index: 24.41 kg/m2; Systolic Blood Pressure: 112.0 mmHg; Diastolic Blood Pressure: 84.0 mmHg; Oral temperature: 37.26 Cel; Body Height: 171.31 cm; Body Weight: 74.29 kg; Body Mass Index: 25.31 kg/m2; Systolic Blood Pressure: 104.0 mmHg; Diastolic Blood Pressure: 86.0 mmHg; Oral temperature: 37.0 Cel; Body Height: 173.53 cm; Body Weight: 79.5 kg; Body Mass Index: 26.4 kg/m2; Diastolic Blood Pressure: 78.0 mmHg; Body Height: 174.51 cm; Body Weight: 83.15 kg; Body Mass Index: 27.3 kg/m2; Systolic Blood Pressure: 128.0 mmHg; Diastolic Blood Pressure: 80.0 mmHg; Body Height: 174.99 cm; Body Weight: 85.5 kg; Body Mass Index: 27.92 kg/m2; Systolic Blood Pressure: 102.0 mmHg; Diastolic Blood Pressure: 83.0 mmHg; Body Height: 175.22 cm; Body Weight: 86.95 kg; Body Mass Index: 28.32 kg/m2; Diastolic Blood Pressure: 79.0 mmHg; Body Height: 175.37 cm; Body Weight: 88.12 kg; Body Mass Index: 28.65 kg/m2; Systolic Blood Pressure: 123.0 mmHg. Immunizations: Influenza seasonal injectable preservative free; HPV quadrivalent; meningococcal MCV4P.",0
6536353d-c3fe-49ed-a378-89b532c473d3,"Demographics: born 2000-12-29, gender M, race black, ethnicity west_indian. Encounters: Encounter for symptom; Outpatient Encounter. Medications: Penicillin V Potassium 250 MG. Procedures: Documentation of current medications. Observations: Body Height: 135.1 cm; Body Weight: 30.33 kg; Body Mass Index: 16.62 kg/m2; Systolic Blood Pressure: 129.0 mmHg; Diastolic Blood Pressure: 76.0 mmHg; Body Height: 139.43 cm; Body Weight: 33.67 kg; Body Mass Index: 17.32 kg/m2; Systolic Blood Pressure: 130.0 mmHg; Diastolic Blood Pressure: 87.0 mmHg; Oral temperature: 38.42 Cel; Body Height: 144.51 cm; Body Weight: 37.88 kg; Body Mass Index: 18.14 kg/m2; Systolic Blood Pressure: 123.0 mmHg; Diastolic Blood Pressure: 73.0 mmHg; Body Height: 150.31 cm; Body Weight: 42.27 kg; Body Mass Index: 18.71 kg/m2; Systolic Blood Pressure: 116.0 mmHg; Diastolic Blood Pressure: 83.0 mmHg; Body Height: 157.9 cm; Body Weight: 47.48 kg; Body Mass Index: 19.04 kg/m2; Systolic Blood Pressure: 133.0 mmHg; Body Height: 164.37 cm; Body Weight: 52.33 kg; Body Mass Index: 19.37 kg/m2; Systolic Blood Pressure: 124.0 mmHg; Diastolic Blood Pressure: 81.0 mmHg; Body Height: 168.88 cm; Body Weight: 56.88 kg; Body Mass Index: 19.94 kg/m2; Systolic Blood Pressure: 101.0 mmHg; Diastolic Blood Pressure: 86.0 mmHg. Immunizations: Influenza seasonal injectable preservative free; meningococcal MCV4P; Tdap; HPV quadrivalent.",0
f98c5543-da84-4597-971b-e46334ce8d18,"Demographics: born 1971-12-02, gender M, race white, ethnicity french. Encounters: Emergency room admission; Outpatient Encounter; Encounter for symptom. Medications: Hydrocortisone 10 MG/ML Topical Cream; Fexofenadine hydrochloride 60 MG Oral Tablet; 0.3 ML EPINEPHrine 0.5 MG/ML Auto-Injector; Naproxen sodium 220 MG Oral Tablet. Procedures: Documentation of current medications. Observations: Body Height: 179.53 cm; Body Weight: 131.46 kg; Body Mass Index: 40.79 kg/m2; Systolic Blood Pressure: 119.0 mmHg; Diastolic Blood Pressure: 77.0 mmHg; Total Cholesterol: 163.0 mg/dL; Triglycerides: 123.0 mg/dL; Low Density Lipoprotein Cholesterol: 68.0 mg/dL; High Density Lipoprotein Cholesterol: 70.0 mg/dL; Body Weight: 136.12 kg; Body Mass Index: 42.23 kg/m2; Systolic Blood Pressure: 126.0 mmHg; Diastolic Blood Pressure: 78.0 mmHg; Total Cholesterol: 187.0 mg/dL; Triglycerides: 145.0 mg/dL; Low Density Lipoprotein Cholesterol: 91.0 mg/dL; High Density Lipoprotein Cholesterol: 67.0 mg/dL; Body Weight: 139.29 kg; Body Mass Index: 43.22 kg/m2; Systolic Blood Pressure: 138.0 mmHg; Diastolic Blood Pressure: 76.0 mmHg. Immunizations: Influenza seasonal injectable preservative free; Td (adult) preservative free.",0
2f99aa2e-dff9-43a3-bdad-3ddee268db14,"Demographics: born 1966-03-13, gender M, race white, ethnicity german. Encounters: Outpatient Encounter; Consultation for treatment; Patient encounter procedure; Encounter for 'check-up'. Medications: Penicillin V Potassium 250 MG; 24 HR Metformin hydrochloride 500 MG Extended Release Oral Tablet; insulin human isophane 70 UNT/ML / Regular Insulin Human 30 UNT/ML Injectable Suspension [Humulin]. Procedures: Vasectomy; Colonoscopy; Documentation of current medications. Observations: Hemoglobin A1c/Hemoglobin.total in Blood: 7.6 %; Body Height: 186.32 cm; Body Weight: 106.23 kg; Body Mass Index: 30.6 kg/m2; Systolic Blood Pressure: 130.0 mmHg; Diastolic Blood Pressure: 76.0 mmHg; Glucose: 115.0 mg/dL; Urea Nitrogen: 15.0 mg/dL; Creatinine: 1.0 mg/dL; Calcium: 9.36 mg/dL; Sodium: 138.0 mmol/L; Potassium: 4.13 mmol/L; Chloride: 108.0 mmol/L; Carbon Dioxide: 24.0 mmol/L; Total Cholesterol: 223.0 mg/dL; Triglycerides: 161.0 mg/dL; Low Density Lipoprotein Cholesterol: 137.0 mg/dL; High Density Lipoprotein Cholesterol: 53.0 mg/dL; Microalbumin Creatine Ratio: 8.0 mg/g; Estimated Glomerular Filtration Rate: 60.0 mL/min/{1.73_m2}; Hemoglobin A1c/Hemoglobin.total in Blood: 6.4 %; Body Weight: 109.37 kg; Body Mass Index: 31.5 kg/m2; Systolic Blood Pressure: 120.0 mmHg; Diastolic Blood Pressure: 74.0 mmHg; Glucose: 165.0 mg/dL; Calcium: 9.4 mg/dL; Sodium: 137.0 mmol/L; Potassium: 4.01 mmol/L; Chloride: 106.0 mmol/L; Carbon Dioxide: 23.0 mmol/L; Total Cholesterol: 253.0 mg/dL; Triglycerides: 382.0 mg/dL; Low Density Lipoprotein Cholesterol: 155.0 mg/dL; High Density Lipoprotein Cholesterol: 21.0 mg/dL; Microalbumin Creatine Ratio: 23.0 mg/g; Hemoglobin A1c/Hemoglobin.total in Blood: 3.5 %; Body Weight: 111.25 kg; Body Mass Index: 32.04 kg/m2; Systolic Blood Pressure: 129.0 mmHg. Immunizations: Influenza seasonal injectable preservative free.",1
718a8908-07b4-436c-9ea1-f50b648fe6c3,"Demographics: born 1953-10-04, gender F, race white, ethnicity french_canadian. Encounters: Outpatient Encounter; Encounter for 'check-up'; Emergency room admission; Encounter for symptom. Medications: Penicillin V Potassium 250 MG; Ibuprofen 200 MG Oral Tablet; Nitrofurantoin 5 MG/ML [Furadantin]; Phenazopyridine hydrochloride 100 MG [Pyridium]. Procedures: Documentation of current medications; Colonoscopy. Observations: Body Height: 163.64 cm; Body Weight: 90.3 kg; Body Mass Index: 33.72 kg/m2; Systolic Blood Pressure: 111.0 mmHg; Diastolic Blood Pressure: 84.0 mmHg; Systolic Blood Pressure: 135.0 mmHg; Diastolic Blood Pressure: 74.0 mmHg; Systolic Blood Pressure: 109.0 mmHg; Diastolic Blood Pressure: 71.0 mmHg; Total Cholesterol: 183.0 mg/dL; Triglycerides: 141.0 mg/dL; Low Density Lipoprotein Cholesterol: 92.0 mg/dL; High Density Lipoprotein Cholesterol: 62.0 mg/dL; Body Weight: 88.35 kg; Body Mass Index: 33.0 kg/m2; Systolic Blood Pressure: 112.0 mmHg; Diastolic Blood Pressure: 82.0 mmHg; Body Weight: 86.54 kg; Body Mass Index: 32.32 kg/m2; Systolic Blood Pressure: 120.0 mmHg; Diastolic Blood Pressure: 75.0 mmHg; Body Weight: 85.36 kg; Body Mass Index: 31.88 kg/m2; Systolic Blood Pressure: 100.0 mmHg; Diastolic Blood Pressure: 76.0 mmHg; Triglycerides: 148.0 mg/dL; Low Density Lipoprotein Cholesterol: 83.0 mg/dL; High Density Lipoprotein Cholesterol: 70.0 mg/dL. Immunizations: Influenza seasonal injectable preservative free; zoster; Td (adult) preservative free.",0
b404237f-0084-45b5-aa97-3b02bebe3c19,"Demographics: born 1933-07-06, gender F, race black, ethnicity west_indian. Encounters: Encounter for symptom; Outpatient Encounter. Medications: 24 HR Metformin hydrochloride 500 MG Extended Release Oral Tablet; Dextromethorphan Hydrobromide 1 MG/ML. Procedures: Measurement of respiratory function (procedure); Documentation of current medications. Observations: Hemoglobin A1c/Hemoglobin.total in Blood: 5.9 %; Body Height: 158.68 cm; Body Weight: 75.01 kg; Body Mass Index: 29.79 kg/m2; Systolic Blood Pressure: 176.0 mmHg; Diastolic Blood Pressure: 106.0 mmHg; Glucose: 94.0 mg/dL; Urea Nitrogen: 15.0 mg/dL; Creatinine: 1.0 mg/dL; Calcium: 8.87 mg/dL; Sodium: 144.0 mmol/L; Potassium: 4.09 mmol/L; Chloride: 105.0 mmol/L; Carbon Dioxide: 25.0 mmol/L; Total Cholesterol: 168.0 mg/dL; Triglycerides: 129.0 mg/dL; Low Density Lipoprotein Cholesterol: 80.0 mg/dL; High Density Lipoprotein Cholesterol: 62.0 mg/dL; Microalbumin Creatine Ratio: 3.0 mg/g; Estimated Glomerular Filtration Rate: 60.0 mL/min/{1.73_m2}; Systolic Blood Pressure: 161.0 mmHg; Diastolic Blood Pressure: 95.0 mmHg; Glucose: 80.0 mg/dL; Urea Nitrogen: 13.0 mg/dL; Calcium: 9.71 mg/dL; Sodium: 137.0 mmol/L; Potassium: 5.13 mmol/L; Chloride: 108.0 mmol/L; Carbon Dioxide: 20.0 mmol/L; Total Cholesterol: 195.0 mg/dL; Triglycerides: 106.0 mg/dL; Low Density Lipoprotein Cholesterol: 112.0 mg/dL; High Density Lipoprotein Cholesterol: 61.0 mg/dL; Microalbumin Creatine Ratio: 17.0 mg/g; Hemoglobin A1c/Hemoglobin.total in Blood: 5.8 %; Body Weight: 73.7 kg; Body Mass Index: 29.27 kg/m2; Systolic Blood Pressure: 186.0 mmHg; Glucose: 92.0 mg/dL; Urea Nitrogen: 18.0 mg/dL. Immunizations: Influenza seasonal injectable preservative free; Td (adult) preservative free.",1
ad05c353-18bd-45a1-9414-6a074581d45c,"Demographics: born 1945-01-23, gender M, race black, ethnicity dominican. Encounters: Death Certification. Medications: Penicillin V Potassium 500 MG; Nitroglycerin 0.4 MG/ACTUAT [Nitrolingual]; Simvastatin 20 MG Oral Tablet; Insulin Lispro 100 UNT/ML Injectable Solution [Humalog]; Fluticasone propionate 0.25 MG/ACTUAT / salmeterol 0.05 MG/ACTUAT [Advair]. Observations: Chronic obstructive bronchitis (disorder).",1
f50c2168-efdd-46d2-be32-95eb5337621a,"Demographics: born 1993-09-19, gender M, race white, ethnicity irish. Encounters: Outpatient Encounter; Encounter for symptom. Medications: Penicillin V Potassium 250 MG. Procedures: Documentation of current medications. Observations: Body Height: 169.6 cm; Body Weight: 67.76 kg; Body Mass Index: 23.56 kg/m2; Systolic Blood Pressure: 104.0 mmHg; Diastolic Blood Pressure: 70.0 mmHg; Body Height: 170.44 cm; Body Weight: 70.14 kg; Body Mass Index: 24.14 kg/m2; Systolic Blood Pressure: 148.0 mmHg; Diastolic Blood Pressure: 90.0 mmHg; Estimated Glomerular Filtration Rate: 60.0 mL/min/{1.73_m2}; Body Height: 170.91 cm; Body Weight: 72.09 kg; Body Mass Index: 24.68 kg/m2; Systolic Blood Pressure: 199.0 mmHg; Diastolic Blood Pressure: 102.0 mmHg; Body Height: 171.14 cm; Body Weight: 75.3 kg; Body Mass Index: 25.71 kg/m2; Systolic Blood Pressure: 174.0 mmHg; Diastolic Blood Pressure: 115.0 mmHg; Oral temperature: 38.0 Cel; Body Weight: 78.37 kg; Body Mass Index: 26.76 kg/m2; Systolic Blood Pressure: 171.0 mmHg; Diastolic Blood Pressure: 110.0 mmHg. Immunizations: Influenza seasonal injectable preservative free; Td (adult) preservative free.",0
a71bb22a-c870-445e-8275-474d251f5f1d,"Demographics: born 1961-01-26, gender F, race hispanic, ethnicity puerto_rican. Encounters: Encounter for symptom; Outpatient Encounter. Medications: 24 HR Metformin hydrochloride 500 MG Extended Release Oral Tablet; Camila 28 Day Pack; Penicillin V Potassium 500 MG; Acetaminophen 160 MG. Procedures: Documentation of current medications; Throat culture (procedure); Measurement of respiratory function (procedure). Observations: Oral temperature: 38.0 Cel; Hemoglobin A1c/Hemoglobin.total in Blood: 7.9 %; Body Height: 163.5 cm; Body Weight: 100.1 kg; Body Mass Index: 37.44 kg/m2; Systolic Blood Pressure: 119.0 mmHg; Diastolic Blood Pressure: 85.0 mmHg; Glucose: 141.0 mg/dL; Urea Nitrogen: 17.0 mg/dL; Creatinine: 1.0 mg/dL; Calcium: 8.64 mg/dL; Sodium: 139.0 mmol/L; Potassium: 5.11 mmol/L; Chloride: 109.0 mmol/L; Carbon Dioxide: 20.0 mmol/L; Total Cholesterol: 247.0 mg/dL; Triglycerides: 473.0 mg/dL; Low Density Lipoprotein Cholesterol: 114.0 mg/dL; High Density Lipoprotein Cholesterol: 38.0 mg/dL; Microalbumin Creatine Ratio: 10.0 mg/g; Estimated Glomerular Filtration Rate: 60.0 mL/min/{1.73_m2}; Systolic Blood Pressure: 103.0 mmHg; Diastolic Blood Pressure: 76.0 mmHg; Glucose: 170.0 mg/dL; Urea Nitrogen: 18.0 mg/dL; Calcium: 8.79 mg/dL; Sodium: 143.0 mmol/L; Potassium: 3.74 mmol/L; Chloride: 105.0 mmol/L; Carbon Dioxide: 23.0 mmol/L; Total Cholesterol: 251.0 mg/dL; Triglycerides: 248.0 mg/dL; Low Density Lipoprotein Cholesterol: 168.0 mg/dL; High Density Lipoprotein Cholesterol: 33.0 mg/dL; Microalbumin Creatine Ratio: 5.0 mg/g; Systolic Blood Pressure: 128.0 mmHg; Diastolic Blood Pressure: 74.0 mmHg; Glucose: 177.0 mg/dL; Urea Nitrogen: 12.0 mg/dL; Calcium: 9.78 mg/dL. Immunizations: Influenza seasonal injectable preservative free; Td (adult) preservative free.",1
7dec4073-0375-4382-8d63-12a376c1a65f,"Demographics: born 2003-02-21, gender M, race white, ethnicity german. Encounters: Outpatient Encounter; Encounter for symptom; Emergency room admission. Medications: Amoxicillin 250 MG / Clavulanate 125 MG [Augmentin]; Acetaminophen 160 MG Oral Tablet. Procedures: Documentation of current medications. Observations: Body Height: 128.86 cm; Body Weight: 19.34 kg; Body Mass Index: 11.65 kg/m2; Systolic Blood Pressure: 128.0 mmHg; Diastolic Blood Pressure: 89.0 mmHg; Body Height: 134.57 cm; Body Weight: 21.12 kg; Body Mass Index: 11.66 kg/m2; Systolic Blood Pressure: 111.0 mmHg; Diastolic Blood Pressure: 85.0 mmHg; Body Height: 140.31 cm; Body Weight: 23.19 kg; Body Mass Index: 11.78 kg/m2; Systolic Blood Pressure: 138.0 mmHg; Diastolic Blood Pressure: 71.0 mmHg; Body Height: 145.17 cm; Body Weight: 25.26 kg; Body Mass Index: 11.99 kg/m2; Systolic Blood Pressure: 107.0 mmHg; Diastolic Blood Pressure: 87.0 mmHg; Body Height: 150.01 cm; Body Weight: 27.63 kg; Body Mass Index: 12.28 kg/m2; Systolic Blood Pressure: 114.0 mmHg; Body Height: 155.57 cm; Body Weight: 30.44 kg; Body Mass Index: 12.58 kg/m2; Systolic Blood Pressure: 125.0 mmHg; Diastolic Blood Pressure: 82.0 mmHg; Body Height: 163.05 cm; Body Weight: 34.1 kg; Body Mass Index: 12.83 kg/m2; Systolic Blood Pressure: 105.0 mmHg; Diastolic Blood Pressure: 72.0 mmHg; Body Height: 170.73 cm; Body Weight: 38.34 kg; Body Mass Index: 13.15 kg/m2; Systolic Blood Pressure: 135.0 mmHg. Immunizations: Influenza seasonal injectable preservative free; meningococcal MCV4P; Tdap; HPV quadrivalent.",0
ea499ad2-5ecd-47c8-a394-2e63ef720518,"Demographics: born 1991-02-07, gender F, race hispanic, ethnicity puerto_rican. Encounters: Outpatient Encounter; Encounter for symptom; Consultation for treatment; Patient encounter procedure. Medications: Penicillin V Potassium 250 MG; Clopidogrel 75 MG Oral Tablet; Simvastatin 20 MG Oral Tablet; Amlodipine 5 MG Oral Tablet; Nitroglycerin 0.4 MG/ACTUAT [Nitrolingual]; Penicillin V Potassium 500 MG; Kyleena 19.5 MG Intrauterine System. Procedures: Throat culture (procedure); Documentation of current medications; Insertion of intrauterine contraceptive device. Observations: Body Height: 165.61 cm; Body Weight: 66.34 kg; Body Mass Index: 24.19 kg/m2; Systolic Blood Pressure: 141.0 mmHg; Diastolic Blood Pressure: 95.0 mmHg; Estimated Glomerular Filtration Rate: 60.0 mL/min/{1.73_m2}; Body Height: 165.65 cm; Body Weight: 68.06 kg; Body Mass Index: 24.8 kg/m2; Systolic Blood Pressure: 147.0 mmHg; Diastolic Blood Pressure: 118.0 mmHg; Oral temperature: 37.65 Cel; Body Weight: 72.14 kg; Body Mass Index: 26.29 kg/m2; Systolic Blood Pressure: 172.0 mmHg; Diastolic Blood Pressure: 96.0 mmHg; Body Weight: 76.46 kg; Body Mass Index: 27.86 kg/m2; Systolic Blood Pressure: 173.0 mmHg; Diastolic Blood Pressure: 119.0 mmHg. Immunizations: Influenza seasonal injectable preservative free; Td (adult) preservative free.",0
8723b9a7-1e31-41df-b0b9-0aa2598b0b2c,"Demographics: born 1946-04-29, gender M, race white, ethnicity polish. Encounters: Outpatient Encounter; Encounter for symptom; Encounter for 'check-up'; Emergency room admission. Medications: Acetaminophen 160 MG; Acetaminophen 325 MG / HYDROcodone Bitartrate 7.5 MG Oral Tablet; Ibuprofen 200 MG Oral Tablet. Procedures: Documentation of current medications; Measurement of respiratory function (procedure); Colonoscopy; Bone immobilization; Bone density scan (procedure). Observations: Hemoglobin A1c/Hemoglobin.total in Blood: 6.1 %; Body Height: 175.16 cm; Body Weight: 118.26 kg; Body Mass Index: 38.54 kg/m2; Systolic Blood Pressure: 104.0 mmHg; Diastolic Blood Pressure: 80.0 mmHg; Glucose: 83.0 mg/dL; Urea Nitrogen: 18.0 mg/dL; Creatinine: 1.0 mg/dL; Calcium: 8.91 mg/dL; Sodium: 140.0 mmol/L; Potassium: 4.38 mmol/L; Chloride: 103.0 mmol/L; Carbon Dioxide: 26.0 mmol/L; Total Cholesterol: 163.0 mg/dL; Triglycerides: 144.0 mg/dL; Low Density Lipoprotein Cholesterol: 65.0 mg/dL; High Density Lipoprotein Cholesterol: 69.0 mg/dL; Body Weight: 116.7 kg; Body Mass Index: 38.04 kg/m2; Systolic Blood Pressure: 130.0 mmHg; Diastolic Blood Pressure: 87.0 mmHg; Glucose: 65.0 mg/dL; Urea Nitrogen: 8.0 mg/dL; Calcium: 8.77 mg/dL; Sodium: 139.0 mmol/L; Potassium: 4.88 mmol/L; Chloride: 101.0 mmol/L; Carbon Dioxide: 20.0 mmol/L; Hemoglobin A1c/Hemoglobin.total in Blood: 6.0 %; Body Weight: 115.2 kg; Body Mass Index: 37.55 kg/m2; Systolic Blood Pressure: 122.0 mmHg; Diastolic Blood Pressure: 77.0 mmHg; Glucose: 95.0 mg/dL; Urea Nitrogen: 17.0 mg/dL; Calcium: 10.0 mg/dL; Sodium: 137.0 mmol/L; Potassium: 4.43 mmol/L; Chloride: 105.0 mmol/L. Immunizations: Influenza seasonal injectable preservative free; Pneumococcal conjugate PCV 13; pneumococcal polysaccharide vaccine 23 valent; Td (adult) preservative free.",0
a67c0700-229a-4019-ba6f-13877a0a217b,"Demographics: born 1961-01-28, gender M, race white, ethnicity french. Encounters: Outpatient Encounter; Encounter for 'check-up'; Encounter for symptom. Medications: Penicillin V Potassium 500 MG; 24 HR Metformin hydrochloride 500 MG Extended Release Oral Tablet; insulin human isophane 70 UNT/ML / Regular Insulin Human 30 UNT/ML Injectable Suspension [Humulin]. Procedures: Colonoscopy; Documentation of current medications. Observations: Hemoglobin A1c/Hemoglobin.total in Blood: 4.3 %; Body Height: 180.74 cm; Body Weight: 114.52 kg; Body Mass Index: 35.06 kg/m2; Systolic Blood Pressure: 122.0 mmHg; Diastolic Blood Pressure: 84.0 mmHg; Glucose: 87.0 mg/dL; Urea Nitrogen: 10.0 mg/dL; Creatinine: 1.0 mg/dL; Calcium: 8.75 mg/dL; Sodium: 137.0 mmol/L; Potassium: 4.18 mmol/L; Chloride: 111.0 mmol/L; Carbon Dioxide: 27.0 mmol/L; Total Cholesterol: 180.0 mg/dL; Triglycerides: 120.0 mg/dL; Low Density Lipoprotein Cholesterol: 93.0 mg/dL; High Density Lipoprotein Cholesterol: 63.0 mg/dL; Microalbumin Creatine Ratio: 163.0 mg/g; Estimated Glomerular Filtration Rate: 60.0 mL/min/{1.73_m2}; Systolic Blood Pressure: 139.0 mmHg; Diastolic Blood Pressure: 77.0 mmHg; Glucose: 89.0 mg/dL; Urea Nitrogen: 14.0 mg/dL; Calcium: 9.26 mg/dL; Sodium: 144.0 mmol/L; Potassium: 4.58 mmol/L; Chloride: 108.0 mmol/L; Carbon Dioxide: 24.0 mmol/L; Total Cholesterol: 175.0 mg/dL; Triglycerides: 124.0 mg/dL; Low Density Lipoprotein Cholesterol: 82.0 mg/dL; High Density Lipoprotein Cholesterol: 68.0 mg/dL; Microalbumin Creatine Ratio: 78.0 mg/g; Systolic Blood Pressure: 116.0 mmHg; Diastolic Blood Pressure: 81.0 mmHg; Glucose: 81.0 mg/dL; Calcium: 9.29 mg/dL; Sodium: 142.0 mmol/L; Potassium: 4.22 mmol/L. Immunizations: Influenza seasonal injectable preservative free; Td (adult) preservative free.",1
c1478316-6687-4ffe-95b1-20d20eb77710,"Demographics: born 1962-10-04, gender M, race white, ethnicity german. Encounters: Outpatient Encounter; Encounter for symptom; Encounter for 'check-up'. Medications: Penicillin V Potassium 250 MG; Clopidogrel 75 MG Oral Tablet; Simvastatin 20 MG Oral Tablet; Amlodipine 5 MG Oral Tablet; Nitroglycerin 0.4 MG/ACTUAT [Nitrolingual]; 24 HR Metformin hydrochloride 500 MG Extended Release Oral Tablet; Amoxicillin 250 MG / Clavulanate 125 MG [Augmentin]. Procedures: Colonoscopy; Documentation of current medications. Observations: Hemoglobin A1c/Hemoglobin.total in Blood: 6.6 %; Body Height: 182.23 cm; Body Weight: 107.38 kg; Body Mass Index: 32.34 kg/m2; Systolic Blood Pressure: 195.0 mmHg; Diastolic Blood Pressure: 120.0 mmHg; Glucose: 98.0 mg/dL; Urea Nitrogen: 20.0 mg/dL; Creatinine: 1.0 mg/dL; Calcium: 9.69 mg/dL; Sodium: 143.0 mmol/L; Potassium: 4.13 mmol/L; Chloride: 110.0 mmol/L; Carbon Dioxide: 27.0 mmol/L; Total Cholesterol: 173.0 mg/dL; Triglycerides: 144.0 mg/dL; Low Density Lipoprotein Cholesterol: 72.0 mg/dL; High Density Lipoprotein Cholesterol: 72.0 mg/dL; Microalbumin Creatine Ratio: 9.0 mg/g; Estimated Glomerular Filtration Rate: 60.0 mL/min/{1.73_m2}; Hemoglobin A1c/Hemoglobin.total in Blood: 6.7 %; Body Weight: 108.49 kg; Body Mass Index: 32.67 kg/m2; Systolic Blood Pressure: 157.0 mmHg; Diastolic Blood Pressure: 94.0 mmHg; Glucose: 107.0 mg/dL; Urea Nitrogen: 8.0 mg/dL; Calcium: 9.66 mg/dL; Potassium: 4.58 mmol/L; Chloride: 101.0 mmol/L; Carbon Dioxide: 25.0 mmol/L; Total Cholesterol: 225.0 mg/dL; Triglycerides: 187.0 mg/dL; Low Density Lipoprotein Cholesterol: 142.0 mg/dL; High Density Lipoprotein Cholesterol: 45.0 mg/dL; Microalbumin Creatine Ratio: 15.0 mg/g; Systolic Blood Pressure: 148.0 mmHg; Diastolic Blood Pressure: 98.0 mmHg; Glucose: 120.0 mg/dL; Urea Nitrogen: 10.0 mg/dL. Immunizations: Influenza seasonal injectable preservative free; Td (adult) preservative free.",1
c7410d21-4b3d-42c5-b353-30db77f4183c,"Demographics: born 1958-03-14, gender M, race asian, ethnicity chinese. Encounters: Outpatient Encounter; Emergency room admission; Encounter for 'check-up'; Encounter for symptom. Medications: Penicillin V Potassium 500 MG; Acetaminophen 160 MG. Procedures: Documentation of current medications. Observations: Body Height: 180.35 cm; Body Weight: 98.67 kg; Body Mass Index: 30.34 kg/m2; Systolic Blood Pressure: 111.0 mmHg; Diastolic Blood Pressure: 71.0 mmHg; Systolic Blood Pressure: 127.0 mmHg; Diastolic Blood Pressure: 78.0 mmHg; Systolic Blood Pressure: 104.0 mmHg; Diastolic Blood Pressure: 76.0 mmHg; Total Cholesterol: 197.0 mg/dL; Triglycerides: 127.0 mg/dL; Low Density Lipoprotein Cholesterol: 92.0 mg/dL; High Density Lipoprotein Cholesterol: 79.0 mg/dL; Systolic Blood Pressure: 114.0 mmHg; Systolic Blood Pressure: 125.0 mmHg; Diastolic Blood Pressure: 73.0 mmHg; Total Cholesterol: 176.0 mg/dL; Triglycerides: 117.0 mg/dL; Low Density Lipoprotein Cholesterol: 73.0 mg/dL; Systolic Blood Pressure: 132.0 mmHg; Diastolic Blood Pressure: 87.0 mmHg. Immunizations: Influenza seasonal injectable preservative free.",0
aae941a0-7c6e-47ce-9f24-50f0b0b2ff75,"Demographics: born 1973-01-24, gender M, race white, ethnicity italian. Encounters: Outpatient Encounter; Emergency room admission; Encounter for symptom. Medications: Ibuprofen 200 MG Oral Tablet; Amoxicillin 250 MG / Clavulanate 125 MG [Augmentin]. Procedures: Documentation of current medications. Observations: Body Height: 190.18 cm; Body Weight: 115.79 kg; Body Mass Index: 32.01 kg/m2; Systolic Blood Pressure: 111.0 mmHg; Diastolic Blood Pressure: 78.0 mmHg; Total Cholesterol: 182.0 mg/dL; Triglycerides: 135.0 mg/dL; Low Density Lipoprotein Cholesterol: 88.0 mg/dL; High Density Lipoprotein Cholesterol: 67.0 mg/dL; Body Weight: 120.87 kg; Body Mass Index: 33.42 kg/m2; Systolic Blood Pressure: 100.0 mmHg; Diastolic Blood Pressure: 76.0 mmHg; Total Cholesterol: 176.0 mg/dL; Triglycerides: 145.0 mg/dL; Low Density Lipoprotein Cholesterol: 84.0 mg/dL; High Density Lipoprotein Cholesterol: 63.0 mg/dL; Body Weight: 123.65 kg; Body Mass Index: 34.19 kg/m2; Systolic Blood Pressure: 113.0 mmHg; Diastolic Blood Pressure: 79.0 mmHg. Immunizations: Influenza seasonal injectable preservative free; Td (adult) preservative free.",0
ba6f50dc-90ee-4be7-ab16-1add5eaa1b04,"Demographics: born 1988-01-23, gender F, race white, ethnicity french_canadian. Encounters: Outpatient Encounter; Emergency room admission; Encounter for symptom; Prenatal initial visit; Patient-initiated encounter; Consultation for treatment; Admission to surgical department. Medications: Ibuprofen 200 MG Oral Tablet. Procedures: Standard pregnancy test; Induced termination of pregnancy; Bilateral tubal ligation. Observations: Hemoglobin A1c/Hemoglobin.total in Blood: 6.6 %; Body Height: 175.46 cm; Body Weight: 69.03 kg; Body Mass Index: 22.42 kg/m2; Systolic Blood Pressure: 110.0 mmHg; Diastolic Blood Pressure: 87.0 mmHg; Glucose: 111.0 mg/dL; Urea Nitrogen: 14.0 mg/dL; Creatinine: 1.0 mg/dL; Calcium: 9.86 mg/dL; Sodium: 137.0 mmol/L; Potassium: 4.32 mmol/L; Chloride: 101.0 mmol/L; Carbon Dioxide: 22.0 mmol/L; Total Cholesterol: 208.0 mg/dL; Triglycerides: 151.0 mg/dL; Low Density Lipoprotein Cholesterol: 136.0 mg/dL; High Density Lipoprotein Cholesterol: 41.0 mg/dL; Microalbumin Creatine Ratio: 6.0 mg/g; Estimated Glomerular Filtration Rate: 60.0 mL/min/{1.73_m2}; Oral temperature: 38.0 Cel; Body Weight: 73.57 kg; Body Mass Index: 23.89 kg/m2; Systolic Blood Pressure: 120.0 mmHg; Diastolic Blood Pressure: 73.0 mmHg; Glucose: 122.0 mg/dL; Urea Nitrogen: 18.0 mg/dL; Calcium: 9.62 mg/dL; Sodium: 138.0 mmol/L; Potassium: 4.71 mmol/L; Chloride: 104.0 mmol/L; Carbon Dioxide: 29.0 mmol/L; Total Cholesterol: 237.0 mg/dL; Triglycerides: 174.0 mg/dL; Low Density Lipoprotein Cholesterol: 150.0 mg/dL; High Density Lipoprotein Cholesterol: 52.0 mg/dL; Microalbumin Creatine Ratio: 4.0 mg/g; Oral temperature: 37.0 Cel; Body Weight: 77.42 kg; Body Mass Index: 25.15 kg/m2. Immunizations: Influenza seasonal injectable preservative free; Td (adult) preservative free.",1
cec5ebdb-0838-4cf0-af6a-a6ac8beca7c3,"Demographics: born 1927-04-27, gender M, race white, ethnicity scottish. Encounters: Death Certification. Medications: Acetaminophen 325 MG / oxyCODONE Hydrochloride 5 MG Oral Tablet; Nitroglycerin 0.4 MG/ACTUAT [Nitrolingual]. Observations: Myocardial Infarction.",0
3136e760-4a8c-4803-9afe-e1dcf7f3a22e,"Demographics: born 1970-09-15, gender M, race white, ethnicity french. Encounters: Outpatient Encounter; Encounter for symptom. Medications: Penicillin V Potassium 250 MG; 24 HR Metformin hydrochloride 500 MG Extended Release Oral Tablet; 3 ML liraglutide 6 MG/ML Pen Injector; Acetaminophen 160 MG. Procedures: Documentation of current medications. Observations: Hemoglobin A1c/Hemoglobin.total in Blood: 8.6 %; Body Height: 171.65 cm; Body Weight: 118.69 kg; Body Mass Index: 40.28 kg/m2; Systolic Blood Pressure: 100.0 mmHg; Diastolic Blood Pressure: 72.0 mmHg; Glucose: 190.0 mg/dL; Urea Nitrogen: 7.0 mg/dL; Creatinine: 1.0 mg/dL; Calcium: 9.36 mg/dL; Sodium: 143.0 mmol/L; Potassium: 3.73 mmol/L; Chloride: 106.0 mmol/L; Carbon Dioxide: 27.0 mmol/L; Total Cholesterol: 244.0 mg/dL; Triglycerides: 498.0 mg/dL; Low Density Lipoprotein Cholesterol: 107.0 mg/dL; High Density Lipoprotein Cholesterol: 37.0 mg/dL; Microalbumin Creatine Ratio: 0.0 mg/g; Estimated Glomerular Filtration Rate: 60.0 mL/min/{1.73_m2}; Hemoglobin A1c/Hemoglobin.total in Blood: 8.8 %; Body Weight: 121.8 kg; Body Mass Index: 41.34 kg/m2; Systolic Blood Pressure: 115.0 mmHg; Diastolic Blood Pressure: 79.0 mmHg; Glucose: 173.0 mg/dL; Urea Nitrogen: 20.0 mg/dL; Calcium: 9.73 mg/dL; Sodium: 138.0 mmol/L; Potassium: 4.89 mmol/L; Chloride: 107.0 mmol/L; Carbon Dioxide: 22.0 mmol/L; Total Cholesterol: 250.0 mg/dL; Triglycerides: 361.0 mg/dL; Low Density Lipoprotein Cholesterol: 137.0 mg/dL; High Density Lipoprotein Cholesterol: 40.0 mg/dL; Microalbumin Creatine Ratio: 6.0 mg/g; Hemoglobin A1c/Hemoglobin.total in Blood: 9.1 %; Body Weight: 124.76 kg; Body Mass Index: 42.35 kg/m2. Immunizations: Influenza seasonal injectable preservative free; Td (adult) preservative free.",1
393d2e2d-159f-4100-85e4-cfd4bb66811f,"Demographics: born 1929-03-19, gender F, race white, ethnicity scottish.",0
08c81e34-be02-4ebe-a11b-9f00b5a89acc,"Demographics: born 1959-10-25, gender F, race white, ethnicity italian. Encounters: Patient encounter procedure; Outpatient Encounter; Emergency Encounter; Encounter for symptom. Medications: Penicillin V Potassium 500 MG; 24 HR Metformin hydrochloride 500 MG Extended Release Oral Tablet; Insulin Lispro 100 UNT/ML Injectable Solution [Humalog]; Clopidogrel 75 MG Oral Tablet; Alteplase 1 MG/ML Injectable Solution; Acetaminophen 160 MG. Procedures: Replacement of contraceptive intrauterine device; Documentation of current medications; Percutaneous mechanical thrombectomy of portal vein using fluoroscopic guidance; Measurement of respiratory function (procedure). Observations: Hemoglobin A1c/Hemoglobin.total in Blood: 2.9 %; Body Height: 159.34 cm; Body Weight: 106.03 kg; Body Mass Index: 41.76 kg/m2; Systolic Blood Pressure: 144.0 mmHg; Diastolic Blood Pressure: 117.0 mmHg; Glucose: 91.0 mg/dL; Urea Nitrogen: 11.0 mg/dL; Creatinine: 1.0 mg/dL; Calcium: 8.66 mg/dL; Sodium: 144.0 mmol/L; Potassium: 5.0 mmol/L; Chloride: 101.0 mmol/L; Carbon Dioxide: 23.0 mmol/L; Total Cholesterol: 165.0 mg/dL; Triglycerides: 138.0 mg/dL; Low Density Lipoprotein Cholesterol: 65.0 mg/dL; High Density Lipoprotein Cholesterol: 72.0 mg/dL; Microalbumin Creatine Ratio: 23.0 mg/g; Estimated Glomerular Filtration Rate: 60.0 mL/min/{1.73_m2}; Systolic Blood Pressure: 192.0 mmHg; Diastolic Blood Pressure: 103.0 mmHg; Glucose: 76.0 mg/dL; Urea Nitrogen: 7.0 mg/dL; Calcium: 9.19 mg/dL; Sodium: 143.0 mmol/L; Potassium: 4.26 mmol/L; Chloride: 104.0 mmol/L; Carbon Dioxide: 29.0 mmol/L; Total Cholesterol: 180.0 mg/dL; Triglycerides: 129.0 mg/dL; Low Density Lipoprotein Cholesterol: 86.0 mg/dL; High Density Lipoprotein Cholesterol: 68.0 mg/dL; Microalbumin Creatine Ratio: 25.0 mg/g; Systolic Blood Pressure: 193.0 mmHg; Diastolic Blood Pressure: 104.0 mmHg; Glucose: 70.0 mg/dL; Urea Nitrogen: 8.0 mg/dL; Calcium: 8.67 mg/dL; Sodium: 139.0 mmol/L. Immunizations: Influenza seasonal injectable preservative free; Td (adult) preservative free.",1
9c9c46f1-673e-4750-a422-83e52174099e,"Demographics: born 1972-02-28, gender M, race white, ethnicity italian. Encounters: Outpatient Encounter; Encounter for symptom. Medications: Penicillin V Potassium 250 MG; Acetaminophen 160 MG; 24 HR Metformin hydrochloride 500 MG Extended Release Oral Tablet; 3 ML liraglutide 6 MG/ML Pen Injector. Procedures: Documentation of current medications; Sputum examination (procedure). Observations: Body Height: 177.27 cm; Body Weight: 114.56 kg; Body Mass Index: 36.45 kg/m2; Systolic Blood Pressure: 187.0 mmHg; Diastolic Blood Pressure: 114.0 mmHg; Total Cholesterol: 184.0 mg/dL; Triglycerides: 114.0 mg/dL; Low Density Lipoprotein Cholesterol: 96.0 mg/dL; High Density Lipoprotein Cholesterol: 65.0 mg/dL; Estimated Glomerular Filtration Rate: 60.0 mL/min/{1.73_m2}; Hemoglobin A1c/Hemoglobin.total in Blood: 9.6 %; Body Weight: 120.15 kg; Body Mass Index: 38.23 kg/m2; Systolic Blood Pressure: 184.0 mmHg; Diastolic Blood Pressure: 97.0 mmHg; Glucose: 100.0 mg/dL; Urea Nitrogen: 11.0 mg/dL; Creatinine: 1.0 mg/dL; Calcium: 9.98 mg/dL; Sodium: 140.0 mmol/L; Potassium: 4.6 mmol/L; Chloride: 106.0 mmol/L; Carbon Dioxide: 26.0 mmol/L; Total Cholesterol: 186.0 mg/dL; Triglycerides: 124.0 mg/dL; Low Density Lipoprotein Cholesterol: 84.0 mg/dL; High Density Lipoprotein Cholesterol: 77.0 mg/dL; Microalbumin Creatine Ratio: 15.0 mg/g; Oral temperature: 38.0 Cel; Hemoglobin A1c/Hemoglobin.total in Blood: 7.7 %; Body Weight: 121.51 kg; Body Mass Index: 38.66 kg/m2; Diastolic Blood Pressure: 111.0 mmHg; Glucose: 176.0 mg/dL; Urea Nitrogen: 9.0 mg/dL; Calcium: 9.22 mg/dL; Sodium: 138.0 mmol/L; Potassium: 5.13 mmol/L; Chloride: 101.0 mmol/L; Carbon Dioxide: 23.0 mmol/L. Immunizations: Influenza seasonal injectable preservative free; Td (adult) preservative free.",1
5ef29694-48bd-46f4-95bc-537229b32c86,"Demographics: born 1945-11-29, gender M, race hispanic, ethnicity puerto_rican. Encounters: Encounter for 'check-up'; Outpatient Encounter; Encounter for symptom. Medications: Penicillin V Potassium 500 MG; 24 HR Metformin hydrochloride 500 MG Extended Release Oral Tablet; Insulin Lispro 100 UNT/ML Injectable Solution [Humalog]. Procedures: Colonoscopy; Documentation of current medications. Observations: Hemoglobin A1c/Hemoglobin.total in Blood: 2.1 %; Body Height: 168.25 cm; Body Weight: 108.87 kg; Body Mass Index: 38.46 kg/m2; Systolic Blood Pressure: 126.0 mmHg; Diastolic Blood Pressure: 72.0 mmHg; Glucose: 64.0 mg/dL; Urea Nitrogen: 12.0 mg/dL; Creatinine: 1.0 mg/dL; Calcium: 9.76 mg/dL; Sodium: 136.0 mmol/L; Potassium: 4.36 mmol/L; Chloride: 108.0 mmol/L; Carbon Dioxide: 25.0 mmol/L; Total Cholesterol: 175.0 mg/dL; Triglycerides: 131.0 mg/dL; Low Density Lipoprotein Cholesterol: 87.0 mg/dL; High Density Lipoprotein Cholesterol: 61.0 mg/dL; Microalbumin Creatine Ratio: 18.0 mg/g; Estimated Glomerular Filtration Rate: 60.0 mL/min/{1.73_m2}; Hemoglobin A1c/Hemoglobin.total in Blood: 2.0 %; Body Weight: 107.86 kg; Body Mass Index: 38.11 kg/m2; Systolic Blood Pressure: 128.0 mmHg; Diastolic Blood Pressure: 82.0 mmHg; Glucose: 73.0 mg/dL; Urea Nitrogen: 9.0 mg/dL; Calcium: 9.47 mg/dL; Sodium: 138.0 mmol/L; Potassium: 5.16 mmol/L; Chloride: 107.0 mmol/L; Carbon Dioxide: 22.0 mmol/L; Total Cholesterol: 177.0 mg/dL; Triglycerides: 114.0 mg/dL; Low Density Lipoprotein Cholesterol: 92.0 mg/dL; High Density Lipoprotein Cholesterol: 62.0 mg/dL; Microalbumin Creatine Ratio: 31.0 mg/g; Hemoglobin A1c/Hemoglobin.total in Blood: 1.9 %; Body Weight: 105.94 kg; Body Mass Index: 37.43 kg/m2. Immunizations: Pneumococcal conjugate PCV 13; Influenza seasonal injectable preservative free; pneumococcal polysaccharide vaccine 23 valent; Td (adult) preservative free.",1
5cceabbc-6f03-4033-8e4f-01138a2b0adf,"Demographics: born 2012-03-26, gender F, race white, ethnicity irish. Encounters: Outpatient Encounter; Encounter for symptom. Medications: Amoxicillin 200 MG Oral Tablet; Ibuprofen 100 MG Oral Tablet; Acetaminophen 160 MG Oral Tablet. Procedures: Documentation of current medications. Observations: Body Height: 56.21 cm; Body Weight: 4.21 kg; Systolic Blood Pressure: 135.0 mmHg; Diastolic Blood Pressure: 73.0 mmHg; Body Height: 59.03 cm; Body Weight: 4.87 kg; Systolic Blood Pressure: 109.0 mmHg; Diastolic Blood Pressure: 85.0 mmHg; Body Height: 63.5 cm; Body Weight: 6.02 kg; Systolic Blood Pressure: 128.0 mmHg; Diastolic Blood Pressure: 79.0 mmHg; Body Height: 67.11 cm; Body Weight: 6.99 kg; Systolic Blood Pressure: 112.0 mmHg; Diastolic Blood Pressure: 70.0 mmHg; Body Height: 71.65 cm; Body Weight: 8.18 kg; Systolic Blood Pressure: 138.0 mmHg; Diastolic Blood Pressure: 78.0 mmHg; Body Height: 76.7 cm; Body Weight: 9.38 kg; Systolic Blood Pressure: 130.0 mmHg; Diastolic Blood Pressure: 75.0 mmHg; Body Height: 78.93 cm; Body Weight: 9.86 kg; Systolic Blood Pressure: 133.0 mmHg; Diastolic Blood Pressure: 84.0 mmHg; Body Height: 82.03 cm; Body Weight: 10.47 kg; Systolic Blood Pressure: 116.0 mmHg; Body Height: 87.65 cm; Body Weight: 11.59 kg; Body Mass Index: 15.09 kg/m2; Diastolic Blood Pressure: 82.0 mmHg; Body Height: 92.51 cm; Body Weight: 12.41 kg; Body Mass Index: 14.5 kg/m2; Systolic Blood Pressure: 123.0 mmHg; Diastolic Blood Pressure: 77.0 mmHg. Immunizations: Hep B adolescent or pediatric; rotavirus monovalent; DTaP; Hib (PRP-OMP); Pneumococcal conjugate PCV 13; IPV; Influenza seasonal injectable preservative free; MMR; varicella; Hep A ped/adol 2 dose.",0
7b701815-ae24-45e8-99ea-d64e7fe0cb86,"Demographics: born 1988-09-05, gender M, race white, ethnicity french. Encounters: Outpatient Encounter; Encounter for symptom. Medications: Penicillin V Potassium 250 MG; Terfenadine 60 MG Oral Tablet; 0.3 ML EPINEPHrine 0.5 MG/ML Auto-Injector. Procedures: Documentation of current medications. Observations: Body Height: 171.48 cm; Body Weight: 69.5 kg; Body Mass Index: 23.63 kg/m2; Systolic Blood Pressure: 165.0 mmHg; Diastolic Blood Pressure: 98.0 mmHg; Estimated Glomerular Filtration Rate: 60.0 mL/min/{1.73_m2}; Body Weight: 73.92 kg; Body Mass Index: 25.14 kg/m2; Systolic Blood Pressure: 198.0 mmHg; Diastolic Blood Pressure: 99.0 mmHg. Immunizations: Influenza seasonal injectable preservative free; Td (adult) preservative free.",0
6fa81e69-b292-443a-b733-60660b2981e8,"Demographics: born 1959-02-26, gender F, race white, ethnicity portuguese. Encounters: Outpatient Encounter; Encounter for symptom; Encounter for 'check-up'. Procedures: Documentation of current medications; Colonoscopy. Observations: Body Height: 168.94 cm; Body Weight: 103.33 kg; Body Mass Index: 36.2 kg/m2; Systolic Blood Pressure: 142.0 mmHg; Diastolic Blood Pressure: 97.0 mmHg; Estimated Glomerular Filtration Rate: 60.0 mL/min/{1.73_m2}; Systolic Blood Pressure: 182.0 mmHg; Diastolic Blood Pressure: 98.0 mmHg; Diastolic Blood Pressure: 116.0 mmHg; Systolic Blood Pressure: 147.0 mmHg; Diastolic Blood Pressure: 114.0 mmHg; Total Cholesterol: 166.0 mg/dL; Triglycerides: 115.0 mg/dL; Low Density Lipoprotein Cholesterol: 80.0 mg/dL; High Density Lipoprotein Cholesterol: 63.0 mg/dL; Systolic Blood Pressure: 164.0 mmHg; Diastolic Blood Pressure: 94.0 mmHg; Systolic Blood Pressure: 158.0 mmHg; Diastolic Blood Pressure: 93.0 mmHg; Oral temperature: 38.0 Cel; Systolic Blood Pressure: 160.0 mmHg; Diastolic Blood Pressure: 118.0 mmHg; Total Cholesterol: 190.0 mg/dL; Triglycerides: 149.0 mg/dL; Low Density Lipoprotein Cholesterol: 98.0 mg/dL; High Density Lipoprotein Cholesterol: 62.0 mg/dL; Oral temperature: 37.0 Cel. Immunizations: Influenza seasonal injectable preservative free; Td (adult) preservative free.",0
6ef53f4e-5a1d-43d1-bc14-cd3c3f70d755,"Demographics: born 2003-03-30, gender M, race white, ethnicity irish. Encounters: Outpatient Encounter; Encounter for symptom; Allergic disorder initial assessment; Outpatient procedure. Medications: Fexofenadine hydrochloride 30 MG Oral Tablet; 0.3 ML EPINEPHrine 0.5 MG/ML Auto-Injector; Penicillin V Potassium 250 MG; Amoxicillin 250 MG / Clavulanate 125 MG [Augmentin]. Procedures: Documentation of current medications; Allergy screening test; Subcutaneous immunotherapy. Observations: Body Height: 133.26 cm; Body Weight: 31.91 kg; Body Mass Index: 17.97 kg/m2; Systolic Blood Pressure: 118.0 mmHg; Diastolic Blood Pressure: 89.0 mmHg; Body Height: 139.15 cm; Body Weight: 36.12 kg; Body Mass Index: 18.65 kg/m2; Systolic Blood Pressure: 135.0 mmHg; Diastolic Blood Pressure: 71.0 mmHg; Body Height: 144.97 cm; Body Weight: 41.46 kg; Body Mass Index: 19.73 kg/m2; Systolic Blood Pressure: 116.0 mmHg; Diastolic Blood Pressure: 83.0 mmHg; Body Height: 150.26 cm; Body Weight: 47.1 kg; Body Mass Index: 20.86 kg/m2; Systolic Blood Pressure: 106.0 mmHg; Diastolic Blood Pressure: 87.0 mmHg; Body Height: 157.58 cm; Body Weight: 54.27 kg; Body Mass Index: 21.86 kg/m2; Systolic Blood Pressure: 117.0 mmHg; Diastolic Blood Pressure: 84.0 mmHg; Peanut IgE Ab in Serum: 0.28 kU/L; Walnut IgE Ab in Serum: 0.3 kU/L; Codfish IgE Ab in Serum: 0.19 kU/L; Shrimp IgE Ab in Serum: 0.24 kU/L; Wheat IgE Ab in Serum: 0.22 kU/L; Egg white IgE Ab in Serum: 0.17 kU/L; Soybean IgE Ab in Serum: 0.2 kU/L; Cow milk IgE Ab in Serum: 74.81 kU/L; White oak IgE Ab in Serum: 44.72 kU/L; Common Ragweed IgE Ab in Serum: 43.21 kU/L; Cat dander IgE Ab in Serum: 60.81 kU/L; American house dust mite IgE Ab in Serum: 0.21 kU/L; Cladosporium herbarum IgE Ab in Serum: 39.83 kU/L; Honey bee IgE Ab in Serum: 1.9 kU/L; Latex IgE Ab in Serum: 0.12 kU/L. Allergies: Allergy to dairy product; Allergy to tree pollen; Allergy to grass pollen; Dander (animal) allergy; Allergy to mould; Allergy to bee venom. Immunizations: Influenza seasonal injectable preservative free; meningococcal MCV4P; Tdap; HPV quadrivalent.",0
89286075-7237-46fe-93b1-ce2f4a1aac43,Encounters: Outpatient Encounter; Emergency room admission; Encounter for 'check-up'; Encounter for symptom. Medications: Chlorpheniramine 2 MG Chewable Tablet; 0.3 ML EPINEPHrine 0.5 MG/ML Auto-Injector; Amoxicillin 500 MG Oral Tablet; Meperidine Hydrochloride 50 MG Oral Tablet; Naproxen sodium 220 MG Oral Tablet; Ibuprofen 200 MG Oral Tablet; Amoxicillin 250 MG / Clavulanate 125 MG [Augmentin]. Procedures: Documentation of current medications. Observations: Body Height: 190.18 cm; Body Weight: 72.2 kg; Body Mass Index: 19.96 kg/m2; Systolic Blood Pressure: 131.0 mmHg; Diastolic Blood Pressure: 70.0 mmHg; Body Weight: 75.89 kg; Body Mass Index: 20.98 kg/m2; Systolic Blood Pressure: 118.0 mmHg; Diastolic Blood Pressure: 89.0 mmHg; Oral temperature: 38.0 Cel. Allergies: Allergy to peanuts; Allergy to nut; House dust mite allergy. Immunizations: Influenza seasonal injectable preservative free; Td (adult) preservative free.,0
ac31ad65-0f29-4888-b293-a51edf9c2857,"Demographics: born 1955-04-10, gender M, race hispanic, ethnicity mexican. Encounters: Emergency room admission; Outpatient Encounter; Encounter for 'check-up'. Medications: Naproxen sodium 220 MG [Aleve]; Simvastatin 20 MG Oral Tablet; Nitroglycerin 0.4 MG/ACTUAT [Nitrolingual]; Amlodipine 5 MG Oral Tablet; Clopidogrel 75 MG Oral Tablet; 24 HR Metformin hydrochloride 500 MG Extended Release Oral Tablet. Procedures: Documentation of current medications; Colonoscopy. Observations: Hemoglobin A1c/Hemoglobin.total in Blood: 6.1 %; Body Height: 190.18 cm; Body Weight: 109.82 kg; Body Mass Index: 30.36 kg/m2; Systolic Blood Pressure: 102.0 mmHg; Diastolic Blood Pressure: 78.0 mmHg; Glucose: 76.0 mg/dL; Urea Nitrogen: 7.0 mg/dL; Creatinine: 1.0 mg/dL; Calcium: 8.96 mg/dL; Sodium: 136.0 mmol/L; Potassium: 4.73 mmol/L; Chloride: 103.0 mmol/L; Carbon Dioxide: 25.0 mmol/L; Total Cholesterol: 167.0 mg/dL; Triglycerides: 121.0 mg/dL; Low Density Lipoprotein Cholesterol: 68.0 mg/dL; High Density Lipoprotein Cholesterol: 74.0 mg/dL; Microalbumin Creatine Ratio: 16.0 mg/g; Estimated Glomerular Filtration Rate: 60.0 mL/min/{1.73_m2}; Systolic Blood Pressure: 121.0 mmHg; Diastolic Blood Pressure: 86.0 mmHg; Glucose: 77.0 mg/dL; Urea Nitrogen: 18.0 mg/dL; Calcium: 9.9 mg/dL; Sodium: 140.0 mmol/L; Potassium: 4.31 mmol/L; Chloride: 105.0 mmol/L; Carbon Dioxide: 20.0 mmol/L; Total Cholesterol: 176.0 mg/dL; Triglycerides: 125.0 mg/dL; Low Density Lipoprotein Cholesterol: 73.0 mg/dL; High Density Lipoprotein Cholesterol: 78.0 mg/dL; Microalbumin Creatine Ratio: 13.0 mg/g; Systolic Blood Pressure: 137.0 mmHg; Diastolic Blood Pressure: 85.0 mmHg; Glucose: 66.0 mg/dL; Urea Nitrogen: 17.0 mg/dL; Calcium: 10.08 mg/dL; Sodium: 144.0 mmol/L. Immunizations: Influenza seasonal injectable preservative free; zoster; Td (adult) preservative free.",1
98c279a7-b0de-47a8-8f34-b72097b5bf9c,"Demographics: born 1959-07-19, gender F, race white, ethnicity irish. Encounters: Encounter for symptom; Outpatient Encounter; Encounter for 'check-up'. Medications: Naproxen sodium 220 MG [Aleve]; Acetaminophen 160 MG. Procedures: Documentation of current medications; Colonoscopy. Observations: Body Height: 159.13 cm; Body Weight: 98.11 kg; Body Mass Index: 38.74 kg/m2; Systolic Blood Pressure: 156.0 mmHg; Diastolic Blood Pressure: 117.0 mmHg; Estimated Glomerular Filtration Rate: 60.0 mL/min/{1.73_m2}; Diastolic Blood Pressure: 108.0 mmHg; Total Cholesterol: 163.0 mg/dL; Triglycerides: 112.0 mg/dL; Low Density Lipoprotein Cholesterol: 72.0 mg/dL; High Density Lipoprotein Cholesterol: 68.0 mg/dL; Systolic Blood Pressure: 174.0 mmHg; Diastolic Blood Pressure: 120.0 mmHg; Systolic Blood Pressure: 140.0 mmHg; Diastolic Blood Pressure: 113.0 mmHg; Systolic Blood Pressure: 173.0 mmHg; Diastolic Blood Pressure: 94.0 mmHg; Systolic Blood Pressure: 178.0 mmHg; Diastolic Blood Pressure: 119.0 mmHg; Total Cholesterol: 173.0 mg/dL; Triglycerides: 129.0 mg/dL; Low Density Lipoprotein Cholesterol: 68.0 mg/dL; High Density Lipoprotein Cholesterol: 79.0 mg/dL; Systolic Blood Pressure: 191.0 mmHg; Diastolic Blood Pressure: 114.0 mmHg. Immunizations: Influenza seasonal injectable preservative free; Td (adult) preservative free.",0
958742ec-604b-406d-beab-b7a18517cb51,"Demographics: born 1961-04-04, gender F, race white, ethnicity french_canadian. Encounters: Outpatient Encounter; Encounter for symptom. Medications: Penicillin V Potassium 250 MG; Acetaminophen 160 MG. Procedures: Documentation of current medications; Measurement of respiratory function (procedure). Observations: Body Height: 164.69 cm; Body Weight: 104.89 kg; Body Mass Index: 38.67 kg/m2; Systolic Blood Pressure: 126.0 mmHg; Diastolic Blood Pressure: 89.0 mmHg; Total Cholesterol: 164.0 mg/dL; Triglycerides: 140.0 mg/dL; Low Density Lipoprotein Cholesterol: 70.0 mg/dL; High Density Lipoprotein Cholesterol: 66.0 mg/dL; Systolic Blood Pressure: 104.0 mmHg; Diastolic Blood Pressure: 76.0 mmHg; Oral temperature: 37.0 Cel; Systolic Blood Pressure: 102.0 mmHg; Diastolic Blood Pressure: 84.0 mmHg; Systolic Blood Pressure: 109.0 mmHg; Diastolic Blood Pressure: 86.0 mmHg; Systolic Blood Pressure: 107.0 mmHg; Diastolic Blood Pressure: 85.0 mmHg; Total Cholesterol: 197.0 mg/dL; Triglycerides: 150.0 mg/dL; Low Density Lipoprotein Cholesterol: 87.0 mg/dL; High Density Lipoprotein Cholesterol: 80.0 mg/dL; Systolic Blood Pressure: 115.0 mmHg; Diastolic Blood Pressure: 75.0 mmHg. Immunizations: Influenza seasonal injectable preservative free; Td (adult) preservative free.",0
941cc420-7948-4a71-8b3d-ab0d216fe097,"Demographics: born 1965-07-02, gender F, race hispanic, ethnicity puerto_rican. Encounters: Patient encounter procedure; Outpatient Encounter; Encounter for symptom; Encounter for 'check-up'. Medications: 24 HR Metformin hydrochloride 500 MG Extended Release Oral Tablet; Insulin Lispro 100 UNT/ML Injectable Solution [Humalog]; 1 ML Depo-Provera 150 MG/ML Injection. Procedures: Intramuscular injection; Documentation of current medications; Colonoscopy. Observations: Hemoglobin A1c/Hemoglobin.total in Blood: 4.5 %; Body Height: 162.35 cm; Body Weight: 127.19 kg; Body Mass Index: 48.26 kg/m2; Systolic Blood Pressure: 119.0 mmHg; Diastolic Blood Pressure: 80.0 mmHg; Glucose: 70.0 mg/dL; Urea Nitrogen: 16.0 mg/dL; Creatinine: 1.0 mg/dL; Calcium: 10.0 mg/dL; Sodium: 141.0 mmol/L; Potassium: 4.83 mmol/L; Chloride: 103.0 mmol/L; Carbon Dioxide: 22.0 mmol/L; Total Cholesterol: 197.0 mg/dL; Triglycerides: 138.0 mg/dL; Low Density Lipoprotein Cholesterol: 102.0 mg/dL; High Density Lipoprotein Cholesterol: 67.0 mg/dL; Microalbumin Creatine Ratio: 17.0 mg/g; Estimated Glomerular Filtration Rate: 60.0 mL/min/{1.73_m2}; Body Weight: 130.13 kg; Body Mass Index: 49.37 kg/m2; Systolic Blood Pressure: 115.0 mmHg; Diastolic Blood Pressure: 79.0 mmHg; Glucose: 81.0 mg/dL; Urea Nitrogen: 8.0 mg/dL; Calcium: 9.25 mg/dL; Sodium: 139.0 mmol/L; Potassium: 4.47 mmol/L; Chloride: 110.0 mmol/L; Carbon Dioxide: 25.0 mmol/L; Total Cholesterol: 190.0 mg/dL; Triglycerides: 141.0 mg/dL; Low Density Lipoprotein Cholesterol: 88.0 mg/dL; High Density Lipoprotein Cholesterol: 73.0 mg/dL; Microalbumin Creatine Ratio: 19.0 mg/g; Oral temperature: 37.0 Cel; Oral temperature: 38.0 Cel; Body Weight: 133.01 kg; Body Mass Index: 50.46 kg/m2. Immunizations: Influenza seasonal injectable preservative free.",1
05117f71-3913-4cee-b385-21b1af973994,"Demographics: born 1966-10-28, gender F, race black, ethnicity african. Encounters: Outpatient Encounter; Emergency room admission; Encounter for symptom. Medications: Penicillin V Potassium 250 MG; Naproxen sodium 220 MG [Aleve]; Ibuprofen 200 MG Oral Tablet; 24 HR Metformin hydrochloride 500 MG Extended Release Oral Tablet; 3 ML liraglutide 6 MG/ML Pen Injector. Procedures: Documentation of current medications. Observations: Body Height: 165.48 cm; Body Weight: 103.46 kg; Body Mass Index: 37.78 kg/m2; Systolic Blood Pressure: 124.0 mmHg; Diastolic Blood Pressure: 86.0 mmHg; Body Weight: 106.38 kg; Body Mass Index: 38.85 kg/m2; Systolic Blood Pressure: 139.0 mmHg; Diastolic Blood Pressure: 71.0 mmHg; Total Cholesterol: 182.0 mg/dL; Triglycerides: 137.0 mg/dL; Low Density Lipoprotein Cholesterol: 75.0 mg/dL; High Density Lipoprotein Cholesterol: 79.0 mg/dL; Body Weight: 109.94 kg; Body Mass Index: 40.14 kg/m2; Systolic Blood Pressure: 123.0 mmHg; Diastolic Blood Pressure: 77.0 mmHg; Oral temperature: 37.0 Cel; Hemoglobin A1c/Hemoglobin.total in Blood: 10.3 %; Body Weight: 112.64 kg; Body Mass Index: 41.13 kg/m2; Systolic Blood Pressure: 104.0 mmHg; Diastolic Blood Pressure: 76.0 mmHg; Glucose: 83.0 mg/dL; Urea Nitrogen: 7.0 mg/dL; Creatinine: 1.0 mg/dL; Calcium: 9.41 mg/dL; Sodium: 140.0 mmol/L; Potassium: 3.99 mmol/L; Chloride: 103.0 mmol/L; Carbon Dioxide: 29.0 mmol/L; Total Cholesterol: 167.0 mg/dL; Triglycerides: 101.0 mg/dL; Low Density Lipoprotein Cholesterol: 72.0 mg/dL; High Density Lipoprotein Cholesterol: 74.0 mg/dL; Microalbumin Creatine Ratio: 12.0 mg/g; Estimated Glomerular Filtration Rate: 60.0 mL/min/{1.73_m2}. Immunizations: Influenza seasonal injectable preservative free.",1
60a3db8c-0c98-488a-9052-e0ca2bbae1aa,"Demographics: born 1938-12-15, gender F, race black, ethnicity african. Encounters: Outpatient Encounter; Encounter for 'check-up'; Emergency room admission; Encounter for symptom. Medications: Penicillin V Potassium 500 MG; Acetaminophen 325 MG Oral Tablet; Acetaminophen 160 MG; Acetaminophen 325 MG / oxyCODONE Hydrochloride 5 MG Oral Tablet; Naproxen sodium 220 MG Oral Tablet. Procedures: Documentation of current medications; Measurement of respiratory function (procedure); Bone immobilization; Bone density scan (procedure). Observations: Hemoglobin A1c/Hemoglobin.total in Blood: 6.0 %; Body Height: 164.9 cm; Body Weight: 93.52 kg; Body Mass Index: 34.39 kg/m2; Systolic Blood Pressure: 136.0 mmHg; Diastolic Blood Pressure: 74.0 mmHg; Glucose: 99.0 mg/dL; Urea Nitrogen: 13.0 mg/dL; Creatinine: 1.0 mg/dL; Calcium: 9.52 mg/dL; Sodium: 143.0 mmol/L; Potassium: 4.88 mmol/L; Chloride: 103.0 mmol/L; Carbon Dioxide: 25.0 mmol/L; Hemoglobin A1c/Hemoglobin.total in Blood: 6.1 %; Systolic Blood Pressure: 137.0 mmHg; Diastolic Blood Pressure: 81.0 mmHg; Glucose: 96.0 mg/dL; Urea Nitrogen: 14.0 mg/dL; Calcium: 9.23 mg/dL; Sodium: 138.0 mmol/L; Potassium: 4.47 mmol/L; Chloride: 107.0 mmol/L; Carbon Dioxide: 27.0 mmol/L; Body Weight: 90.66 kg; Body Mass Index: 33.34 kg/m2; Systolic Blood Pressure: 135.0 mmHg; Diastolic Blood Pressure: 73.0 mmHg; Glucose: 78.0 mg/dL; Urea Nitrogen: 18.0 mg/dL; Calcium: 8.61 mg/dL; Potassium: 4.11 mmol/L; Chloride: 101.0 mmol/L; Carbon Dioxide: 20.0 mmol/L; Total Cholesterol: 179.0 mg/dL; Triglycerides: 142.0 mg/dL; Low Density Lipoprotein Cholesterol: 78.0 mg/dL; High Density Lipoprotein Cholesterol: 72.0 mg/dL; Hemoglobin A1c/Hemoglobin.total in Blood: 6.2 %; Body Weight: 89.2 kg. Immunizations: Influenza seasonal injectable preservative free; Td (adult) preservative free.",0
c999f99d-b1c9-48cf-8dbd-946755e7ad05,"Demographics: born 1949-01-26, gender M, race white, ethnicity german. Encounters: Outpatient Encounter; Encounter for symptom; Encounter for 'check-up'. Medications: Penicillin V Potassium 500 MG; 24 HR Metformin hydrochloride 500 MG Extended Release Oral Tablet; insulin human isophane 70 UNT/ML / Regular Insulin Human 30 UNT/ML Injectable Suspension [Humulin]. Procedures: Colonoscopy; Documentation of current medications. Observations: Hemoglobin A1c/Hemoglobin.total in Blood: 8.6 %; Body Height: 170.55 cm; Body Weight: 117.14 kg; Body Mass Index: 40.27 kg/m2; Systolic Blood Pressure: 192.0 mmHg; Diastolic Blood Pressure: 100.0 mmHg; Glucose: 170.0 mg/dL; Urea Nitrogen: 9.0 mg/dL; Creatinine: 1.0 mg/dL; Calcium: 9.91 mg/dL; Sodium: 141.0 mmol/L; Potassium: 4.69 mmol/L; Chloride: 106.0 mmol/L; Carbon Dioxide: 29.0 mmol/L; Total Cholesterol: 247.0 mg/dL; Triglycerides: 389.0 mg/dL; Low Density Lipoprotein Cholesterol: 140.0 mg/dL; High Density Lipoprotein Cholesterol: 29.0 mg/dL; Microalbumin Creatine Ratio: 9.0 mg/g; Estimated Glomerular Filtration Rate: 60.0 mL/min/{1.73_m2}; Systolic Blood Pressure: 155.0 mmHg; Glucose: 139.0 mg/dL; Urea Nitrogen: 18.0 mg/dL; Calcium: 9.76 mg/dL; Sodium: 139.0 mmol/L; Potassium: 3.71 mmol/L; Chloride: 102.0 mmol/L; Carbon Dioxide: 28.0 mmol/L; Total Cholesterol: 255.0 mg/dL; Triglycerides: 470.0 mg/dL; Low Density Lipoprotein Cholesterol: 127.0 mg/dL; High Density Lipoprotein Cholesterol: 34.0 mg/dL; Microalbumin Creatine Ratio: 3.0 mg/g; Hemoglobin A1c/Hemoglobin.total in Blood: 8.4 %; Body Weight: 115.43 kg; Body Mass Index: 39.68 kg/m2; Diastolic Blood Pressure: 98.0 mmHg; Glucose: 185.0 mg/dL; Urea Nitrogen: 14.0 mg/dL; Calcium: 9.36 mg/dL. Immunizations: Influenza seasonal injectable preservative free; Pneumococcal conjugate PCV 13; pneumococcal polysaccharide vaccine 23 valent.",1
e9ca6dde-3c75-4a2e-91a7-cfbcdadaedb3,"Demographics: born 1934-10-01, gender M, race black, ethnicity west_indian. Encounters: Death Certification. Medications: Naproxen sodium 220 MG [Aleve]. Observations: Non-small cell lung cancer (disorder).",0
eff324e2-780b-428d-8dae-3c15c961d0a8,"Demographics: born 1970-10-19, gender M, race white, ethnicity french_canadian. Encounters: Outpatient Encounter; Death Certification. Medications: Fluticasone propionate 0.25 MG/ACTUAT / salmeterol 0.05 MG/ACTUAT [Advair]. Procedures: Spirometry (procedure); Documentation of current medications. Observations: FEV1/​FVC: 78.0 %; Pulmonary emphysema (disorder); Body Height: 175.15 cm; Body Weight: 97.3 kg; Body Mass Index: 31.72 kg/m2; Systolic Blood Pressure: 100.0 mmHg; Diastolic Blood Pressure: 78.0 mmHg. Immunizations: Influenza seasonal injectable preservative free.",0
93f294f3-1625-40b8-8450-f6b911cb94c6,"Demographics: born 1949-07-31, gender M, race white, ethnicity irish. Encounters: Outpatient Encounter; Encounter for symptom; Emergency room admission; Encounter for 'check-up'; Encounter for problem. Medications: 24 HR Metformin hydrochloride 500 MG Extended Release Oral Tablet; Clopidogrel 75 MG Oral Tablet; Simvastatin 20 MG Oral Tablet; Amlodipine 5 MG Oral Tablet; Nitroglycerin 0.4 MG/ACTUAT [Nitrolingual]; Penicillin V Potassium 500 MG; Acetaminophen 160 MG. Procedures: Throat culture (procedure); Documentation of current medications; Measurement of respiratory function (procedure); Colonoscopy; Fecal occult blood test; Rectal polypectomy; Biopsy of colon. Observations: Hemoglobin A1c/Hemoglobin.total in Blood: 8.8 %; Body Height: 163.33 cm; Body Weight: 109.81 kg; Body Mass Index: 41.17 kg/m2; Systolic Blood Pressure: 151.0 mmHg; Diastolic Blood Pressure: 101.0 mmHg; Glucose: 135.0 mg/dL; Urea Nitrogen: 9.0 mg/dL; Creatinine: 1.0 mg/dL; Calcium: 8.69 mg/dL; Sodium: 139.0 mmol/L; Potassium: 4.28 mmol/L; Chloride: 106.0 mmol/L; Carbon Dioxide: 23.0 mmol/L; Total Cholesterol: 241.0 mg/dL; Triglycerides: 360.0 mg/dL; Low Density Lipoprotein Cholesterol: 144.0 mg/dL; High Density Lipoprotein Cholesterol: 25.0 mg/dL; Microalbumin Creatine Ratio: 7.0 mg/g; Estimated Glomerular Filtration Rate: 60.0 mL/min/{1.73_m2}; Oral temperature: 38.12 Cel; Hemoglobin A1c/Hemoglobin.total in Blood: 8.6 %; Body Weight: 108.03 kg; Body Mass Index: 40.5 kg/m2; Systolic Blood Pressure: 148.0 mmHg; Diastolic Blood Pressure: 113.0 mmHg; Glucose: 168.0 mg/dL; Urea Nitrogen: 14.0 mg/dL; Calcium: 8.76 mg/dL; Sodium: 142.0 mmol/L; Potassium: 3.88 mmol/L; Chloride: 102.0 mmol/L; Carbon Dioxide: 29.0 mmol/L; Total Cholesterol: 250.0 mg/dL; Triglycerides: 493.0 mg/dL; Low Density Lipoprotein Cholesterol: 113.0 mg/dL; High Density Lipoprotein Cholesterol: 38.0 mg/dL; Microalbumin Creatine Ratio: 11.0 mg/g; Hemoglobin A1c/Hemoglobin.total in Blood: 8.4 %; Body Weight: 106.15 kg. Immunizations: Influenza seasonal injectable preservative free; Td (adult) preservative free; Pneumococcal conjugate PCV 13; pneumococcal polysaccharide vaccine 23 valent.",1
9a9d63ec-3ae1-4aa4-896e-9bf7311306a3,"Demographics: born 1988-11-08, gender M, race white, ethnicity irish. Encounters: Outpatient Encounter; Encounter Inpatient. Medications: Acetaminophen 300 MG / HYDROcodone Bitartrate 5 MG [Vicodin]. Procedures: Extraction of wisdom tooth; Documentation of current medications. Observations: Body Height: 180.66 cm; Body Weight: 83.84 kg; Body Mass Index: 25.69 kg/m2; Systolic Blood Pressure: 112.0 mmHg; Diastolic Blood Pressure: 87.0 mmHg; Body Weight: 88.19 kg; Body Mass Index: 27.02 kg/m2; Systolic Blood Pressure: 120.0 mmHg; Diastolic Blood Pressure: 86.0 mmHg. Immunizations: Influenza seasonal injectable preservative free; Td (adult) preservative free.",0
74afe3c1-f276-44b5-ba49-f90a41f98980,"Demographics: born 1977-04-26, gender M, race white, ethnicity portuguese. Encounters: Outpatient Encounter; Asthma follow-up; Encounter for symptom; Emergency Encounter. Medications: Astemizole 10 MG Oral Tablet; 120 ACTUAT Fluticasone propionate 0.044 MG/ACTUAT Metered Dose Inhaler; 200 ACTUAT Albuterol 0.09 MG/ACTUAT Metered Dose Inhaler; Penicillin V Potassium 250 MG; Penicillin V Potassium 500 MG; 1 ML Epinephrine 1 MG/ML Prefilled Syringe; 3 ML Amiodarone hydrocholoride 50 MG/ML Prefilled Syringe; Atropine Sulfate 1 MG/ML Injectable Solution. Procedures: Documentation of current medications; Throat culture (procedure); Insertion of biventricular implantable cardioverter defibrillator; Catheter ablation of tissue of heart. Observations: Body Height: 176.89 cm; Body Weight: 76.84 kg; Body Mass Index: 24.56 kg/m2; Systolic Blood Pressure: 114.0 mmHg; Diastolic Blood Pressure: 78.0 mmHg; Total Cholesterol: 186.0 mg/dL; Triglycerides: 130.0 mg/dL; Low Density Lipoprotein Cholesterol: 99.0 mg/dL; High Density Lipoprotein Cholesterol: 61.0 mg/dL; Body Weight: 82.26 kg; Body Mass Index: 26.29 kg/m2; Systolic Blood Pressure: 137.0 mmHg; Diastolic Blood Pressure: 70.0 mmHg; Oral temperature: 38.63 Cel; Body Weight: 86.61 kg; Body Mass Index: 27.68 kg/m2; Systolic Blood Pressure: 115.0 mmHg; Diastolic Blood Pressure: 74.0 mmHg; Total Cholesterol: 180.0 mg/dL; Triglycerides: 137.0 mg/dL; Low Density Lipoprotein Cholesterol: 72.0 mg/dL; High Density Lipoprotein Cholesterol: 80.0 mg/dL. Immunizations: Influenza seasonal injectable preservative free; Td (adult) preservative free.",0
31f06d70-e673-4905-b847-29ddd570fe2f,"Demographics: born 1979-06-04, gender F, race white, ethnicity english. Encounters: Outpatient Encounter; Encounter for symptom. Medications: Penicillin V Potassium 250 MG; Dextromethorphan Hydrobromide 1 MG/ML. Procedures: Documentation of current medications. Observations: Hemoglobin A1c/Hemoglobin.total in Blood: 6.0 %; Body Height: 156.61 cm; Body Weight: 83.61 kg; Body Mass Index: 34.09 kg/m2; Systolic Blood Pressure: 141.0 mmHg; Diastolic Blood Pressure: 118.0 mmHg; Glucose: 64.0 mg/dL; Urea Nitrogen: 19.0 mg/dL; Creatinine: 1.0 mg/dL; Calcium: 9.71 mg/dL; Sodium: 137.0 mmol/L; Potassium: 5.13 mmol/L; Chloride: 102.0 mmol/L; Carbon Dioxide: 25.0 mmol/L; Total Cholesterol: 190.0 mg/dL; Triglycerides: 125.0 mg/dL; Low Density Lipoprotein Cholesterol: 94.0 mg/dL; High Density Lipoprotein Cholesterol: 71.0 mg/dL; Estimated Glomerular Filtration Rate: 60.0 mL/min/{1.73_m2}; Hemoglobin A1c/Hemoglobin.total in Blood: 6.1 %; Body Weight: 88.53 kg; Body Mass Index: 36.1 kg/m2; Systolic Blood Pressure: 164.0 mmHg; Diastolic Blood Pressure: 110.0 mmHg; Glucose: 95.0 mg/dL; Calcium: 8.72 mg/dL; Sodium: 142.0 mmol/L; Potassium: 4.09 mmol/L; Chloride: 108.0 mmol/L; Carbon Dioxide: 26.0 mmol/L; Hemoglobin A1c/Hemoglobin.total in Blood: 5.9 %; Body Weight: 93.2 kg; Body Mass Index: 38.0 kg/m2; Systolic Blood Pressure: 175.0 mmHg; Diastolic Blood Pressure: 103.0 mmHg; Glucose: 98.0 mg/dL; Urea Nitrogen: 14.0 mg/dL; Calcium: 10.12 mg/dL; Sodium: 140.0 mmol/L; Potassium: 4.94 mmol/L. Immunizations: Influenza seasonal injectable preservative free; Td (adult) preservative free.",0
55697e6f-dec7-4637-b5d7-a01d9e4d6ee9,"Demographics: born 1996-04-01, gender M, race white, ethnicity polish. Encounters: Outpatient Encounter; Encounter for symptom. Medications: Penicillin V Potassium 250 MG; Amoxicillin 250 MG / Clavulanate 125 MG [Augmentin]. Procedures: Documentation of current medications. Observations: Body Height: 169.05 cm; Body Weight: 47.0 kg; Body Mass Index: 16.45 kg/m2; Systolic Blood Pressure: 129.0 mmHg; Diastolic Blood Pressure: 80.0 mmHg; Body Height: 174.37 cm; Body Weight: 52.22 kg; Body Mass Index: 17.17 kg/m2; Systolic Blood Pressure: 137.0 mmHg; Diastolic Blood Pressure: 87.0 mmHg; Body Height: 176.76 cm; Body Weight: 56.02 kg; Body Mass Index: 17.93 kg/m2; Systolic Blood Pressure: 101.0 mmHg; Diastolic Blood Pressure: 73.0 mmHg; Body Height: 178.14 cm; Body Weight: 59.41 kg; Body Mass Index: 18.72 kg/m2; Diastolic Blood Pressure: 72.0 mmHg; Body Height: 178.83 cm; Body Weight: 61.84 kg; Body Mass Index: 19.34 kg/m2; Systolic Blood Pressure: 113.0 mmHg; Diastolic Blood Pressure: 85.0 mmHg; Body Height: 179.09 cm; Body Weight: 63.13 kg; Body Mass Index: 19.68 kg/m2; Systolic Blood Pressure: 115.0 mmHg; Diastolic Blood Pressure: 76.0 mmHg; Body Height: 179.2 cm; Body Weight: 64.99 kg; Body Mass Index: 20.24 kg/m2; Systolic Blood Pressure: 104.0 mmHg. Immunizations: Influenza seasonal injectable preservative free; meningococcal MCV4P.",0
af1e34ea-08af-49b4-954d-e982316d04f3,"Demographics: born 1988-05-09, gender F, race asian, ethnicity chinese. Encounters: Outpatient Encounter; Consultation for treatment; Encounter for symptom; Emergency room admission; Patient encounter procedure. Medications: Nexplanon 68 MG Drug Implant; Amoxicillin 250 MG / Clavulanate 125 MG [Augmentin]; Dextromethorphan Hydrobromide 1 MG/ML; Ibuprofen 200 MG Oral Tablet. Procedures: Documentation of current medications; Insertion of subcutaneous contraceptive; Suture open wound; Replacement of subcutaneous contraceptive. Observations: Hemoglobin A1c/Hemoglobin.total in Blood: 6.6 %; Body Height: 158.75 cm; Body Weight: 59.27 kg; Body Mass Index: 23.52 kg/m2; Systolic Blood Pressure: 165.0 mmHg; Diastolic Blood Pressure: 115.0 mmHg; Glucose: 101.0 mg/dL; Urea Nitrogen: 16.0 mg/dL; Creatinine: 1.0 mg/dL; Calcium: 10.1 mg/dL; Sodium: 139.0 mmol/L; Potassium: 4.72 mmol/L; Chloride: 103.0 mmol/L; Carbon Dioxide: 23.0 mmol/L; Total Cholesterol: 223.0 mg/dL; Triglycerides: 155.0 mg/dL; Low Density Lipoprotein Cholesterol: 148.0 mg/dL; High Density Lipoprotein Cholesterol: 44.0 mg/dL; Microalbumin Creatine Ratio: 1.0 mg/g; Estimated Glomerular Filtration Rate: 60.0 mL/min/{1.73_m2}; Body Weight: 62.87 kg; Body Mass Index: 24.95 kg/m2; Systolic Blood Pressure: 198.0 mmHg; Diastolic Blood Pressure: 104.0 mmHg; Glucose: 108.0 mg/dL; Urea Nitrogen: 15.0 mg/dL; Calcium: 10.03 mg/dL; Sodium: 140.0 mmol/L; Potassium: 4.57 mmol/L; Chloride: 105.0 mmol/L; Carbon Dioxide: 26.0 mmol/L; Total Cholesterol: 214.0 mg/dL; Triglycerides: 191.0 mg/dL; Low Density Lipoprotein Cholesterol: 134.0 mg/dL; High Density Lipoprotein Cholesterol: 41.0 mg/dL; Microalbumin Creatine Ratio: 4.0 mg/g; Body Weight: 64.25 kg; Body Mass Index: 25.5 kg/m2; Systolic Blood Pressure: 184.0 mmHg; Diastolic Blood Pressure: 109.0 mmHg. Immunizations: Influenza seasonal injectable preservative free; Td (adult) preservative free.",1
0a6538ae-996b-48d1-ab7f-6bb5bc5dd07e,"Demographics: born 1944-02-28, gender F, race hispanic, ethnicity puerto_rican. Encounters: Outpatient Encounter; Encounter for symptom; Emergency room admission; Encounter for 'check-up'. Medications: 24 HR Metformin hydrochloride 500 MG Extended Release Oral Tablet; insulin human isophane 70 UNT/ML / Regular Insulin Human 30 UNT/ML Injectable Suspension [Humulin]; Alendronic acid 10 MG [Fosamax]; Acetaminophen 325 MG / oxyCODONE Hydrochloride 5 MG Oral Tablet; Naproxen sodium 220 MG Oral Tablet; Acetaminophen 160 MG. Procedures: Documentation of current medications; Bone density scan (procedure); Admission to orthopedic department. Observations: Hemoglobin A1c/Hemoglobin.total in Blood: 4.6 %; Body Height: 168.38 cm; Body Weight: 102.67 kg; Body Mass Index: 36.22 kg/m2; Systolic Blood Pressure: 198.0 mmHg; Diastolic Blood Pressure: 99.0 mmHg; Glucose: 166.0 mg/dL; Urea Nitrogen: 17.0 mg/dL; Creatinine: 1.0 mg/dL; Calcium: 9.19 mg/dL; Sodium: 142.0 mmol/L; Potassium: 3.96 mmol/L; Chloride: 106.0 mmol/L; Carbon Dioxide: 25.0 mmol/L; Total Cholesterol: 249.0 mg/dL; Triglycerides: 313.0 mg/dL; Low Density Lipoprotein Cholesterol: 157.0 mg/dL; High Density Lipoprotein Cholesterol: 29.0 mg/dL; Microalbumin Creatine Ratio: 252.0 mg/g; Estimated Glomerular Filtration Rate: 60.0 mL/min/{1.73_m2}; Hemoglobin A1c/Hemoglobin.total in Blood: 4.4 %; Body Weight: 100.86 kg; Body Mass Index: 35.58 kg/m2; Systolic Blood Pressure: 192.0 mmHg; Diastolic Blood Pressure: 110.0 mmHg; Glucose: 157.0 mg/dL; Urea Nitrogen: 8.0 mg/dL; Calcium: 9.28 mg/dL; Sodium: 141.0 mmol/L; Potassium: 4.3 mmol/L; Chloride: 102.0 mmol/L; Carbon Dioxide: 23.0 mmol/L; Triglycerides: 227.0 mg/dL; Low Density Lipoprotein Cholesterol: 164.0 mg/dL; High Density Lipoprotein Cholesterol: 39.0 mg/dL; Microalbumin Creatine Ratio: 60.0 mg/g; Oral temperature: 38.0 Cel; Hemoglobin A1c/Hemoglobin.total in Blood: 4.3 %; Body Weight: 99.36 kg; Body Mass Index: 35.05 kg/m2. Immunizations: Influenza seasonal injectable preservative free; Td (adult) preservative free.",1
66b0a661-9d5b-4931-8774-0e81db1d6e8e,"Demographics: born 1932-02-20, gender M, race white, ethnicity french. Encounters: Death Certification. Medications: Penicillin V Potassium 250 MG. Observations: Pneumonia.",0
f8a65ebc-4d0f-484f-beca-3b327af898a8,"Demographics: born 1985-09-22, gender F, race white, ethnicity french_canadian. Encounters: Emergency room admission; Consultation for treatment; Patient encounter procedure; Encounter for symptom; Prenatal initial visit; Prenatal visit; Obstetric emergency hospital admission; Outpatient Encounter. Medications: Terfenadine 60 MG Oral Tablet; 0.3 ML EPINEPHrine 0.5 MG/ML Auto-Injector; Naproxen sodium 220 MG Oral Tablet; Mirena 52 MG Intrauterine System; Amoxicillin 250 MG / Clavulanate 125 MG [Augmentin]; 1 ML Depo-Provera 150 MG/ML Injection; Camila 28 Day Pack. Procedures: Suture open wound; Insertion of intrauterine contraceptive device; Removal of intrauterine device; Standard pregnancy test; Epidural anesthesia; Childbirth; Intramuscular injection; Documentation of current medications; Cesarean section. Observations: Hemoglobin A1c/Hemoglobin.total in Blood: 6.6 %; Body Height: 175.46 cm; Body Weight: 65.82 kg; Body Mass Index: 21.38 kg/m2; Systolic Blood Pressure: 186.0 mmHg; Diastolic Blood Pressure: 99.0 mmHg; Glucose: 98.0 mg/dL; Urea Nitrogen: 16.0 mg/dL; Creatinine: 1.0 mg/dL; Calcium: 9.01 mg/dL; Sodium: 139.0 mmol/L; Potassium: 4.84 mmol/L; Chloride: 110.0 mmol/L; Carbon Dioxide: 25.0 mmol/L; Total Cholesterol: 198.0 mg/dL; Triglycerides: 101.0 mg/dL; Low Density Lipoprotein Cholesterol: 108.0 mg/dL; High Density Lipoprotein Cholesterol: 69.0 mg/dL; Microalbumin Creatine Ratio: 11.0 mg/g; Estimated Glomerular Filtration Rate: 60.0 mL/min/{1.73_m2}; Body Weight: 70.11 kg; Body Mass Index: 22.77 kg/m2; Systolic Blood Pressure: 168.0 mmHg; Diastolic Blood Pressure: 100.0 mmHg; Glucose: 113.0 mg/dL; Urea Nitrogen: 12.0 mg/dL; Calcium: 9.83 mg/dL; Sodium: 141.0 mmol/L; Potassium: 5.0 mmol/L; Chloride: 105.0 mmol/L; Carbon Dioxide: 28.0 mmol/L; Total Cholesterol: 210.0 mg/dL; Triglycerides: 185.0 mg/dL; Low Density Lipoprotein Cholesterol: 121.0 mg/dL; High Density Lipoprotein Cholesterol: 52.0 mg/dL; Microalbumin Creatine Ratio: 4.0 mg/g. Allergies: Latex allergy. Immunizations: Influenza seasonal injectable preservative free.",1
34c5c0d8-6636-4837-9aa5-c65bad11d2fb,"Demographics: born 1967-08-28, gender M, race white, ethnicity french_canadian. Encounters: Outpatient Encounter; Encounter for symptom. Medications: Penicillin V Potassium 250 MG; Amoxicillin 250 MG / Clavulanate 125 MG [Augmentin]; 24 HR Metformin hydrochloride 500 MG Extended Release Oral Tablet. Procedures: Documentation of current medications. Observations: Hemoglobin A1c/Hemoglobin.total in Blood: 7.2 %; Body Height: 180.71 cm; Body Weight: 93.86 kg; Body Mass Index: 28.74 kg/m2; Systolic Blood Pressure: 192.0 mmHg; Diastolic Blood Pressure: 116.0 mmHg; Glucose: 107.0 mg/dL; Urea Nitrogen: 10.0 mg/dL; Creatinine: 1.0 mg/dL; Calcium: 9.14 mg/dL; Sodium: 141.0 mmol/L; Potassium: 3.71 mmol/L; Chloride: 110.0 mmol/L; Carbon Dioxide: 28.0 mmol/L; Total Cholesterol: 214.0 mg/dL; Triglycerides: 173.0 mg/dL; Low Density Lipoprotein Cholesterol: 132.0 mg/dL; High Density Lipoprotein Cholesterol: 47.0 mg/dL; Microalbumin Creatine Ratio: 5.0 mg/g; Estimated Glomerular Filtration Rate: 60.0 mL/min/{1.73_m2}; Hemoglobin A1c/Hemoglobin.total in Blood: 7.4 %; Body Weight: 97.25 kg; Body Mass Index: 29.78 kg/m2; Systolic Blood Pressure: 186.0 mmHg; Diastolic Blood Pressure: 94.0 mmHg; Glucose: 121.0 mg/dL; Calcium: 9.76 mg/dL; Sodium: 138.0 mmol/L; Potassium: 4.25 mmol/L; Chloride: 108.0 mmol/L; Carbon Dioxide: 27.0 mmol/L; Total Cholesterol: 235.0 mg/dL; Triglycerides: 189.0 mg/dL; Low Density Lipoprotein Cholesterol: 147.0 mg/dL; High Density Lipoprotein Cholesterol: 50.0 mg/dL; Microalbumin Creatine Ratio: 11.0 mg/g; Hemoglobin A1c/Hemoglobin.total in Blood: 7.7 %; Body Weight: 100.57 kg; Body Mass Index: 30.8 kg/m2; Systolic Blood Pressure: 160.0 mmHg. Immunizations: Influenza seasonal injectable preservative free; Td (adult) preservative free.",1
f4f40d25-19a8-478e-8cd6-b4c4652e6481,"Demographics: born 2002-01-12, gender F, race white, ethnicity italian. Encounters: Encounter for symptom; Outpatient Encounter; Emergency room admission; Consultation for treatment. Medications: Acetaminophen 160 MG; Ibuprofen 100 MG Oral Tablet; Camila 28 Day Pack. Procedures: Measurement of respiratory function (procedure); Documentation of current medications. Observations: Body Height: 135.3 cm; Body Weight: 31.78 kg; Body Mass Index: 17.36 kg/m2; Systolic Blood Pressure: 129.0 mmHg; Diastolic Blood Pressure: 79.0 mmHg; Body Height: 141.04 cm; Body Weight: 36.7 kg; Body Mass Index: 18.45 kg/m2; Systolic Blood Pressure: 135.0 mmHg; Diastolic Blood Pressure: 74.0 mmHg; Body Height: 147.72 cm; Body Weight: 42.14 kg; Body Mass Index: 19.31 kg/m2; Systolic Blood Pressure: 132.0 mmHg; Diastolic Blood Pressure: 87.0 mmHg; Body Height: 156.11 cm; Body Weight: 48.05 kg; Body Mass Index: 19.72 kg/m2; Systolic Blood Pressure: 133.0 mmHg; Diastolic Blood Pressure: 75.0 mmHg; Body Height: 161.81 cm; Body Weight: 52.94 kg; Body Mass Index: 20.22 kg/m2; Systolic Blood Pressure: 111.0 mmHg; Diastolic Blood Pressure: 80.0 mmHg; Body Height: 164.57 cm; Body Weight: 56.74 kg; Body Mass Index: 20.95 kg/m2; Systolic Blood Pressure: 117.0 mmHg; Body Height: 165.56 cm; Body Weight: 58.82 kg; Body Mass Index: 21.46 kg/m2; Systolic Blood Pressure: 136.0 mmHg. Immunizations: Influenza seasonal injectable preservative free; meningococcal MCV4P; Tdap; HPV quadrivalent.",0
96510e48-b7c7-4e0e-b718-87706eeb4300,"Demographics: born 1983-10-28, gender F, race white, ethnicity irish. Encounters: Outpatient Encounter; Patient encounter procedure. Medications: Penicillin V Potassium 250 MG. Procedures: Documentation of current medications; Replacement of contraceptive intrauterine device. Observations: Body Height: 161.15 cm; Body Weight: 62.04 kg; Body Mass Index: 23.89 kg/m2; Systolic Blood Pressure: 166.0 mmHg; Diastolic Blood Pressure: 98.0 mmHg; Estimated Glomerular Filtration Rate: 60.0 mL/min/{1.73_m2}; Body Weight: 66.22 kg; Body Mass Index: 25.5 kg/m2; Systolic Blood Pressure: 184.0 mmHg; Diastolic Blood Pressure: 119.0 mmHg; Total Cholesterol: 179.0 mg/dL; Triglycerides: 139.0 mg/dL; Low Density Lipoprotein Cholesterol: 86.0 mg/dL; High Density Lipoprotein Cholesterol: 65.0 mg/dL; Body Weight: 70.34 kg; Body Mass Index: 27.09 kg/m2; Systolic Blood Pressure: 178.0 mmHg; Diastolic Blood Pressure: 105.0 mmHg. Immunizations: Influenza seasonal injectable preservative free; Td (adult) preservative free.",0
7778f9aa-b48e-4020-a866-a7ca6d7df08a,"Demographics: born 1993-04-08, gender F, race white, ethnicity irish. Encounters: Outpatient Encounter; Encounter for symptom; Emergency room admission; Encounter for 'check-up'; Asthma follow-up; Prenatal initial visit; Patient-initiated encounter; Consultation for treatment. Medications: 120 ACTUAT Fluticasone propionate 0.044 MG/ACTUAT Metered Dose Inhaler; 200 ACTUAT Albuterol 0.09 MG/ACTUAT Metered Dose Inhaler; Penicillin V Potassium 250 MG; Seasonique 91 Day Pack; Amoxicillin 250 MG / Clavulanate 125 MG [Augmentin]; Naproxen sodium 220 MG Oral Tablet; Jolivette 28 Day Pack. Procedures: Documentation of current medications; Standard pregnancy test; Induced termination of pregnancy. Observations: Body Height: 166.54 cm; Body Weight: 86.63 kg; Body Mass Index: 31.24 kg/m2; Systolic Blood Pressure: 104.0 mmHg; Diastolic Blood Pressure: 86.0 mmHg; Body Height: 166.72 cm; Body Weight: 87.87 kg; Body Mass Index: 31.61 kg/m2; Systolic Blood Pressure: 181.0 mmHg; Diastolic Blood Pressure: 98.0 mmHg; Estimated Glomerular Filtration Rate: 60.0 mL/min/{1.73_m2}; Body Height: 166.82 cm; Body Weight: 88.69 kg; Body Mass Index: 31.87 kg/m2; Systolic Blood Pressure: 175.0 mmHg; Diastolic Blood Pressure: 116.0 mmHg; Body Height: 166.87 cm; Body Weight: 90.14 kg; Body Mass Index: 32.37 kg/m2; Systolic Blood Pressure: 151.0 mmHg; Diastolic Blood Pressure: 100.0 mmHg; Body Weight: 94.66 kg; Body Mass Index: 34.0 kg/m2; Systolic Blood Pressure: 146.0 mmHg; Diastolic Blood Pressure: 120.0 mmHg. Immunizations: Influenza seasonal injectable preservative free; Td (adult) preservative free.",0
dac54eee-705d-47d7-bb0e-2be35ee81c25,"Demographics: born 1946-10-18, gender F, race asian, ethnicity chinese. Encounters: Death Certification. Medications: Fluticasone propionate 0.25 MG/ACTUAT / salmeterol 0.05 MG/ACTUAT [Advair]; 24 HR Metformin hydrochloride 500 MG Extended Release Oral Tablet. Observations: Chronic obstructive bronchitis (disorder).",1
9f75f13a-06ff-4400-a157-14cca87da500,"Demographics: born 1927-05-28, gender M, race white, ethnicity polish.",0
0a8687c4-f02f-4664-8547-c50d4b365c9c,"Demographics: born 1919-05-29, gender M, race white, ethnicity irish. Encounters: Death Certification. Medications: Acetaminophen 325 MG / oxyCODONE Hydrochloride 5 MG Oral Tablet; Nitroglycerin 0.4 MG/ACTUAT [Nitrolingual]. Observations: Cardiac Arrest.",0
3df54f9c-4d57-43fb-8a87-23afe4c4c83c,"Demographics: born 1955-09-26, gender F, race white, ethnicity english. Encounters: Encounter for 'check-up'; Outpatient Encounter. Medications: Penicillin V Potassium 500 MG; 24 HR Metformin hydrochloride 500 MG Extended Release Oral Tablet; Naproxen sodium 220 MG [Aleve]; Alendronic acid 10 MG [Fosamax]. Procedures: Colonoscopy; Documentation of current medications; Bone density scan (procedure). Observations: Hemoglobin A1c/Hemoglobin.total in Blood: 8.6 %; Body Height: 155.42 cm; Body Weight: 97.57 kg; Body Mass Index: 40.39 kg/m2; Systolic Blood Pressure: 177.0 mmHg; Diastolic Blood Pressure: 94.0 mmHg; Glucose: 175.0 mg/dL; Urea Nitrogen: 10.0 mg/dL; Creatinine: 1.0 mg/dL; Calcium: 8.73 mg/dL; Sodium: 136.0 mmol/L; Potassium: 4.69 mmol/L; Chloride: 108.0 mmol/L; Carbon Dioxide: 21.0 mmol/L; Total Cholesterol: 259.0 mg/dL; Triglycerides: 318.0 mg/dL; Low Density Lipoprotein Cholesterol: 170.0 mg/dL; High Density Lipoprotein Cholesterol: 25.0 mg/dL; Microalbumin Creatine Ratio: 7.0 mg/g; Estimated Glomerular Filtration Rate: 60.0 mL/min/{1.73_m2}; Systolic Blood Pressure: 175.0 mmHg; Diastolic Blood Pressure: 100.0 mmHg; Glucose: 129.0 mg/dL; Urea Nitrogen: 19.0 mg/dL; Calcium: 9.43 mg/dL; Sodium: 139.0 mmol/L; Potassium: 4.0 mmol/L; Chloride: 102.0 mmol/L; Carbon Dioxide: 27.0 mmol/L; Total Cholesterol: 245.0 mg/dL; Triglycerides: 489.0 mg/dL; Low Density Lipoprotein Cholesterol: 109.0 mg/dL; High Density Lipoprotein Cholesterol: 38.0 mg/dL; Microalbumin Creatine Ratio: 6.0 mg/g; Systolic Blood Pressure: 147.0 mmHg; Diastolic Blood Pressure: 104.0 mmHg; Glucose: 176.0 mg/dL; Urea Nitrogen: 9.0 mg/dL; Calcium: 8.7 mg/dL; Sodium: 138.0 mmol/L. Immunizations: Influenza seasonal injectable preservative free; zoster; Td (adult) preservative free.",1
75fc2c9e-6492-4a6e-8e4d-e9785df1c158,"Demographics: born 1966-01-01, gender F, race white, ethnicity french_canadian. Encounters: Outpatient Encounter; Encounter for symptom; Encounter for 'check-up'. Medications: Penicillin V Potassium 250 MG; Penicillin V Potassium 500 MG; Fluticasone propionate 0.25 MG/ACTUAT / salmeterol 0.05 MG/ACTUAT [Advair]; Acetaminophen 325 MG / oxyCODONE Hydrochloride 5 MG [Percocet]; Nitrofurantoin 5 MG/ML [Furadantin]; Phenazopyridine hydrochloride 100 MG [Pyridium]; Amoxicillin 500 MG Oral Tablet; Naproxen sodium 220 MG Oral Tablet. Procedures: Spirometry (procedure); Documentation of current medications; Colonoscopy. Observations: FEV1/​FVC: 51.0 %; Hemoglobin A1c/Hemoglobin.total in Blood: 5.9 %; Body Height: 161.45 cm; Body Weight: 91.61 kg; Body Mass Index: 35.14 kg/m2; Systolic Blood Pressure: 106.0 mmHg; Diastolic Blood Pressure: 79.0 mmHg; Glucose: 99.0 mg/dL; Urea Nitrogen: 18.0 mg/dL; Creatinine: 1.0 mg/dL; Calcium: 9.8 mg/dL; Sodium: 140.0 mmol/L; Potassium: 3.74 mmol/L; Chloride: 104.0 mmol/L; Carbon Dioxide: 22.0 mmol/L; FEV1/​FVC: 78.0 %; Hemoglobin A1c/Hemoglobin.total in Blood: 6.0 %; Body Weight: 94.45 kg; Body Mass Index: 36.23 kg/m2; Diastolic Blood Pressure: 73.0 mmHg; Glucose: 68.0 mg/dL; Urea Nitrogen: 19.0 mg/dL; Calcium: 9.06 mg/dL; Sodium: 138.0 mmol/L; Potassium: 4.53 mmol/L; Chloride: 110.0 mmol/L; Carbon Dioxide: 28.0 mmol/L; Total Cholesterol: 200.0 mg/dL; Triglycerides: 108.0 mg/dL; Low Density Lipoprotein Cholesterol: 98.0 mg/dL; High Density Lipoprotein Cholesterol: 80.0 mg/dL; FEV1/​FVC: 55.0 %; Body Weight: 97.79 kg; Body Mass Index: 37.52 kg/m2; Systolic Blood Pressure: 123.0 mmHg; Diastolic Blood Pressure: 77.0 mmHg; Glucose: 81.0 mg/dL; Urea Nitrogen: 14.0 mg/dL; Calcium: 9.92 mg/dL; Potassium: 3.83 mmol/L. Immunizations: Influenza seasonal injectable preservative free.",0
5e3f80a3-1d71-46f3-9214-573802aa4ae2,"Demographics: born 1921-03-24, gender M, race asian, ethnicity asian_indian. Encounters: Death Certification. Medications: 24 HR Metformin hydrochloride 500 MG Extended Release Oral Tablet; Nitroglycerin 0.4 MG/ACTUAT [Nitrolingual]. Observations: Myocardial Infarction. Allergies: Allergy to mould.",1
9c989e87-6268-4dce-aaf6-b9fd92ff9e4a,"Demographics: born 1987-09-17, gender F, race white, ethnicity irish. Encounters: Outpatient Encounter; Consultation for treatment; Admission to surgical department; Encounter for symptom. Medications: Penicillin V Potassium 250 MG; Norinyl 1+50 28 Day Pack; Amoxicillin 500 MG Oral Tablet; Acetaminophen 325 MG Oral Tablet. Procedures: Documentation of current medications; Bilateral tubal ligation. Observations: Hemoglobin A1c/Hemoglobin.total in Blood: 6.2 %; Body Height: 158.92 cm; Body Weight: 63.12 kg; Body Mass Index: 24.99 kg/m2; Systolic Blood Pressure: 103.0 mmHg; Diastolic Blood Pressure: 75.0 mmHg; Glucose: 83.0 mg/dL; Urea Nitrogen: 16.0 mg/dL; Creatinine: 1.0 mg/dL; Calcium: 10.03 mg/dL; Sodium: 143.0 mmol/L; Potassium: 4.42 mmol/L; Chloride: 104.0 mmol/L; Carbon Dioxide: 29.0 mmol/L; Hemoglobin A1c/Hemoglobin.total in Blood: 6.3 %; Body Weight: 67.07 kg; Body Mass Index: 26.56 kg/m2; Systolic Blood Pressure: 117.0 mmHg; Diastolic Blood Pressure: 88.0 mmHg; Calcium: 9.09 mg/dL; Sodium: 137.0 mmol/L; Chloride: 107.0 mmol/L; Carbon Dioxide: 27.0 mmol/L; Hemoglobin A1c/Hemoglobin.total in Blood: 6.0 %; Body Weight: 69.92 kg; Body Mass Index: 27.69 kg/m2; Systolic Blood Pressure: 119.0 mmHg; Diastolic Blood Pressure: 76.0 mmHg; Glucose: 94.0 mg/dL; Urea Nitrogen: 7.0 mg/dL; Calcium: 9.47 mg/dL; Sodium: 144.0 mmol/L; Potassium: 3.93 mmol/L; Chloride: 109.0 mmol/L; Carbon Dioxide: 23.0 mmol/L. Immunizations: Influenza seasonal injectable preservative free; Td (adult) preservative free.",0
c889d028-ea83-451f-bf49-3c14ddc98f91,"Demographics: born 1932-08-13, gender M, race black, ethnicity african. Encounters: Emergency room admission; Outpatient Encounter; Drug rehabilitation and detoxification; Drug addiction therapy; Encounter for symptom; Encounter for 'check-up'. Medications: 24 HR Metformin hydrochloride 500 MG Extended Release Oral Tablet; insulin human isophane 70 UNT/ML / Regular Insulin Human 30 UNT/ML Injectable Suspension [Humulin]; Penicillin V Potassium 500 MG; Ibuprofen 200 MG Oral Tablet; Dextromethorphan Hydrobromide 1 MG/ML. Procedures: Documentation of current medications; Measurement of respiratory function (procedure); Admission to orthopedic department; Bone density scan (procedure). Observations: Hemoglobin A1c/Hemoglobin.total in Blood: 2.6 %; Body Height: 178.3 cm; Body Weight: 90.63 kg; Body Mass Index: 28.51 kg/m2; Systolic Blood Pressure: 199.0 mmHg; Diastolic Blood Pressure: 90.0 mmHg; Glucose: 101.0 mg/dL; Urea Nitrogen: 9.0 mg/dL; Creatinine: 1.0 mg/dL; Calcium: 9.5 mg/dL; Sodium: 137.0 mmol/L; Potassium: 5.0 mmol/L; Chloride: 105.0 mmol/L; Carbon Dioxide: 20.0 mmol/L; Total Cholesterol: 222.0 mg/dL; Triglycerides: 199.0 mg/dL; Low Density Lipoprotein Cholesterol: 138.0 mg/dL; High Density Lipoprotein Cholesterol: 44.0 mg/dL; Microalbumin Creatine Ratio: 141.0 mg/g; Estimated Glomerular Filtration Rate: 60.0 mL/min/{1.73_m2}; Hemoglobin A1c/Hemoglobin.total in Blood: 2.4 %; Body Weight: 87.11 kg; Body Mass Index: 27.4 kg/m2; Systolic Blood Pressure: 156.0 mmHg; Diastolic Blood Pressure: 108.0 mmHg; Glucose: 113.0 mg/dL; Urea Nitrogen: 17.0 mg/dL; Calcium: 8.91 mg/dL; Sodium: 136.0 mmol/L; Potassium: 3.92 mmol/L; Carbon Dioxide: 26.0 mmol/L; Total Cholesterol: 225.0 mg/dL; Triglycerides: 192.0 mg/dL; Low Density Lipoprotein Cholesterol: 136.0 mg/dL; High Density Lipoprotein Cholesterol: 50.0 mg/dL; Microalbumin Creatine Ratio: 170.0 mg/g; Systolic Blood Pressure: 189.0 mmHg; Diastolic Blood Pressure: 103.0 mmHg; Glucose: 106.0 mg/dL; Urea Nitrogen: 10.0 mg/dL. Immunizations: Influenza seasonal injectable preservative free; Td (adult) preservative free.",1
2daf290c-4bb4-4447-8422-262789075a5e,"Demographics: born 1986-05-29, gender M, race white, ethnicity german. Encounters: Outpatient Encounter; Asthma follow-up. Medications: Terfenadine 60 MG Oral Tablet; 0.3 ML EPINEPHrine 0.5 MG/ML Auto-Injector; 120 ACTUAT Fluticasone propionate 0.044 MG/ACTUAT Metered Dose Inhaler; 200 ACTUAT Albuterol 0.09 MG/ACTUAT Metered Dose Inhaler; Penicillin V Potassium 250 MG. Procedures: Documentation of current medications. Observations: Body Height: 183.04 cm; Body Weight: 107.28 kg; Body Mass Index: 32.02 kg/m2; Systolic Blood Pressure: 128.0 mmHg; Diastolic Blood Pressure: 77.0 mmHg; Body Weight: 112.36 kg; Body Mass Index: 33.54 kg/m2; Systolic Blood Pressure: 105.0 mmHg; Diastolic Blood Pressure: 75.0 mmHg; Body Weight: 116.86 kg; Body Mass Index: 34.88 kg/m2; Systolic Blood Pressure: 103.0 mmHg; Diastolic Blood Pressure: 72.0 mmHg; Total Cholesterol: 166.0 mg/dL; Triglycerides: 111.0 mg/dL; Low Density Lipoprotein Cholesterol: 64.0 mg/dL; High Density Lipoprotein Cholesterol: 79.0 mg/dL. Allergies: Shellfish allergy; Allergy to mould. Immunizations: Influenza seasonal injectable preservative free; Td (adult) preservative free.",0
c41b7b3b-6899-4753-b0d5-98ba9648d08a,"Demographics: born 1954-09-02, gender F, race white, ethnicity german. Encounters: Death Certification. Medications: Penicillin V Potassium 250 MG; 24 HR Metformin hydrochloride 500 MG Extended Release Oral Tablet; insulin human isophane 70 UNT/ML / Regular Insulin Human 30 UNT/ML Injectable Suspension [Humulin]. Observations: Non-small cell lung cancer (disorder); End stage renal disease.",1
f44b1302-a905-4987-bb55-1a76a5f09b17,"Demographics: born 1950-06-04, gender F, race white, ethnicity english. Encounters: Encounter for 'check-up'; Outpatient Encounter; Encounter for symptom. Medications: 24 HR Metformin hydrochloride 500 MG Extended Release Oral Tablet; Alendronic acid 10 MG [Fosamax]. Procedures: Colonoscopy; Documentation of current medications; Bone density scan (procedure). Observations: Hemoglobin A1c/Hemoglobin.total in Blood: 8.3 %; DXA [T-score] Bone density: -3.08 {T-score}; Body Height: 161.6 cm; Body Weight: 102.2 kg; Body Mass Index: 39.13 kg/m2; Systolic Blood Pressure: 135.0 mmHg; Diastolic Blood Pressure: 70.0 mmHg; Glucose: 176.0 mg/dL; Urea Nitrogen: 20.0 mg/dL; Creatinine: 1.0 mg/dL; Calcium: 10.06 mg/dL; Sodium: 136.0 mmol/L; Potassium: 4.53 mmol/L; Chloride: 110.0 mmol/L; Carbon Dioxide: 25.0 mmol/L; Total Cholesterol: 240.0 mg/dL; Triglycerides: 372.0 mg/dL; Low Density Lipoprotein Cholesterol: 145.0 mg/dL; High Density Lipoprotein Cholesterol: 20.0 mg/dL; Microalbumin Creatine Ratio: 6.0 mg/g; Estimated Glomerular Filtration Rate: 60.0 mL/min/{1.73_m2}; Oral temperature: 37.0 Cel; Hemoglobin A1c/Hemoglobin.total in Blood: 8.1 %; Body Weight: 100.64 kg; Body Mass Index: 38.53 kg/m2; Systolic Blood Pressure: 136.0 mmHg; Glucose: 151.0 mg/dL; Urea Nitrogen: 19.0 mg/dL; Calcium: 9.88 mg/dL; Sodium: 138.0 mmol/L; Potassium: 3.97 mmol/L; Chloride: 101.0 mmol/L; Carbon Dioxide: 27.0 mmol/L; Total Cholesterol: 247.0 mg/dL; Triglycerides: 447.0 mg/dL; Low Density Lipoprotein Cholesterol: 125.0 mg/dL; High Density Lipoprotein Cholesterol: 32.0 mg/dL; Hemoglobin A1c/Hemoglobin.total in Blood: 8.0 %; Body Weight: 99.53 kg; Body Mass Index: 38.11 kg/m2. Allergies: Shellfish allergy. Immunizations: Influenza seasonal injectable preservative free; zoster; Td (adult) preservative free; Pneumococcal conjugate PCV 13; pneumococcal polysaccharide vaccine 23 valent.",1
e271cc7a-61f0-4f5d-a9bb-8f9ac509a5af,"Demographics: born 1957-12-10, gender M, race white, ethnicity irish. Encounters: Outpatient Encounter; Encounter for symptom; Encounter for 'check-up'. Medications: Penicillin V Potassium 250 MG; 24 HR Metformin hydrochloride 500 MG Extended Release Oral Tablet. Procedures: Documentation of current medications; Colonoscopy. Observations: Hemoglobin A1c/Hemoglobin.total in Blood: 6.5 %; Body Height: 190.18 cm; Body Weight: 115.67 kg; Body Mass Index: 31.98 kg/m2; Systolic Blood Pressure: 170.0 mmHg; Diastolic Blood Pressure: 98.0 mmHg; Glucose: 179.0 mg/dL; Urea Nitrogen: 19.0 mg/dL; Creatinine: 1.0 mg/dL; Calcium: 8.94 mg/dL; Sodium: 141.0 mmol/L; Potassium: 4.71 mmol/L; Chloride: 106.0 mmol/L; Carbon Dioxide: 25.0 mmol/L; Total Cholesterol: 258.0 mg/dL; Triglycerides: 292.0 mg/dL; Low Density Lipoprotein Cholesterol: 167.0 mg/dL; High Density Lipoprotein Cholesterol: 32.0 mg/dL; Microalbumin Creatine Ratio: 13.0 mg/g; Estimated Glomerular Filtration Rate: 60.0 mL/min/{1.73_m2}; Systolic Blood Pressure: 199.0 mmHg; Diastolic Blood Pressure: 95.0 mmHg; Glucose: 94.0 mg/dL; Urea Nitrogen: 10.0 mg/dL; Calcium: 8.59 mg/dL; Sodium: 139.0 mmol/L; Potassium: 4.79 mmol/L; Chloride: 102.0 mmol/L; Carbon Dioxide: 20.0 mmol/L; Total Cholesterol: 160.0 mg/dL; Triglycerides: 143.0 mg/dL; Low Density Lipoprotein Cholesterol: 69.0 mg/dL; High Density Lipoprotein Cholesterol: 62.0 mg/dL; Microalbumin Creatine Ratio: 15.0 mg/g; Systolic Blood Pressure: 160.0 mmHg; Glucose: 74.0 mg/dL; Urea Nitrogen: 7.0 mg/dL; Calcium: 8.56 mg/dL; Sodium: 144.0 mmol/L; Potassium: 4.38 mmol/L. Immunizations: Influenza seasonal injectable preservative free.",1
ea9da8bf-88a7-4ee3-bc4f-2ae0813d4f93,"Demographics: born 1991-02-12, gender M, race hispanic, ethnicity puerto_rican. Encounters: Outpatient Encounter; Emergency hospital admission for asthma; Asthma follow-up; Encounter for symptom. Medications: 120 ACTUAT Fluticasone propionate 0.044 MG/ACTUAT Metered Dose Inhaler; 200 ACTUAT Albuterol 0.09 MG/ACTUAT Metered Dose Inhaler; Penicillin V Potassium 250 MG; Acetaminophen 160 MG; Amoxicillin 250 MG / Clavulanate 125 MG [Augmentin]. Procedures: Documentation of current medications. Observations: Body Height: 163.33 cm; Body Weight: 81.03 kg; Body Mass Index: 30.38 kg/m2; Systolic Blood Pressure: 139.0 mmHg; Diastolic Blood Pressure: 77.0 mmHg; Body Weight: 84.41 kg; Body Mass Index: 31.64 kg/m2; Systolic Blood Pressure: 132.0 mmHg; Diastolic Blood Pressure: 84.0 mmHg. Immunizations: Influenza seasonal injectable preservative free; Td (adult) preservative free.",0
89850c6d-7741-43b4-a0ff-e01970869ffe,"Demographics: born 1964-11-13, gender M, race black, ethnicity west_indian. Encounters: Outpatient Encounter; Encounter for 'check-up'. Medications: 24 HR Metformin hydrochloride 500 MG Extended Release Oral Tablet; Naproxen sodium 220 MG Oral Tablet. Procedures: Documentation of current medications; Colonoscopy; Fecal occult blood test; Rectal polypectomy. Observations: Hemoglobin A1c/Hemoglobin.total in Blood: 6.8 %; Body Height: 177.18 cm; Body Weight: 104.22 kg; Body Mass Index: 33.2 kg/m2; Systolic Blood Pressure: 189.0 mmHg; Diastolic Blood Pressure: 119.0 mmHg; Glucose: 112.0 mg/dL; Urea Nitrogen: 14.0 mg/dL; Creatinine: 1.0 mg/dL; Calcium: 9.82 mg/dL; Sodium: 142.0 mmol/L; Potassium: 4.68 mmol/L; Chloride: 102.0 mmol/L; Carbon Dioxide: 27.0 mmol/L; Total Cholesterol: 203.0 mg/dL; Triglycerides: 150.0 mg/dL; Low Density Lipoprotein Cholesterol: 118.0 mg/dL; High Density Lipoprotein Cholesterol: 55.0 mg/dL; Microalbumin Creatine Ratio: 1.0 mg/g; Estimated Glomerular Filtration Rate: 60.0 mL/min/{1.73_m2}; Hemoglobin A1c/Hemoglobin.total in Blood: 7.0 %; Body Weight: 106.54 kg; Body Mass Index: 33.94 kg/m2; Systolic Blood Pressure: 145.0 mmHg; Diastolic Blood Pressure: 102.0 mmHg; Glucose: 117.0 mg/dL; Urea Nitrogen: 13.0 mg/dL; Calcium: 8.66 mg/dL; Sodium: 140.0 mmol/L; Potassium: 5.09 mmol/L; Chloride: 103.0 mmol/L; Carbon Dioxide: 28.0 mmol/L; Total Cholesterol: 225.0 mg/dL; Triglycerides: 160.0 mg/dL; Low Density Lipoprotein Cholesterol: 150.0 mg/dL; High Density Lipoprotein Cholesterol: 43.0 mg/dL; Microalbumin Creatine Ratio: 7.0 mg/g; Hemoglobin A1c/Hemoglobin.total in Blood: 7.2 %; Body Weight: 109.05 kg; Body Mass Index: 34.74 kg/m2. Immunizations: Influenza seasonal injectable preservative free; Td (adult) preservative free.",1
52a34562-0a33-461d-87c3-21e7ad230fe0,"Demographics: born 1930-08-18, gender F, race white, ethnicity russian. Encounters: Death Certification. Medications: Penicillin V Potassium 250 MG; Fluticasone propionate 0.25 MG/ACTUAT / salmeterol 0.05 MG/ACTUAT [Advair]; Naproxen sodium 220 MG [Aleve]; 24 HR Metformin hydrochloride 500 MG Extended Release Oral Tablet. Observations: Pulmonary emphysema (disorder).",1
d05bb037-e844-4924-9e78-f4d0600df1a8,"Demographics: born 1938-06-20, gender M, race asian, ethnicity chinese. Encounters: Death Certification. Medications: Penicillin V Potassium 500 MG; 24 HR Metformin hydrochloride 500 MG Extended Release Oral Tablet; insulin human isophane 70 UNT/ML / Regular Insulin Human 30 UNT/ML Injectable Suspension [Humulin]; Nitroglycerin 0.4 MG/ACTUAT [Nitrolingual]; Simvastatin 20 MG Oral Tablet; Amlodipine 5 MG Oral Tablet. Observations: Non-small cell lung cancer (disorder).",1
b824fb4d-bc7c-4658-b951-721295b8f776,"Demographics: born 1950-02-09, gender F, race hispanic, ethnicity mexican. Encounters: Outpatient Encounter; Encounter for symptom; Encounter for 'check-up'. Medications: 24 HR Metformin hydrochloride 500 MG Extended Release Oral Tablet; Clopidogrel 75 MG Oral Tablet; Simvastatin 20 MG Oral Tablet; Amlodipine 5 MG Oral Tablet; Nitroglycerin 0.4 MG/ACTUAT [Nitrolingual]; insulin human isophane 70 UNT/ML / Regular Insulin Human 30 UNT/ML Injectable Suspension [Humulin]. Procedures: Documentation of current medications; Nasal sinus endoscopy (procedure); Colonoscopy. Observations: Hemoglobin A1c/Hemoglobin.total in Blood: 7.7 %; Body Height: 161.32 cm; Body Weight: 96.11 kg; Body Mass Index: 36.93 kg/m2; Systolic Blood Pressure: 141.0 mmHg; Diastolic Blood Pressure: 100.0 mmHg; Glucose: 181.0 mg/dL; Urea Nitrogen: 19.0 mg/dL; Creatinine: 1.0 mg/dL; Calcium: 10.19 mg/dL; Sodium: 136.0 mmol/L; Potassium: 4.79 mmol/L; Chloride: 107.0 mmol/L; Carbon Dioxide: 25.0 mmol/L; Total Cholesterol: 248.0 mg/dL; Triglycerides: 266.0 mg/dL; Low Density Lipoprotein Cholesterol: 169.0 mg/dL; High Density Lipoprotein Cholesterol: 25.0 mg/dL; Microalbumin Creatine Ratio: 12.0 mg/g; Estimated Glomerular Filtration Rate: 59.0 mL/min/{1.73_m2}; Hemoglobin A1c/Hemoglobin.total in Blood: 4.7 %; Systolic Blood Pressure: 145.0 mmHg; Glucose: 131.0 mg/dL; Urea Nitrogen: 16.0 mg/dL; Calcium: 8.7 mg/dL; Potassium: 5.16 mmol/L; Chloride: 105.0 mmol/L; Carbon Dioxide: 29.0 mmol/L; Total Cholesterol: 251.0 mg/dL; Triglycerides: 289.0 mg/dL; Low Density Lipoprotein Cholesterol: 153.0 mg/dL; High Density Lipoprotein Cholesterol: 40.0 mg/dL; Microalbumin Creatine Ratio: 3.0 mg/g; Estimated Glomerular Filtration Rate: 60.0 mL/min/{1.73_m2}; Hemoglobin A1c/Hemoglobin.total in Blood: 4.6 %; Body Weight: 94.28 kg; Body Mass Index: 36.23 kg/m2; Systolic Blood Pressure: 182.0 mmHg; Diastolic Blood Pressure: 105.0 mmHg; Urea Nitrogen: 12.0 mg/dL. Immunizations: Influenza seasonal injectable preservative free; Td (adult) preservative free; Pneumococcal conjugate PCV 13; pneumococcal polysaccharide vaccine 23 valent.",1
22609d37-b09f-4e95-8fe2-b8cfb4fa04a1,"Demographics: born 1976-07-16, gender F, race white, ethnicity american. Encounters: Consultation for treatment; Outpatient Encounter; Encounter for symptom; Emergency room admission. Medications: Chlorpheniramine 2 MG Chewable Tablet; Penicillin V Potassium 250 MG; insulin human isophane 70 UNT/ML / Regular Insulin Human 30 UNT/ML Injectable Suspension [Humulin]; Penicillin V Potassium 500 MG; NuvaRing 0.12/0.015 MG per 24HR 21 Day Vaginal Ring; Dextromethorphan Hydrobromide 1 MG/ML; Naproxen sodium 220 MG Oral Tablet. Observations: Hemoglobin A1c/Hemoglobin.total in Blood: 3.6 %; Body Height: 165.65 cm; Body Weight: 69.66 kg; Body Mass Index: 25.39 kg/m2; Systolic Blood Pressure: 167.0 mmHg; Diastolic Blood Pressure: 117.0 mmHg; Glucose: 120.0 mg/dL; Urea Nitrogen: 18.0 mg/dL; Creatinine: 1.0 mg/dL; Calcium: 10.17 mg/dL; Sodium: 141.0 mmol/L; Potassium: 4.5 mmol/L; Chloride: 109.0 mmol/L; Carbon Dioxide: 26.0 mmol/L; Total Cholesterol: 225.0 mg/dL; Triglycerides: 169.0 mg/dL; Low Density Lipoprotein Cholesterol: 150.0 mg/dL; High Density Lipoprotein Cholesterol: 41.0 mg/dL; Microalbumin Creatine Ratio: 29.0 mg/g; Estimated Glomerular Filtration Rate: 60.0 mL/min/{1.73_m2}; Body Weight: 73.91 kg; Body Mass Index: 26.94 kg/m2; Systolic Blood Pressure: 174.0 mmHg; Diastolic Blood Pressure: 92.0 mmHg; Glucose: 115.0 mg/dL; Urea Nitrogen: 17.0 mg/dL; Calcium: 10.2 mg/dL; Sodium: 136.0 mmol/L; Potassium: 4.63 mmol/L; Chloride: 104.0 mmol/L; Carbon Dioxide: 27.0 mmol/L; Total Cholesterol: 221.0 mg/dL; Triglycerides: 186.0 mg/dL; Low Density Lipoprotein Cholesterol: 135.0 mg/dL; High Density Lipoprotein Cholesterol: 48.0 mg/dL; Microalbumin Creatine Ratio: 23.0 mg/g. Allergies: Allergy to nut; Allergy to tree pollen; Allergy to grass pollen; Dander (animal) allergy; House dust mite allergy; Allergy to mould. Immunizations: Influenza seasonal injectable preservative free.",1
e66befbc-00d3-41b2-b336-6c36ed22c8df,"Demographics: born 1985-04-03, gender M, race white, ethnicity italian. Encounters: Emergency Room Admission; Encounter for symptom; Outpatient Encounter. Medications: Penicillin V Potassium 250 MG; Naproxen sodium 220 MG Oral Tablet. Observations: Body Height: 163.33 cm; Body Weight: 68.37 kg; Body Mass Index: 25.63 kg/m2; Systolic Blood Pressure: 129.0 mmHg; Diastolic Blood Pressure: 76.0 mmHg; Body Weight: 72.29 kg; Body Mass Index: 27.1 kg/m2; Systolic Blood Pressure: 119.0 mmHg; Diastolic Blood Pressure: 75.0 mmHg; Total Cholesterol: 193.0 mg/dL; Triglycerides: 111.0 mg/dL; Low Density Lipoprotein Cholesterol: 92.0 mg/dL; High Density Lipoprotein Cholesterol: 78.0 mg/dL. Immunizations: Influenza seasonal injectable preservative free.",0
4868e96e-08b2-428b-8ca0-c9ac15acc43b,"Demographics: born 1934-11-23, gender F, race white, ethnicity irish. Encounters: Outpatient Encounter; Encounter for symptom. Medications: Penicillin V Potassium 250 MG; Acetaminophen 160 MG; Amoxicillin 250 MG / Clavulanate 125 MG [Augmentin]. Procedures: Documentation of current medications; Measurement of respiratory function (procedure). Observations: Hemoglobin A1c/Hemoglobin.total in Blood: 6.1 %; Body Height: 160.46 cm; Body Weight: 79.78 kg; Body Mass Index: 30.99 kg/m2; Systolic Blood Pressure: 127.0 mmHg; Diastolic Blood Pressure: 78.0 mmHg; Glucose: 71.0 mg/dL; Urea Nitrogen: 16.0 mg/dL; Creatinine: 1.0 mg/dL; Calcium: 8.79 mg/dL; Sodium: 141.0 mmol/L; Potassium: 4.02 mmol/L; Chloride: 109.0 mmol/L; Carbon Dioxide: 27.0 mmol/L; Hemoglobin A1c/Hemoglobin.total in Blood: 6.3 %; Body Weight: 78.48 kg; Body Mass Index: 30.48 kg/m2; Systolic Blood Pressure: 139.0 mmHg; Diastolic Blood Pressure: 76.0 mmHg; Glucose: 99.0 mg/dL; Urea Nitrogen: 14.0 mg/dL; Calcium: 10.02 mg/dL; Sodium: 143.0 mmol/L; Potassium: 3.73 mmol/L; Chloride: 101.0 mmol/L; Carbon Dioxide: 22.0 mmol/L; Body Weight: 77.16 kg; Body Mass Index: 29.97 kg/m2; Systolic Blood Pressure: 110.0 mmHg; Diastolic Blood Pressure: 84.0 mmHg; Glucose: 86.0 mg/dL; Urea Nitrogen: 18.0 mg/dL; Calcium: 9.86 mg/dL; Sodium: 139.0 mmol/L; Potassium: 5.15 mmol/L; Carbon Dioxide: 26.0 mmol/L; Total Cholesterol: 181.0 mg/dL; Triglycerides: 117.0 mg/dL; Low Density Lipoprotein Cholesterol: 80.0 mg/dL; High Density Lipoprotein Cholesterol: 77.0 mg/dL. Immunizations: Influenza seasonal injectable preservative free; Td (adult) preservative free.",0
a6c5af0a-c1a3-4b56-b4d8-176a96c69e32,"Demographics: born 1958-12-08, gender F, race white, ethnicity polish. Encounters: Emergency hospital admission for asthma; Asthma follow-up; Outpatient Encounter; Encounter for 'check-up'; Encounter for symptom. Medications: 120 ACTUAT Fluticasone propionate 0.044 MG/ACTUAT Metered Dose Inhaler; 200 ACTUAT Albuterol 0.09 MG/ACTUAT Metered Dose Inhaler; Penicillin V Potassium 250 MG; 24 HR Metformin hydrochloride 500 MG Extended Release Oral Tablet; 3 ML liraglutide 6 MG/ML Pen Injector; canagliflozin 100 MG Oral Tablet; Dextromethorphan Hydrobromide 1 MG/ML. Procedures: Colonoscopy; Measurement of respiratory function (procedure). Observations: Hemoglobin A1c/Hemoglobin.total in Blood: 9.4 %; Body Height: 170.62 cm; Body Weight: 133.31 kg; Body Mass Index: 45.79 kg/m2; Systolic Blood Pressure: 132.0 mmHg; Diastolic Blood Pressure: 76.0 mmHg; Glucose: 165.0 mg/dL; Urea Nitrogen: 11.0 mg/dL; Creatinine: 1.0 mg/dL; Calcium: 8.68 mg/dL; Sodium: 143.0 mmol/L; Potassium: 5.07 mmol/L; Chloride: 110.0 mmol/L; Carbon Dioxide: 23.0 mmol/L; Total Cholesterol: 262.0 mg/dL; Triglycerides: 542.0 mg/dL; Low Density Lipoprotein Cholesterol: 135.0 mg/dL; High Density Lipoprotein Cholesterol: 18.0 mg/dL; Microalbumin Creatine Ratio: 3.0 mg/g; Estimated Glomerular Filtration Rate: 60.0 mL/min/{1.73_m2}; Systolic Blood Pressure: 114.0 mmHg; Glucose: 161.0 mg/dL; Urea Nitrogen: 9.0 mg/dL; Calcium: 9.39 mg/dL; Sodium: 140.0 mmol/L; Potassium: 3.99 mmol/L; Chloride: 109.0 mmol/L; Total Cholesterol: 270.0 mg/dL; Triglycerides: 502.0 mg/dL; Low Density Lipoprotein Cholesterol: 153.0 mg/dL; High Density Lipoprotein Cholesterol: 16.0 mg/dL; Microalbumin Creatine Ratio: 5.0 mg/g; Hemoglobin A1c/Hemoglobin.total in Blood: 8.9 %; Systolic Blood Pressure: 108.0 mmHg; Diastolic Blood Pressure: 71.0 mmHg; Glucose: 200.0 mg/dL; Urea Nitrogen: 20.0 mg/dL; Calcium: 9.92 mg/dL; Sodium: 142.0 mmol/L; Potassium: 4.16 mmol/L. Immunizations: Influenza seasonal injectable preservative free.",1
76581c40-9591-4793-8f77-d7b7723152bd,"Demographics: born 1952-12-22, gender F, race white, ethnicity irish. Encounters: Outpatient Encounter; Encounter for 'check-up'; Emergency room admission; Encounter for symptom. Medications: Penicillin V Potassium 250 MG; 24 HR Metformin hydrochloride 500 MG Extended Release Oral Tablet; Dextromethorphan Hydrobromide 1 MG/ML; Acetaminophen 325 MG Oral Tablet. Procedures: Documentation of current medications; Colonoscopy. Observations: Hemoglobin A1c/Hemoglobin.total in Blood: 8.1 %; Body Height: 164.03 cm; Body Weight: 103.42 kg; Body Mass Index: 38.44 kg/m2; Systolic Blood Pressure: 151.0 mmHg; Diastolic Blood Pressure: 100.0 mmHg; Glucose: 125.0 mg/dL; Urea Nitrogen: 20.0 mg/dL; Creatinine: 1.0 mg/dL; Calcium: 10.03 mg/dL; Sodium: 143.0 mmol/L; Potassium: 3.98 mmol/L; Chloride: 107.0 mmol/L; Carbon Dioxide: 20.0 mmol/L; Total Cholesterol: 247.0 mg/dL; Triglycerides: 395.0 mg/dL; Low Density Lipoprotein Cholesterol: 133.0 mg/dL; High Density Lipoprotein Cholesterol: 35.0 mg/dL; Microalbumin Creatine Ratio: 5.0 mg/g; Estimated Glomerular Filtration Rate: 60.0 mL/min/{1.73_m2}; Systolic Blood Pressure: 143.0 mmHg; Diastolic Blood Pressure: 98.0 mmHg; Glucose: 137.0 mg/dL; Urea Nitrogen: 17.0 mg/dL; Calcium: 9.65 mg/dL; Sodium: 142.0 mmol/L; Potassium: 4.94 mmol/L; Chloride: 108.0 mmol/L; Carbon Dioxide: 26.0 mmol/L; Total Cholesterol: 259.0 mg/dL; Triglycerides: 279.0 mg/dL; Low Density Lipoprotein Cholesterol: 170.0 mg/dL; High Density Lipoprotein Cholesterol: 33.0 mg/dL; Microalbumin Creatine Ratio: 17.0 mg/g; Systolic Blood Pressure: 191.0 mmHg; Diastolic Blood Pressure: 115.0 mmHg; Glucose: 130.0 mg/dL; Urea Nitrogen: 12.0 mg/dL; Calcium: 9.94 mg/dL; Sodium: 144.0 mmol/L. Immunizations: Influenza seasonal injectable preservative free; zoster; Td (adult) preservative free.",1
61cf2b46-0a94-4c45-83d3-65e8b72c8339,"Demographics: born 1986-12-21, gender M, race hispanic, ethnicity puerto_rican. Encounters: Outpatient Encounter; Emergency room admission; Encounter for symptom. Medications: Astemizole 10 MG Oral Tablet; 0.3 ML EPINEPHrine 0.5 MG/ML Auto-Injector; Naproxen sodium 220 MG Oral Tablet; Dextromethorphan Hydrobromide 1 MG/ML; 24 HR Metformin hydrochloride 500 MG Extended Release Oral Tablet; 3 ML liraglutide 6 MG/ML Pen Injector. Procedures: Documentation of current medications; Suture open wound; Injection of tetanus antitoxin; Measurement of respiratory function (procedure). Observations: Body Height: 176.71 cm; Body Weight: 107.04 kg; Body Mass Index: 34.28 kg/m2; Systolic Blood Pressure: 198.0 mmHg; Diastolic Blood Pressure: 96.0 mmHg; Estimated Glomerular Filtration Rate: 60.0 mL/min/{1.73_m2}; Body Weight: 111.49 kg; Body Mass Index: 35.7 kg/m2; Systolic Blood Pressure: 179.0 mmHg; Diastolic Blood Pressure: 119.0 mmHg; Hemoglobin A1c/Hemoglobin.total in Blood: 9.3 %; Body Weight: 115.7 kg; Body Mass Index: 37.05 kg/m2; Systolic Blood Pressure: 185.0 mmHg; Diastolic Blood Pressure: 99.0 mmHg; Glucose: 96.0 mg/dL; Urea Nitrogen: 19.0 mg/dL; Creatinine: 1.0 mg/dL; Calcium: 9.78 mg/dL; Sodium: 141.0 mmol/L; Potassium: 4.68 mmol/L; Chloride: 104.0 mmol/L; Carbon Dioxide: 21.0 mmol/L; Total Cholesterol: 200.0 mg/dL; Triglycerides: 135.0 mg/dL; Low Density Lipoprotein Cholesterol: 110.0 mg/dL; High Density Lipoprotein Cholesterol: 63.0 mg/dL; Microalbumin Creatine Ratio: 4.0 mg/g. Allergies: Dander (animal) allergy. Immunizations: Influenza seasonal injectable preservative free; Td (adult) preservative free.",1
bc0ebb57-0b0f-437d-ac9a-30ef0e7b2469,"Demographics: born 1930-03-22, gender F, race black, ethnicity west_indian.",0
0ec4093f-b833-49f4-a06f-4143334737f9,"Demographics: born 1929-07-26, gender F, race white, ethnicity english. Encounters: Outpatient Encounter; Office Visit; Encounter for symptom. Medications: Alendronic acid 10 MG [Fosamax]; Galantamine 4 MG [Razadyne]; Memantine hydrochloride 2 MG/ML [Namenda]. Procedures: Documentation of current medications; Bone density scan (procedure). Observations: DXA [T-score] Bone density: -3.64 {T-score}; Body Height: 151.11 cm; Body Weight: 61.34 kg; Body Mass Index: 26.86 kg/m2; Systolic Blood Pressure: 199.0 mmHg; Diastolic Blood Pressure: 114.0 mmHg; Estimated Glomerular Filtration Rate: 60.0 mL/min/{1.73_m2}; Total score [MMSE]: 25.0 (score); Body Weight: 59.74 kg; Body Mass Index: 26.16 kg/m2; Diastolic Blood Pressure: 110.0 mmHg; Body Weight: 58.63 kg; Body Mass Index: 25.68 kg/m2; Systolic Blood Pressure: 171.0 mmHg; Diastolic Blood Pressure: 113.0 mmHg; Total Cholesterol: 160.0 mg/dL; Triglycerides: 105.0 mg/dL; Low Density Lipoprotein Cholesterol: 59.0 mg/dL; High Density Lipoprotein Cholesterol: 80.0 mg/dL; Total score [MMSE]: 18.0 (score); Body Weight: 56.86 kg; Body Mass Index: 24.9 kg/m2; Systolic Blood Pressure: 147.0 mmHg; Diastolic Blood Pressure: 117.0 mmHg; Total score [MMSE]: 10.0 (score). Immunizations: Influenza seasonal injectable preservative free; Td (adult) preservative free.",0
5e941144-654c-4c44-a635-5de4e4d52db3,"Demographics: born 1999-01-09, gender F, race white, ethnicity american. Encounters: Outpatient Encounter; Emergency room admission; Encounter for 'check-up'; Allergic disorder initial assessment; Prenatal initial visit; Prenatal visit; Encounter for problem; Obstetric emergency hospital admission; Encounter for symptom; Consultation for treatment. Medications: Fexofenadine hydrochloride 30 MG Oral Tablet; 0.3 ML EPINEPHrine 0.5 MG/ML Auto-Injector; Penicillin V Potassium 250 MG; predniSONE 5 MG Oral Tablet; Dextromethorphan Hydrobromide 1 MG/ML; NuvaRing 0.12/0.015 MG per 24HR 21 Day Vaginal Ring. Procedures: Documentation of current medications; Standard pregnancy test; Injection of adrenaline; Medical induction of labor; Childbirth; Cesarean section; Sputum examination (procedure). Observations: Body Height: 148.15 cm; Body Weight: 38.76 kg; Body Mass Index: 17.66 kg/m2; Systolic Blood Pressure: 139.0 mmHg; Diastolic Blood Pressure: 87.0 mmHg; Body Height: 155.64 cm; Body Weight: 43.42 kg; Body Mass Index: 17.93 kg/m2; Systolic Blood Pressure: 101.0 mmHg; Diastolic Blood Pressure: 71.0 mmHg; Body Height: 160.28 cm; Body Weight: 47.56 kg; Body Mass Index: 18.51 kg/m2; Systolic Blood Pressure: 119.0 mmHg; Body Height: 162.14 cm; Body Weight: 50.35 kg; Body Mass Index: 19.15 kg/m2; Systolic Blood Pressure: 138.0 mmHg; Diastolic Blood Pressure: 76.0 mmHg; Body Height: 163.09 cm; Body Weight: 52.57 kg; Body Mass Index: 19.76 kg/m2; Systolic Blood Pressure: 134.0 mmHg; Diastolic Blood Pressure: 74.0 mmHg; Body Height: 163.55 cm; Body Weight: 53.96 kg; Body Mass Index: 20.17 kg/m2; Systolic Blood Pressure: 109.0 mmHg; Diastolic Blood Pressure: 89.0 mmHg; Body Height: 163.83 cm; Body Weight: 55.07 kg; Body Mass Index: 20.52 kg/m2; Diastolic Blood Pressure: 83.0 mmHg. Allergies: Allergy to fish; Allergy to tree pollen; Allergy to grass pollen; Dander (animal) allergy; House dust mite allergy; Allergy to mould; Latex allergy. Immunizations: Influenza seasonal injectable preservative free; meningococcal MCV4P; Tdap; HPV quadrivalent.",0
53464302-63be-48ca-9ca9-572344b29820,"Demographics: born 1977-07-14, gender F, race white, ethnicity irish. Encounters: Encounter for symptom; Encounter Inpatient; Consultation for treatment; Encounter for problem; Outpatient Encounter. Medications: Hydrocortisone 10 MG/ML Topical Cream; Loratadine 10 MG Oral Tablet; 0.3 ML EPINEPHrine 0.5 MG/ML Auto-Injector; Amoxicillin 250 MG / Clavulanate 125 MG [Augmentin]; oxyCODONE Hydrochloride 15 MG [OxyCONTIN]; Jolivette 28 Day Pack; Naproxen sodium 220 MG [Aleve]. Procedures: Throat culture (procedure); Documentation of current medications. Observations: Oral temperature: 38.0 Cel; Hemoglobin A1c/Hemoglobin.total in Blood: 6.2 %; Body Height: 159.6 cm; Body Weight: 79.43 kg; Body Mass Index: 31.18 kg/m2; Systolic Blood Pressure: 133.0 mmHg; Diastolic Blood Pressure: 88.0 mmHg; Glucose: 89.0 mg/dL; Urea Nitrogen: 16.0 mg/dL; Creatinine: 1.0 mg/dL; Calcium: 9.75 mg/dL; Sodium: 136.0 mmol/L; Potassium: 3.93 mmol/L; Chloride: 108.0 mmol/L; Carbon Dioxide: 20.0 mmol/L; Total Cholesterol: 176.0 mg/dL; Triglycerides: 109.0 mg/dL; Low Density Lipoprotein Cholesterol: 81.0 mg/dL; High Density Lipoprotein Cholesterol: 73.0 mg/dL; Oral temperature: 37.0 Cel; Hemoglobin A1c/Hemoglobin.total in Blood: 6.1 %; Body Weight: 86.02 kg; Body Mass Index: 33.77 kg/m2; Systolic Blood Pressure: 132.0 mmHg; Diastolic Blood Pressure: 78.0 mmHg; Glucose: 69.0 mg/dL; Urea Nitrogen: 11.0 mg/dL; Calcium: 8.83 mg/dL; Potassium: 4.77 mmol/L; Chloride: 111.0 mmol/L; Carbon Dioxide: 28.0 mmol/L; Total Cholesterol: 169.0 mg/dL; Triglycerides: 150.0 mg/dL; Low Density Lipoprotein Cholesterol: 61.0 mg/dL; High Density Lipoprotein Cholesterol: 78.0 mg/dL. Immunizations: Influenza seasonal injectable preservative free.",0
c68944ee-981b-4e43-94b2-026727d01bef,"Demographics: born 1918-07-24, gender M, race white, ethnicity portuguese.",0
5ae9190f-defd-4a16-8cfa-fc06a4994821,"Demographics: born 2001-11-18, gender M, race white, ethnicity irish. Encounters: Outpatient Encounter; Asthma follow-up; Encounter for problem; Allergic disorder initial assessment; Outpatient procedure; Encounter for symptom. Medications: Loratadine 5 MG Chewable Tablet; 0.3 ML EPINEPHrine 0.5 MG/ML Auto-Injector; 120 ACTUAT Fluticasone propionate 0.044 MG/ACTUAT Metered Dose Inhaler; 200 ACTUAT Albuterol 0.09 MG/ACTUAT Metered Dose Inhaler; Dextromethorphan Hydrobromide 1 MG/ML. Procedures: Documentation of current medications; Cognitive and behavioral therapy; Allergy screening test; Subcutaneous immunotherapy; Measurement of respiratory function (procedure). Observations: Body Height: 120.04 cm; Body Weight: 28.65 kg; Body Mass Index: 19.88 kg/m2; Systolic Blood Pressure: 118.0 mmHg; Diastolic Blood Pressure: 88.0 mmHg; Body Height: 124.59 cm; Body Weight: 32.1 kg; Body Mass Index: 20.68 kg/m2; Systolic Blood Pressure: 132.0 mmHg; Diastolic Blood Pressure: 70.0 mmHg; Body Height: 128.36 cm; Body Weight: 35.78 kg; Body Mass Index: 21.71 kg/m2; Systolic Blood Pressure: 135.0 mmHg; Diastolic Blood Pressure: 77.0 mmHg; Body Height: 132.31 cm; Body Weight: 39.99 kg; Body Mass Index: 22.84 kg/m2; Systolic Blood Pressure: 133.0 mmHg; Diastolic Blood Pressure: 79.0 mmHg; Body Height: 137.06 cm; Body Weight: 44.7 kg; Body Mass Index: 23.8 kg/m2; Systolic Blood Pressure: 117.0 mmHg; Peanut IgE Ab in Serum: 22.2 kU/L; Walnut IgE Ab in Serum: 0.13 kU/L; Codfish IgE Ab in Serum: 0.26 kU/L; Shrimp IgE Ab in Serum: 0.06 kU/L; Wheat IgE Ab in Serum: 14.89 kU/L; Egg white IgE Ab in Serum: 0.02 kU/L; Soybean IgE Ab in Serum: 0.22 kU/L; Cow milk IgE Ab in Serum: 0.07 kU/L; White oak IgE Ab in Serum: 3.49 kU/L; Common Ragweed IgE Ab in Serum: 48.94 kU/L; Cat dander IgE Ab in Serum: 89.22 kU/L; American house dust mite IgE Ab in Serum: 66.17 kU/L; Cladosporium herbarum IgE Ab in Serum: 37.02 kU/L; Honey bee IgE Ab in Serum: 0.04 kU/L; Latex IgE Ab in Serum: 0.03 kU/L; Body Height: 143.41 cm. Allergies: Allergy to peanuts; Allergy to wheat; Allergy to tree pollen; Allergy to grass pollen; Dander (animal) allergy; House dust mite allergy; Allergy to mould. Immunizations: Influenza seasonal injectable preservative free; meningococcal MCV4P; Tdap; HPV quadrivalent.",0
422ba266-08d9-4a7f-929e-26e59bdb37af,"Demographics: born 1971-04-21, gender M, race white, ethnicity scottish. Encounters: Outpatient Encounter; Encounter for symptom; Emergency room admission; Encounter for 'check-up'. Medications: 24 HR Metformin hydrochloride 500 MG Extended Release Oral Tablet; insulin human isophane 70 UNT/ML / Regular Insulin Human 30 UNT/ML Injectable Suspension [Humulin]; Penicillin V Potassium 500 MG; Acetaminophen 325 MG Oral Tablet. Procedures: Documentation of current medications; Bone immobilization. Observations: Hemoglobin A1c/Hemoglobin.total in Blood: 4.7 %; Body Height: 165.75 cm; Body Weight: 101.47 kg; Body Mass Index: 36.93 kg/m2; Systolic Blood Pressure: 110.0 mmHg; Diastolic Blood Pressure: 81.0 mmHg; Glucose: 125.0 mg/dL; Urea Nitrogen: 8.0 mg/dL; Creatinine: 1.0 mg/dL; Calcium: 9.08 mg/dL; Sodium: 142.0 mmol/L; Potassium: 4.28 mmol/L; Chloride: 103.0 mmol/L; Carbon Dioxide: 24.0 mmol/L; Total Cholesterol: 204.0 mg/dL; Triglycerides: 176.0 mg/dL; Low Density Lipoprotein Cholesterol: 110.0 mg/dL; High Density Lipoprotein Cholesterol: 58.0 mg/dL; Microalbumin Creatine Ratio: 24.0 mg/g; Estimated Glomerular Filtration Rate: 60.0 mL/min/{1.73_m2}; Oral temperature: 38.26 Cel; Hemoglobin A1c/Hemoglobin.total in Blood: 5.1 %; Body Weight: 105.23 kg; Body Mass Index: 38.3 kg/m2; Systolic Blood Pressure: 105.0 mmHg; Glucose: 105.0 mg/dL; Urea Nitrogen: 11.0 mg/dL; Calcium: 8.87 mg/dL; Sodium: 141.0 mmol/L; Potassium: 5.14 mmol/L; Chloride: 107.0 mmol/L; Carbon Dioxide: 20.0 mmol/L; Total Cholesterol: 219.0 mg/dL; Triglycerides: 151.0 mg/dL; Low Density Lipoprotein Cholesterol: 134.0 mg/dL; High Density Lipoprotein Cholesterol: 54.0 mg/dL; Microalbumin Creatine Ratio: 18.0 mg/g; Hemoglobin A1c/Hemoglobin.total in Blood: 5.5 %; Body Weight: 109.43 kg; Body Mass Index: 39.83 kg/m2. Immunizations: Influenza seasonal injectable preservative free; Td (adult) preservative free.",1
f130104e-eba9-405b-bc27-fededbded7d6,"Demographics: born 1937-05-21, gender M, race white, ethnicity french. Encounters: Death Certification. Medications: Penicillin V Potassium 250 MG; Penicillin V Potassium 500 MG. Observations: Cardiac Arrest.",0
dc9ab45c-f930-422a-afd6-8459c78ab9e3,"Demographics: born 1972-01-17, gender M, race white, ethnicity irish. Encounters: Outpatient Encounter; Encounter for symptom. Medications: Penicillin V Potassium 500 MG; Amoxicillin 250 MG / Clavulanate 125 MG [Augmentin]. Procedures: Documentation of current medications. Observations: Body Height: 182.43 cm; Body Weight: 106.05 kg; Body Mass Index: 31.87 kg/m2; Systolic Blood Pressure: 134.0 mmHg; Diastolic Blood Pressure: 83.0 mmHg; Oral temperature: 38.0 Cel; Body Weight: 108.1 kg; Body Mass Index: 32.48 kg/m2; Systolic Blood Pressure: 101.0 mmHg; Diastolic Blood Pressure: 81.0 mmHg; Total Cholesterol: 182.0 mg/dL; Triglycerides: 145.0 mg/dL; Low Density Lipoprotein Cholesterol: 90.0 mg/dL; High Density Lipoprotein Cholesterol: 63.0 mg/dL; Body Weight: 109.57 kg; Body Mass Index: 32.92 kg/m2; Systolic Blood Pressure: 138.0 mmHg; Diastolic Blood Pressure: 84.0 mmHg. Immunizations: Influenza seasonal injectable preservative free; Td (adult) preservative free.",0
ba46511b-89a3-4a2f-97f6-6191950ca14c,"Demographics: born 2014-10-17, gender F, race white, ethnicity italian. Encounters: Outpatient Encounter; Encounter for problem; Emergency room admission; Domiciliary or rest home patient evaluation and management; Encounter for symptom. Medications: cetirizine hydrochloride 5 MG Oral Tablet; 0.3 ML EPINEPHrine 0.5 MG/ML Auto-Injector; predniSONE 5 MG Oral Tablet; Penicillin V Potassium 250 MG. Procedures: Allergy screening test; Documentation of current medications; Injection of adrenaline; Information gathering (procedure). Observations: Body Height: 55.77 cm; Body Weight: 4.19 kg; Systolic Blood Pressure: 137.0 mmHg; Diastolic Blood Pressure: 85.0 mmHg; Body Height: 58.58 cm; Body Weight: 4.84 kg; Systolic Blood Pressure: 118.0 mmHg; Diastolic Blood Pressure: 82.0 mmHg; Body Height: 63.04 cm; Body Weight: 5.99 kg; Systolic Blood Pressure: 119.0 mmHg; Diastolic Blood Pressure: 77.0 mmHg; Percentage area affected by eczema Head and Neck: 22.0 %; Percentage area affected by eczema Trunk: 10.0 %; Percentage area affected by eczema Upper extremitiy - bilateral: 1.0 %; Percentage area affected by eczema Lower extremitiy - bilateral: 1.0 %; Peanut IgE Ab in Serum: 94.63 kU/L; Walnut IgE Ab in Serum: 0.05 kU/L; Codfish IgE Ab in Serum: 0.23 kU/L; Shrimp IgE Ab in Serum: 0.01 kU/L; Wheat IgE Ab in Serum: 0.25 kU/L; Egg white IgE Ab in Serum: 0.2 kU/L; Soybean IgE Ab in Serum: 0.03 kU/L; Cow milk IgE Ab in Serum: 0.22 kU/L; White oak IgE Ab in Serum: 95.1 kU/L; Common Ragweed IgE Ab in Serum: 87.64 kU/L; Cat dander IgE Ab in Serum: 36.7 kU/L; American house dust mite IgE Ab in Serum: 74.37 kU/L; Cladosporium herbarum IgE Ab in Serum: 24.59 kU/L; Honey bee IgE Ab in Serum: 90.51 kU/L; Latex IgE Ab in Serum: 54.84 kU/L; Body Height: 66.64 cm; Body Weight: 6.96 kg; Systolic Blood Pressure: 100.0 mmHg; Diastolic Blood Pressure: 89.0 mmHg; Body Height: 71.15 cm; Body Weight: 8.15 kg; Systolic Blood Pressure: 106.0 mmHg; Diastolic Blood Pressure: 74.0 mmHg; Body Height: 74.98 cm. Allergies: Allergy to peanuts; Allergy to tree pollen; Allergy to grass pollen; Dander (animal) allergy; House dust mite allergy; Allergy to mould; Allergy to bee venom; Latex allergy. Immunizations: Hep B adolescent or pediatric; rotavirus monovalent; DTaP; Hib (PRP-OMP); Pneumococcal conjugate PCV 13; IPV; Influenza seasonal injectable preservative free; MMR; varicella; Hep A ped/adol 2 dose.",0
1e528fe2-6d6a-4474-83aa-6b6a3461fb6e,"Demographics: born 1950-07-27, gender F, race hispanic, ethnicity puerto_rican. Encounters: Outpatient Encounter; Encounter for symptom. Medications: Penicillin V Potassium 250 MG; Acetaminophen 160 MG. Procedures: Measurement of respiratory function (procedure); Documentation of current medications. Observations: Hemoglobin A1c/Hemoglobin.total in Blood: 6.0 %; Body Height: 169.32 cm; Body Weight: 94.18 kg; Body Mass Index: 32.85 kg/m2; Systolic Blood Pressure: 151.0 mmHg; Diastolic Blood Pressure: 117.0 mmHg; Glucose: 75.0 mg/dL; Urea Nitrogen: 9.0 mg/dL; Creatinine: 1.0 mg/dL; Calcium: 8.84 mg/dL; Sodium: 141.0 mmol/L; Potassium: 4.12 mmol/L; Chloride: 105.0 mmol/L; Carbon Dioxide: 28.0 mmol/L; Total Cholesterol: 194.0 mg/dL; Triglycerides: 146.0 mg/dL; Low Density Lipoprotein Cholesterol: 87.0 mg/dL; High Density Lipoprotein Cholesterol: 77.0 mg/dL; Estimated Glomerular Filtration Rate: 60.0 mL/min/{1.73_m2}; Hemoglobin A1c/Hemoglobin.total in Blood: 5.9 %; Body Weight: 93.05 kg; Body Mass Index: 32.46 kg/m2; Systolic Blood Pressure: 178.0 mmHg; Diastolic Blood Pressure: 112.0 mmHg; Glucose: 73.0 mg/dL; Urea Nitrogen: 11.0 mg/dL; Calcium: 9.57 mg/dL; Sodium: 143.0 mmol/L; Potassium: 4.1 mmol/L; Chloride: 102.0 mmol/L; Carbon Dioxide: 25.0 mmol/L; Hemoglobin A1c/Hemoglobin.total in Blood: 6.4 %; Body Weight: 92.01 kg; Body Mass Index: 32.09 kg/m2; Systolic Blood Pressure: 192.0 mmHg; Diastolic Blood Pressure: 111.0 mmHg; Glucose: 92.0 mg/dL; Calcium: 9.47 mg/dL; Sodium: 136.0 mmol/L; Potassium: 3.94 mmol/L. Immunizations: Influenza seasonal injectable preservative free; zoster; Td (adult) preservative free.",0
b9feed5e-0378-4adc-b475-8b0bbf752791,"Demographics: born 1991-07-23, gender F, race hispanic, ethnicity puerto_rican. Encounters: Outpatient Encounter; Encounter for symptom; Consultation for treatment; Admission to surgical department. Medications: Penicillin V Potassium 250 MG; Yaz 28 Day Pack. Procedures: Documentation of current medications; Bilateral tubal ligation. Observations: Body Height: 159.68 cm; Body Weight: 51.04 kg; Body Mass Index: 20.02 kg/m2; Systolic Blood Pressure: 169.0 mmHg; Diastolic Blood Pressure: 113.0 mmHg; Estimated Glomerular Filtration Rate: 60.0 mL/min/{1.73_m2}; Oral temperature: 37.0 Cel; Body Height: 159.77 cm; Body Weight: 51.74 kg; Body Mass Index: 20.27 kg/m2; Systolic Blood Pressure: 160.0 mmHg; Diastolic Blood Pressure: 97.0 mmHg; Body Height: 159.78 cm; Body Weight: 53.65 kg; Body Mass Index: 21.02 kg/m2; Systolic Blood Pressure: 197.0 mmHg; Diastolic Blood Pressure: 118.0 mmHg; Body Weight: 57.66 kg; Body Mass Index: 22.58 kg/m2; Diastolic Blood Pressure: 105.0 mmHg; Oral temperature: 38.0 Cel. Immunizations: Influenza seasonal injectable preservative free; Td (adult) preservative free.",0
e8e72c9f-bcd0-45ca-97da-b7e74452a807,"Demographics: born 1958-08-18, gender F, race black, ethnicity dominican. Encounters: Outpatient Encounter; Encounter for symptom. Medications: Penicillin V Potassium 500 MG; 24 HR Metformin hydrochloride 500 MG Extended Release Oral Tablet; 3 ML liraglutide 6 MG/ML Pen Injector; Amoxicillin 250 MG / Clavulanate 125 MG [Augmentin]. Procedures: Documentation of current medications. Observations: Hemoglobin A1c/Hemoglobin.total in Blood: 8.9 %; Body Height: 152.26 cm; Body Weight: 101.17 kg; Body Mass Index: 43.64 kg/m2; Systolic Blood Pressure: 167.0 mmHg; Diastolic Blood Pressure: 117.0 mmHg; Glucose: 144.0 mg/dL; Urea Nitrogen: 15.0 mg/dL; Creatinine: 1.0 mg/dL; Calcium: 9.49 mg/dL; Sodium: 138.0 mmol/L; Potassium: 4.28 mmol/L; Chloride: 111.0 mmol/L; Carbon Dioxide: 23.0 mmol/L; Total Cholesterol: 259.0 mg/dL; Triglycerides: 505.0 mg/dL; Low Density Lipoprotein Cholesterol: 138.0 mg/dL; High Density Lipoprotein Cholesterol: 20.0 mg/dL; Microalbumin Creatine Ratio: 8.0 mg/g; Estimated Glomerular Filtration Rate: 60.0 mL/min/{1.73_m2}; Hemoglobin A1c/Hemoglobin.total in Blood: 9.4 %; Systolic Blood Pressure: 194.0 mmHg; Diastolic Blood Pressure: 93.0 mmHg; Glucose: 173.0 mg/dL; Urea Nitrogen: 16.0 mg/dL; Calcium: 9.68 mg/dL; Chloride: 104.0 mmol/L; Carbon Dioxide: 29.0 mmol/L; Total Cholesterol: 256.0 mg/dL; Triglycerides: 289.0 mg/dL; Low Density Lipoprotein Cholesterol: 177.0 mg/dL; High Density Lipoprotein Cholesterol: 21.0 mg/dL; Microalbumin Creatine Ratio: 11.0 mg/g; Systolic Blood Pressure: 175.0 mmHg; Diastolic Blood Pressure: 102.0 mmHg; Glucose: 158.0 mg/dL; Urea Nitrogen: 7.0 mg/dL; Calcium: 9.37 mg/dL; Sodium: 136.0 mmol/L; Potassium: 4.06 mmol/L. Immunizations: Influenza seasonal injectable preservative free.",1
5cc782cd-b069-4702-869d-1d19e92c6ef7,"Demographics: born 1983-06-25, gender F, race white, ethnicity russian. Encounters: Prenatal visit; Obstetric emergency hospital admission; Prenatal initial visit; Outpatient Encounter; Patient-initiated encounter; Consultation for treatment; Emergency room admission. Medications: Chlorpheniramine 2 MG Chewable Tablet; Jolivette 28 Day Pack; Acetaminophen 325 MG Oral Tablet. Procedures: Epidural anesthesia; Childbirth; Standard pregnancy test; Cesarean section; Induced termination of pregnancy; Suture open wound; Documentation of current medications. Observations: Body Height: 167.42 cm; Body Weight: 71.7 kg; Body Mass Index: 25.58 kg/m2; Systolic Blood Pressure: 169.0 mmHg; Diastolic Blood Pressure: 104.0 mmHg; Estimated Glomerular Filtration Rate: 60.0 mL/min/{1.73_m2}; Body Weight: 77.91 kg; Body Mass Index: 27.79 kg/m2; Systolic Blood Pressure: 170.0 mmHg; Diastolic Blood Pressure: 95.0 mmHg; Total Cholesterol: 199.0 mg/dL; Triglycerides: 126.0 mg/dL; Low Density Lipoprotein Cholesterol: 112.0 mg/dL; High Density Lipoprotein Cholesterol: 61.0 mg/dL. Allergies: Allergy to grass pollen; Dander (animal) allergy; House dust mite allergy; Allergy to mould; Allergy to bee venom. Immunizations: Influenza seasonal injectable preservative free; Td (adult) preservative free.",0
